8 0.9040364583333333 0.0 0.9041666666666667 0.0025462962962962965 0.9057291666666667 0.0025462962962962965 0.90703125 0.0030092592592592593 0.9088541666666666 0.004861111111111111 0.91015625 0.004861111111111111 0.9104166666666667 0.005324074074074074 0.9151041666666667 0.005324074074074074 0.9153645833333334 0.004861111111111111 0.9165364583333333 0.006944444444444444 0.9173177083333334 0.009722222222222222 0.9173177083333334 0.013425925925925926 0.917578125 0.013888888888888888 0.917578125 0.016203703703703703 0.9173177083333334 0.018055555555555554 0.9162760416666667 0.021296296296296296 0.9154947916666667 0.022685185185185187 0.9154947916666667 0.025 0.9169270833333333 0.027546296296296298 0.9171875 0.027546296296296298 0.9186197916666666 0.03009259259259259 0.919140625 0.03148148148148148 0.9194010416666667 0.03333333333333333 0.9194010416666667 0.03888888888888889 0.9190104166666667 0.03912037037037037 0.9178385416666667 0.04259259259259259 0.917578125 0.044444444444444446 0.917578125 0.04675925925925926 0.9170572916666667 0.04953703703703704 0.9170572916666667 0.05138888888888889 0.9162760416666667 0.05555555555555555 0.9162760416666667 0.05787037037037037 0.915234375 0.06296296296296296 0.913671875 0.06666666666666667 0.912890625 0.07037037037037037 0.9126302083333333 0.07453703703703704 0.912109375 0.07685185185185185 0.912109375 0.0787037037037037 0.9108072916666666 0.08425925925925926 0.9108072916666666 0.08564814814814815 0.909765625 0.08935185185185185 0.908984375 0.09398148148148149 0.9087239583333333 0.0962962962962963 0.9087239583333333 0.09861111111111111 0.9084635416666667 0.09907407407407408 0.9076822916666667 0.10277777777777777 0.9061197916666667 0.1050925925925926 0.9053385416666667 0.10787037037037037 0.9048177083333333 0.11064814814814815 0.9048177083333333 0.11342592592592593 0.904296875 0.1162037037037037 0.904296875 0.11898148148148148 0.9040364583333333 0.12129629629629629 0.903515625 0.12361111111111112 0.902734375 0.125 0.9022135416666667 0.12685185185185185 0.901953125 0.12916666666666668 0.9014322916666667 0.13055555555555556 0.9014322916666667 0.13194444444444445 0.9009114583333333 0.13518518518518519 0.9001302083333333 0.13703703703703704 0.8985677083333333 0.1398148148148148 0.897265625 0.1449074074074074 0.897265625 0.14629629629629629 0.8967447916666667 0.14907407407407408 0.8955729166666667 0.1511574074074074 0.8953125 0.1511574074074074 0.894140625 0.15324074074074073 0.8936197916666667 0.1550925925925926 0.8924479166666667 0.1571759259259259 0.8903645833333333 0.15856481481481483 0.8891927083333333 0.16064814814814815 0.8891927083333333 0.16111111111111112 0.8880208333333334 0.16319444444444445 0.8861979166666667 0.16412037037037036 0.8841145833333334 0.16597222222222222 0.88125 0.1710648148148148 0.8778645833333333 0.1738425925925926 0.87734375 0.17476851851851852 0.8752604166666667 0.1761574074074074 0.8739583333333333 0.1761574074074074 0.8669270833333333 0.18032407407407408 0.865625 0.18171296296296297 0.86328125 0.18310185185185185 0.8619791666666666 0.18356481481481482 0.8549479166666667 0.18356481481481482 0.8546875 0.1840277777777778 0.8520833333333333 0.1840277777777778 0.8518229166666667 0.18449074074074073 0.8494791666666667 0.18449074074074073 0.84921875 0.1849537037037037 0.8463541666666666 0.1849537037037037 0.84609375 0.18541666666666667 0.8359375 0.18541666666666667 0.8356770833333333 0.18587962962962962 0.83125 0.18587962962962962 0.8309895833333333 0.1863425925925926 0.82265625 0.1863425925925926 0.8223958333333333 0.18680555555555556 0.8190104166666666 0.18680555555555556 0.81875 0.18726851851851853 0.8151041666666666 0.18726851851851853 0.81484375 0.18773148148148147 0.81171875 0.18773148148148147 0.8114583333333333 0.18726851851851853 0.8096354166666667 0.18726851851851853 0.809375 0.18773148148148147 0.8052083333333333 0.18773148148148147 0.8049479166666667 0.18819444444444444 0.803125 0.18819444444444444 0.8028645833333333 0.1886574074074074 0.8005208333333333 0.1886574074074074 0.8002604166666667 0.18912037037037038 0.7919270833333333 0.18912037037037038 0.7916666666666666 0.18958333333333333 0.7903645833333334 0.18958333333333333 0.7901041666666667 0.1900462962962963 0.7877604166666666 0.1900462962962963 0.7875 0.19050925925925927 0.7833333333333333 0.19050925925925927 0.7830729166666667 0.1909722222222222 0.77578125 0.1909722222222222 0.7755208333333333 0.19143518518518518 0.7739583333333333 0.19143518518518518 0.7736979166666667 0.19189814814814815 0.7669270833333334 0.19189814814814815 0.7666666666666667 0.19236111111111112 0.7653645833333333 0.19236111111111112 0.7651041666666667 0.19282407407407406 0.7578125 0.19282407407407406 0.7575520833333333 0.19328703703703703 0.7513020833333334 0.19328703703703703 0.75 0.19421296296296298 0.74921875 0.19421296296296298 0.7479166666666667 0.1951388888888889 0.7424479166666667 0.1951388888888889 0.7421875 0.19560185185185186 0.740625 0.19560185185185186 0.7403645833333333 0.1960648148148148 0.7390625 0.19560185185185186 0.734375 0.19560185185185186 0.7341145833333333 0.1960648148148148 0.7278645833333334 0.1960648148148148 0.7276041666666667 0.19652777777777777 0.72578125 0.19652777777777777 0.7255208333333333 0.19699074074074074 0.71953125 0.19699074074074074 0.7192708333333333 0.19745370370370371 0.7161458333333334 0.19745370370370371 0.7158854166666667 0.19791666666666666 0.7130208333333333 0.19791666666666666 0.7127604166666667 0.19837962962962963 0.7104166666666667 0.19837962962962963 0.71015625 0.1988425925925926 0.70625 0.1988425925925926 0.7059895833333333 0.19930555555555557 0.6953125 0.19930555555555557 0.6950520833333333 0.1988425925925926 0.6927083333333334 0.1988425925925926 0.69140625 0.19791666666666666 0.6903645833333333 0.19791666666666666 0.6890625 0.19699074074074074 0.68828125 0.19560185185185186 0.6864583333333333 0.19375 0.6859375 0.19375 0.6846354166666667 0.19236111111111112 0.683203125 0.18981481481481483 0.6826822916666667 0.18796296296296297 0.680859375 0.18472222222222223 0.6803385416666666 0.1824074074074074 0.679296875 0.1763888888888889 0.679296875 0.1726851851851852 0.6790364583333334 0.17222222222222222 0.6790364583333334 0.16944444444444445 0.679296875 0.16898148148148148 0.680078125 0.16435185185185186 0.680078125 0.15787037037037038 0.6803385416666666 0.1574074074074074 0.6803385416666666 0.1486111111111111 0.6805989583333333 0.14814814814814814 0.6805989583333333 0.14027777777777778 0.680859375 0.1398148148148148 0.680859375 0.1287037037037037 0.6811197916666667 0.12824074074074074 0.6811197916666667 0.12453703703703704 0.6813802083333333 0.12407407407407407 0.6813802083333333 0.12129629629629629 0.681640625 0.12083333333333333 0.681640625 0.11481481481481481 0.6819010416666667 0.11435185185185186 0.6819010416666667 0.11203703703703703 0.6821614583333333 0.11157407407407408 0.6821614583333333 0.10925925925925926 0.682421875 0.1087962962962963 0.682421875 0.10555555555555556 0.6826822916666667 0.1050925925925926 0.6826822916666667 0.10046296296296296 0.6829427083333334 0.1 0.6829427083333334 0.09305555555555556 0.683203125 0.09259259259259259 0.683203125 0.0875 0.6834635416666667 0.08703703703703704 0.6834635416666667 0.08055555555555556 0.6837239583333333 0.08009259259259259 0.6837239583333333 0.07546296296296297 0.683984375 0.075 0.683984375 0.06944444444444445 0.6842447916666666 0.06898148148148148 0.6842447916666666 0.06157407407407407 0.6845052083333333 0.06111111111111111 0.6845052083333333 0.05648148148148148 0.684765625 0.056018518518518516 0.684765625 0.05277777777777778 0.6850260416666667 0.052314814814814814 0.6850260416666667 0.04861111111111111 0.6852864583333333 0.04814814814814815 0.6852864583333333 0.044444444444444446 0.6858072916666667 0.03981481481481482 0.686328125 0.0375 0.686328125 0.03194444444444444 0.687109375 0.02824074074074074 0.6873697916666667 0.024537037037037038 0.6876302083333333 0.024074074074074074 0.6876302083333333 0.021296296296296296 0.687890625 0.020833333333333332 0.687890625 0.016666666666666666 0.6881510416666666 0.016203703703703703 0.6881510416666666 0.010648148148148148 0.688671875 0.007407407407407408 0.68984375 0.004861111111111111 0.6911458333333333 0.004861111111111111 0.6924479166666667 0.004398148148148148 0.6934895833333333 0.003472222222222222 0.6947916666666667 0.0030092592592592593 0.6954427083333333 0.0023148148148148147 0.6954427083333333 0.0 0.832421875 0.0 0.8325520833333333 0.0025462962962962965 0.8440104166666667 0.0025462962962962965 0.844140625 0.0 0.846484375 0.0 0.846484375 0.0023148148148148147 0.8479166666666667 0.0030092592592592593 0.8619791666666666 0.0030092592592592593 0.86328125 0.003935185185185185 0.8645833333333334 0.004398148148148148 0.8661458333333333 0.004398148148148148 0.86640625 0.003935185185185185 0.8734375 0.003935185185185185 0.8751302083333333 0.0023148148148148147 0.8751302083333333 0.0 0.880078125 0.0 0.8802083333333334 0.0025462962962962965 0.8815104166666666 0.0025462962962962965 0.881640625 0.0 0.887109375 0.0 0.8872395833333333 0.0025462962962962965 0.8893229166666666 0.0025462962962962965 0.889453125 0.0 0.9231770833333334 0.022916666666666665 0.9227864583333333 0.022222222222222223 0.9220052083333333 0.019444444444444445 0.9220052083333333 0.01574074074074074 0.923046875 0.0125 0.923828125 0.013888888888888888 0.9243489583333333 0.016203703703703703 0.9243489583333333 0.018055555555555554 0.9235677083333333 0.020370370370370372 0.9231770833333334 0.022916666666666665 0.17760416666666667 0.3414351851851852 0.17265625 0.3414351851851852 0.1703125 0.3400462962962963 0.16822916666666668 0.3363425925925926 0.1671875 0.3349537037037037 0.165625 0.3335648148148148 0.16432291666666668 0.33125 0.1640625 0.33125 0.16263020833333333 0.3287037037037037 0.16171875 0.3266203703703704 0.16041666666666668 0.32569444444444445 0.15911458333333334 0.32523148148148145 0.15677083333333333 0.32523148148148145 0.15651041666666668 0.3247685185185185 0.14765625 0.3247685185185185 0.14635416666666667 0.32523148148148145 0.14505208333333333 0.32430555555555557 0.14296875 0.32337962962962963 0.14114583333333333 0.32337962962962963 0.1390625 0.3224537037037037 0.13776041666666666 0.3210648148148148 0.13528645833333333 0.31666666666666665 0.13528645833333333 0.3162037037037037 0.13411458333333334 0.3145833333333333 0.13216145833333334 0.3111111111111111 0.13190104166666666 0.30972222222222223 0.12903645833333333 0.30462962962962964 0.12825520833333334 0.30092592592592593 0.12682291666666667 0.2983796296296296 0.1265625 0.2983796296296296 0.12434895833333333 0.29444444444444445 0.12356770833333333 0.2916666666666667 0.123046875 0.29074074074074074 0.122265625 0.28703703703703703 0.12174479166666667 0.2861111111111111 0.120703125 0.28194444444444444 0.11953125 0.2798611111111111 0.11822916666666666 0.27847222222222223 0.116796875 0.27546296296296297 0.116015625 0.2726851851851852 0.11549479166666667 0.2689814814814815 0.11471354166666667 0.2662037037037037 0.11315104166666666 0.26342592592592595 0.111328125 0.25833333333333336 0.110546875 0.2550925925925926 0.11002604166666667 0.2537037037037037 0.109765625 0.2513888888888889 0.10872395833333333 0.24768518518518517 0.107421875 0.24444444444444444 0.10638020833333334 0.24027777777777778 0.105859375 0.23935185185185184 0.105078125 0.23657407407407408 0.104296875 0.2351851851851852 0.103515625 0.23287037037037037 0.102734375 0.23148148148148148 0.101953125 0.22824074074074074 0.101171875 0.22592592592592592 0.100390625 0.2222222222222222 0.098046875 0.21481481481481482 0.097265625 0.21157407407407408 0.09674479166666666 0.2101851851851852 0.094921875 0.2064814814814815 0.094140625 0.2037037037037037 0.09361979166666666 0.2 0.09283854166666666 0.1962962962962963 0.08997395833333334 0.1912037037037037 0.08736979166666667 0.1824074074074074 0.08684895833333334 0.1814814814814815 0.086328125 0.17916666666666667 0.085546875 0.17731481481481481 0.08502604166666666 0.17407407407407408 0.084765625 0.17037037037037037 0.083984375 0.16805555555555557 0.081640625 0.1638888888888889 0.080859375 0.16064814814814815 0.08033854166666667 0.15925925925925927 0.07981770833333333 0.1550925925925926 0.079296875 0.1527777777777778 0.079296875 0.14953703703703702 0.07903645833333334 0.14907407407407408 0.07903645833333334 0.1439814814814815 0.079296875 0.14351851851851852 0.079296875 0.14074074074074075 0.07981770833333333 0.13935185185185187 0.08059895833333333 0.13564814814814816 0.08190104166666666 0.13287037037037036 0.08190104166666666 0.13240740740740742 0.08723958333333333 0.12291666666666666 0.0875 0.12291666666666666 0.08893229166666666 0.12037037037037036 0.08893229166666666 0.11990740740740741 0.09036458333333333 0.11736111111111111 0.090625 0.11736111111111111 0.09192708333333334 0.1150462962962963 0.09427083333333333 0.11226851851851852 0.0953125 0.11041666666666666 0.09661458333333334 0.10902777777777778 0.09817708333333333 0.10625 0.10026041666666667 0.10393518518518519 0.10286458333333333 0.09930555555555555 0.10598958333333333 0.09652777777777778 0.1078125 0.09467592592592593 0.10859375 0.09328703703703704 0.10963541666666667 0.09236111111111112 0.1109375 0.09050925925925926 0.11276041666666667 0.08912037037037036 0.1140625 0.08726851851851852 0.11640625 0.08541666666666667 0.11692708333333333 0.08449074074074074 0.12005208333333334 0.08217592592592593 0.12213541666666666 0.08032407407407408 0.12395833333333334 0.07800925925925926 0.12578125 0.07523148148148148 0.1296875 0.07152777777777777 0.13098958333333333 0.07106481481481482 0.13359375 0.06921296296296296 0.134375 0.06828703703703703 0.13515625 0.06828703703703703 0.13697916666666668 0.06736111111111111 0.13776041666666666 0.06643518518518518 0.14036458333333332 0.06458333333333334 0.14296875 0.06180555555555556 0.14453125 0.061342592592592594 0.14765625 0.059027777777777776 0.14895833333333333 0.05763888888888889 0.15104166666666666 0.056712962962962965 0.153125 0.056712962962962965 0.15338541666666666 0.05625 0.15520833333333334 0.05625 0.15807291666666667 0.05486111111111111 0.15833333333333333 0.05439814814814815 0.16015625 0.05439814814814815 0.16041666666666668 0.05393518518518518 0.16197916666666667 0.05393518518518518 0.16354166666666667 0.053009259259259256 0.16432291666666668 0.052083333333333336 0.165625 0.05162037037037037 0.16666666666666666 0.050694444444444445 0.16796875 0.050694444444444445 0.16953125 0.04976851851851852 0.17083333333333334 0.04976851851851852 0.17109375 0.049305555555555554 0.17265625 0.049305555555555554 0.17291666666666666 0.04884259259259259 0.17473958333333334 0.04884259259259259 0.175 0.04837962962962963 0.17708333333333334 0.04837962962962963 0.17734375 0.04791666666666667 0.17942708333333332 0.04791666666666667 0.1796875 0.047453703703703706 0.18098958333333334 0.047453703703703706 0.18125 0.04699074074074074 0.1828125 0.04699074074074074 0.18307291666666667 0.04652777777777778 0.18463541666666666 0.04652777777777778 0.18489583333333334 0.046064814814814815 0.18697916666666667 0.046064814814814815 0.18723958333333332 0.04560185185185185 0.18958333333333333 0.04560185185185185 0.18984375 0.04513888888888889 0.19140625 0.04513888888888889 0.19166666666666668 0.044675925925925924 0.19661458333333334 0.044675925925925924 0.196875 0.04421296296296296 0.19921875 0.04421296296296296 0.19947916666666668 0.04375 0.21979166666666666 0.04375 0.22005208333333334 0.04421296296296296 0.22265625 0.04421296296296296 0.22291666666666668 0.04375 0.22447916666666667 0.04375 0.22473958333333333 0.04421296296296296 0.22630208333333332 0.04421296296296296 0.2265625 0.044675925925925924 0.228125 0.044675925925925924 0.22838541666666667 0.04513888888888889 0.23229166666666667 0.04513888888888889 0.23333333333333334 0.04560185185185185 0.23411458333333332 0.04652777777777778 0.23619791666666667 0.047453703703703706 0.23697916666666666 0.04837962962962963 0.23984375 0.050694444444444445 0.240625 0.05162037037037037 0.2421875 0.05439814814814815 0.24401041666666667 0.056712962962962965 0.24479166666666666 0.05717592592592593 0.248046875 0.06296296296296296 0.248828125 0.06527777777777778 0.24908854166666666 0.06759259259259259 0.249609375 0.0699074074074074 0.25143229166666664 0.07685185185185185 0.2526041666666667 0.07893518518518519 0.25494791666666666 0.08078703703703703 0.25611979166666665 0.08287037037037037 0.25690104166666666 0.08703703703703704 0.2576822916666667 0.08888888888888889 0.2579427083333333 0.09027777777777778 0.25924479166666664 0.09444444444444444 0.2610677083333333 0.09768518518518518 0.26341145833333335 0.1037037037037037 0.26419270833333336 0.10601851851851851 0.26471354166666666 0.10972222222222222 0.2657552083333333 0.11296296296296296 0.26809895833333336 0.11712962962962963 0.269140625 0.11944444444444445 0.27044270833333334 0.12314814814814815 0.27252604166666666 0.12731481481481483 0.2733072916666667 0.12962962962962962 0.275390625 0.13333333333333333 0.275390625 0.1337962962962963 0.2766927083333333 0.1361111111111111 0.2774739583333333 0.13842592592592592 0.2779947916666667 0.14074074074074075 0.27825520833333334 0.14305555555555555 0.27981770833333336 0.1476851851851852 0.27981770833333336 0.1486111111111111 0.2805989583333333 0.1527777777777778 0.280859375 0.15324074074074073 0.28268229166666664 0.16018518518518518 0.28372395833333336 0.1625 0.283984375 0.1638888888888889 0.2850260416666667 0.16620370370370371 0.286328125 0.1712962962962963 0.28815104166666666 0.17685185185185184 0.288671875 0.17962962962962964 0.28997395833333334 0.1837962962962963 0.29049479166666664 0.18703703703703703 0.29127604166666665 0.18935185185185185 0.29127604166666665 0.19027777777777777 0.2923177083333333 0.1935185185185185 0.2928385416666667 0.19583333333333333 0.2936197916666667 0.19814814814814816 0.29466145833333335 0.20046296296296295 0.295703125 0.20416666666666666 0.29596354166666666 0.2064814814814815 0.2970052083333333 0.2111111111111111 0.2975260416666667 0.21481481481481482 0.2975260416666667 0.2162037037037037 0.29830729166666664 0.22037037037037038 0.29856770833333335 0.22453703703703703 0.29908854166666665 0.22685185185185186 0.299609375 0.2310185185185185 0.3001302083333333 0.23333333333333334 0.300390625 0.23564814814814813 0.300390625 0.23796296296296296 0.3006510416666667 0.23842592592592593 0.3006510416666667 0.24351851851851852 0.3009114583333333 0.2439814814814815 0.3006510416666667 0.24722222222222223 0.298046875 0.2537037037037037 0.297265625 0.2569444444444444 0.2967447916666667 0.25787037037037036 0.29596354166666666 0.26064814814814813 0.2947916666666667 0.26273148148148145 0.29322916666666665 0.2641203703703704 0.29270833333333335 0.2650462962962963 0.2911458333333333 0.26643518518518516 0.2875 0.27291666666666664 0.2864583333333333 0.2743055555555556 0.28515625 0.27523148148148147 0.28463541666666664 0.2761574074074074 0.2828125 0.2775462962962963 0.28020833333333334 0.28125 0.2786458333333333 0.2831018518518518 0.27734375 0.28402777777777777 0.2760416666666667 0.28449074074074077 0.27109375 0.28912037037037036 0.26927083333333335 0.2900462962962963 0.26848958333333334 0.2900462962962963 0.26666666666666666 0.29097222222222224 0.26276041666666666 0.29467592592592595 0.2591145833333333 0.2965277777777778 0.25703125 0.2983796296296296 0.25416666666666665 0.29976851851851855 0.25338541666666664 0.30069444444444443 0.25052083333333336 0.3020833333333333 0.24895833333333334 0.3034722222222222 0.24817708333333333 0.3034722222222222 0.246875 0.30439814814814814 0.24453125 0.30486111111111114 0.2421875 0.30625 0.23984375 0.3085648148148148 0.2390625 0.3085648148148148 0.23802083333333332 0.30949074074074073 0.23723958333333334 0.30949074074074073 0.23541666666666666 0.3108796296296296 0.23489583333333333 0.3108796296296296 0.23255208333333333 0.31319444444444444 0.23072916666666668 0.3141203703703704 0.22994791666666667 0.31504629629629627 0.22604166666666667 0.31689814814814815 0.225 0.3178240740740741 0.221875 0.319212962962963 0.22109375 0.319212962962963 0.21848958333333332 0.3215277777777778 0.21588541666666666 0.32430555555555557 0.21354166666666666 0.32523148148148145 0.21067708333333332 0.32708333333333334 0.20859375 0.32893518518518516 0.20546875 0.3298611111111111 0.20442708333333334 0.33078703703703705 0.20364583333333333 0.33078703703703705 0.2 0.3335648148148148 0.19765625 0.33402777777777776 0.1953125 0.33541666666666664 0.19114583333333332 0.3372685185185185 0.19088541666666667 0.33773148148148147 0.18776041666666668 0.3386574074074074 0.1875 0.33912037037037035 0.18411458333333333 0.34050925925925923 0.1828125 0.34050925925925923 0.18255208333333334 0.34097222222222223 0.17786458333333333 0.34097222222222223 0.17760416666666667 0.3414351851851852 
2 0.52109375 0.5256944444444445 0.5200520833333333 0.5252314814814815 0.5169270833333334 0.5252314814814815 0.515625 0.5243055555555556 0.5138020833333333 0.5238425925925926 0.5111979166666667 0.5210648148148148 0.5092447916666667 0.5175925925925926 0.5084635416666666 0.5157407407407407 0.507421875 0.5120370370370371 0.5071614583333334 0.5092592592592593 0.5069010416666667 0.5087962962962963 0.5061197916666667 0.5032407407407408 0.5061197916666667 0.5013888888888889 0.5055989583333333 0.4986111111111111 0.5055989583333333 0.4962962962962963 0.5053385416666667 0.49583333333333335 0.5055989583333333 0.49398148148148147 0.5055989583333333 0.48935185185185187 0.5069010416666667 0.48564814814814816 0.5092447916666667 0.48148148148148145 0.5092447916666667 0.4810185185185185 0.5130208333333334 0.47430555555555554 0.51484375 0.47291666666666665 0.515625 0.47199074074074077 0.51796875 0.4706018518518518 0.5192708333333333 0.4701388888888889 0.5205729166666667 0.4701388888888889 0.5208333333333334 0.46967592592592594 0.5229166666666667 0.46967592592592594 0.5231770833333333 0.46921296296296294 0.5263020833333333 0.46921296296296294 0.5265625 0.46967592592592594 0.5278645833333333 0.46967592592592594 0.5291666666666667 0.4701388888888889 0.5307291666666667 0.47152777777777777 0.53125 0.47152777777777777 0.5333333333333333 0.4738425925925926 0.535546875 0.4773148148148148 0.5360677083333333 0.4791666666666667 0.5373697916666667 0.4824074074074074 0.5376302083333333 0.4842592592592593 0.5376302083333333 0.49027777777777776 0.537890625 0.49074074074074076 0.537890625 0.49398148148148147 0.5381510416666667 0.49444444444444446 0.5381510416666667 0.5 0.5384114583333334 0.500462962962963 0.5384114583333334 0.5027777777777778 0.5381510416666667 0.5050925925925925 0.5373697916666667 0.5092592592592593 0.5365885416666667 0.5120370370370371 0.53359375 0.5173611111111112 0.5307291666666667 0.5210648148148148 0.5283854166666667 0.5224537037037037 0.5263020833333333 0.5233796296296296 0.5252604166666667 0.5243055555555556 0.5229166666666667 0.5247685185185185 0.52265625 0.5252314814814815 0.5213541666666667 0.5252314814814815 0.52109375 0.5256944444444445 
2 0.4778645833333333 0.6252314814814814 0.47317708333333336 0.6252314814814814 0.47291666666666665 0.6247685185185186 0.47161458333333334 0.6247685185185186 0.4713541666666667 0.6243055555555556 0.46953125 0.6238425925925926 0.46822916666666664 0.6229166666666667 0.46588541666666666 0.6206018518518519 0.463671875 0.6166666666666667 0.462890625 0.6148148148148148 0.4610677083333333 0.6083333333333333 0.46002604166666666 0.6032407407407407 0.45924479166666665 0.600462962962963 0.45924479166666665 0.5990740740740741 0.45872395833333335 0.5967592592592592 0.45846354166666664 0.5944444444444444 0.45846354166666664 0.5916666666666667 0.45872395833333335 0.5912037037037037 0.45872395833333335 0.5875 0.458984375 0.587037037037037 0.45924479166666665 0.5842592592592593 0.46002604166666666 0.5824074074074074 0.460546875 0.5800925925925926 0.461328125 0.5777777777777777 0.4635416666666667 0.5738425925925926 0.46510416666666665 0.5719907407407407 0.46588541666666666 0.5715277777777777 0.4671875 0.569675925925926 0.46901041666666665 0.5682870370370371 0.4703125 0.5668981481481481 0.4744791666666667 0.5645833333333333 0.47578125 0.5641203703703703 0.47708333333333336 0.5641203703703703 0.47734375 0.5636574074074074 0.48020833333333335 0.5636574074074074 0.48046875 0.5641203703703703 0.4828125 0.5641203703703703 0.4830729166666667 0.5645833333333333 0.48489583333333336 0.5650462962962963 0.48776041666666664 0.5673611111111111 0.48880208333333336 0.56875 0.491796875 0.575462962962963 0.4928385416666667 0.5791666666666667 0.493359375 0.5842592592592593 0.49361979166666664 0.5847222222222223 0.49388020833333335 0.5879629629629629 0.49440104166666665 0.5898148148148148 0.49466145833333336 0.5935185185185186 0.494921875 0.5939814814814814 0.494921875 0.600925925925926 0.49440104166666665 0.6027777777777777 0.493359375 0.6078703703703704 0.4920572916666667 0.6111111111111112 0.48880208333333336 0.6168981481481481 0.48776041666666664 0.618287037037037 0.48515625 0.6206018518518519 0.484375 0.6210648148148148 0.4825520833333333 0.6229166666666667 0.48125 0.6233796296296297 0.48020833333333335 0.6243055555555556 0.478125 0.6247685185185186 0.4778645833333333 0.6252314814814814 
2 0.7924479166666667 0.4354166666666667 0.7872395833333333 0.4354166666666667 0.7869791666666667 0.43495370370370373 0.7854166666666667 0.43495370370370373 0.7841145833333333 0.43449074074074073 0.7809895833333333 0.4326388888888889 0.7802083333333333 0.4326388888888889 0.7786458333333334 0.43125 0.778125 0.43125 0.7765625 0.42939814814814814 0.775 0.42800925925925926 0.773046875 0.42453703703703705 0.772265625 0.4222222222222222 0.771484375 0.41805555555555557 0.771484375 0.41574074074074074 0.7712239583333333 0.4152777777777778 0.7712239583333333 0.399537037037037 0.771484375 0.3976851851851852 0.7725260416666667 0.39444444444444443 0.7752604166666667 0.38958333333333334 0.7755208333333333 0.38958333333333334 0.778125 0.38634259259259257 0.7796875 0.3849537037037037 0.78046875 0.3849537037037037 0.7815104166666667 0.3840277777777778 0.7828125 0.3840277777777778 0.784375 0.38310185185185186 0.7856770833333333 0.38310185185185186 0.7859375 0.38263888888888886 0.7877604166666666 0.38263888888888886 0.7880208333333333 0.3821759259259259 0.79296875 0.3821759259259259 0.7932291666666667 0.38263888888888886 0.7955729166666666 0.38263888888888886 0.7958333333333333 0.38310185185185186 0.7971354166666667 0.38310185185185186 0.7973958333333333 0.3835648148148148 0.7994791666666666 0.3840277777777778 0.8013020833333333 0.3854166666666667 0.8020833333333334 0.3854166666666667 0.8044270833333333 0.3872685185185185 0.8052083333333333 0.38819444444444445 0.807421875 0.3921296296296296 0.808984375 0.39814814814814814 0.808984375 0.40046296296296297 0.8079427083333334 0.4046296296296296 0.8069010416666667 0.40694444444444444 0.806640625 0.4083333333333333 0.8055989583333333 0.4115740740740741 0.8053385416666666 0.412962962962963 0.8048177083333333 0.4185185185185185 0.804296875 0.4212962962962963 0.802734375 0.4263888888888889 0.8002604166666667 0.430787037037037 0.7984375 0.4326388888888889 0.7963541666666667 0.4335648148148148 0.7942708333333334 0.43495370370370373 0.7927083333333333 0.43495370370370373 0.7924479166666667 0.4354166666666667 
2 0.7065104166666667 0.5567129629629629 0.70078125 0.5567129629629629 0.6994791666666667 0.55625 0.6958333333333333 0.5543981481481481 0.6924479166666667 0.5516203703703704 0.6919270833333333 0.5506944444444445 0.6903645833333333 0.5493055555555556 0.6881510416666666 0.5453703703703704 0.686328125 0.5407407407407407 0.685546875 0.5375 0.685546875 0.5351851851851852 0.6852864583333333 0.5347222222222222 0.6852864583333333 0.5324074074074074 0.6850260416666667 0.5319444444444444 0.6850260416666667 0.5296296296296297 0.6852864583333333 0.5291666666666667 0.6852864583333333 0.5254629629629629 0.685546875 0.525 0.685546875 0.5226851851851851 0.6858072916666667 0.5222222222222223 0.6858072916666667 0.5199074074074074 0.6860677083333333 0.5194444444444445 0.6860677083333333 0.5171296296296296 0.686328125 0.5166666666666667 0.686328125 0.5138888888888888 0.6868489583333334 0.5111111111111111 0.6911458333333333 0.5034722222222222 0.6927083333333334 0.5020833333333333 0.6932291666666667 0.5011574074074074 0.6947916666666667 0.4997685185185185 0.69765625 0.4983796296296296 0.6994791666666667 0.4983796296296296 0.6997395833333333 0.4979166666666667 0.7018229166666666 0.4979166666666667 0.7020833333333333 0.49745370370370373 0.7041666666666667 0.49745370370370373 0.7044270833333334 0.49699074074074073 0.7080729166666667 0.49699074074074073 0.7083333333333334 0.49745370370370373 0.7096354166666666 0.49745370370370373 0.7104166666666667 0.4983796296296296 0.7130208333333333 0.5002314814814814 0.7145833333333333 0.5020833333333333 0.7165364583333333 0.5055555555555555 0.718359375 0.5115740740740741 0.719921875 0.5157407407407407 0.7201822916666667 0.5171296296296296 0.7201822916666667 0.5194444444444445 0.7204427083333333 0.5199074074074074 0.7204427083333333 0.525 0.719921875 0.5287037037037037 0.7196614583333333 0.5291666666666667 0.7194010416666666 0.5324074074074074 0.7188802083333333 0.5342592592592592 0.7188802083333333 0.5361111111111111 0.718359375 0.538425925925926 0.7178385416666667 0.5439814814814815 0.716796875 0.5472222222222223 0.7140625 0.5520833333333334 0.71328125 0.5530092592592593 0.7111979166666667 0.5543981481481481 0.7104166666666667 0.555324074074074 0.7096354166666666 0.555324074074074 0.7083333333333334 0.55625 0.7067708333333333 0.55625 0.7065104166666667 0.5567129629629629 
2 0.8307291666666666 0.5145833333333333 0.8263020833333333 0.5145833333333333 0.8260416666666667 0.5141203703703704 0.8247395833333333 0.5141203703703704 0.8244791666666667 0.5136574074074074 0.8221354166666667 0.5131944444444444 0.8200520833333333 0.5118055555555555 0.8171875 0.5104166666666666 0.8158854166666667 0.5094907407407407 0.8114583333333333 0.5048611111111111 0.809375 0.5025462962962963 0.807421875 0.49907407407407406 0.807421875 0.4986111111111111 0.8061197916666667 0.4949074074074074 0.8053385416666666 0.49027777777777776 0.8053385416666666 0.4875 0.8055989583333333 0.48703703703703705 0.8055989583333333 0.48333333333333334 0.805859375 0.48194444444444445 0.807421875 0.47685185185185186 0.8076822916666667 0.475462962962963 0.8079427083333334 0.47175925925925927 0.808984375 0.4675925925925926 0.8095052083333333 0.4666666666666667 0.8102864583333333 0.4638888888888889 0.8119791666666667 0.46087962962962964 0.81640625 0.456712962962963 0.81796875 0.45578703703703705 0.81953125 0.45578703703703705 0.8197916666666667 0.45532407407407405 0.8239583333333333 0.45532407407407405 0.82421875 0.45578703703703705 0.8268229166666666 0.45578703703703705 0.8270833333333333 0.45625 0.8283854166666667 0.45625 0.8286458333333333 0.456712962962963 0.8307291666666666 0.45717592592592593 0.8315104166666667 0.45810185185185187 0.8333333333333334 0.45902777777777776 0.8346354166666666 0.46041666666666664 0.83828125 0.46319444444444446 0.83984375 0.4650462962962963 0.8411458333333334 0.4673611111111111 0.8424479166666666 0.46875 0.8436197916666667 0.4708333333333333 0.844921875 0.475 0.845703125 0.4791666666666667 0.846484375 0.48194444444444445 0.8451822916666667 0.48842592592592593 0.8428385416666667 0.4962962962962963 0.841796875 0.49907407407407406 0.841796875 0.5 0.840234375 0.5050925925925925 0.8391927083333334 0.5074074074074074 0.8380208333333333 0.5094907407407407 0.8369791666666667 0.5108796296296296 0.83359375 0.5136574074074074 0.8322916666666667 0.5141203703703704 0.8309895833333333 0.5141203703703704 0.8307291666666666 0.5145833333333333 
1 0.57265625 0.5599537037037037 0.5723958333333333 0.5594907407407408 0.57109375 0.5594907407407408 0.5692708333333333 0.5581018518518519 0.5684895833333333 0.5581018518518519 0.5674479166666667 0.5571759259259259 0.5661458333333333 0.5567129629629629 0.56484375 0.5567129629629629 0.5645833333333333 0.55625 0.5598958333333334 0.55625 0.55859375 0.5571759259259259 0.5575520833333333 0.5571759259259259 0.5552083333333333 0.5585648148148148 0.5544270833333333 0.5585648148148148 0.5533854166666666 0.5594907407407408 0.5518229166666667 0.5594907407407408 0.5505208333333333 0.5581018518518519 0.5490885416666667 0.5555555555555556 0.548046875 0.5509259259259259 0.5477864583333333 0.5486111111111112 0.5470052083333333 0.5449074074074074 0.5470052083333333 0.538425925925926 0.547265625 0.5365740740740741 0.548828125 0.5314814814814814 0.5515625 0.5266203703703703 0.5526041666666667 0.5252314814814815 0.5544270833333333 0.5233796296296296 0.55703125 0.5215277777777778 0.5588541666666667 0.5210648148148148 0.5606770833333333 0.5196759259259259 0.5625 0.5192129629629629 0.5627604166666667 0.51875 0.5640625 0.51875 0.5643229166666667 0.518287037037037 0.5671875 0.518287037037037 0.5674479166666667 0.51875 0.56953125 0.51875 0.57265625 0.5201388888888889 0.575 0.5224537037037037 0.5774739583333334 0.5268518518518519 0.5787760416666666 0.5310185185185186 0.5790364583333333 0.5328703703703703 0.5790364583333333 0.5351851851851852 0.579296875 0.5356481481481481 0.579296875 0.5449074074074074 0.5790364583333333 0.5472222222222223 0.5779947916666667 0.5527777777777778 0.5774739583333334 0.5537037037037037 0.576953125 0.5560185185185185 0.5755208333333334 0.5585648148148148 0.57265625 0.5599537037037037 
2 0.5609375 0.618287037037037 0.5598958333333334 0.617824074074074 0.55859375 0.617824074074074 0.5583333333333333 0.6173611111111111 0.55625 0.6168981481481481 0.5528645833333333 0.6141203703703704 0.5510416666666667 0.6118055555555556 0.5483072916666667 0.6069444444444444 0.5467447916666667 0.6018518518518519 0.5462239583333334 0.5990740740740741 0.5462239583333334 0.5972222222222222 0.5454427083333333 0.5916666666666667 0.544921875 0.5888888888888889 0.544921875 0.586574074074074 0.5446614583333333 0.5861111111111111 0.5446614583333333 0.5773148148148148 0.5451822916666667 0.5731481481481482 0.5462239583333334 0.5699074074074074 0.5470052083333333 0.5680555555555555 0.5502604166666667 0.5622685185185186 0.5505208333333333 0.5622685185185186 0.5546875 0.5581018518518519 0.5559895833333334 0.5571759259259259 0.5588541666666667 0.55625 0.5591145833333333 0.555787037037037 0.5604166666666667 0.555787037037037 0.5606770833333333 0.555324074074074 0.5627604166666667 0.555324074074074 0.5630208333333333 0.555787037037037 0.565625 0.555787037037037 0.5658854166666667 0.55625 0.5671875 0.55625 0.5674479166666667 0.5567129629629629 0.5697916666666667 0.5576388888888889 0.571875 0.5594907407407408 0.5734375 0.5599537037037037 0.5755208333333334 0.5613425925925926 0.5763020833333333 0.5622685185185186 0.5766927083333333 0.5634259259259259 0.578515625 0.5666666666666667 0.5795572916666667 0.5694444444444444 0.5803385416666667 0.5740740740740741 0.5803385416666667 0.575925925925926 0.580859375 0.5787037037037037 0.580859375 0.5810185185185185 0.5811197916666667 0.5814814814814815 0.5811197916666667 0.5842592592592593 0.5813802083333334 0.5847222222222223 0.5813802083333334 0.5925925925925926 0.5811197916666667 0.5949074074074074 0.5803385416666667 0.5990740740740741 0.5795572916666667 0.6018518518518519 0.5782552083333333 0.6050925925925926 0.5763020833333333 0.6085648148148148 0.57421875 0.6108796296296296 0.5736979166666667 0.6118055555555556 0.5716145833333334 0.6136574074074074 0.57109375 0.6136574074074074 0.5697916666666667 0.6150462962962963 0.5674479166666667 0.6164351851851851 0.56640625 0.6164351851851851 0.56484375 0.6173611111111111 0.56328125 0.6173611111111111 0.5630208333333333 0.617824074074074 0.5611979166666666 0.617824074074074 0.5609375 0.618287037037037 
1 0.48359375 0.5335648148148148 0.47942708333333334 0.5335648148148148 0.4791666666666667 0.5331018518518519 0.4778645833333333 0.5331018518518519 0.47708333333333336 0.5321759259259259 0.47604166666666664 0.531712962962963 0.4747395833333333 0.5303240740740741 0.473046875 0.5273148148148148 0.473046875 0.5268518518518519 0.47174479166666666 0.5236111111111111 0.47174479166666666 0.5226851851851851 0.470703125 0.5189814814814815 0.47044270833333335 0.5166666666666667 0.46966145833333334 0.512962962962963 0.46966145833333334 0.5078703703703704 0.47044270833333335 0.5037037037037037 0.471484375 0.500462962962963 0.4733072916666667 0.49722222222222223 0.4733072916666667 0.49675925925925923 0.47552083333333334 0.4928240740740741 0.47578125 0.4928240740740741 0.478125 0.49050925925925926 0.48203125 0.48912037037037037 0.48359375 0.48819444444444443 0.48489583333333336 0.48819444444444443 0.48515625 0.4877314814814815 0.48776041666666664 0.4877314814814815 0.48802083333333335 0.48726851851851855 0.4903645833333333 0.48726851851851855 0.49453125 0.48912037037037037 0.4953125 0.4900462962962963 0.4967447916666667 0.4925925925925926 0.49752604166666664 0.49444444444444446 0.49830729166666665 0.4976851851851852 0.49830729166666665 0.5 0.49856770833333336 0.500462962962963 0.49856770833333336 0.5060185185185185 0.498828125 0.5064814814814815 0.498828125 0.5111111111111111 0.49856770833333336 0.5115740740740741 0.49856770833333336 0.5143518518518518 0.49778645833333335 0.5194444444444445 0.49700520833333334 0.5222222222222223 0.4953125 0.5252314814814815 0.49322916666666666 0.5275462962962963 0.49270833333333336 0.5284722222222222 0.490625 0.5303240740740741 0.4901041666666667 0.5303240740740741 0.4864583333333333 0.5326388888888889 0.48515625 0.5331018518518519 0.48385416666666664 0.5331018518518519 0.48359375 0.5335648148148148 
1 0.44557291666666665 0.5381944444444444 0.4427083333333333 0.5381944444444444 0.44244791666666666 0.5377314814814815 0.44114583333333335 0.5377314814814815 0.43984375 0.5372685185185185 0.43828125 0.5358796296296297 0.43723958333333335 0.5344907407407408 0.43580729166666665 0.5319444444444444 0.43450520833333334 0.5268518518518519 0.433984375 0.5259259259259259 0.43216145833333336 0.5199074074074074 0.431640625 0.5175925925925926 0.431640625 0.5143518518518518 0.43190104166666665 0.5138888888888888 0.43190104166666665 0.5106481481481482 0.433203125 0.5055555555555555 0.43502604166666664 0.5018518518518519 0.43502604166666664 0.5013888888888889 0.43697916666666664 0.4979166666666667 0.43828125 0.4965277777777778 0.4395833333333333 0.49560185185185185 0.44166666666666665 0.4946759259259259 0.44244791666666666 0.49375 0.4434895833333333 0.493287037037037 0.44479166666666664 0.493287037037037 0.44635416666666666 0.49236111111111114 0.45208333333333334 0.49236111111111114 0.45234375 0.4928240740740741 0.4546875 0.4928240740740741 0.45598958333333334 0.493287037037037 0.45729166666666665 0.49421296296296297 0.45859375 0.4946759259259259 0.459765625 0.49675925925925923 0.4602864583333333 0.4981481481481482 0.461328125 0.5032407407407408 0.4615885416666667 0.5055555555555555 0.4615885416666667 0.5083333333333333 0.46184895833333334 0.5087962962962963 0.46184895833333334 0.5157407407407407 0.4615885416666667 0.5180555555555556 0.4610677083333333 0.5199074074074074 0.4608072916666667 0.5222222222222223 0.45872395833333335 0.5277777777777778 0.45703125 0.530787037037037 0.4546875 0.5335648148148148 0.4513020833333333 0.5363425925925925 0.44765625 0.5377314814814815 0.44583333333333336 0.5377314814814815 0.44557291666666665 0.5381944444444444 
1 0.41354166666666664 0.41597222222222224 0.40989583333333335 0.41597222222222224 0.40859375 0.41550925925925924 0.40625 0.4136574074074074 0.40546875 0.4127314814814815 0.404296875 0.41064814814814815 0.4029947916666667 0.4064814814814815 0.4024739583333333 0.4027777777777778 0.401953125 0.4013888888888889 0.401171875 0.39814814814814814 0.40091145833333336 0.3958333333333333 0.40091145833333336 0.3902777777777778 0.40143229166666666 0.38842592592592595 0.403125 0.3854166666666667 0.40390625 0.3849537037037037 0.40572916666666664 0.38310185185185186 0.4075520833333333 0.3821759259259259 0.4083333333333333 0.38125 0.41119791666666666 0.3798611111111111 0.4125 0.3798611111111111 0.4127604166666667 0.37939814814814815 0.41744791666666664 0.37939814814814815 0.41770833333333335 0.3798611111111111 0.41901041666666666 0.3798611111111111 0.42109375 0.381712962962963 0.4225260416666667 0.38425925925925924 0.423046875 0.3861111111111111 0.423046875 0.38981481481481484 0.42330729166666664 0.3902777777777778 0.42330729166666664 0.39305555555555555 0.423828125 0.39537037037037037 0.423828125 0.3976851851851852 0.42408854166666665 0.3990740740740741 0.42330729166666664 0.4041666666666667 0.4225260416666667 0.40694444444444444 0.4197916666666667 0.41180555555555554 0.4158854166666667 0.4150462962962963 0.41354166666666664 0.41597222222222224 
2 0.371875 0.4233796296296296 0.36953125 0.4233796296296296 0.36822916666666666 0.4219907407407407 0.36666666666666664 0.4215277777777778 0.36640625 0.42106481481481484 0.3651041666666667 0.42106481481481484 0.36302083333333335 0.41967592592592595 0.3611979166666667 0.41875 0.36015625 0.4173611111111111 0.3587239583333333 0.4148148148148148 0.3587239583333333 0.41435185185185186 0.35638020833333334 0.4101851851851852 0.3555989583333333 0.4074074074074074 0.3548177083333333 0.4013888888888889 0.35455729166666666 0.4009259259259259 0.35455729166666666 0.3976851851851852 0.3555989583333333 0.39305555555555555 0.356640625 0.3907407407407407 0.3578125 0.3886574074074074 0.35911458333333335 0.38680555555555557 0.3619791666666667 0.3840277777777778 0.3625 0.3840277777777778 0.3653645833333333 0.381712962962963 0.36666666666666664 0.38125 0.36796875 0.38125 0.36822916666666666 0.38078703703703703 0.3736979166666667 0.38078703703703703 0.3763020833333333 0.38263888888888886 0.377734375 0.3851851851851852 0.3795572916666667 0.3912037037037037 0.380078125 0.39351851851851855 0.38138020833333336 0.39814814814814814 0.381640625 0.4 0.38138020833333336 0.4023148148148148 0.38138020833333336 0.40694444444444444 0.37981770833333334 0.412962962962963 0.3787760416666667 0.41574074074074074 0.3765625 0.41967592592592595 0.375 0.42060185185185184 0.37395833333333334 0.42060185185185184 0.37265625 0.42291666666666666 0.371875 0.4233796296296296 
0 0.4479166666666667 0.8706018518518519 0.4466145833333333 0.8706018518518519 0.44505208333333335 0.8696759259259259 0.4432291666666667 0.8692129629629629 0.44114583333333335 0.8673611111111111 0.43984375 0.8655092592592593 0.4390625 0.8650462962962963 0.43802083333333336 0.8636574074074074 0.43671875 0.8613425925925926 0.43645833333333334 0.8613425925925926 0.434765625 0.8574074074074074 0.433203125 0.8527777777777777 0.43268229166666666 0.8518518518518519 0.431640625 0.8472222222222222 0.4298177083333333 0.8421296296296297 0.429296875 0.8402777777777778 0.42825520833333336 0.8379629629629629 0.4264322916666667 0.8324074074074074 0.4259114583333333 0.8300925925925926 0.4251302083333333 0.8245370370370371 0.4251302083333333 0.8208333333333333 0.4256510416666667 0.8180555555555555 0.4256510416666667 0.8162037037037037 0.426953125 0.812037037037037 0.42721354166666664 0.8106481481481481 0.42877604166666666 0.8055555555555556 0.43125 0.8011574074074074 0.4328125 0.7993055555555556 0.43463541666666666 0.7965277777777777 0.43645833333333334 0.7951388888888888 0.43723958333333335 0.794212962962963 0.43854166666666666 0.79375 0.440625 0.7923611111111111 0.44192708333333336 0.7923611111111111 0.4421875 0.7918981481481482 0.4466145833333333 0.7918981481481482 0.44973958333333336 0.79375 0.4513020833333333 0.7956018518518518 0.453125 0.7988425925925926 0.45338541666666665 0.7988425925925926 0.455859375 0.8032407407407407 0.456640625 0.8055555555555556 0.45794270833333334 0.8078703703703703 0.45872395833333335 0.8101851851851852 0.459765625 0.812037037037037 0.4602864583333333 0.8138888888888889 0.4610677083333333 0.8152777777777778 0.46263020833333335 0.8199074074074074 0.463671875 0.8222222222222222 0.465234375 0.8277777777777777 0.46575520833333334 0.8305555555555556 0.46575520833333334 0.8324074074074074 0.46627604166666664 0.8351851851851851 0.46627604166666664 0.8388888888888889 0.466015625 0.8393518518518519 0.466015625 0.8425925925925926 0.4647135416666667 0.8490740740740741 0.463671875 0.8527777777777777 0.46263020833333335 0.8555555555555555 0.461328125 0.8578703703703704 0.461328125 0.8583333333333333 0.4583333333333333 0.8636574074074074 0.45651041666666664 0.8659722222222223 0.45364583333333336 0.868287037037037 0.453125 0.868287037037037 0.4513020833333333 0.8696759259259259 0.45 0.8701388888888889 0.44817708333333334 0.8701388888888889 0.4479166666666667 0.8706018518518519 
0 0.49895833333333334 0.8696759259259259 0.49765625 0.8692129629629629 0.49635416666666665 0.8692129629629629 0.49244791666666665 0.8664351851851851 0.49166666666666664 0.8655092592592593 0.4889322916666667 0.8606481481481482 0.4876302083333333 0.8574074074074074 0.48580729166666664 0.850462962962963 0.4850260416666667 0.8481481481481481 0.4850260416666667 0.8472222222222222 0.483984375 0.8435185185185186 0.48294270833333336 0.8379629629629629 0.482421875 0.8361111111111111 0.482421875 0.8342592592592593 0.480859375 0.8268518518518518 0.4803385416666667 0.8226851851851852 0.480078125 0.8222222222222222 0.480078125 0.8143518518518519 0.4803385416666667 0.8138888888888889 0.4805989583333333 0.8097222222222222 0.481640625 0.8055555555555556 0.483203125 0.8013888888888889 0.4869791666666667 0.794675925925926 0.490625 0.7909722222222222 0.49140625 0.7909722222222222 0.49270833333333336 0.7900462962962963 0.4940104166666667 0.7895833333333333 0.49635416666666665 0.7895833333333333 0.49661458333333336 0.7891203703703704 0.49947916666666664 0.7891203703703704 0.49973958333333335 0.7895833333333333 0.5020833333333333 0.7895833333333333 0.50390625 0.7909722222222222 0.5044270833333333 0.7909722222222222 0.50625 0.7928240740740741 0.5078125 0.7956018518518518 0.5080729166666667 0.7956018518518518 0.5108072916666667 0.8004629629629629 0.5115885416666667 0.8023148148148148 0.5118489583333333 0.8037037037037037 0.5141927083333333 0.8111111111111111 0.5162760416666666 0.8189814814814815 0.5170572916666667 0.8212962962962963 0.518359375 0.825925925925926 0.5188802083333334 0.8287037037037037 0.5188802083333334 0.8314814814814815 0.519140625 0.8319444444444445 0.519140625 0.8384259259259259 0.5188802083333334 0.8388888888888889 0.5188802083333334 0.8425925925925926 0.518359375 0.8458333333333333 0.5173177083333333 0.8490740740740741 0.5173177083333333 0.85 0.5162760416666666 0.8523148148148149 0.5149739583333334 0.8560185185185185 0.5122395833333333 0.8608796296296296 0.5119791666666667 0.8608796296296296 0.5104166666666666 0.8636574074074074 0.5096354166666667 0.8645833333333334 0.5049479166666667 0.868287037037037 0.5036458333333333 0.86875 0.50234375 0.86875 0.5020833333333333 0.8692129629629629 0.49921875 0.8692129629629629 0.49895833333333334 0.8696759259259259 
0 0.39765625 0.8715277777777778 0.39453125 0.8715277777777778 0.39427083333333335 0.8710648148148148 0.3927083333333333 0.8710648148148148 0.3924479166666667 0.8706018518518519 0.3890625 0.8692129629629629 0.38776041666666666 0.868287037037037 0.38619791666666664 0.8664351851851851 0.384765625 0.8638888888888889 0.38424479166666664 0.861574074074074 0.3834635416666667 0.8592592592592593 0.382421875 0.8569444444444444 0.381640625 0.8546296296296296 0.380078125 0.8518518518518519 0.3795572916666667 0.850462962962963 0.378515625 0.8462962962962963 0.37721354166666665 0.8430555555555556 0.3756510416666667 0.8398148148148148 0.3748697916666667 0.8375 0.37408854166666666 0.8324074074074074 0.37408854166666666 0.8273148148148148 0.3743489583333333 0.8268518518518518 0.374609375 0.8226851851851852 0.3751302083333333 0.8203703703703704 0.3751302083333333 0.8189814814814815 0.3756510416666667 0.8171296296296297 0.3756510416666667 0.8157407407407408 0.37669270833333335 0.8115740740740741 0.378515625 0.8064814814814815 0.37981770833333334 0.8041666666666667 0.37981770833333334 0.8037037037037037 0.38125 0.8011574074074074 0.38229166666666664 0.7997685185185185 0.38307291666666665 0.7993055555555556 0.3848958333333333 0.7974537037037037 0.38776041666666666 0.7960648148148148 0.3885416666666667 0.7951388888888888 0.38984375 0.7951388888888888 0.39010416666666664 0.794675925925926 0.39375 0.794675925925926 0.39401041666666664 0.7951388888888888 0.3966145833333333 0.7965277777777777 0.39765625 0.7979166666666667 0.39895833333333336 0.8002314814814815 0.39921875 0.8002314814814815 0.40260416666666665 0.80625 0.40286458333333336 0.80625 0.4046875 0.8094907407407408 0.40598958333333335 0.8113425925925926 0.40729166666666666 0.8122685185185186 0.40859375 0.8136574074074074 0.412890625 0.8212962962962963 0.413671875 0.825 0.4141927083333333 0.8263888888888888 0.41497395833333334 0.8305555555555556 0.41497395833333334 0.8337962962962963 0.415234375 0.8342592592592593 0.415234375 0.8416666666666667 0.41497395833333334 0.8421296296296297 0.41497395833333334 0.8444444444444444 0.414453125 0.8458333333333333 0.4139322916666667 0.8495370370370371 0.412109375 0.8546296296296296 0.41158854166666664 0.8564814814814815 0.40989583333333335 0.8594907407407407 0.40963541666666664 0.8594907407407407 0.40729166666666666 0.8636574074074074 0.40598958333333335 0.8650462962962963 0.40338541666666666 0.868287037037037 0.40286458333333336 0.868287037037037 0.4010416666666667 0.8701388888888889 0.39947916666666666 0.8706018518518519 0.39921875 0.8710648148148148 0.39791666666666664 0.8710648148148148 0.39765625 0.8715277777777778 
0 0.3854166666666667 0.9548611111111112 0.384375 0.9543981481481482 0.3828125 0.9543981481481482 0.38255208333333335 0.9539351851851852 0.38125 0.9539351851851852 0.37994791666666666 0.9530092592592593 0.37734375 0.9497685185185185 0.36861979166666664 0.9342592592592592 0.367578125 0.9310185185185185 0.36549479166666665 0.9259259259259259 0.36471354166666664 0.9231481481481482 0.3639322916666667 0.9217592592592593 0.362890625 0.9185185185185185 0.36236979166666666 0.9148148148148149 0.36236979166666666 0.9050925925925926 0.3634114583333333 0.899537037037037 0.36419270833333334 0.8972222222222223 0.365234375 0.8953703703703704 0.366015625 0.8930555555555556 0.3684895833333333 0.8886574074074074 0.37057291666666664 0.8858796296296296 0.3723958333333333 0.8844907407407407 0.37421875 0.8826388888888889 0.3768229166666667 0.881712962962963 0.3770833333333333 0.88125 0.37890625 0.88125 0.37916666666666665 0.8807870370370371 0.3815104166666667 0.8807870370370371 0.38333333333333336 0.882175925925926 0.38385416666666666 0.882175925925926 0.38697916666666665 0.8854166666666666 0.38776041666666666 0.8868055555555555 0.39036458333333335 0.8900462962962963 0.39114583333333336 0.8905092592592593 0.3924479166666667 0.8923611111111112 0.3932291666666667 0.892824074074074 0.39557291666666666 0.8960648148148148 0.3963541666666667 0.8965277777777778 0.3997395833333333 0.9011574074074075 0.4010416666666667 0.9025462962962963 0.40325520833333334 0.9060185185185186 0.405078125 0.9120370370370371 0.405078125 0.9143518518518519 0.40533854166666666 0.9148148148148149 0.40533854166666666 0.9208333333333333 0.404296875 0.9282407407407407 0.40377604166666664 0.9296296296296296 0.4022135416666667 0.9351851851851852 0.40065104166666665 0.9393518518518519 0.40065104166666665 0.9398148148148148 0.39609375 0.9479166666666666 0.39505208333333336 0.9488425925925926 0.39375 0.9506944444444444 0.39166666666666666 0.9525462962962963 0.3885416666666667 0.9539351851851852 0.38828125 0.9543981481481482 0.38567708333333334 0.9543981481481482 0.3854166666666667 0.9548611111111112 
0 0.44088541666666664 0.95625 0.4361979166666667 0.95625 0.4359375 0.955787037037037 0.43463541666666666 0.955787037037037 0.43385416666666665 0.9548611111111112 0.4317708333333333 0.9539351851851852 0.43020833333333336 0.9516203703703704 0.42994791666666665 0.9516203703703704 0.42799479166666665 0.9481481481481482 0.42721354166666664 0.9453703703703704 0.4256510416666667 0.9416666666666667 0.42486979166666666 0.9384259259259259 0.4220052083333333 0.9310185185185185 0.4212239583333333 0.9296296296296296 0.41966145833333335 0.925 0.41940104166666664 0.9236111111111112 0.418359375 0.9208333333333333 0.418359375 0.9199074074074074 0.417578125 0.9175925925925926 0.41705729166666666 0.9143518518518519 0.41653645833333336 0.912962962962963 0.41653645833333336 0.9115740740740741 0.416015625 0.9092592592592592 0.416015625 0.9037037037037037 0.41653645833333336 0.9013888888888889 0.41653645833333336 0.9 0.41705729166666666 0.8972222222222223 0.4178385416666667 0.8949074074074074 0.4178385416666667 0.8939814814814815 0.4186197916666667 0.8912037037037037 0.419921875 0.887962962962963 0.421484375 0.8851851851851852 0.421484375 0.8847222222222222 0.42473958333333334 0.8789351851851852 0.42630208333333336 0.8770833333333333 0.4270833333333333 0.8766203703703703 0.42942708333333335 0.8743055555555556 0.4315104166666667 0.8733796296296297 0.4317708333333333 0.8729166666666667 0.43307291666666664 0.8729166666666667 0.43333333333333335 0.8724537037037037 0.43463541666666666 0.8724537037037037 0.4348958333333333 0.8719907407407408 0.43645833333333334 0.8719907407407408 0.43671875 0.8724537037037037 0.4388020833333333 0.8724537037037037 0.4390625 0.8729166666666667 0.44088541666666664 0.8733796296296297 0.44244791666666666 0.8743055555555556 0.44375 0.8756944444444444 0.44505208333333335 0.8766203703703703 0.446875 0.8798611111111111 0.44973958333333336 0.8835648148148149 0.45169270833333336 0.8870370370370371 0.45169270833333336 0.8875 0.4532552083333333 0.8912037037037037 0.453515625 0.8925925925925926 0.45481770833333335 0.8953703703703704 0.45481770833333335 0.8958333333333334 0.456640625 0.9 0.457421875 0.9027777777777778 0.45846354166666664 0.9046296296296297 0.45950520833333336 0.9083333333333333 0.45950520833333336 0.9097222222222222 0.46002604166666666 0.9115740740740741 0.4602864583333333 0.9138888888888889 0.4602864583333333 0.9231481481481482 0.46002604166666666 0.9236111111111112 0.46002604166666666 0.9263888888888889 0.458984375 0.9328703703703703 0.457421875 0.937962962962963 0.45611979166666666 0.9412037037037037 0.4544270833333333 0.944212962962963 0.45416666666666666 0.944212962962963 0.4515625 0.9488425925925926 0.4505208333333333 0.9502314814814815 0.44973958333333336 0.9506944444444444 0.446875 0.9539351851851852 0.4453125 0.9543981481481482 0.4432291666666667 0.955787037037037 0.44114583333333335 0.955787037037037 0.44088541666666664 0.95625 
4 0.57578125 0.9988425925925926 0.5736979166666667 0.9988425925925926 0.5734375 0.9983796296296297 0.56953125 0.9983796296296297 0.5692708333333333 0.9979166666666667 0.5677083333333334 0.9979166666666667 0.5674479166666667 0.9974537037037037 0.565625 0.9974537037037037 0.5653645833333333 0.9969907407407408 0.5638020833333334 0.9969907407407408 0.5635416666666667 0.9974537037037037 0.56171875 0.9974537037037037 0.5614583333333333 0.9979166666666667 0.5526041666666667 0.9979166666666667 0.55234375 0.9983796296296297 0.5481770833333334 0.9983796296296297 0.5479166666666667 0.9979166666666667 0.5411458333333333 0.9979166666666667 0.5408854166666667 0.9983796296296297 0.5377604166666666 0.9983796296296297 0.5375 0.9988425925925926 0.5322916666666667 0.9988425925925926 0.53203125 0.9983796296296297 0.5153645833333333 0.9983796296296297 0.5151041666666667 0.9988425925925926 0.5127604166666667 0.9988425925925926 0.5125 0.9983796296296297 0.5109375 0.9983796296296297 0.5106770833333333 0.9979166666666667 0.5091145833333334 0.9979166666666667 0.5088541666666667 0.9974537037037037 0.49921875 0.9974537037037037 0.49895833333333334 0.9979166666666667 0.47994791666666664 0.9979166666666667 0.4796875 0.9983796296296297 0.45625 0.9983796296296297 0.45598958333333334 0.9979166666666667 0.45026041666666666 0.9979166666666667 0.45 0.9974537037037037 0.4309895833333333 0.9974537037037037 0.43072916666666666 0.9979166666666667 0.42682291666666666 0.9979166666666667 0.4265625 0.9983796296296297 0.4244791666666667 0.9983796296296297 0.42421875 0.9988425925925926 0.42265625 0.9988425925925926 0.42239583333333336 0.9983796296296297 0.40520833333333334 0.9983796296296297 0.4049479166666667 0.9988425925925926 0.4015625 0.9988425925925926 0.40130208333333334 0.9983796296296297 0.39817708333333335 0.9983796296296297 0.39791666666666664 0.9979166666666667 0.39557291666666666 0.9979166666666667 0.3953125 0.9974537037037037 0.38958333333333334 0.9974537037037037 0.3893229166666667 0.9979166666666667 0.375 0.9979166666666667 0.37473958333333335 0.9974537037037037 0.37109375 0.9974537037037037 0.37083333333333335 0.9979166666666667 0.3692708333333333 0.9979166666666667 0.3690104166666667 0.9983796296296297 0.36666666666666664 0.9983796296296297 0.36640625 0.9988425925925926 0.35703125 0.9988425925925926 0.3567708333333333 0.9983796296296297 0.35182291666666665 0.9983796296296297 0.35052083333333334 0.9979166666666667 0.34934895833333335 0.9962962962962963 0.34934895833333335 0.9898148148148148 0.34986979166666665 0.987037037037037 0.34986979166666665 0.9847222222222223 0.35013020833333336 0.9824074074074074 0.35065104166666666 0.9800925925925926 0.35065104166666666 0.9787037037037037 0.3514322916666667 0.9740740740740741 0.351953125 0.9717592592592592 0.352734375 0.9643518518518519 0.353515625 0.9611111111111111 0.354296875 0.9555555555555556 0.354296875 0.9537037037037037 0.3548177083333333 0.9513888888888888 0.356640625 0.9365740740740741 0.356640625 0.9342592592592592 0.357421875 0.9310185185185185 0.35768229166666665 0.9277777777777778 0.35846354166666666 0.9259259259259259 0.3592447916666667 0.9231481481481482 0.3592447916666667 0.9222222222222223 0.3600260416666667 0.9199074074074074 0.360546875 0.9175925925925926 0.3614583333333333 0.9159722222222222 0.36236979166666666 0.9175925925925926 0.3631510416666667 0.9208333333333333 0.365234375 0.9263888888888889 0.36575520833333336 0.9273148148148148 0.36627604166666666 0.9300925925925926 0.366796875 0.9310185185185185 0.3673177083333333 0.9333333333333333 0.37330729166666665 0.9439814814814815 0.37330729166666665 0.9444444444444444 0.375 0.9474537037037037 0.37526041666666665 0.9474537037037037 0.3770833333333333 0.9502314814814815 0.378125 0.9511574074074074 0.37942708333333336 0.9530092592592593 0.3807291666666667 0.9539351851851852 0.38333333333333336 0.955324074074074 0.38697916666666665 0.955324074074074 0.38723958333333336 0.9548611111111112 0.3885416666666667 0.9548611111111112 0.38984375 0.9539351851851852 0.3927083333333333 0.9530092592592593 0.39557291666666666 0.9502314814814815 0.396875 0.9479166666666666 0.3971354166666667 0.9479166666666666 0.399609375 0.9435185185185185 0.399609375 0.9430555555555555 0.4024739583333333 0.937962962962963 0.40325520833333334 0.9356481481481481 0.40377604166666664 0.9324074074074075 0.405078125 0.9282407407407407 0.4061197916666667 0.9217592592592593 0.4061197916666667 0.9194444444444444 0.4063802083333333 0.9189814814814815 0.4061197916666667 0.9171296296296296 0.4061197916666667 0.9120370370370371 0.4055989583333333 0.9092592592592592 0.404296875 0.9050925925925926 0.40234375 0.9016203703703703 0.40208333333333335 0.9016203703703703 0.39947916666666666 0.8983796296296296 0.39817708333333335 0.8965277777777778 0.39557291666666666 0.89375 0.39479166666666665 0.893287037037037 0.39375 0.8918981481481482 0.3932291666666667 0.8918981481481482 0.39166666666666666 0.8900462962962963 0.38984375 0.8872685185185185 0.3885416666666667 0.8863425925925926 0.38697916666666665 0.8840277777777777 0.3848958333333333 0.881712962962963 0.38333333333333336 0.8807870370370371 0.38203125 0.8807870370370371 0.38177083333333334 0.8803240740740741 0.37838541666666664 0.8803240740740741 0.378125 0.8807870370370371 0.3763020833333333 0.8807870370370371 0.3736979166666667 0.882175925925926 0.3723958333333333 0.8831018518518519 0.3697916666666667 0.8858796296296296 0.3671875 0.8891203703703704 0.36575520833333336 0.8916666666666667 0.3645833333333333 0.893287037037037 0.36354166666666665 0.8942129629629629 0.36236979166666666 0.8967592592592593 0.362109375 0.899074074074074 0.36158854166666665 0.9009259259259259 0.36158854166666665 0.8986111111111111 0.361328125 0.8981481481481481 0.361328125 0.8921296296296296 0.36158854166666665 0.8912037037037037 0.3625 0.8905092592592593 0.3631510416666667 0.888425925925926 0.3631510416666667 0.8861111111111111 0.3639322916666667 0.8791666666666667 0.364453125 0.8768518518518519 0.36549479166666665 0.8703703703703703 0.36549479166666665 0.8689814814814815 0.366015625 0.8671296296296296 0.36627604166666666 0.8648148148148148 0.3670572916666667 0.861574074074074 0.3670572916666667 0.8601851851851852 0.367578125 0.8583333333333333 0.36809895833333334 0.8546296296296296 0.368359375 0.8513888888888889 0.36888020833333335 0.8495370370370371 0.36940104166666665 0.8453703703703703 0.37018229166666666 0.8425925925925926 0.3723958333333333 0.8363425925925926 0.3734375 0.8363425925925926 0.3743489583333333 0.8393518518518519 0.37591145833333334 0.8430555555555556 0.377734375 0.8467592592592592 0.379296875 0.8513888888888889 0.38190104166666666 0.8560185185185185 0.382421875 0.8574074074074074 0.38424479166666664 0.8643518518518518 0.3854166666666667 0.8664351851851851 0.38776041666666666 0.86875 0.3893229166666667 0.8696759259259259 0.39296875 0.8710648148148148 0.3932291666666667 0.8715277777777778 0.39505208333333336 0.8715277777777778 0.3953125 0.8719907407407408 0.3971354166666667 0.8719907407407408 0.39739583333333334 0.8715277777777778 0.39869791666666665 0.8715277777777778 0.4015625 0.8701388888888889 0.40286458333333336 0.8692129629629629 0.40390625 0.867824074074074 0.4046875 0.8673611111111111 0.4078125 0.8636574074074074 0.412109375 0.8560185185185185 0.412109375 0.8555555555555555 0.4141927083333333 0.850462962962963 0.4147135416666667 0.8472222222222222 0.415234375 0.8458333333333333 0.41575520833333335 0.8430555555555556 0.41575520833333335 0.8407407407407408 0.416015625 0.8402777777777778 0.416015625 0.8351851851851851 0.41549479166666664 0.8328703703703704 0.41549479166666664 0.8310185185185185 0.4141927083333333 0.8245370370370371 0.41158854166666664 0.8180555555555555 0.41158854166666664 0.8175925925925925 0.40598958333333335 0.8076388888888889 0.4036458333333333 0.8048611111111111 0.40182291666666664 0.8034722222222223 0.4 0.8006944444444445 0.3997395833333333 0.8006944444444445 0.39791666666666664 0.7974537037037037 0.39557291666666666 0.7951388888888888 0.39401041666666664 0.794212962962963 0.3938802083333333 0.7935185185185185 0.3944010416666667 0.7916666666666666 0.39609375 0.7891203703703704 0.39765625 0.7881944444444444 0.39921875 0.7881944444444444 0.39947916666666666 0.7877314814814815 0.40182291666666664 0.7877314814814815 0.40208333333333335 0.7872685185185185 0.4125 0.7872685185185185 0.4127604166666667 0.7868055555555555 0.41953125 0.7868055555555555 0.4197916666666667 0.7863425925925925 0.43385416666666665 0.7863425925925925 0.43411458333333336 0.7858796296296297 0.4359375 0.7858796296296297 0.4361979166666667 0.7863425925925925 0.43776041666666665 0.7863425925925925 0.439453125 0.787962962962963 0.43971354166666665 0.7888888888888889 0.4390625 0.7895833333333333 0.43697916666666664 0.7932870370370371 0.4354166666666667 0.794675925925926 0.434375 0.7960648148148148 0.43203125 0.8002314814814815 0.4317708333333333 0.8002314814814815 0.4290364583333333 0.8050925925925926 0.4290364583333333 0.8055555555555556 0.42747395833333335 0.8083333333333333 0.4264322916666667 0.8111111111111111 0.4251302083333333 0.8166666666666667 0.4251302083333333 0.8199074074074074 0.42486979166666666 0.8203703703703704 0.42486979166666666 0.8282407407407407 0.4251302083333333 0.8300925925925926 0.4259114583333333 0.8333333333333334 0.42669270833333334 0.8356481481481481 0.42825520833333336 0.8393518518518519 0.428515625 0.8407407407407408 0.429296875 0.8421296296296297 0.430078125 0.8449074074074074 0.43190104166666665 0.850462962962963 0.43190104166666665 0.8513888888888889 0.433203125 0.8555555555555555 0.4334635416666667 0.8569444444444444 0.43450520833333334 0.8597222222222223 0.4368489583333333 0.8638888888888889 0.437109375 0.8648148148148148 0.437109375 0.8703703703703703 0.4359375 0.8710648148148148 0.4348958333333333 0.8710648148148148 0.43385416666666665 0.8719907407407408 0.43072916666666666 0.8729166666666667 0.428125 0.8747685185185186 0.42630208333333336 0.8770833333333333 0.4234375 0.8803240740740741 0.419921875 0.8865740740740741 0.4180989583333333 0.8916666666666667 0.41705729166666666 0.8953703703703704 0.41627604166666665 0.899537037037037 0.416015625 0.9027777777777778 0.41549479166666664 0.9050925925925926 0.41549479166666664 0.9092592592592592 0.41575520833333335 0.9097222222222222 0.41575520833333335 0.9125 0.41627604166666665 0.9152777777777777 0.416796875 0.9166666666666666 0.41705729166666666 0.9189814814814815 0.419140625 0.9259259259259259 0.42018229166666665 0.9282407407407407 0.420703125 0.9300925925925926 0.421484375 0.9314814814814815 0.42278645833333334 0.9347222222222222 0.42330729166666664 0.937037037037037 0.423828125 0.937962962962963 0.42408854166666665 0.9398148148148148 0.4256510416666667 0.9425925925925925 0.4256510416666667 0.9430555555555555 0.42747395833333335 0.9472222222222222 0.42747395833333335 0.9476851851851852 0.42916666666666664 0.9506944444444444 0.4322916666666667 0.9543981481481482 0.43515625 0.9567129629629629 0.43697916666666664 0.9567129629629629 0.43723958333333335 0.9571759259259259 0.43984375 0.9571759259259259 0.4401041666666667 0.9567129629629629 0.44166666666666665 0.9567129629629629 0.44192708333333336 0.95625 0.4432291666666667 0.95625 0.4473958333333333 0.9539351851851852 0.44947916666666665 0.9520833333333333 0.4518229166666667 0.9493055555555555 0.453125 0.9474537037037037 0.456640625 0.9412037037037037 0.4576822916666667 0.9388888888888889 0.45846354166666664 0.9365740740740741 0.459765625 0.9314814814814815 0.460546875 0.9273148148148148 0.460546875 0.9254629629629629 0.461328125 0.9203703703703704 0.4610677083333333 0.9180555555555555 0.4610677083333333 0.9148148148148149 0.4608072916666667 0.9125 0.46002604166666666 0.9083333333333333 0.45950520833333336 0.9069444444444444 0.45924479166666665 0.9050925925925926 0.45794270833333334 0.9013888888888889 0.4576822916666667 0.9 0.45611979166666666 0.8962962962962963 0.45559895833333336 0.8944444444444445 0.45481770833333335 0.8930555555555556 0.45455729166666664 0.8916666666666667 0.4537760416666667 0.8898148148148148 0.45065104166666664 0.8842592592592593 0.450390625 0.8828703703703704 0.448046875 0.8787037037037037 0.44778645833333336 0.8768518518518519 0.4490885416666667 0.8726851851851852 0.45 0.8715277777777778 0.45234375 0.8696759259259259 0.4544270833333333 0.86875 0.45598958333333334 0.8673611111111111 0.45651041666666664 0.8664351851851851 0.45859375 0.8641203703703704 0.45950520833333336 0.862037037037037 0.462109375 0.8574074074074074 0.462109375 0.8569444444444444 0.463671875 0.8541666666666666 0.4649739583333333 0.850462962962963 0.4654947916666667 0.8481481481481481 0.46575520833333334 0.8458333333333333 0.46627604166666664 0.8439814814814814 0.46627604166666664 0.8416666666666667 0.46653645833333335 0.8412037037037037 0.46653645833333335 0.8379629629629629 0.466796875 0.8356481481481481 0.466015625 0.8291666666666667 0.465234375 0.8263888888888888 0.4647135416666667 0.8236111111111111 0.4641927083333333 0.8226851851851852 0.463671875 0.8203703703703704 0.4602864583333333 0.8111111111111111 0.4583333333333333 0.8071759259259259 0.45611979166666666 0.8032407407407407 0.45533854166666665 0.8009259259259259 0.45364583333333336 0.7979166666666667 0.45234375 0.7965277777777777 0.45 0.7923611111111111 0.44817708333333334 0.7905092592592593 0.4466145833333333 0.7900462962962963 0.44479166666666664 0.7891203703703704 0.44440104166666666 0.788425925925926 0.44505208333333335 0.7868055555555555 0.44609375 0.7863425925925925 0.4473958333333333 0.7863425925925925 0.44765625 0.7858796296296297 0.44921875 0.7858796296296297 0.4505208333333333 0.7854166666666667 0.4518229166666667 0.7844907407407408 0.45364583333333336 0.7844907407407408 0.45390625 0.7840277777777778 0.4578125 0.7840277777777778 0.45807291666666666 0.7835648148148148 0.46145833333333336 0.7835648148148148 0.46171875 0.7831018518518519 0.46640625 0.7831018518518519 0.4666666666666667 0.7826388888888889 0.4791666666666667 0.7826388888888889 0.47942708333333334 0.7821759259259259 0.484375 0.7821759259259259 0.48463541666666665 0.781712962962963 0.49192708333333335 0.781712962962963 0.4921875 0.78125 0.49661458333333336 0.78125 0.496875 0.780787037037037 0.5005208333333333 0.780787037037037 0.50078125 0.78125 0.503125 0.78125 0.5033854166666667 0.780787037037037 0.5114583333333333 0.780787037037037 0.51171875 0.7803240740740741 0.5182291666666666 0.7803240740740741 0.5184895833333333 0.7798611111111111 0.5278645833333333 0.7798611111111111 0.528125 0.7793981481481481 0.53125 0.7793981481481481 0.5315104166666667 0.7798611111111111 0.534375 0.7798611111111111 0.5346354166666667 0.7793981481481481 0.5427083333333333 0.7793981481481481 0.54296875 0.7789351851851852 0.5575520833333333 0.7789351851851852 0.5578125 0.7784722222222222 0.559375 0.7784722222222222 0.5596354166666667 0.7780092592592592 0.5627604166666667 0.7780092592592592 0.5630208333333333 0.7784722222222222 0.56640625 0.7784722222222222 0.5666666666666667 0.7780092592592592 0.5697916666666667 0.7780092592592592 0.5700520833333333 0.7784722222222222 0.5734375 0.7784722222222222 0.5736979166666667 0.7780092592592592 0.57734375 0.7780092592592592 0.5776041666666667 0.7784722222222222 0.5802083333333333 0.7784722222222222 0.58046875 0.7789351851851852 0.5817708333333333 0.7789351851851852 0.5828125 0.7793981481481481 0.584375 0.780787037037037 0.5860677083333333 0.7837962962962963 0.5865885416666666 0.7851851851851852 0.5881510416666667 0.7935185185185185 0.588671875 0.7958333333333333 0.588671875 0.8 0.5889322916666667 0.8004629629629629 0.5889322916666667 0.8078703703703703 0.5891927083333334 0.8083333333333333 0.5891927083333334 0.8138888888888889 0.589453125 0.8143518518518519 0.589453125 0.8185185185185185 0.5897135416666667 0.8189814814814815 0.5897135416666667 0.8231481481481482 0.5899739583333333 0.8236111111111111 0.5899739583333333 0.8273148148148148 0.590234375 0.8277777777777777 0.590234375 0.8328703703703704 0.5904947916666666 0.8333333333333334 0.5904947916666666 0.8388888888888889 0.5907552083333333 0.8393518518518519 0.5907552083333333 0.8435185185185186 0.591015625 0.8439814814814814 0.591015625 0.8490740740740741 0.5912760416666667 0.8495370370370371 0.5912760416666667 0.8537037037037037 0.5915364583333333 0.8541666666666666 0.5915364583333333 0.862037037037037 0.591796875 0.8625 0.591796875 0.8666666666666667 0.5920572916666667 0.8671296296296296 0.5920572916666667 0.8694444444444445 0.5923177083333333 0.8699074074074075 0.5923177083333333 0.8726851851851852 0.592578125 0.8731481481481481 0.592578125 0.8763888888888889 0.5928385416666667 0.8768518518518519 0.5928385416666667 0.8796296296296297 0.5930989583333334 0.8800925925925925 0.5930989583333334 0.8824074074074074 0.593359375 0.8828703703703704 0.593359375 0.8870370370370371 0.5936197916666667 0.8875 0.5936197916666667 0.8930555555555556 0.594140625 0.8958333333333334 0.594140625 0.8981481481481481 0.5944010416666666 0.8986111111111111 0.5944010416666666 0.9018518518518519 0.5946614583333333 0.9023148148148148 0.5946614583333333 0.9050925925925926 0.594921875 0.9055555555555556 0.594921875 0.9087962962962963 0.5951822916666667 0.9092592592592592 0.5951822916666667 0.913425925925926 0.5954427083333333 0.9138888888888889 0.5954427083333333 0.9166666666666666 0.595703125 0.9171296296296296 0.595703125 0.9203703703703704 0.5959635416666667 0.9208333333333333 0.5959635416666667 0.925 0.5962239583333333 0.9254629629629629 0.5962239583333333 0.9291666666666667 0.596484375 0.9296296296296296 0.596484375 0.9333333333333333 0.5967447916666667 0.9337962962962963 0.5967447916666667 0.9388888888888889 0.5970052083333334 0.9393518518518519 0.5970052083333334 0.9425925925925925 0.597265625 0.9430555555555555 0.597265625 0.9453703703703704 0.5975260416666667 0.9458333333333333 0.5975260416666667 0.9495370370370371 0.5977864583333333 0.95 0.5977864583333333 0.9560185185185185 0.598046875 0.9564814814814815 0.598046875 0.9611111111111111 0.5983072916666666 0.961574074074074 0.5983072916666666 0.9652777777777778 0.5985677083333333 0.9657407407407408 0.5985677083333333 0.9689814814814814 0.598828125 0.9694444444444444 0.598828125 0.9731481481481481 0.5990885416666667 0.9736111111111111 0.5990885416666667 0.9782407407407407 0.5993489583333333 0.9787037037037037 0.5993489583333333 0.9833333333333333 0.599609375 0.9837962962962963 0.599609375 0.9925925925925926 0.5993489583333333 0.9930555555555556 0.5993489583333333 0.9953703703703703 0.5981770833333333 0.9974537037037037 0.59609375 0.9983796296296297 0.5760416666666667 0.9983796296296297 0.57578125 0.9988425925925926 0.5024739583333333 0.8694444444444445 0.5036458333333333 0.86875 0.5044270833333333 0.86875 0.50546875 0.867824074074074 0.5067708333333333 0.8673611111111111 0.5080729166666667 0.8664351851851851 0.5109375 0.8636574074074074 0.5122395833333333 0.8618055555555556 0.5135416666666667 0.8594907407407407 0.5138020833333333 0.8594907407407407 0.5154947916666667 0.8560185185185185 0.516015625 0.8541666666666666 0.5170572916666667 0.8518518518518519 0.5178385416666667 0.8490740740740741 0.5188802083333334 0.8435185185185186 0.519140625 0.8430555555555556 0.519140625 0.8407407407407408 0.5194010416666667 0.8402777777777778 0.5194010416666667 0.8379629629629629 0.5196614583333333 0.8375 0.5196614583333333 0.8337962962962963 0.5194010416666667 0.8333333333333334 0.5194010416666667 0.8291666666666667 0.519140625 0.8287037037037037 0.5186197916666667 0.825 0.5180989583333333 0.8226851851851852 0.5165364583333333 0.8175925925925925 0.5165364583333333 0.8166666666666667 0.5149739583333334 0.8101851851851852 0.514453125 0.8087962962962963 0.513671875 0.8055555555555556 0.5123697916666666 0.8027777777777778 0.5118489583333333 0.8009259259259259 0.5088541666666667 0.7956018518518518 0.5080729166666667 0.7951388888888888 0.5065104166666666 0.7932870370370371 0.5057291666666667 0.7918981481481482 0.50390625 0.7900462962962963 0.5026041666666666 0.7891203703703704 0.5013020833333334 0.7886574074074074 0.49895833333333334 0.7886574074074074 0.4986979166666667 0.7881944444444444 0.496875 0.7881944444444444 0.49661458333333336 0.7886574074074074 0.4942708333333333 0.7886574074074074 0.4940104166666667 0.7891203703703704 0.49244791666666665 0.7891203703703704 0.4921875 0.7895833333333333 0.4908854166666667 0.7895833333333333 0.4895833333333333 0.7905092592592593 0.4869791666666667 0.794212962962963 0.48671875 0.794212962962963 0.48541666666666666 0.7965277777777777 0.48515625 0.7965277777777777 0.48346354166666666 0.799537037037037 0.482421875 0.8018518518518518 0.48138020833333334 0.8060185185185185 0.4803385416666667 0.8087962962962963 0.47955729166666666 0.8138888888888889 0.47955729166666666 0.8226851851851852 0.480078125 0.8268518518518518 0.48138020833333334 0.8328703703703704 0.481640625 0.8361111111111111 0.48216145833333335 0.8375 0.483203125 0.8430555555555556 0.483984375 0.8453703703703703 0.48528645833333334 0.85 0.48580729166666664 0.8532407407407407 0.48658854166666665 0.8555555555555555 0.487109375 0.8578703703703704 0.487890625 0.8597222222222223 0.49114583333333334 0.8655092592592593 0.49270833333333336 0.8668981481481481 0.49322916666666666 0.867824074074074 0.49453125 0.86875 0.4953125 0.86875 0.49661458333333336 0.8696759259259259 0.50234375 0.8696759259259259 0.5024739583333333 0.8694444444444445 0.37734375 0.8043981481481481 0.376171875 0.8027777777777778 0.376171875 0.8009259259259259 0.37669270833333335 0.799537037037037 0.37721354166666665 0.7953703703703704 0.37890625 0.7932870370370371 0.38203125 0.7914351851851852 0.38307291666666665 0.7914351851851852 0.3841145833333333 0.7905092592592593 0.3854166666666667 0.7905092592592593 0.38671875 0.7914351851851852 0.387890625 0.7939814814814815 0.38645833333333335 0.7960648148148148 0.3848958333333333 0.7974537037037037 0.3809895833333333 0.7993055555555556 0.37942708333333336 0.8006944444444445 0.37734375 0.8043981481481481 0.5641927083333333 0.8606481481481482 0.56484375 0.8599537037037037 0.566015625 0.8569444444444444 0.566015625 0.8523148148148149 0.5654947916666667 0.8495370370370371 0.56484375 0.8479166666666667 0.5638020833333334 0.8483796296296297 0.5626302083333333 0.8513888888888889 0.5623697916666667 0.8537037037037037 0.5623697916666667 0.8601851851851852 0.5627604166666667 0.8608796296296296 0.5641927083333333 0.8606481481481482 0.5537760416666667 0.8671296296296296 0.55390625 0.8668981481481481 0.5572916666666666 0.8668981481481481 0.5575520833333333 0.8664351851851851 0.5591145833333333 0.8664351851851851 0.5609375 0.8655092592592593 0.562109375 0.8634259259259259 0.562109375 0.862037037037037 0.56171875 0.8613425925925926 0.56015625 0.8613425925925926 0.5598958333333334 0.8608796296296296 0.5575520833333333 0.8608796296296296 0.5572916666666666 0.8604166666666667 0.5544270833333333 0.8604166666666667 0.5541666666666667 0.8599537037037037 0.54921875 0.8599537037037037 0.5483072916666667 0.861574074074074 0.548046875 0.8634259259259259 0.54921875 0.8655092592592593 0.5518229166666667 0.8668981481481481 0.5537760416666667 0.8671296296296296 
3 0.49140625 0.7664351851851852 0.48489583333333336 0.7664351851851852 0.48463541666666665 0.7659722222222223 0.4817708333333333 0.7659722222222223 0.48151041666666666 0.7655092592592593 0.47708333333333336 0.7655092592592593 0.47682291666666665 0.7659722222222223 0.4752604166666667 0.7659722222222223 0.475 0.7664351851851852 0.47291666666666665 0.7664351851851852 0.47265625 0.7659722222222223 0.46953125 0.7659722222222223 0.46927083333333336 0.7655092592592593 0.46640625 0.7655092592592593 0.4661458333333333 0.7650462962962963 0.4609375 0.7650462962962963 0.46067708333333335 0.7655092592592593 0.45677083333333335 0.7655092592592593 0.45651041666666664 0.7650462962962963 0.4549479166666667 0.7650462962962963 0.45390625 0.7645833333333333 0.453125 0.7636574074074074 0.4515625 0.7627314814814815 0.449609375 0.7592592592592593 0.4493489583333333 0.7578703703703704 0.44752604166666665 0.7537037037037037 0.44752604166666665 0.7527777777777778 0.446484375 0.7490740740740741 0.446484375 0.7481481481481481 0.4454427083333333 0.7444444444444445 0.44440104166666666 0.7416666666666667 0.442578125 0.7379629629629629 0.44231770833333334 0.736574074074074 0.43919270833333335 0.7310185185185185 0.4368489583333333 0.7226851851851852 0.4359375 0.7215277777777778 0.434765625 0.7194444444444444 0.434765625 0.7189814814814814 0.43216145833333336 0.7125 0.43138020833333335 0.7092592592592593 0.4295572916666667 0.7037037037037037 0.4290364583333333 0.700462962962963 0.428515625 0.6990740740740741 0.4276041666666667 0.6979166666666666 0.42578125 0.694675925925926 0.42552083333333335 0.694675925925926 0.423828125 0.6916666666666667 0.423046875 0.6884259259259259 0.42278645833333334 0.6861111111111111 0.42278645833333334 0.6837962962962963 0.4220052083333333 0.6791666666666667 0.421484375 0.6777777777777778 0.420703125 0.674537037037037 0.41966145833333335 0.6712962962962963 0.419140625 0.6685185185185185 0.418359375 0.6662037037037037 0.418359375 0.6652777777777777 0.417578125 0.662962962962963 0.4166666666666667 0.6613425925925925 0.4153645833333333 0.6599537037037037 0.4140625 0.6581018518518519 0.412109375 0.6546296296296297 0.41106770833333334 0.6504629629629629 0.41106770833333334 0.6458333333333334 0.411328125 0.6453703703703704 0.411328125 0.6412037037037037 0.41184895833333335 0.638425925925926 0.41184895833333335 0.6361111111111111 0.41236979166666665 0.6337962962962963 0.41236979166666665 0.6324074074074074 0.412890625 0.6300925925925925 0.412890625 0.6287037037037037 0.4134114583333333 0.6263888888888889 0.4134114583333333 0.624537037037037 0.4139322916666667 0.6222222222222222 0.4139322916666667 0.6203703703703703 0.414453125 0.6180555555555556 0.414453125 0.6166666666666667 0.41497395833333334 0.6143518518518518 0.41497395833333334 0.611574074074074 0.415234375 0.6111111111111112 0.415234375 0.6083333333333333 0.41575520833333335 0.6060185185185185 0.41627604166666665 0.6018518518518519 0.41705729166666666 0.5981481481481481 0.417578125 0.5921296296296297 0.4186197916666667 0.5884259259259259 0.4186197916666667 0.5875 0.41966145833333335 0.5842592592592593 0.42018229166666665 0.5819444444444445 0.42096354166666666 0.5796296296296296 0.42096354166666666 0.5782407407407407 0.421484375 0.575925925925926 0.421484375 0.5740740740740741 0.4220052083333333 0.5717592592592593 0.422265625 0.5675925925925925 0.423046875 0.5634259259259259 0.423046875 0.562037037037037 0.423828125 0.5587962962962963 0.423828125 0.5550925925925926 0.42408854166666665 0.5546296296296296 0.42408854166666665 0.5518518518518518 0.424609375 0.549537037037037 0.42486979166666666 0.5462962962962963 0.4251302083333333 0.5458333333333333 0.4251302083333333 0.5435185185185185 0.425390625 0.5430555555555555 0.425390625 0.5402777777777777 0.4256510416666667 0.5398148148148149 0.4259114583333333 0.5365740740740741 0.42825520833333336 0.5282407407407408 0.4296875 0.5256944444444445 0.43072916666666666 0.5247685185185185 0.4322916666666667 0.5252314814814815 0.433984375 0.5282407407407408 0.43502604166666664 0.5314814814814814 0.43802083333333336 0.5368055555555555 0.4390625 0.5381944444444444 0.44036458333333334 0.5391203703703704 0.44166666666666665 0.5395833333333333 0.44296875 0.5395833333333333 0.4432291666666667 0.5400462962962963 0.4479166666666667 0.5400462962962963 0.45078125 0.5386574074074074 0.45234375 0.5368055555555555 0.45286458333333335 0.5368055555555555 0.45598958333333334 0.5335648148148148 0.45677083333333335 0.5331018518518519 0.45950520833333336 0.5282407407407408 0.45950520833333336 0.5277777777777778 0.4615885416666667 0.5231481481481481 0.4615885416666667 0.5222222222222223 0.46236979166666664 0.5199074074074074 0.462890625 0.5171296296296296 0.462890625 0.513425925925926 0.46315104166666665 0.512962962962963 0.46315104166666665 0.5092592592592593 0.462890625 0.5087962962962963 0.46263020833333335 0.5046296296296297 0.462109375 0.5027777777777778 0.46184895833333334 0.500462962962963 0.4608072916666667 0.4976851851851852 0.4608072916666667 0.49537037037037035 0.46145833333333336 0.49421296296296297 0.4625 0.493287037037037 0.46380208333333334 0.493287037037037 0.4640625 0.4928240740740741 0.46796875 0.4928240740740741 0.46927083333333336 0.49375 0.4705729166666667 0.49421296296296297 0.471484375 0.49583333333333335 0.47122395833333336 0.49675925925925923 0.4694010416666667 0.5 0.4686197916666667 0.5027777777777778 0.46783854166666666 0.5078703703703704 0.46783854166666666 0.5111111111111111 0.4694010416666667 0.5171296296296296 0.46966145833333334 0.5194444444444445 0.47096354166666665 0.524537037037037 0.4734375 0.5289351851851852 0.4744791666666667 0.5298611111111111 0.4752604166666667 0.53125 0.47760416666666666 0.5335648148148148 0.4786458333333333 0.5340277777777778 0.48046875 0.5340277777777778 0.48072916666666665 0.5344907407407408 0.48489583333333336 0.5344907407407408 0.48515625 0.5340277777777778 0.48671875 0.5340277777777778 0.4895833333333333 0.5321759259259259 0.49192708333333335 0.5298611111111111 0.49244791666666665 0.5298611111111111 0.4940104166666667 0.5280092592592592 0.496875 0.5252314814814815 0.49830729166666665 0.5226851851851851 0.49856770833333336 0.5208333333333334 0.4993489583333333 0.5175925925925926 0.499609375 0.5138888888888888 0.5001302083333333 0.5111111111111111 0.5001302083333333 0.5083333333333333 0.4998697916666667 0.5078703703703704 0.4998697916666667 0.5023148148148148 0.499609375 0.5018518518518519 0.499609375 0.49722222222222223 0.4993489583333333 0.49675925925925923 0.4993489583333333 0.4930555555555556 0.499609375 0.4925925925925926 0.499609375 0.49027777777777776 0.5013020833333334 0.48865740740740743 0.50234375 0.48865740740740743 0.5032552083333334 0.49027777777777776 0.5037760416666667 0.49398148148148147 0.5037760416666667 0.4962962962962963 0.504296875 0.4981481481481482 0.5045572916666666 0.500462962962963 0.505078125 0.5023148148148148 0.5055989583333333 0.5064814814814815 0.505859375 0.5069444444444444 0.506640625 0.5115740740740741 0.5076822916666667 0.5166666666666667 0.5106770833333333 0.5219907407407407 0.5153645833333333 0.5270833333333333 0.5169270833333334 0.5284722222222222 0.51796875 0.5289351851851852 0.5260416666666666 0.5289351851851852 0.52734375 0.5280092592592592 0.528125 0.5280092592592592 0.5294270833333333 0.5270833333333333 0.5313802083333333 0.524074074074074 0.5313802083333333 0.5236111111111111 0.534765625 0.5175925925925926 0.534765625 0.5171296296296296 0.5360677083333333 0.5148148148148148 0.537109375 0.5125 0.5381510416666667 0.5092592592592593 0.5384114583333334 0.5069444444444444 0.5389322916666667 0.5050925925925925 0.5389322916666667 0.49583333333333335 0.538671875 0.49537037037037035 0.538671875 0.4925925925925926 0.5384114583333334 0.49212962962962964 0.5384114583333334 0.48657407407407405 0.5389322916666667 0.48333333333333334 0.5403645833333334 0.48171296296296295 0.5424479166666667 0.48171296296296295 0.5427083333333333 0.48125 0.5481770833333334 0.48125 0.5484375 0.480787037037037 0.5536458333333333 0.480787037037037 0.55390625 0.48032407407407407 0.55625 0.48032407407407407 0.5565104166666667 0.4798611111111111 0.5606770833333333 0.4798611111111111 0.5609375 0.47939814814814813 0.5653645833333333 0.47939814814814813 0.565625 0.4789351851851852 0.56796875 0.4789351851851852 0.5682291666666667 0.47847222222222224 0.5716145833333334 0.47847222222222224 0.5729166666666666 0.47800925925925924 0.575 0.47662037037037036 0.5763020833333333 0.47662037037037036 0.5765625 0.4761574074074074 0.58046875 0.4761574074074074 0.5815104166666667 0.47662037037037036 0.5833333333333334 0.47800925925925924 0.584765625 0.48055555555555557 0.5858072916666667 0.48564814814814816 0.5860677083333333 0.487962962962963 0.5865885416666666 0.4898148148148148 0.5865885416666666 0.4912037037037037 0.587109375 0.4935185185185185 0.587109375 0.4949074074074074 0.5876302083333333 0.4976851851851852 0.5881510416666667 0.49907407407407406 0.588671875 0.5027777777777778 0.5891927083333334 0.5050925925925925 0.5897135416666667 0.5097222222222222 0.5897135416666667 0.5125 0.5899739583333333 0.512962962962963 0.5899739583333333 0.5152777777777777 0.590234375 0.5157407407407407 0.590234375 0.5185185185185185 0.5904947916666666 0.5189814814814815 0.5904947916666666 0.5217592592592593 0.5907552083333333 0.5222222222222223 0.5907552083333333 0.525 0.5897135416666667 0.5324074074074074 0.5897135416666667 0.5342592592592592 0.5891927083333334 0.5365740740740741 0.5891927083333334 0.5425925925925926 0.589453125 0.5430555555555555 0.589453125 0.549537037037037 0.5897135416666667 0.55 0.5897135416666667 0.5541666666666667 0.5899739583333333 0.5546296296296296 0.5899739583333333 0.5574074074074075 0.590234375 0.5578703703703703 0.590234375 0.5611111111111111 0.5904947916666666 0.5615740740740741 0.5904947916666666 0.5648148148148148 0.591015625 0.5671296296296297 0.591015625 0.5689814814814815 0.5915364583333333 0.5708333333333333 0.5915364583333333 0.5731481481481482 0.591796875 0.5736111111111111 0.591796875 0.5768518518518518 0.5920572916666667 0.5773148148148148 0.5920572916666667 0.5800925925925926 0.5923177083333333 0.5805555555555556 0.5930989583333334 0.5875 0.5930989583333334 0.5902777777777778 0.593359375 0.5907407407407408 0.593359375 0.5944444444444444 0.5936197916666667 0.5949074074074074 0.5936197916666667 0.5972222222222222 0.5938802083333333 0.5976851851851852 0.5938802083333333 0.6 0.594140625 0.600462962962963 0.594140625 0.6050925925925926 0.5944010416666666 0.6055555555555555 0.5944010416666666 0.6157407407407407 0.5946614583333333 0.6162037037037037 0.5946614583333333 0.6203703703703703 0.594921875 0.6208333333333333 0.594921875 0.625462962962963 0.5951822916666667 0.6259259259259259 0.5951822916666667 0.6310185185185185 0.5954427083333333 0.6314814814814815 0.5954427083333333 0.6361111111111111 0.595703125 0.6365740740740741 0.595703125 0.6388888888888888 0.5959635416666667 0.6393518518518518 0.5959635416666667 0.6421296296296296 0.5962239583333333 0.6425925925925926 0.5962239583333333 0.65 0.596484375 0.6504629629629629 0.596484375 0.6569444444444444 0.5967447916666667 0.6574074074074074 0.5967447916666667 0.6638888888888889 0.5970052083333334 0.6643518518518519 0.5970052083333334 0.6731481481481482 0.597265625 0.6736111111111112 0.597265625 0.6805555555555556 0.5975260416666667 0.6810185185185185 0.5975260416666667 0.687037037037037 0.5977864583333333 0.6875 0.5977864583333333 0.6916666666666667 0.598046875 0.6939814814814815 0.5985677083333333 0.6962962962962963 0.598828125 0.6986111111111111 0.598828125 0.7013888888888888 0.5990885416666667 0.7018518518518518 0.5990885416666667 0.7087962962962963 0.5993489583333333 0.7092592592592593 0.5993489583333333 0.7157407407407408 0.599609375 0.7162037037037037 0.599609375 0.7203703703703703 0.5998697916666667 0.7208333333333333 0.5998697916666667 0.7236111111111111 0.6001302083333333 0.7240740740740741 0.6001302083333333 0.737037037037037 0.600390625 0.7375 0.600390625 0.7490740740740741 0.6006510416666667 0.749537037037037 0.6006510416666667 0.7537037037037037 0.5998697916666667 0.7569444444444444 0.5981770833333333 0.7599537037037037 0.5973958333333333 0.7608796296296296 0.5950520833333334 0.7622685185185185 0.5932291666666667 0.7622685185185185 0.59296875 0.7627314814814815 0.590625 0.7627314814814815 0.5903645833333333 0.7631944444444444 0.5864583333333333 0.7631944444444444 0.5861979166666667 0.7636574074074074 0.58203125 0.7636574074074074 0.5817708333333333 0.7641203703703704 0.56953125 0.7641203703703704 0.5692708333333333 0.7645833333333333 0.5416666666666666 0.7645833333333333 0.54140625 0.7650462962962963 0.5380208333333333 0.7650462962962963 0.5377604166666666 0.7655092592592593 0.5315104166666667 0.7655092592592593 0.53125 0.7650462962962963 0.5221354166666666 0.7650462962962963 0.521875 0.7655092592592593 0.5192708333333333 0.7655092592592593 0.5190104166666667 0.7650462962962963 0.51484375 0.7650462962962963 0.5145833333333333 0.7645833333333333 0.5088541666666667 0.7645833333333333 0.50859375 0.7650462962962963 0.5065104166666666 0.7650462962962963 0.50625 0.7655092592592593 0.49296875 0.7655092592592593 0.49140625 0.7664351851851852 0.5647135416666667 0.6180555555555556 0.5661458333333333 0.6173611111111111 0.56796875 0.6168981481481481 0.57109375 0.6141203703703704 0.571875 0.6131944444444445 0.5729166666666666 0.6127314814814815 0.5760416666666667 0.6094907407407407 0.5772135416666667 0.6074074074074074 0.5779947916666667 0.6050925925925926 0.580078125 0.600925925925926 0.5805989583333333 0.5990740740740741 0.5813802083333334 0.5944444444444444 0.5813802083333334 0.5837962962962963 0.5811197916666667 0.5833333333333334 0.5811197916666667 0.5805555555555556 0.5805989583333333 0.5777777777777777 0.5805989583333333 0.575462962962963 0.580078125 0.5712962962962963 0.5795572916666667 0.5689814814814815 0.578515625 0.5662037037037037 0.578515625 0.5652777777777778 0.5772135416666667 0.5597222222222222 0.5772135416666667 0.5578703703703703 0.577734375 0.5564814814814815 0.5779947916666667 0.5541666666666667 0.578515625 0.5527777777777778 0.5787760416666666 0.549074074074074 0.5790364583333333 0.5486111111111112 0.5790364583333333 0.5458333333333333 0.579296875 0.5453703703703704 0.579296875 0.5402777777777777 0.5795572916666667 0.5398148148148149 0.5795572916666667 0.5375 0.579296875 0.5370370370370371 0.579296875 0.5347222222222222 0.5790364583333333 0.5342592592592592 0.5790364583333333 0.5319444444444444 0.5787760416666666 0.5305555555555556 0.577734375 0.5273148148148148 0.5752604166666667 0.5229166666666667 0.5736979166666667 0.5210648148148148 0.5721354166666667 0.5196759259259259 0.57109375 0.5192129629629629 0.5692708333333333 0.5192129629629629 0.5690104166666666 0.51875 0.5669270833333333 0.51875 0.5666666666666667 0.518287037037037 0.5630208333333333 0.518287037037037 0.5606770833333333 0.5196759259259259 0.559375 0.5210648148148148 0.5578125 0.5215277777777778 0.5567708333333333 0.5224537037037037 0.5559895833333334 0.5224537037037037 0.5546875 0.5233796296296296 0.5515625 0.5261574074074075 0.5510416666666667 0.5270833333333333 0.5494791666666666 0.5284722222222222 0.548046875 0.5310185185185186 0.5475260416666666 0.5328703703703703 0.5467447916666667 0.5375 0.5467447916666667 0.5421296296296296 0.5470052083333333 0.5425925925925926 0.5470052083333333 0.5462962962962963 0.547265625 0.5486111111111112 0.5477864583333333 0.5509259259259259 0.5477864583333333 0.5537037037037037 0.548046875 0.5541666666666667 0.548046875 0.5569444444444445 0.5483072916666667 0.5574074074074075 0.5483072916666667 0.5601851851851852 0.548046875 0.5606481481481481 0.5475260416666666 0.5652777777777778 0.546484375 0.5689814814814815 0.5459635416666667 0.5699074074074074 0.5451822916666667 0.5731481481481482 0.5446614583333333 0.5791666666666667 0.5444010416666667 0.5796296296296296 0.5444010416666667 0.587037037037037 0.5446614583333333 0.5875 0.5451822916666667 0.5912037037037037 0.5454427083333333 0.5916666666666667 0.5459635416666667 0.5953703703703703 0.5459635416666667 0.5972222222222222 0.5467447916666667 0.6023148148148149 0.548046875 0.6069444444444444 0.5497395833333333 0.6099537037037037 0.55 0.6099537037037037 0.5520833333333334 0.6127314814814815 0.5528645833333333 0.6141203703703704 0.5541666666666667 0.6155092592592593 0.5567708333333333 0.6173611111111111 0.5580729166666667 0.617824074074074 0.559375 0.617824074074074 0.5596354166666667 0.618287037037037 0.5645833333333333 0.618287037037037 0.5647135416666667 0.6180555555555556 0.47877604166666665 0.6259259259259259 0.48203125 0.6243055555555556 0.4864583333333333 0.6201388888888889 0.48723958333333334 0.6196759259259259 0.48984375 0.6164351851851851 0.4915364583333333 0.6134259259259259 0.49309895833333334 0.6087962962962963 0.49361979166666664 0.6078703703703704 0.49466145833333336 0.6041666666666666 0.49518229166666666 0.6013888888888889 0.49518229166666666 0.5925925925925926 0.49466145833333336 0.5879629629629629 0.494140625 0.5851851851851851 0.4928385416666667 0.5810185185185185 0.4923177083333333 0.5777777777777777 0.49075520833333336 0.5726851851851852 0.48776041666666664 0.5673611111111111 0.48515625 0.5650462962962963 0.48463541666666665 0.5641203703703703 0.4825520833333333 0.5622685185185186 0.47421875 0.5622685185185186 0.4734375 0.5627314814814814 0.4703125 0.5655092592592592 0.46979166666666666 0.5664351851851852 0.46796875 0.5678240740740741 0.4674479166666667 0.56875 0.46588541666666666 0.5701388888888889 0.46484375 0.5715277777777777 0.46328125 0.5743055555555555 0.4630208333333333 0.5743055555555555 0.4615885416666667 0.5768518518518518 0.4610677083333333 0.5782407407407407 0.4602864583333333 0.5814814814814815 0.459765625 0.5824074074074074 0.45846354166666664 0.586574074074074 0.45846354166666664 0.5953703703703703 0.45872395833333335 0.5958333333333333 0.45872395833333335 0.5981481481481481 0.458984375 0.600462962962963 0.4608072916666667 0.6064814814814815 0.461328125 0.6101851851851852 0.46236979166666664 0.6148148148148148 0.462890625 0.6162037037037037 0.46484375 0.6196759259259259 0.46510416666666665 0.6196759259259259 0.46640625 0.6219907407407408 0.46770833333333334 0.6229166666666667 0.46901041666666665 0.6243055555555556 0.4705729166666667 0.6252314814814814 0.471875 0.6252314814814814 0.47213541666666664 0.6256944444444444 0.4734375 0.6256944444444444 0.47369791666666666 0.6261574074074074 0.4786458333333333 0.6261574074074074 0.47877604166666665 0.6259259259259259 
4 0.18619791666666666 0.8141203703703703 0.18489583333333334 0.8141203703703703 0.18411458333333333 0.8136574074074074 0.182421875 0.8106481481481481 0.18138020833333332 0.8064814814814815 0.17890625 0.8020833333333334 0.17734375 0.8006944444444445 0.17317708333333334 0.7960648148148148 0.17161458333333332 0.7932870370370371 0.17057291666666666 0.7918981481481482 0.16875 0.7900462962962963 0.16822916666666668 0.7891203703703704 0.16666666666666666 0.7877314814814815 0.16380208333333332 0.7835648148148148 0.16145833333333334 0.781712962962963 0.16041666666666668 0.7803240740740741 0.15911458333333334 0.7780092592592592 0.15807291666666667 0.7770833333333333 0.15729166666666666 0.7756944444444445 0.15572916666666667 0.7738425925925926 0.15416666666666667 0.7724537037037037 0.15234375 0.7692129629629629 0.15130208333333334 0.768287037037037 0.14895833333333333 0.7645833333333333 0.14739583333333334 0.7631944444444444 0.1453125 0.7622685185185185 0.14401041666666667 0.7622685185185185 0.14375 0.7618055555555555 0.1421875 0.7618055555555555 0.14192708333333334 0.7613425925925926 0.13880208333333333 0.7604166666666666 0.13776041666666666 0.7594907407407407 0.134765625 0.7541666666666667 0.133984375 0.7490740740740741 0.13372395833333334 0.7462962962962963 0.133203125 0.7449074074074075 0.13203125 0.742824074074074 0.13020833333333334 0.7409722222222223 0.12942708333333333 0.7395833333333334 0.12838541666666667 0.7386574074074074 0.12552083333333333 0.7344907407407407 0.12395833333333334 0.7326388888888888 0.12161458333333333 0.7307870370370371 0.12005208333333334 0.7303240740740741 0.11979166666666667 0.7298611111111111 0.11848958333333333 0.7298611111111111 0.11822916666666666 0.7293981481481482 0.1125 0.7293981481481482 0.11223958333333334 0.7289351851851852 0.11067708333333333 0.7289351851851852 0.10963541666666667 0.7284722222222222 0.10807291666666667 0.7270833333333333 0.10716145833333333 0.725462962962963 0.10716145833333333 0.7185185185185186 0.107421875 0.7171296296296297 0.108203125 0.7152777777777778 0.10924479166666666 0.7111111111111111 0.110546875 0.7078703703703704 0.11106770833333333 0.7055555555555556 0.112109375 0.7032407407407407 0.11236979166666666 0.7018518518518518 0.11341145833333334 0.6995370370370371 0.11731770833333334 0.6847222222222222 0.11783854166666667 0.6833333333333333 0.119140625 0.6782407407407407 0.12096354166666666 0.6731481481481482 0.12174479166666667 0.6699074074074074 0.12278645833333333 0.6675925925925926 0.12330729166666667 0.6657407407407407 0.12408854166666666 0.6643518518518519 0.125390625 0.6601851851851852 0.125390625 0.6592592592592592 0.126953125 0.6546296296296297 0.12721354166666668 0.6532407407407408 0.12825520833333334 0.6504629629629629 0.12825520833333334 0.649537037037037 0.12903645833333333 0.6467592592592593 0.12955729166666666 0.6458333333333334 0.13059895833333332 0.6416666666666667 0.131640625 0.6393518518518518 0.13190104166666666 0.637962962962963 0.13294270833333333 0.6347222222222222 0.13346354166666666 0.6324074074074074 0.13502604166666668 0.6277777777777778 0.13528645833333333 0.6263888888888889 0.13606770833333334 0.624537037037037 0.13658854166666667 0.6212962962962963 0.13736979166666666 0.6189814814814815 0.137890625 0.6162037037037037 0.14153645833333334 0.6078703703703704 0.141796875 0.6064814814814815 0.143359375 0.6032407407407407 0.14388020833333334 0.600925925925926 0.144921875 0.5986111111111111 0.145703125 0.5962962962962963 0.14674479166666668 0.5921296296296297 0.147265625 0.5912037037037037 0.148046875 0.5884259259259259 0.148046875 0.5875 0.148828125 0.5851851851851851 0.14934895833333334 0.5828703703703704 0.149609375 0.5800925925925926 0.15065104166666668 0.5763888888888888 0.15169270833333334 0.5736111111111111 0.151953125 0.5722222222222222 0.15325520833333334 0.5694444444444444 0.15325520833333334 0.5689814814814815 0.15625 0.5636574074074074 0.15729166666666666 0.5622685185185186 0.15911458333333334 0.5608796296296297 0.16041666666666668 0.5594907407407408 0.16197916666666667 0.5585648148148148 0.16302083333333334 0.5585648148148148 0.16432291666666668 0.5576388888888889 0.16536458333333334 0.5576388888888889 0.16692708333333334 0.5567129629629629 0.16822916666666668 0.5567129629629629 0.17109375 0.555324074074074 0.17239583333333333 0.555324074074074 0.17526041666666667 0.5539351851851851 0.17760416666666667 0.5534722222222223 0.17890625 0.5525462962962963 0.18020833333333333 0.5525462962962963 0.18046875 0.5520833333333334 0.18177083333333333 0.5520833333333334 0.18307291666666667 0.5516203703703704 0.18541666666666667 0.5502314814814815 0.18723958333333332 0.5497685185185185 0.18828125 0.5488425925925926 0.19036458333333334 0.5483796296296296 0.190625 0.5479166666666667 0.19192708333333333 0.5479166666666667 0.1921875 0.5474537037037037 0.19348958333333333 0.5474537037037037 0.19375 0.5469907407407407 0.19609375 0.5465277777777777 0.19739583333333333 0.5456018518518518 0.19895833333333332 0.5456018518518518 0.19921875 0.5451388888888888 0.20104166666666667 0.5451388888888888 0.20130208333333333 0.544675925925926 0.20286458333333332 0.544675925925926 0.203125 0.544212962962963 0.20442708333333334 0.544212962962963 0.2046875 0.54375 0.20598958333333334 0.54375 0.20885416666666667 0.5423611111111111 0.21015625 0.5423611111111111 0.21302083333333333 0.5409722222222222 0.21432291666666667 0.5409722222222222 0.215625 0.5405092592592593 0.21692708333333333 0.5395833333333333 0.21901041666666668 0.5386574074074074 0.21979166666666666 0.5386574074074074 0.22109375 0.5377314814814815 0.22265625 0.5377314814814815 0.22291666666666668 0.5372685185185185 0.22421875 0.5372685185185185 0.22447916666666667 0.5368055555555555 0.22578125 0.5368055555555555 0.22708333333333333 0.5363425925925925 0.22890625 0.5349537037037037 0.23098958333333333 0.5344907407407408 0.234375 0.5331018518518519 0.23619791666666667 0.531712962962963 0.2375 0.53125 0.2390625 0.53125 0.23932291666666666 0.530787037037037 0.240625 0.530787037037037 0.24088541666666666 0.5303240740740741 0.24348958333333334 0.5303240740740741 0.24375 0.5298611111111111 0.24609375 0.5298611111111111 0.24635416666666668 0.5293981481481481 0.24765625 0.5293981481481481 0.24973958333333332 0.5280092592592592 0.25052083333333336 0.5280092592592592 0.25286458333333334 0.5266203703703703 0.25416666666666665 0.5261574074074075 0.25546875 0.5261574074074075 0.25703125 0.5252314814814815 0.25833333333333336 0.5252314814814815 0.25859375 0.5247685185185185 0.2598958333333333 0.5247685185185185 0.26015625 0.5243055555555556 0.26145833333333335 0.5243055555555556 0.26276041666666666 0.5238425925925926 0.2640625 0.5229166666666667 0.26536458333333335 0.5229166666666667 0.26666666666666666 0.5219907407407407 0.2674479166666667 0.5219907407407407 0.26979166666666665 0.5206018518518518 0.27057291666666666 0.5206018518518518 0.271875 0.5196759259259259 0.27291666666666664 0.5196759259259259 0.27447916666666666 0.51875 0.27578125 0.51875 0.2760416666666667 0.518287037037037 0.278125 0.518287037037037 0.2794270833333333 0.517824074074074 0.2825520833333333 0.5159722222222223 0.2838541666666667 0.5159722222222223 0.28411458333333334 0.5155092592592593 0.28567708333333336 0.5155092592592593 0.2859375 0.5150462962962963 0.2875 0.5150462962962963 0.28880208333333335 0.5141203703703704 0.29010416666666666 0.5136574074074074 0.29140625 0.5136574074074074 0.2916666666666667 0.5131944444444444 0.2942708333333333 0.5122685185185185 0.2955729166666667 0.5122685185185185 0.29713541666666665 0.5113425925925926 0.2984375 0.5113425925925926 0.2986979166666667 0.5108796296296296 0.30078125 0.5108796296296296 0.30104166666666665 0.5104166666666666 0.303125 0.5104166666666666 0.30416666666666664 0.5108796296296296 0.3059895833333333 0.5122685185185185 0.307421875 0.5143518518518518 0.3087239583333333 0.5175925925925926 0.308984375 0.5194444444444445 0.31002604166666664 0.5222222222222223 0.311328125 0.525 0.312109375 0.5282407407407408 0.31471354166666665 0.5342592592592592 0.3157552083333333 0.5375 0.31809895833333335 0.5425925925925926 0.319140625 0.5458333333333333 0.3201822916666667 0.5481481481481482 0.320703125 0.55 0.321484375 0.5513888888888889 0.322265625 0.5541666666666667 0.32278645833333336 0.5550925925925926 0.32330729166666666 0.5574074074074075 0.3243489583333333 0.5601851851851852 0.324609375 0.5615740740740741 0.325390625 0.5634259259259259 0.32669270833333336 0.5657407407407408 0.326953125 0.5671296296296297 0.3287760416666667 0.5717592592592593 0.33059895833333336 0.575462962962963 0.3326822916666667 0.5814814814814815 0.33372395833333335 0.5833333333333334 0.33450520833333336 0.5856481481481481 0.335546875 0.5879629629629629 0.3358072916666667 0.5893518518518519 0.33736979166666664 0.5935185185185186 0.33815104166666665 0.5949074074074074 0.3391927083333333 0.5981481481481481 0.3399739583333333 0.5995370370370371 0.341015625 0.6037037037037037 0.3421875 0.6057870370370371 0.34427083333333336 0.6081018518518518 0.344921875 0.6101851851851852 0.34518229166666664 0.6125 0.34518229166666664 0.6217592592592592 0.344921875 0.6222222222222222 0.344921875 0.6268518518518519 0.34466145833333334 0.6273148148148148 0.34466145833333334 0.6305555555555555 0.3444010416666667 0.6310185185185185 0.3444010416666667 0.6342592592592593 0.3438802083333333 0.6370370370370371 0.3438802083333333 0.6393518518518518 0.3436197916666667 0.6398148148148148 0.3436197916666667 0.6421296296296296 0.343359375 0.6425925925925926 0.343359375 0.6449074074074074 0.3430989583333333 0.6453703703703704 0.3430989583333333 0.6476851851851851 0.34283854166666666 0.6481481481481481 0.34283854166666666 0.6504629629629629 0.34205729166666665 0.6555555555555556 0.34205729166666665 0.6583333333333333 0.341796875 0.6587962962962963 0.341796875 0.6615740740740741 0.34127604166666664 0.6643518518518519 0.34127604166666664 0.6666666666666666 0.341015625 0.6671296296296296 0.341015625 0.6703703703703704 0.3404947916666667 0.6731481481481482 0.3404947916666667 0.6754629629629629 0.340234375 0.6759259259259259 0.340234375 0.6782407407407407 0.3399739583333333 0.6787037037037037 0.3399739583333333 0.6810185185185185 0.3397135416666667 0.6814814814814815 0.3397135416666667 0.6837962962962963 0.33893229166666666 0.6888888888888889 0.33893229166666666 0.6912037037037037 0.338671875 0.6916666666666667 0.338671875 0.6939814814814815 0.33841145833333336 0.6944444444444444 0.33841145833333336 0.6967592592592593 0.33815104166666665 0.6972222222222222 0.33815104166666665 0.6995370370370371 0.337890625 0.7 0.337890625 0.7027777777777777 0.33763020833333335 0.7032407407407407 0.33763020833333335 0.7060185185185185 0.33736979166666664 0.7064814814814815 0.33736979166666664 0.7087962962962963 0.337109375 0.7092592592592593 0.337109375 0.7129629629629629 0.33684895833333334 0.7134259259259259 0.33684895833333334 0.7175925925925926 0.3365885416666667 0.7180555555555556 0.3365885416666667 0.7222222222222222 0.336328125 0.7226851851851852 0.336328125 0.7263888888888889 0.3360677083333333 0.7268518518518519 0.3360677083333333 0.7300925925925926 0.3358072916666667 0.7305555555555555 0.3358072916666667 0.7337962962962963 0.335546875 0.7342592592592593 0.335546875 0.736574074074074 0.3352864583333333 0.737037037037037 0.3352864583333333 0.7393518518518518 0.334765625 0.7421296296296296 0.33450520833333336 0.7453703703703703 0.333984375 0.7472222222222222 0.333984375 0.7490740740740741 0.333203125 0.7532407407407408 0.333203125 0.7546296296296297 0.332421875 0.7574074074074074 0.332421875 0.7583333333333333 0.3313802083333333 0.7620370370370371 0.3299479166666667 0.7645833333333333 0.32838541666666665 0.7659722222222223 0.3268229166666667 0.7664351851851852 0.3255208333333333 0.7673611111111112 0.3216145833333333 0.76875 0.3203125 0.76875 0.31875 0.7696759259259259 0.31744791666666666 0.7696759259259259 0.31588541666666664 0.7706018518518518 0.3145833333333333 0.7706018518518518 0.3143229166666667 0.7710648148148148 0.31302083333333336 0.7710648148148148 0.31276041666666665 0.7715277777777778 0.31145833333333334 0.7715277777777778 0.3098958333333333 0.7724537037037037 0.30859375 0.7724537037037037 0.3072916666666667 0.7729166666666667 0.3059895833333333 0.7738425925925926 0.3020833333333333 0.7752314814814815 0.30078125 0.7752314814814815 0.30052083333333335 0.7756944444444445 0.29921875 0.7756944444444445 0.29791666666666666 0.7766203703703703 0.296875 0.7766203703703703 0.2955729166666667 0.7775462962962963 0.2942708333333333 0.7780092592592592 0.29296875 0.7780092592592592 0.29270833333333335 0.7784722222222222 0.29140625 0.7784722222222222 0.2911458333333333 0.7789351851851852 0.28984375 0.7789351851851852 0.28828125 0.7798611111111111 0.2859375 0.7803240740740741 0.28463541666666664 0.78125 0.28359375 0.78125 0.28229166666666666 0.7821759259259259 0.27838541666666666 0.7835648148148148 0.27708333333333335 0.7835648148148148 0.2755208333333333 0.7844907407407408 0.27421875 0.7844907407407408 0.27265625 0.7854166666666667 0.2713541666666667 0.7854166666666667 0.27109375 0.7858796296296297 0.26614583333333336 0.7872685185185185 0.2638020833333333 0.7886574074074074 0.2625 0.7891203703703704 0.26119791666666664 0.7891203703703704 0.2609375 0.7895833333333333 0.2596354166666667 0.7895833333333333 0.25807291666666665 0.7905092592592593 0.25677083333333334 0.7905092592592593 0.25390625 0.7918981481481482 0.2526041666666667 0.7918981481481482 0.25234375 0.7923611111111111 0.25104166666666666 0.7923611111111111 0.24817708333333333 0.79375 0.24661458333333333 0.79375 0.24505208333333334 0.794675925925926 0.24375 0.794675925925926 0.24244791666666668 0.7951388888888888 0.24114583333333334 0.7960648148148148 0.23984375 0.7960648148148148 0.23958333333333334 0.7965277777777777 0.23828125 0.7965277777777777 0.23567708333333334 0.7974537037037037 0.23463541666666668 0.7983796296296296 0.23046875 0.7997685185185185 0.23020833333333332 0.8002314814814815 0.22890625 0.8002314814814815 0.22864583333333333 0.8006944444444445 0.22708333333333333 0.8006944444444445 0.22682291666666668 0.8011574074074074 0.22421875 0.8020833333333334 0.221875 0.8025462962962963 0.22161458333333334 0.8030092592592593 0.2203125 0.8030092592592593 0.22005208333333334 0.8034722222222223 0.21770833333333334 0.8039351851851851 0.21744791666666666 0.8043981481481481 0.21614583333333334 0.8043981481481481 0.21588541666666666 0.8048611111111111 0.21328125 0.805787037037037 0.21197916666666666 0.805787037037037 0.21171875 0.80625 0.21015625 0.80625 0.20989583333333334 0.8067129629629629 0.20859375 0.8067129629629629 0.20833333333333334 0.8071759259259259 0.20677083333333332 0.8071759259259259 0.20651041666666667 0.8076388888888889 0.20494791666666667 0.8076388888888889 0.2046875 0.8081018518518519 0.20338541666666668 0.8081018518518519 0.203125 0.8085648148148148 0.20130208333333333 0.8090277777777778 0.19973958333333333 0.8099537037037037 0.1984375 0.8099537037037037 0.19817708333333334 0.8104166666666667 0.19661458333333334 0.8104166666666667 0.19635416666666666 0.8108796296296297 0.19479166666666667 0.8108796296296297 0.19453125 0.8113425925925926 0.19322916666666667 0.8113425925925926 0.19296875 0.8118055555555556 0.19140625 0.8118055555555556 0.19114583333333332 0.8122685185185186 0.18984375 0.8122685185185186 0.18854166666666666 0.8127314814814814 0.18619791666666666 0.8141203703703703 0.17747395833333332 0.7759259259259259 0.17916666666666667 0.7756944444444445 0.17942708333333332 0.7752314814814815 0.18098958333333334 0.7752314814814815 0.18125 0.7747685185185185 0.18255208333333334 0.7747685185185185 0.1828125 0.7743055555555556 0.184375 0.7743055555555556 0.18515625 0.7738425925925926 0.18580729166666668 0.7726851851851851 0.18606770833333333 0.7708333333333334 0.18763020833333333 0.7657407407407407 0.18893229166666667 0.762962962962963 0.18919270833333332 0.7611111111111111 0.18971354166666668 0.7597222222222222 0.190234375 0.7560185185185185 0.191015625 0.7532407407407408 0.19127604166666667 0.7490740740740741 0.1921875 0.7469907407407408 0.18854166666666666 0.7469907407407408 0.1875 0.7479166666666667 0.18619791666666666 0.7483796296296297 0.18489583333333334 0.7483796296296297 0.18463541666666666 0.7488425925925926 0.18333333333333332 0.7488425925925926 0.18307291666666667 0.7493055555555556 0.18125 0.7493055555555556 0.18098958333333334 0.7497685185185186 0.17786458333333333 0.7497685185185186 0.17760416666666667 0.7502314814814814 0.17630208333333333 0.7502314814814814 0.17604166666666668 0.7506944444444444 0.17473958333333334 0.7506944444444444 0.17447916666666666 0.7511574074074074 0.17291666666666666 0.7511574074074074 0.17135416666666667 0.7520833333333333 0.17005208333333333 0.7520833333333333 0.16692708333333334 0.7539351851851852 0.16588541666666667 0.7553240740740741 0.163671875 0.7592592592592593 0.16393229166666667 0.7611111111111111 0.16510416666666666 0.7627314814814815 0.16666666666666666 0.7641203703703704 0.16744791666666667 0.7655092592592593 0.16953125 0.767824074074074 0.17044270833333333 0.7699074074074074 0.1734375 0.7752314814814815 0.17421875 0.7756944444444445 0.1765625 0.7756944444444445 0.17747395833333332 0.7759259259259259 
12 0.18567708333333333 0.8372685185185185 0.18098958333333334 0.8372685185185185 0.17890625 0.8358796296296296 0.178125 0.8358796296296296 0.17682291666666666 0.8344907407407407 0.17604166666666668 0.8331018518518518 0.17369791666666667 0.830324074074074 0.17252604166666666 0.8282407407407407 0.17018229166666668 0.8226851851851852 0.17018229166666668 0.8175925925925925 0.170703125 0.8157407407407408 0.17278645833333334 0.812037037037037 0.1734375 0.8104166666666667 0.17421875 0.8094907407407408 0.17630208333333333 0.8094907407407408 0.17708333333333334 0.8090277777777778 0.17877604166666666 0.8115740740740741 0.17877604166666666 0.812037037037037 0.18046875 0.8150462962962963 0.18125 0.8155092592592592 0.18619791666666666 0.8155092592592592 0.1875 0.8145833333333333 0.18880208333333334 0.8141203703703703 0.19010416666666666 0.8141203703703703 0.19036458333333334 0.8136574074074074 0.19166666666666668 0.8136574074074074 0.19192708333333333 0.8131944444444444 0.19322916666666667 0.8131944444444444 0.19479166666666667 0.8122685185185186 0.19609375 0.8122685185185186 0.19765625 0.8113425925925926 0.19895833333333332 0.8113425925925926 0.20182291666666666 0.8099537037037037 0.20286458333333332 0.8099537037037037 0.2046875 0.8085648148148148 0.20572916666666666 0.8085648148148148 0.20729166666666668 0.8076388888888889 0.20859375 0.8076388888888889 0.20885416666666667 0.8071759259259259 0.21015625 0.8071759259259259 0.21041666666666667 0.8067129629629629 0.21171875 0.8067129629629629 0.21510416666666668 0.805324074074074 0.21614583333333334 0.8043981481481481 0.21744791666666666 0.8039351851851851 0.21875 0.8039351851851851 0.21901041666666668 0.8034722222222223 0.22057291666666667 0.8034722222222223 0.22083333333333333 0.8030092592592593 0.22265625 0.8030092592592593 0.22291666666666668 0.8025462962962963 0.22421875 0.8025462962962963 0.22447916666666667 0.8020833333333334 0.22578125 0.8020833333333334 0.22708333333333333 0.8011574074074074 0.22838541666666667 0.8006944444444445 0.22994791666666667 0.8006944444444445 0.23020833333333332 0.8002314814814815 0.23151041666666666 0.8002314814814815 0.23177083333333334 0.7997685185185185 0.23359375 0.7993055555555556 0.23385416666666667 0.7988425925925926 0.23723958333333334 0.7974537037037037 0.23958333333333334 0.7969907407407407 0.23984375 0.7965277777777777 0.24296875 0.7956018518518518 0.24453125 0.794675925925926 0.24583333333333332 0.794675925925926 0.24609375 0.794212962962963 0.24739583333333334 0.794212962962963 0.24765625 0.79375 0.24895833333333334 0.79375 0.24921875 0.7932870370370371 0.25078125 0.7932870370370371 0.25104166666666666 0.7928240740740741 0.2557291666666667 0.7909722222222222 0.25703125 0.7909722222222222 0.25729166666666664 0.7905092592592593 0.2591145833333333 0.7905092592592593 0.259375 0.7900462962962963 0.26067708333333334 0.7900462962962963 0.26223958333333336 0.7891203703703704 0.26458333333333334 0.7886574074074074 0.26614583333333336 0.7877314814814815 0.2671875 0.7877314814814815 0.26848958333333334 0.7868055555555555 0.26979166666666665 0.7863425925925925 0.27109375 0.7863425925925925 0.27265625 0.7854166666666667 0.27395833333333336 0.7854166666666667 0.2755208333333333 0.7844907407407408 0.2765625 0.7844907407407408 0.2794270833333333 0.7831018518518519 0.28072916666666664 0.7831018518518519 0.28229166666666666 0.7821759259259259 0.2833333333333333 0.7821759259259259 0.28463541666666664 0.78125 0.2859375 0.780787037037037 0.2872395833333333 0.780787037037037 0.28880208333333335 0.7798611111111111 0.29010416666666666 0.7798611111111111 0.29140625 0.7793981481481481 0.29375 0.7780092592592592 0.2947916666666667 0.7780092592592592 0.29609375 0.7770833333333333 0.2984375 0.7766203703703703 0.3 0.7756944444444445 0.30234375 0.7752314814814815 0.3026041666666667 0.7747685185185185 0.30494791666666665 0.7743055555555556 0.3065104166666667 0.7733796296296296 0.3078125 0.7733796296296296 0.30807291666666664 0.7729166666666667 0.309375 0.7729166666666667 0.31354166666666666 0.7710648148148148 0.31484375 0.7710648148148148 0.31640625 0.7701388888888889 0.3177083333333333 0.7701388888888889 0.31796875 0.7696759259259259 0.31953125 0.7696759259259259 0.31979166666666664 0.7692129629629629 0.32109375 0.7692129629629629 0.32135416666666666 0.76875 0.32265625 0.76875 0.3229166666666667 0.768287037037037 0.32421875 0.768287037037037 0.3268229166666667 0.7673611111111112 0.3294270833333333 0.7655092592592593 0.33059895833333336 0.7638888888888888 0.3313802083333333 0.7620370370370371 0.3319010416666667 0.7597222222222222 0.3326822916666667 0.7574074074074074 0.33372395833333335 0.7518518518518519 0.33372395833333335 0.75 0.33450520833333336 0.7458333333333333 0.33450520833333336 0.7435185185185185 0.33502604166666666 0.7407407407407407 0.33502604166666666 0.737037037037037 0.3352864583333333 0.736574074074074 0.3352864583333333 0.7324074074074074 0.335546875 0.7319444444444444 0.335546875 0.7287037037037037 0.3358072916666667 0.7282407407407407 0.3358072916666667 0.7245370370370371 0.3360677083333333 0.7240740740740741 0.3360677083333333 0.7194444444444444 0.336328125 0.7189814814814814 0.336328125 0.7162037037037037 0.3365885416666667 0.7157407407407408 0.3365885416666667 0.7129629629629629 0.33684895833333334 0.7125 0.33684895833333334 0.7101851851851851 0.337109375 0.7097222222222223 0.337109375 0.7074074074074074 0.33736979166666664 0.7069444444444445 0.33736979166666664 0.7046296296296296 0.33763020833333335 0.7041666666666667 0.33763020833333335 0.7018518518518518 0.337890625 0.7013888888888888 0.337890625 0.6990740740740741 0.33815104166666665 0.6986111111111111 0.33815104166666665 0.6958333333333333 0.33841145833333336 0.6953703703703704 0.33841145833333336 0.6921296296296297 0.338671875 0.6916666666666667 0.338671875 0.6893518518518519 0.33893229166666666 0.6888888888888889 0.33893229166666666 0.6865740740740741 0.3391927083333333 0.6861111111111111 0.3391927083333333 0.6837962962962963 0.3397135416666667 0.6810185185185185 0.3397135416666667 0.6787037037037037 0.3404947916666667 0.6736111111111112 0.3404947916666667 0.6712962962962963 0.341015625 0.6685185185185185 0.341015625 0.6666666666666666 0.34153645833333335 0.6643518518518519 0.341796875 0.6620370370370371 0.341796875 0.6597222222222222 0.34205729166666665 0.6592592592592592 0.34205729166666665 0.6564814814814814 0.34231770833333336 0.6560185185185186 0.34231770833333336 0.6527777777777778 0.342578125 0.6523148148148148 0.342578125 0.649074074074074 0.3430989583333333 0.6462962962962963 0.343359375 0.6421296296296296 0.3436197916666667 0.6416666666666667 0.3436197916666667 0.6388888888888888 0.3438802083333333 0.638425925925926 0.3438802083333333 0.6361111111111111 0.344140625 0.6356481481481482 0.344140625 0.6328703703703704 0.3444010416666667 0.6324074074074074 0.3444010416666667 0.6291666666666667 0.34466145833333334 0.6287037037037037 0.34466145833333334 0.6259259259259259 0.344921875 0.625462962962963 0.344921875 0.6226851851851852 0.34518229166666664 0.6222222222222222 0.34518229166666664 0.6199074074074075 0.34544270833333335 0.6194444444444445 0.34544270833333335 0.6162037037037037 0.345703125 0.6157407407407407 0.345703125 0.6134259259259259 0.34544270833333335 0.6129629629629629 0.344921875 0.6097222222222223 0.344140625 0.6083333333333333 0.344140625 0.6069444444444444 0.34869791666666666 0.6030092592592593 0.35052083333333334 0.6030092592592593 0.35260416666666666 0.6043981481481482 0.35377604166666665 0.6069444444444444 0.35403645833333336 0.6083333333333333 0.35403645833333336 0.6106481481481482 0.354296875 0.6111111111111112 0.354296875 0.6134259259259259 0.355078125 0.6171296296296296 0.355078125 0.6180555555555556 0.3561197916666667 0.6217592592592592 0.35690104166666664 0.6236111111111111 0.358203125 0.6259259259259259 0.358984375 0.6282407407407408 0.3592447916666667 0.6305555555555555 0.359765625 0.6328703703703704 0.3600260416666667 0.6351851851851852 0.3600260416666667 0.6467592592592593 0.36028645833333334 0.6472222222222223 0.36028645833333334 0.6601851851851852 0.3600260416666667 0.6606481481481481 0.3600260416666667 0.6708333333333333 0.359765625 0.6712962962962963 0.359765625 0.6782407407407407 0.3595052083333333 0.6787037037037037 0.3595052083333333 0.6833333333333333 0.3592447916666667 0.6837962962962963 0.3592447916666667 0.687037037037037 0.358984375 0.6875 0.358984375 0.6902777777777778 0.3587239583333333 0.6907407407407408 0.3587239583333333 0.6972222222222222 0.35846354166666666 0.6976851851851852 0.35846354166666666 0.700462962962963 0.358203125 0.700925925925926 0.358203125 0.7041666666666667 0.35794270833333336 0.7046296296296296 0.35794270833333336 0.7083333333333334 0.35768229166666665 0.7087962962962963 0.35768229166666665 0.711574074074074 0.357421875 0.712037037037037 0.357421875 0.7148148148148148 0.35716145833333335 0.7152777777777778 0.35716145833333335 0.7185185185185186 0.35690104166666664 0.7189814814814814 0.35690104166666664 0.7236111111111111 0.356640625 0.7240740740740741 0.356640625 0.7277777777777777 0.35638020833333334 0.7282407407407407 0.35638020833333334 0.7333333333333333 0.3561197916666667 0.7337962962962963 0.3561197916666667 0.737037037037037 0.355859375 0.7375 0.355859375 0.7421296296296296 0.3555989583333333 0.7425925925925926 0.3555989583333333 0.7481481481481481 0.3553385416666667 0.7486111111111111 0.3553385416666667 0.7523148148148148 0.355078125 0.7527777777777778 0.355078125 0.7569444444444444 0.3548177083333333 0.7574074074074074 0.3548177083333333 0.7606481481481482 0.35455729166666666 0.7611111111111111 0.35455729166666666 0.7638888888888888 0.354296875 0.7643518518518518 0.354296875 0.7666666666666667 0.35403645833333336 0.7671296296296296 0.35403645833333336 0.7703703703703704 0.35377604166666665 0.7708333333333334 0.35377604166666665 0.7736111111111111 0.353515625 0.774074074074074 0.353515625 0.7763888888888889 0.35325520833333335 0.7768518518518519 0.35325520833333335 0.7796296296296297 0.3522135416666667 0.7833333333333333 0.35052083333333334 0.7863425925925925 0.34869791666666666 0.7881944444444444 0.34791666666666665 0.7895833333333333 0.34375 0.794212962962963 0.3421875 0.7956018518518518 0.3416666666666667 0.7956018518518518 0.33880208333333334 0.7974537037037037 0.33671875 0.7979166666666667 0.33359375 0.7997685185185185 0.33125 0.8002314814814815 0.3296875 0.8011574074074074 0.32838541666666665 0.8011574074074074 0.328125 0.8016203703703704 0.3268229166666667 0.8016203703703704 0.32395833333333335 0.8030092592592593 0.32265625 0.8030092592592593 0.32109375 0.8039351851851851 0.31979166666666664 0.8039351851851851 0.31953125 0.8043981481481481 0.3182291666666667 0.8043981481481481 0.31666666666666665 0.805324074074074 0.31536458333333334 0.805324074074074 0.3138020833333333 0.80625 0.3125 0.80625 0.3109375 0.8071759259259259 0.30963541666666666 0.8071759259259259 0.30807291666666664 0.8081018518518519 0.3067708333333333 0.8081018518518519 0.3065104166666667 0.8085648148148148 0.30520833333333336 0.8085648148148148 0.30494791666666665 0.8090277777777778 0.303125 0.8094907407407408 0.3028645833333333 0.8099537037037037 0.30104166666666665 0.8099537037037037 0.30078125 0.8104166666666667 0.29921875 0.8104166666666667 0.29583333333333334 0.8118055555555556 0.29453125 0.8127314814814814 0.290625 0.8141203703703703 0.28932291666666665 0.8141203703703703 0.28802083333333334 0.8150462962962963 0.28671875 0.8150462962962963 0.2864583333333333 0.8155092592592592 0.28515625 0.8155092592592592 0.28489583333333335 0.8159722222222222 0.28359375 0.8159722222222222 0.28229166666666666 0.8168981481481481 0.28098958333333335 0.8168981481481481 0.2794270833333333 0.8178240740740741 0.27708333333333335 0.8182870370370371 0.27578125 0.819212962962963 0.2734375 0.819675925925926 0.2721354166666667 0.8206018518518519 0.2708333333333333 0.8210648148148149 0.26953125 0.8210648148148149 0.26927083333333335 0.8215277777777777 0.26796875 0.8215277777777777 0.2677083333333333 0.8219907407407407 0.26588541666666665 0.8219907407407407 0.265625 0.8224537037037037 0.2643229166666667 0.8224537037037037 0.2640625 0.8229166666666666 0.2591145833333333 0.8229166666666666 0.25677083333333334 0.8206018518518519 0.25442708333333336 0.819212962962963 0.253125 0.81875 0.25078125 0.81875 0.25052083333333336 0.819212962962963 0.2484375 0.819212962962963 0.24817708333333333 0.819675925925926 0.246875 0.819675925925926 0.24661458333333333 0.8201388888888889 0.2453125 0.8201388888888889 0.24375 0.8210648148148149 0.24244791666666668 0.8210648148148149 0.2421875 0.8215277777777777 0.24088541666666666 0.8215277777777777 0.240625 0.8219907407407407 0.2390625 0.8219907407407407 0.23880208333333333 0.8224537037037037 0.23697916666666666 0.8224537037037037 0.23671875 0.8229166666666666 0.23515625 0.8229166666666666 0.23489583333333333 0.8233796296296296 0.23359375 0.8233796296296296 0.23333333333333334 0.8238425925925926 0.23203125 0.8238425925925926 0.23177083333333334 0.8243055555555555 0.23020833333333332 0.8243055555555555 0.22994791666666667 0.8247685185185185 0.22864583333333333 0.8247685185185185 0.22838541666666667 0.8252314814814815 0.22708333333333333 0.8252314814814815 0.22682291666666668 0.8256944444444444 0.22552083333333334 0.8256944444444444 0.22395833333333334 0.8266203703703704 0.22239583333333332 0.8266203703703704 0.22109375 0.8270833333333333 0.21979166666666666 0.8280092592592593 0.21848958333333332 0.8284722222222223 0.2171875 0.8284722222222223 0.21692708333333333 0.8289351851851852 0.21510416666666668 0.8289351851851852 0.21484375 0.8293981481481482 0.21328125 0.8293981481481482 0.21302083333333333 0.8298611111111112 0.21067708333333332 0.830324074074074 0.21041666666666667 0.830787037037037 0.20885416666666667 0.830787037037037 0.20859375 0.83125 0.20703125 0.83125 0.20677083333333332 0.8317129629629629 0.20546875 0.8317129629629629 0.20416666666666666 0.8321759259259259 0.20286458333333332 0.8331018518518518 0.2015625 0.8335648148148148 0.20026041666666666 0.8335648148148148 0.2 0.8340277777777778 0.19869791666666667 0.8340277777777778 0.1984375 0.8344907407407407 0.196875 0.8344907407407407 0.19661458333333334 0.8349537037037037 0.19479166666666667 0.8349537037037037 0.19453125 0.8354166666666667 0.19270833333333334 0.8354166666666667 0.19244791666666666 0.8358796296296296 0.18984375 0.8358796296296296 0.18958333333333333 0.8363425925925926 0.18776041666666668 0.8363425925925926 0.1875 0.8368055555555556 0.1859375 0.8368055555555556 0.18567708333333333 0.8372685185185185 
3 0.035546875 0.999537037037037 0.035416666666666666 0.9988425925925926 0.03177083333333333 0.9988425925925926 0.031510416666666666 0.9983796296296297 0.02734375 0.9983796296296297 0.027083333333333334 0.9979166666666667 0.025260416666666667 0.9979166666666667 0.024479166666666666 0.9974537037037037 0.023828125 0.9962962962962963 0.023828125 0.9907407407407407 0.024088541666666668 0.9893518518518518 0.025390625 0.9851851851851852 0.026432291666666666 0.9810185185185185 0.027213541666666667 0.9791666666666666 0.027213541666666667 0.9782407407407407 0.027994791666666668 0.975925925925926 0.028255208333333334 0.9731481481481481 0.028776041666666665 0.9717592592592592 0.029296875 0.9685185185185186 0.031119791666666667 0.9625 0.033203125 0.9574074074074074 0.034505208333333336 0.9527777777777777 0.034765625 0.9513888888888888 0.03606770833333333 0.9481481481481482 0.03763020833333333 0.9453703703703704 0.038411458333333336 0.9425925925925925 0.03893229166666667 0.9416666666666667 0.039453125 0.9393518518518519 0.039713541666666664 0.9361111111111111 0.040234375 0.9333333333333333 0.041015625 0.9310185185185185 0.041276041666666666 0.9282407407407407 0.043619791666666664 0.9203703703703704 0.04440104166666667 0.9162037037037037 0.044921875 0.9152777777777777 0.04544270833333333 0.912962962962963 0.047526041666666664 0.9078703703703703 0.04986979166666667 0.9009259259259259 0.04986979166666667 0.9 0.05091145833333333 0.8967592592592593 0.051432291666666664 0.8944444444444445 0.051953125 0.8935185185185185 0.052473958333333334 0.8912037037037037 0.052994791666666666 0.8902777777777777 0.05377604166666667 0.8875 0.054036458333333336 0.8856481481481482 0.055338541666666664 0.8824074074074074 0.05651041666666667 0.8807870370370371 0.059375 0.8756944444444444 0.06015625 0.8747685185185186 0.06354166666666666 0.8724537037037037 0.06432291666666666 0.8715277777777778 0.06770833333333333 0.8696759259259259 0.06875 0.8696759259259259 0.07005208333333333 0.86875 0.07135416666666666 0.868287037037037 0.07265625 0.868287037037037 0.07291666666666667 0.867824074074074 0.07526041666666666 0.867824074074074 0.07552083333333333 0.8673611111111111 0.07734375 0.8673611111111111 0.07760416666666667 0.8668981481481481 0.07916666666666666 0.8668981481481481 0.07942708333333333 0.8664351851851851 0.08177083333333333 0.8664351851851851 0.08203125 0.8659722222222223 0.08411458333333334 0.8659722222222223 0.084375 0.8655092592592593 0.08567708333333333 0.8655092592592593 0.0859375 0.8650462962962963 0.08723958333333333 0.8650462962962963 0.0875 0.8645833333333334 0.08932291666666667 0.8645833333333334 0.08958333333333333 0.8641203703703704 0.09140625 0.8641203703703704 0.09166666666666666 0.8636574074074074 0.09401041666666667 0.8631944444444445 0.09427083333333333 0.8627314814814815 0.09557291666666666 0.8627314814814815 0.09583333333333334 0.8622685185185185 0.09713541666666667 0.8622685185185185 0.09739583333333333 0.8618055555555556 0.09895833333333333 0.8618055555555556 0.09921875 0.8613425925925926 0.10104166666666667 0.8613425925925926 0.10130208333333333 0.8608796296296296 0.10286458333333333 0.8608796296296296 0.103125 0.8604166666666667 0.10442708333333334 0.8604166666666667 0.10598958333333333 0.8594907407407407 0.10729166666666666 0.8594907407407407 0.10755208333333334 0.8590277777777777 0.10911458333333333 0.8590277777777777 0.109375 0.8585648148148148 0.1109375 0.8585648148148148 0.11119791666666666 0.8581018518518518 0.11302083333333333 0.8581018518518518 0.11328125 0.8576388888888888 0.11458333333333333 0.8576388888888888 0.11875 0.8557870370370371 0.12057291666666667 0.8557870370370371 0.12083333333333333 0.8553240740740741 0.12265625 0.8553240740740741 0.12421875 0.8543981481481482 0.12552083333333333 0.8543981481481482 0.12578125 0.8539351851851852 0.12760416666666666 0.8539351851851852 0.12786458333333334 0.8534722222222222 0.12994791666666666 0.8534722222222222 0.13020833333333334 0.8530092592592593 0.13151041666666666 0.8530092592592593 0.134375 0.8516203703703704 0.13567708333333334 0.8516203703703704 0.1359375 0.8511574074074074 0.13723958333333333 0.8511574074074074 0.1375 0.8506944444444444 0.13880208333333333 0.8506944444444444 0.14010416666666667 0.8497685185185185 0.14140625 0.8493055555555555 0.14296875 0.8493055555555555 0.14322916666666666 0.8488425925925925 0.14453125 0.8488425925925925 0.14479166666666668 0.8483796296296297 0.14609375 0.8483796296296297 0.14635416666666667 0.8479166666666667 0.14765625 0.8479166666666667 0.14791666666666667 0.8474537037037037 0.14947916666666666 0.8474537037037037 0.14973958333333334 0.8469907407407408 0.1515625 0.8469907407407408 0.15182291666666667 0.8465277777777778 0.15390625 0.8465277777777778 0.15416666666666667 0.8460648148148148 0.15572916666666667 0.8460648148148148 0.15598958333333332 0.8456018518518519 0.15755208333333334 0.8456018518518519 0.1578125 0.8451388888888889 0.159375 0.8451388888888889 0.15963541666666667 0.8446759259259259 0.1609375 0.8446759259259259 0.16119791666666666 0.844212962962963 0.1625 0.844212962962963 0.16276041666666666 0.84375 0.1640625 0.84375 0.165625 0.8428240740740741 0.16692708333333334 0.8428240740740741 0.1671875 0.8423611111111111 0.16901041666666666 0.8423611111111111 0.16927083333333334 0.8418981481481481 0.17135416666666667 0.8418981481481481 0.17161458333333332 0.8414351851851852 0.1734375 0.8414351851851852 0.17369791666666667 0.8409722222222222 0.17552083333333332 0.8409722222222222 0.17578125 0.8405092592592592 0.17734375 0.8405092592592592 0.17760416666666667 0.8400462962962963 0.18229166666666666 0.8400462962962963 0.18255208333333334 0.8395833333333333 0.18515625 0.8395833333333333 0.18541666666666667 0.8391203703703703 0.18723958333333332 0.8391203703703703 0.1875 0.8386574074074075 0.18932291666666667 0.8386574074074075 0.18958333333333333 0.8381944444444445 0.19140625 0.8381944444444445 0.19166666666666668 0.8377314814814815 0.19322916666666667 0.8377314814814815 0.19453125 0.8368055555555556 0.19661458333333334 0.8358796296296296 0.19791666666666666 0.8358796296296296 0.19817708333333334 0.8354166666666667 0.20026041666666666 0.8354166666666667 0.20052083333333334 0.8349537037037037 0.20182291666666666 0.8349537037037037 0.20338541666666668 0.8340277777777778 0.2046875 0.8340277777777778 0.20494791666666667 0.8335648148148148 0.20625 0.8335648148148148 0.20651041666666667 0.8331018518518518 0.2078125 0.8331018518518518 0.20807291666666666 0.8326388888888889 0.20989583333333334 0.8326388888888889 0.21015625 0.8321759259259259 0.21223958333333334 0.8321759259259259 0.2125 0.8317129629629629 0.21432291666666667 0.8317129629629629 0.21458333333333332 0.83125 0.21588541666666666 0.83125 0.21614583333333334 0.830787037037037 0.21796875 0.830787037037037 0.21822916666666667 0.830324074074074 0.21979166666666666 0.830324074074074 0.22005208333333334 0.8298611111111112 0.221875 0.8298611111111112 0.22213541666666667 0.8293981481481482 0.22395833333333334 0.8293981481481482 0.22421875 0.8289351851851852 0.22838541666666667 0.8270833333333333 0.22994791666666667 0.8270833333333333 0.23020833333333332 0.8266203703703704 0.23177083333333334 0.8266203703703704 0.23203125 0.8261574074074074 0.23333333333333334 0.8261574074074074 0.23359375 0.8256944444444444 0.23489583333333333 0.8256944444444444 0.23515625 0.8252314814814815 0.23671875 0.8252314814814815 0.23697916666666666 0.8247685185185185 0.23932291666666666 0.8247685185185185 0.240625 0.8243055555555555 0.24166666666666667 0.8233796296296296 0.24244791666666668 0.8233796296296296 0.24348958333333334 0.8224537037037037 0.24479166666666666 0.8219907407407407 0.24635416666666668 0.8219907407407407 0.24661458333333333 0.8215277777777777 0.24895833333333334 0.8215277777777777 0.24921875 0.8210648148148149 0.2520833333333333 0.8210648148148149 0.25416666666666665 0.8229166666666666 0.256640625 0.8273148148148148 0.257421875 0.8300925925925926 0.2576822916666667 0.8324074074074074 0.2576822916666667 0.8347222222222223 0.2579427083333333 0.8351851851851851 0.2579427083333333 0.8375 0.2584635416666667 0.8402777777777778 0.258984375 0.8416666666666667 0.26015625 0.84375 0.2609375 0.8446759259259259 0.26276041666666666 0.8460648148148148 0.2640625 0.8474537037037037 0.26536458333333335 0.8483796296296297 0.2674479166666667 0.8493055555555555 0.26901041666666664 0.8506944444444444 0.2708333333333333 0.8511574074074074 0.2716145833333333 0.8520833333333333 0.2752604166666667 0.8539351851851852 0.27760416666666665 0.85625 0.27838541666666666 0.856712962962963 0.28020833333333334 0.8599537037037037 0.28125 0.8613425925925926 0.28359375 0.8631944444444445 0.28489583333333335 0.8650462962962963 0.28880208333333335 0.8719907407407408 0.28984375 0.8733796296296297 0.2911458333333333 0.8743055555555556 0.29375 0.8770833333333333 0.2950520833333333 0.8789351851851852 0.296875 0.882175925925926 0.2986979166666667 0.8840277777777777 0.30052083333333335 0.8872685185185185 0.3015625 0.8886574074074074 0.3046875 0.8914351851851852 0.30703125 0.8942129629629629 0.30833333333333335 0.8942129629629629 0.30859375 0.8946759259259259 0.31015625 0.8946759259259259 0.3104166666666667 0.8951388888888889 0.31302083333333336 0.8960648148148148 0.31484375 0.8974537037037037 0.315625 0.8974537037037037 0.3171875 0.8983796296296296 0.31809895833333335 0.9 0.31861979166666665 0.9018518518518519 0.31861979166666665 0.9037037037037037 0.31940104166666666 0.9050925925925926 0.31940104166666666 0.9069444444444444 0.31861979166666665 0.9083333333333333 0.31861979166666665 0.9111111111111111 0.318359375 0.9115740740740741 0.318359375 0.9143518518518519 0.31809895833333335 0.9148148148148149 0.31809895833333335 0.9175925925925926 0.31783854166666664 0.9180555555555555 0.31783854166666664 0.9208333333333333 0.317578125 0.9212962962962963 0.317578125 0.9254629629629629 0.31731770833333334 0.9277777777777778 0.316796875 0.9296296296296296 0.316796875 0.9310185185185185 0.3162760416666667 0.9328703703703703 0.316015625 0.9351851851851852 0.316015625 0.9425925925925925 0.3157552083333333 0.9449074074074074 0.315234375 0.9472222222222222 0.315234375 0.9486111111111111 0.31471354166666665 0.950462962962963 0.31471354166666665 0.9523148148148148 0.31419270833333335 0.9550925925925926 0.31419270833333335 0.9592592592592593 0.313671875 0.962037037037037 0.313671875 0.9638888888888889 0.312890625 0.9680555555555556 0.312890625 0.9722222222222222 0.3131510416666667 0.9726851851851852 0.3131510416666667 0.975462962962963 0.312890625 0.9773148148148149 0.312109375 0.9800925925925926 0.31158854166666666 0.9837962962962963 0.31080729166666665 0.9861111111111112 0.31028645833333335 0.9898148148148148 0.31028645833333335 0.9930555555555556 0.31002604166666664 0.9953703703703703 0.30833333333333335 0.9974537037037037 0.3072916666666667 0.9979166666666667 0.3033854166666667 0.9979166666666667 0.303125 0.9974537037037037 0.29791666666666666 0.9974537037037037 0.29765625 0.9979166666666667 0.28020833333333334 0.9979166666666667 0.2799479166666667 0.9983796296296297 0.2752604166666667 0.9983796296296297 0.275 0.9979166666666667 0.24140625 0.9979166666666667 0.24114583333333334 0.9974537037037037 0.23489583333333333 0.9974537037037037 0.23463541666666668 0.9969907407407408 0.23072916666666668 0.9969907407407408 0.23046875 0.9974537037037037 0.2265625 0.9974537037037037 0.22630208333333332 0.9979166666666667 0.20911458333333333 0.9979166666666667 0.20885416666666667 0.9983796296296297 0.20390625 0.9983796296296297 0.20364583333333333 0.9979166666666667 0.20208333333333334 0.9979166666666667 0.20182291666666666 0.9974537037037037 0.19192708333333333 0.9974537037037037 0.19166666666666668 0.9979166666666667 0.1875 0.9979166666666667 0.18723958333333332 0.9974537037037037 0.18046875 0.9974537037037037 0.18020833333333333 0.9979166666666667 0.16614583333333333 0.9979166666666667 0.16588541666666667 0.9983796296296297 0.16197916666666667 0.9983796296296297 0.16171875 0.9988425925925926 0.15755208333333334 0.9988425925925926 0.15729166666666666 0.9983796296296297 0.15546875 0.9983796296296297 0.15520833333333334 0.9979166666666667 0.15208333333333332 0.9979166666666667 0.15182291666666667 0.9983796296296297 0.14791666666666667 0.9983796296296297 0.14765625 0.9988425925925926 0.14140625 0.9988425925925926 0.14114583333333333 0.9983796296296297 0.13932291666666666 0.9983796296296297 0.1390625 0.9979166666666667 0.13619791666666667 0.9979166666666667 0.1359375 0.9983796296296297 0.13307291666666668 0.9983796296296297 0.1328125 0.9979166666666667 0.12942708333333333 0.9979166666666667 0.12916666666666668 0.9983796296296297 0.12369791666666667 0.9983796296296297 0.1234375 0.9979166666666667 0.11927083333333334 0.9979166666666667 0.11901041666666666 0.9983796296296297 0.11640625 0.9983796296296297 0.11614583333333334 0.9988425925925926 0.1125 0.9988425925925926 0.11223958333333334 0.9983796296296297 0.10546875 0.9983796296296297 0.10520833333333333 0.9988425925925926 0.09661458333333334 0.9988425925925926 0.096484375 0.999537037037037 0.094921875 0.999537037037037 0.09479166666666666 0.9988425925925926 0.09296875 0.9988425925925926 0.09270833333333334 0.9983796296296297 0.08854166666666667 0.9983796296296297 0.08723958333333333 0.9988425925925926 0.08697916666666666 0.9983796296296297 0.06536458333333334 0.9983796296296297 0.06510416666666667 0.9979166666666667 0.06041666666666667 0.9979166666666667 0.06015625 0.9983796296296297 0.05286458333333333 0.9983796296296297 0.05260416666666667 0.9988425925925926 0.046875 0.9988425925925926 0.046614583333333334 0.9983796296296297 0.04010416666666667 0.9983796296296297 0.03984375 0.9988425925925926 0.03828125 0.9988425925925926 0.03815104166666667 0.999537037037037 
12 0.30950520833333334 0.999537037037037 0.308984375 0.9972222222222222 0.308984375 0.9949074074074075 0.3092447916666667 0.9944444444444445 0.31002604166666664 0.986574074074074 0.31028645833333335 0.9861111111111112 0.31080729166666665 0.9814814814814815 0.31080729166666665 0.9787037037037037 0.31106770833333336 0.9782407407407407 0.31106770833333336 0.975462962962963 0.311328125 0.975 0.311328125 0.9726851851851852 0.3118489583333333 0.9699074074074074 0.3118489583333333 0.9675925925925926 0.3123697916666667 0.9648148148148148 0.3123697916666667 0.9625 0.3126302083333333 0.962037037037037 0.312890625 0.9578703703703704 0.31341145833333334 0.9550925925925926 0.313671875 0.950925925925926 0.31419270833333335 0.9486111111111111 0.314453125 0.9462962962962963 0.314453125 0.9435185185185185 0.31471354166666665 0.9430555555555555 0.31471354166666665 0.9402777777777778 0.31549479166666666 0.9351851851851852 0.31549479166666666 0.9328703703703703 0.3157552083333333 0.9324074074074075 0.3157552083333333 0.9300925925925926 0.316015625 0.9296296296296296 0.316015625 0.9268518518518518 0.3162760416666667 0.9263888888888889 0.316796875 0.9208333333333333 0.3170572916666667 0.9203703703703704 0.3170572916666667 0.9180555555555555 0.31731770833333334 0.9175925925925926 0.31731770833333334 0.9148148148148149 0.317578125 0.9143518518518519 0.317578125 0.9097222222222222 0.31783854166666664 0.9092592592592592 0.31783854166666664 0.9050925925925926 0.317578125 0.9027777777777778 0.3170572916666667 0.9004629629629629 0.315625 0.8979166666666667 0.3138020833333333 0.8965277777777778 0.3125 0.8965277777777778 0.31223958333333335 0.8960648148148148 0.3109375 0.8960648148148148 0.3106770833333333 0.8956018518518518 0.30885416666666665 0.8956018518518518 0.30859375 0.8951388888888889 0.30703125 0.8946759259259259 0.30611979166666664 0.8930555555555556 0.30703125 0.8909722222222223 0.3106770833333333 0.8881944444444444 0.31197916666666664 0.8877314814814815 0.31354166666666666 0.8877314814814815 0.3138020833333333 0.8872685185185185 0.3151041666666667 0.8872685185185185 0.31640625 0.8868055555555555 0.3177083333333333 0.8858796296296296 0.3229166666666667 0.8858796296296296 0.32369791666666664 0.8868055555555555 0.32578125 0.8881944444444444 0.328515625 0.8930555555555556 0.32903645833333334 0.8953703703703704 0.32955729166666664 0.8962962962962963 0.330078125 0.8986111111111111 0.331640625 0.9032407407407408 0.333203125 0.9064814814814814 0.3352864583333333 0.9138888888888889 0.3358072916666667 0.9148148148148149 0.3365885416666667 0.9185185185185185 0.337109375 0.9199074074074074 0.337109375 0.9212962962962963 0.337890625 0.925 0.337890625 0.9273148148148148 0.33815104166666665 0.9277777777777778 0.33815104166666665 0.9333333333333333 0.33841145833333336 0.9337962962962963 0.33841145833333336 0.9439814814814815 0.33815104166666665 0.9444444444444444 0.33815104166666665 0.95 0.337890625 0.950462962962963 0.337890625 0.9550925925925926 0.33763020833333335 0.9555555555555556 0.33763020833333335 0.9601851851851851 0.33736979166666664 0.9606481481481481 0.33736979166666664 0.9666666666666667 0.337109375 0.9671296296296297 0.337109375 0.9703703703703703 0.33684895833333334 0.9708333333333333 0.33684895833333334 0.9745370370370371 0.3365885416666667 0.975 0.3365885416666667 0.9777777777777777 0.336328125 0.9782407407407407 0.336328125 0.9810185185185185 0.3360677083333333 0.9814814814814815 0.3360677083333333 0.9842592592592593 0.3358072916666667 0.9847222222222223 0.3358072916666667 0.987037037037037 0.335546875 0.9875 0.335546875 0.9902777777777778 0.3352864583333333 0.9907407407407407 0.3352864583333333 0.9935185185185185 0.33502604166666666 0.9958333333333333 0.33450520833333336 0.9976851851851852 0.33346354166666664 0.999537037037037 
13 0.0 0.5377314814814815 0.0015625 0.5377314814814815 0.0033854166666666668 0.5400462962962963 0.0046875 0.5409722222222222 0.005208333333333333 0.5418981481481482 0.0067708333333333336 0.5432870370370371 0.008072916666666667 0.5451388888888888 0.009895833333333333 0.5483796296296296 0.01015625 0.5483796296296296 0.01171875 0.5511574074074074 0.011979166666666667 0.5511574074074074 0.01328125 0.5534722222222223 0.013541666666666667 0.5534722222222223 0.015625 0.5567129629629629 0.016927083333333332 0.5576388888888889 0.01796875 0.5590277777777778 0.019791666666666666 0.5622685185185186 0.021354166666666667 0.5636574074074074 0.023177083333333334 0.5668981481481481 0.0234375 0.5668981481481481 0.025 0.569212962962963 0.026302083333333334 0.5701388888888889 0.026822916666666665 0.5710648148148149 0.029166666666666667 0.5733796296296296 0.031510416666666666 0.5775462962962963 0.032552083333333336 0.5784722222222223 0.03333333333333333 0.5798611111111112 0.034375 0.580787037037037 0.03567708333333333 0.5826388888888889 0.03802083333333333 0.5844907407407407 0.039322916666666666 0.5858796296296296 0.04049479166666667 0.5879629629629629 0.041276041666666666 0.5907407407407408 0.04244791666666667 0.5928240740740741 0.04401041666666667 0.594212962962963 0.04505208333333333 0.5956018518518519 0.046875 0.5988425925925925 0.04895833333333333 0.6006944444444444 0.05026041666666667 0.6011574074074074 0.054947916666666666 0.6011574074074074 0.05520833333333333 0.6006944444444444 0.058333333333333334 0.6006944444444444 0.05859375 0.6002314814814815 0.06041666666666667 0.6002314814814815 0.06067708333333333 0.5997685185185185 0.062239583333333334 0.5997685185185185 0.0625 0.5993055555555555 0.06536458333333334 0.5993055555555555 0.06848958333333334 0.6011574074074074 0.0703125 0.6043981481481482 0.07057291666666667 0.6043981481481482 0.07356770833333333 0.6097222222222223 0.07356770833333333 0.6101851851851852 0.07473958333333333 0.6122685185185185 0.075 0.6122685185185185 0.08059895833333333 0.6222222222222222 0.080859375 0.624537037037037 0.08138020833333333 0.6259259259259259 0.081640625 0.6277777777777778 0.08138020833333333 0.6296296296296297 0.08059895833333333 0.6314814814814815 0.080078125 0.6337962962962963 0.079296875 0.6356481481481482 0.077734375 0.638425925925926 0.07669270833333333 0.6425925925925926 0.07591145833333333 0.6439814814814815 0.075390625 0.6458333333333334 0.074609375 0.6472222222222223 0.07434895833333334 0.6486111111111111 0.07330729166666666 0.6513888888888889 0.071484375 0.6550925925925926 0.07044270833333334 0.6578703703703703 0.06940104166666666 0.6615740740740741 0.06783854166666667 0.6657407407407407 0.066796875 0.6699074074074074 0.06575520833333333 0.6722222222222223 0.06549479166666666 0.6736111111111112 0.06419270833333333 0.6777777777777778 0.06315104166666667 0.6796296296296296 0.06158854166666667 0.6851851851851852 0.060807291666666666 0.6875 0.05950520833333333 0.6902777777777778 0.058984375 0.6925925925925925 0.05768229166666667 0.6958333333333333 0.056380208333333334 0.7 0.055078125 0.7037037037037037 0.05481770833333333 0.7050925925925926 0.05377604166666667 0.7074074074074074 0.053515625 0.7087962962962963 0.051432291666666664 0.7134259259259259 0.050130208333333336 0.7166666666666667 0.04986979166666667 0.7180555555555556 0.048828125 0.7208333333333333 0.047265625 0.7240740740740741 0.04674479166666667 0.725925925925926 0.045703125 0.7282407407407407 0.04544270833333333 0.7296296296296296 0.043359375 0.7351851851851852 0.042578125 0.736574074074074 0.04205729166666667 0.7384259259259259 0.03919270833333333 0.7449074074074075 0.038671875 0.7472222222222222 0.03815104166666667 0.7481481481481481 0.037109375 0.7523148148148148 0.035546875 0.7564814814814815 0.03424479166666667 0.7606481481481482 0.03424479166666667 0.7615740740740741 0.033463541666666666 0.7638888888888888 0.03268229166666667 0.7671296296296296 0.031640625 0.7694444444444445 0.03138020833333333 0.7708333333333334 0.030338541666666666 0.7736111111111111 0.029817708333333335 0.7763888888888889 0.027994791666666668 0.7810185185185186 0.025911458333333335 0.7870370370370371 0.023828125 0.7925925925925926 0.023307291666666667 0.7949074074074074 0.022786458333333332 0.7958333333333333 0.022265625 0.7981481481481482 0.020963541666666665 0.8013888888888889 0.020182291666666668 0.8046296296296296 0.019661458333333333 0.8055555555555556 0.019140625 0.8078703703703703 0.018359375 0.8101851851851852 0.017317708333333334 0.8125 0.016276041666666668 0.8162037037037037 0.015234375 0.8185185185185185 0.014192708333333333 0.8226851851851852 0.013671875 0.8236111111111111 0.012369791666666666 0.8277777777777777 0.011848958333333333 0.8287037037037037 0.010286458333333333 0.8347222222222223 0.008203125 0.8407407407407408 0.007421875 0.8444444444444444 0.0069010416666666664 0.8453703703703703 0.005598958333333333 0.850462962962963 0.005078125 0.8513888888888889 0.004557291666666667 0.8537037037037037 0.002994791666666667 0.8587962962962963 0.002994791666666667 0.8597222222222223 0.0013020833333333333 0.8641203703703704 0.0 0.8641203703703704 
11 0.38515625 0.5974537037037037 0.3841145833333333 0.5969907407407408 0.38333333333333336 0.5960648148148148 0.38190104166666666 0.5935185185185186 0.38138020833333336 0.5912037037037037 0.38059895833333335 0.5898148148148148 0.379296875 0.5861111111111111 0.379296875 0.5851851851851851 0.3782552083333333 0.5814814814814815 0.37747395833333336 0.5800925925925926 0.376953125 0.5782407407407407 0.376171875 0.5768518518518518 0.3756510416666667 0.5745370370370371 0.3748697916666667 0.5722222222222222 0.3717447916666667 0.5666666666666667 0.3717447916666667 0.5662037037037037 0.36888020833333335 0.5597222222222222 0.3673177083333333 0.5537037037037037 0.36549479166666665 0.549074074074074 0.3639322916666667 0.5462962962962963 0.362890625 0.5435185185185185 0.362109375 0.5407407407407407 0.36080729166666664 0.538425925925926 0.3595052083333333 0.5342592592592592 0.358984375 0.5310185185185186 0.35768229166666665 0.5268518518518519 0.356640625 0.525 0.3555989583333333 0.5217592592592593 0.35325520833333335 0.5175925925925926 0.3522135416666667 0.5143518518518518 0.351953125 0.512962962962963 0.350390625 0.5092592592592593 0.34986979166666665 0.5074074074074074 0.346875 0.5020833333333333 0.3453125 0.5006944444444444 0.34479166666666666 0.5006944444444444 0.34348958333333335 0.49930555555555556 0.34296875 0.49930555555555556 0.34140625 0.4979166666666667 0.340234375 0.49583333333333335 0.3397135416666667 0.4935185185185185 0.3391927083333333 0.4925925925925926 0.33841145833333336 0.48935185185185187 0.33841145833333336 0.48564814814814816 0.338671875 0.48518518518518516 0.338671875 0.4810185185185185 0.339453125 0.4759259259259259 0.339453125 0.47314814814814815 0.3397135416666667 0.4726851851851852 0.3397135416666667 0.46944444444444444 0.3399739583333333 0.4689814814814815 0.340234375 0.4648148148148148 0.3404947916666667 0.46435185185185185 0.341015625 0.45925925925925926 0.341796875 0.45694444444444443 0.342578125 0.45185185185185184 0.342578125 0.449537037037037 0.343359375 0.4444444444444444 0.343359375 0.44212962962962965 0.3436197916666667 0.4398148148148148 0.3444010416666667 0.4356481481481482 0.34466145833333334 0.43333333333333335 0.34518229166666664 0.43148148148148147 0.3463541666666667 0.42939814814814814 0.34713541666666664 0.4284722222222222 0.35 0.42615740740740743 0.3522135416666667 0.4222222222222222 0.352734375 0.4203703703703704 0.35390625 0.418287037037037 0.35520833333333335 0.418287037037037 0.3567708333333333 0.4173611111111111 0.3580729166666667 0.41782407407407407 0.359375 0.41921296296296295 0.35989583333333336 0.41921296296296295 0.3614583333333333 0.42060185185185184 0.36328125 0.42060185185185184 0.36354166666666665 0.4201388888888889 0.36484375 0.4201388888888889 0.36692708333333335 0.4219907407407407 0.36875 0.42430555555555555 0.37005208333333334 0.42430555555555555 0.37161458333333336 0.42291666666666666 0.37421875 0.418287037037037 0.3765625 0.4164351851851852 0.378125 0.41550925925925924 0.37890625 0.41458333333333336 0.380078125 0.4125 0.38111979166666665 0.4078703703703704 0.38190104166666666 0.4050925925925926 0.38307291666666665 0.40347222222222223 0.3848958333333333 0.4025462962962963 0.3880208333333333 0.4025462962962963 0.3893229166666667 0.40208333333333335 0.39036458333333335 0.4011574074074074 0.39453125 0.3997685185185185 0.39479166666666665 0.3993055555555556 0.3963541666666667 0.3993055555555556 0.3966145833333333 0.3988425925925926 0.4002604166666667 0.3988425925925926 0.40130208333333334 0.3997685185185185 0.401953125 0.4013888888888889 0.4024739583333333 0.4041666666666667 0.40325520833333334 0.40694444444444444 0.4046875 0.40902777777777777 0.40598958333333335 0.4099537037037037 0.40729166666666666 0.41226851851851853 0.4088541666666667 0.4136574074074074 0.40989583333333335 0.41412037037037036 0.41458333333333336 0.41412037037037036 0.41484375 0.4136574074074074 0.41822916666666665 0.41226851851851853 0.41901041666666666 0.4113425925925926 0.4220052083333333 0.4060185185185185 0.422265625 0.40324074074074073 0.4220052083333333 0.4027777777777778 0.4220052083333333 0.40046296296296297 0.4217447916666667 0.39814814814814814 0.4220052083333333 0.3976851851851852 0.4225260416666667 0.3939814814814815 0.42421875 0.3909722222222222 0.42630208333333336 0.38958333333333334 0.4276041666666667 0.38958333333333334 0.4278645833333333 0.3891203703703704 0.4296875 0.3886574074074074 0.43046875 0.38773148148148145 0.4322916666666667 0.38680555555555557 0.43463541666666666 0.38680555555555557 0.43697916666666664 0.3854166666666667 0.4388020833333333 0.3835648148148148 0.43984375 0.38310185185185186 0.44140625 0.38310185185185186 0.4427083333333333 0.38263888888888886 0.44765625 0.3798611111111111 0.44973958333333336 0.3798611111111111 0.45 0.37939814814814815 0.4513020833333333 0.37939814814814815 0.4515625 0.3789351851851852 0.45286458333333335 0.3789351851851852 0.453125 0.3784722222222222 0.4546875 0.3784722222222222 0.4549479166666667 0.37800925925925927 0.45677083333333335 0.37800925925925927 0.45703125 0.37754629629629627 0.4583333333333333 0.37754629629629627 0.45859375 0.3770833333333333 0.45989583333333334 0.3770833333333333 0.46145833333333336 0.3761574074074074 0.4627604166666667 0.3761574074074074 0.4630208333333333 0.37569444444444444 0.46848958333333335 0.37569444444444444 0.46875 0.3761574074074074 0.47317708333333336 0.3761574074074074 0.4734375 0.37569444444444444 0.4752604166666667 0.3761574074074074 0.47604166666666664 0.3770833333333333 0.4791666666666667 0.37939814814814815 0.48125 0.3803240740740741 0.4828125 0.381712962962963 0.483984375 0.38425925925925924 0.4845052083333333 0.3861111111111111 0.48658854166666665 0.3902777777777778 0.48736979166666666 0.39305555555555555 0.48736979166666666 0.3962962962962963 0.4876302083333333 0.39675925925925926 0.4876302083333333 0.3990740740740741 0.4881510416666667 0.4009259259259259 0.488671875 0.4064814814814815 0.4889322916666667 0.40694444444444444 0.4889322916666667 0.41064814814814815 0.48919270833333334 0.4111111111111111 0.48919270833333334 0.4134259259259259 0.48971354166666664 0.4152777777777778 0.48997395833333335 0.41759259259259257 0.48997395833333335 0.4203703703703704 0.490234375 0.42083333333333334 0.490234375 0.42453703703703705 0.49049479166666665 0.425 0.49049479166666665 0.4476851851851852 0.489453125 0.4537037037037037 0.48919270833333334 0.45416666666666666 0.48919270833333334 0.4699074074074074 0.4889322916666667 0.4703703703703704 0.4889322916666667 0.4736111111111111 0.4884114583333333 0.47638888888888886 0.4884114583333333 0.48148148148148145 0.4869791666666667 0.48356481481481484 0.4861979166666667 0.48356481481481484 0.484375 0.4849537037037037 0.4822916666666667 0.48541666666666666 0.48203125 0.4858796296296296 0.48020833333333335 0.4858796296296296 0.47994791666666664 0.4863425925925926 0.4783854166666667 0.4863425925925926 0.478125 0.48680555555555555 0.47552083333333334 0.48680555555555555 0.4752604166666667 0.48726851851851855 0.47291666666666665 0.48726851851851855 0.47265625 0.4877314814814815 0.4703125 0.4877314814814815 0.4700520833333333 0.48819444444444443 0.4674479166666667 0.48819444444444443 0.4671875 0.48865740740740743 0.46588541666666666 0.48865740740740743 0.465625 0.48912037037037037 0.4640625 0.48912037037037037 0.4627604166666667 0.4895833333333333 0.46041666666666664 0.4877314814814815 0.459375 0.48726851851851855 0.4578125 0.48726851851851855 0.45755208333333336 0.4877314814814815 0.45598958333333334 0.4877314814814815 0.4557291666666667 0.48819444444444443 0.45390625 0.48819444444444443 0.45364583333333336 0.4877314814814815 0.44947916666666665 0.4877314814814815 0.44921875 0.48819444444444443 0.44765625 0.48819444444444443 0.4473958333333333 0.48865740740740743 0.4453125 0.48865740740740743 0.44505208333333335 0.48912037037037037 0.44088541666666664 0.48912037037037037 0.440625 0.4895833333333333 0.4388020833333333 0.4895833333333333 0.43697916666666664 0.4909722222222222 0.43645833333333334 0.4909722222222222 0.43463541666666666 0.49236111111111114 0.43385416666666665 0.49236111111111114 0.4317708333333333 0.49375 0.43059895833333334 0.49583333333333335 0.430078125 0.4986111111111111 0.4290364583333333 0.5018518518518519 0.428515625 0.5046296296296297 0.428515625 0.5074074074074074 0.42825520833333336 0.5078703703703704 0.42825520833333336 0.5111111111111111 0.427734375 0.512962962962963 0.427734375 0.5143518518518518 0.42721354166666664 0.5162037037037037 0.42669270833333334 0.5217592592592593 0.4264322916666667 0.5222222222222223 0.4264322916666667 0.524537037037037 0.426171875 0.525 0.426171875 0.5291666666666667 0.4259114583333333 0.5314814814814814 0.42486979166666666 0.5347222222222222 0.42486979166666666 0.5356481481481481 0.423828125 0.5393518518518519 0.42330729166666664 0.5444444444444444 0.4225260416666667 0.5472222222222223 0.4225260416666667 0.5481481481481482 0.4217447916666667 0.5504629629629629 0.421484375 0.5523148148148148 0.421484375 0.5606481481481481 0.42096354166666666 0.562962962962963 0.42096354166666666 0.5652777777777778 0.420703125 0.5657407407407408 0.420703125 0.5680555555555555 0.42044270833333336 0.5685185185185185 0.42044270833333336 0.5708333333333333 0.42018229166666665 0.5726851851851852 0.419140625 0.5768518518518518 0.419140625 0.5787037037037037 0.4180989583333333 0.5824074074074074 0.4173177083333333 0.5842592592592593 0.4161458333333333 0.5863425925925926 0.41510416666666666 0.5877314814814815 0.4122395833333333 0.5900462962962963 0.41067708333333336 0.5900462962962963 0.41041666666666665 0.5905092592592592 0.4083333333333333 0.5905092592592592 0.40598958333333335 0.5914351851851852 0.4049479166666667 0.5923611111111111 0.403125 0.5928240740740741 0.40078125 0.59375 0.3997395833333333 0.5946759259259259 0.3984375 0.5946759259259259 0.39817708333333335 0.5951388888888889 0.396875 0.5951388888888889 0.3966145833333333 0.5956018518518519 0.39427083333333335 0.5956018518518519 0.39401041666666664 0.5960648148148148 0.3919270833333333 0.5960648148148148 0.39166666666666666 0.5965277777777778 0.3893229166666667 0.5965277777777778 0.3890625 0.5969907407407408 0.3854166666666667 0.5969907407407408 0.38515625 0.5974537037037037 0.38033854166666664 0.5398148148148149 0.38111979166666665 0.538425925925926 0.38138020833333336 0.5370370370370371 0.38138020833333336 0.5268518518518519 0.38111979166666665 0.5263888888888889 0.38111979166666665 0.5162037037037037 0.38138020833333336 0.5157407407407407 0.38138020833333336 0.5101851851851852 0.3802083333333333 0.5085648148148149 0.37890625 0.5081018518518519 0.37578125 0.5081018518518519 0.37447916666666664 0.5090277777777777 0.3736979166666667 0.5090277777777777 0.370703125 0.5111111111111111 0.3712239583333333 0.5120370370370371 0.3717447916666667 0.5171296296296296 0.372265625 0.5189814814814815 0.3734375 0.5210648148148148 0.37447916666666664 0.5219907407407407 0.3756510416666667 0.524537037037037 0.376171875 0.5263888888888889 0.376953125 0.5277777777777778 0.377734375 0.5300925925925926 0.377734375 0.5356481481481481 0.37747395833333336 0.5370370370370371 0.37838541666666664 0.5386574074074074 0.37942708333333336 0.5395833333333333 0.38033854166666664 0.5398148148148149 
11 0.9997395833333333 0.9752314814814815 0.9981770833333333 0.9752314814814815 0.9958333333333333 0.9784722222222222 0.9950520833333333 0.9789351851851852 0.9934895833333334 0.9807870370370371 0.99296875 0.9807870370370371 0.9901041666666667 0.9835648148148148 0.9893229166666667 0.9835648148148148 0.98828125 0.9844907407407407 0.9864583333333333 0.9849537037037037 0.9854166666666667 0.9858796296296296 0.98046875 0.9877314814814815 0.978125 0.9891203703703704 0.97578125 0.9895833333333334 0.9744791666666667 0.9905092592592593 0.9731770833333333 0.9905092592592593 0.9729166666666667 0.9909722222222223 0.9713541666666666 0.9909722222222223 0.97109375 0.9914351851851851 0.9684895833333333 0.9914351851851851 0.9682291666666667 0.9918981481481481 0.9658854166666667 0.9918981481481481 0.965625 0.9923611111111111 0.9640625 0.9923611111111111 0.9638020833333333 0.992824074074074 0.96171875 0.992824074074074 0.9614583333333333 0.993287037037037 0.9591145833333333 0.993287037037037 0.9588541666666667 0.99375 0.95625 0.99375 0.9559895833333333 0.9942129629629629 0.95078125 0.9942129629629629 0.9505208333333334 0.9946759259259259 0.9466145833333334 0.9946759259259259 0.9463541666666667 0.9951388888888889 0.9442708333333333 0.9951388888888889 0.9440104166666666 0.9956018518518519 0.915625 0.9956018518518519 0.9153645833333334 0.9951388888888889 0.9119791666666667 0.9951388888888889 0.91171875 0.9946759259259259 0.9072916666666667 0.9946759259259259 0.90703125 0.9951388888888889 0.89921875 0.9951388888888889 0.8989583333333333 0.9956018518518519 0.8932291666666666 0.9956018518518519 0.89296875 0.9951388888888889 0.8916666666666667 0.9951388888888889 0.89140625 0.9956018518518519 0.8817708333333333 0.9956018518518519 0.8815104166666666 0.9960648148148148 0.8796875 0.9960648148148148 0.8794270833333333 0.9956018518518519 0.8713541666666667 0.9956018518518519 0.8723958333333334 0.9946759259259259 0.8770833333333333 0.9946759259259259 0.8778645833333333 0.9942129629629629 0.8799479166666667 0.9918981481481481 0.88125 0.9900462962962963 0.8854166666666666 0.9900462962962963 0.8856770833333333 0.9895833333333334 0.8872395833333333 0.9895833333333334 0.88828125 0.9891203703703704 0.890625 0.9872685185185185 0.8921875 0.9863425925925926 0.8940104166666667 0.9863425925925926 0.8942708333333333 0.9858796296296296 0.896875 0.9858796296296296 0.8971354166666666 0.9854166666666667 0.8994791666666667 0.9849537037037037 0.8997395833333334 0.9844907407407407 0.9044270833333333 0.9844907407407407 0.90546875 0.9835648148148148 0.9067708333333333 0.9831018518518518 0.9078125 0.982175925925926 0.9091145833333333 0.981712962962963 0.9104166666666667 0.981712962962963 0.9106770833333333 0.98125 0.9119791666666667 0.98125 0.9130208333333333 0.9803240740740741 0.91484375 0.9798611111111111 0.9151041666666667 0.9793981481481482 0.9166666666666666 0.9793981481481482 0.9169270833333333 0.9789351851851852 0.9192708333333334 0.9789351851851852 0.91953125 0.9784722222222222 0.92109375 0.9784722222222222 0.9236979166666667 0.9775462962962963 0.9252604166666667 0.9766203703703704 0.9265625 0.9766203703703704 0.928125 0.9756944444444444 0.9296875 0.9756944444444444 0.9299479166666667 0.9752314814814815 0.9325520833333333 0.9752314814814815 0.9328125 0.9747685185185185 0.9359375 0.9747685185185185 0.9361979166666666 0.9743055555555555 0.9380208333333333 0.9738425925925925 0.9393229166666667 0.9729166666666667 0.9411458333333333 0.9729166666666667 0.94140625 0.9724537037037037 0.9434895833333333 0.9724537037037037 0.94375 0.9719907407407408 0.9471354166666667 0.9706018518518519 0.94921875 0.9706018518518519 0.9494791666666667 0.9701388888888889 0.9513020833333333 0.9701388888888889 0.9526041666666667 0.969212962962963 0.9537760416666666 0.9671296296296297 0.9540364583333333 0.9638888888888889 0.954296875 0.9634259259259259 0.954296875 0.9606481481481481 0.9529947916666667 0.9537037037037037 0.9524739583333334 0.9523148148148148 0.9522135416666667 0.95 0.9516927083333333 0.9476851851851852 0.9498697916666666 0.9430555555555555 0.9485677083333334 0.9393518518518519 0.9459635416666666 0.9347222222222222 0.9454427083333333 0.9324074074074075 0.944921875 0.9314814814814815 0.9436197916666667 0.9277777777777778 0.9423177083333333 0.9254629629629629 0.9423177083333333 0.925 0.9404947916666667 0.9217592592592593 0.9404947916666667 0.9212962962962963 0.9389322916666667 0.9185185185185185 0.9381510416666666 0.9157407407407407 0.9376302083333333 0.9148148148148149 0.937109375 0.9125 0.9358072916666667 0.9097222222222222 0.9358072916666667 0.9092592592592592 0.9345052083333333 0.9069444444444444 0.9337239583333333 0.9046296296296297 0.933203125 0.9023148148148148 0.9319010416666667 0.9 0.930859375 0.8972222222222223 0.9290364583333334 0.8930555555555556 0.9282552083333333 0.8902777777777777 0.9265625 0.8877314814814815 0.925 0.8868055555555555 0.9236979166666667 0.8868055555555555 0.9234375 0.8863425925925926 0.9184895833333333 0.8863425925925926 0.9182291666666667 0.8868055555555555 0.9166666666666666 0.8868055555555555 0.91640625 0.8872685185185185 0.9151041666666667 0.8872685185185185 0.91484375 0.8877314814814815 0.9135416666666667 0.8877314814814815 0.91328125 0.8881944444444444 0.91171875 0.8881944444444444 0.9114583333333334 0.8886574074074074 0.9098958333333333 0.8886574074074074 0.9096354166666667 0.8891203703703704 0.9078125 0.8891203703703704 0.90625 0.8900462962962963 0.9046875 0.8900462962962963 0.9044270833333333 0.8905092592592593 0.9020833333333333 0.8905092592592593 0.9018229166666667 0.8909722222222223 0.8997395833333334 0.8909722222222223 0.8994791666666667 0.8914351851851852 0.8981770833333333 0.8914351851851852 0.8979166666666667 0.8918981481481482 0.8966145833333333 0.8918981481481482 0.8963541666666667 0.8923611111111112 0.8947916666666667 0.8923611111111112 0.89453125 0.892824074074074 0.8932291666666666 0.892824074074074 0.89296875 0.893287037037037 0.89140625 0.893287037037037 0.8911458333333333 0.89375 0.8893229166666666 0.89375 0.8890625 0.8942129629629629 0.8875 0.8942129629629629 0.8872395833333333 0.8946759259259259 0.8854166666666666 0.8946759259259259 0.88515625 0.8951388888888889 0.8822916666666667 0.8951388888888889 0.88203125 0.8956018518518518 0.8796875 0.8956018518518518 0.8794270833333333 0.8960648148148148 0.87734375 0.8960648148148148 0.8770833333333333 0.8965277777777778 0.87421875 0.8965277777777778 0.8739583333333333 0.8969907407407407 0.871875 0.8969907407407407 0.8716145833333333 0.8974537037037037 0.8697916666666666 0.8974537037037037 0.86953125 0.8979166666666667 0.8674479166666667 0.8979166666666667 0.8671875 0.8983796296296296 0.865625 0.8983796296296296 0.8653645833333333 0.8988425925925926 0.8635416666666667 0.8988425925925926 0.86328125 0.8993055555555556 0.8614583333333333 0.8993055555555556 0.8611979166666667 0.8997685185185185 0.8598958333333333 0.8997685185185185 0.8596354166666667 0.9002314814814815 0.8583333333333333 0.9002314814814815 0.8580729166666666 0.9006944444444445 0.8565104166666667 0.9006944444444445 0.85625 0.9011574074074075 0.85390625 0.9011574074074075 0.8536458333333333 0.9016203703703703 0.8515625 0.9016203703703703 0.8513020833333333 0.9020833333333333 0.84921875 0.9020833333333333 0.8489583333333334 0.9025462962962963 0.8466145833333333 0.9025462962962963 0.8463541666666666 0.9030092592592592 0.8447916666666667 0.9030092592592592 0.84453125 0.9034722222222222 0.8432291666666667 0.9034722222222222 0.84296875 0.9039351851851852 0.84140625 0.9039351851851852 0.8411458333333334 0.9043981481481481 0.8388020833333333 0.9043981481481481 0.8385416666666666 0.9048611111111111 0.8364583333333333 0.9048611111111111 0.8348958333333333 0.905787037037037 0.83359375 0.905787037037037 0.8333333333333334 0.90625 0.83203125 0.90625 0.8317708333333333 0.906712962962963 0.8302083333333333 0.906712962962963 0.8299479166666667 0.9071759259259259 0.8265625 0.9071759259259259 0.8263020833333333 0.9076388888888889 0.8244791666666667 0.9076388888888889 0.82421875 0.9081018518518519 0.8223958333333333 0.9081018518518519 0.8221354166666667 0.9085648148148148 0.8203125 0.9085648148148148 0.8200520833333333 0.9090277777777778 0.8182291666666667 0.9090277777777778 0.81796875 0.9094907407407408 0.8161458333333333 0.9094907407407408 0.8158854166666667 0.9099537037037037 0.8125 0.9099537037037037 0.8122395833333333 0.9104166666666667 0.809375 0.9104166666666667 0.8091145833333333 0.9108796296296297 0.8075520833333333 0.9108796296296297 0.8072916666666666 0.9113425925925925 0.8057291666666667 0.9113425925925925 0.8015625 0.9131944444444444 0.8 0.9131944444444444 0.7997395833333333 0.9136574074074074 0.7981770833333334 0.9136574074074074 0.7979166666666667 0.9141203703703704 0.7966145833333333 0.9141203703703704 0.7963541666666667 0.9145833333333333 0.7950520833333333 0.9145833333333333 0.7924479166666667 0.9155092592592593 0.7921875 0.9159722222222222 0.7890625 0.9168981481481482 0.7872395833333333 0.9182870370370371 0.7861979166666667 0.91875 0.783984375 0.9226851851851852 0.7829427083333333 0.9254629629629629 0.782421875 0.9277777777777778 0.7813802083333333 0.9305555555555556 0.7798177083333333 0.9337962962962963 0.779296875 0.9356481481481481 0.777734375 0.9393518518518519 0.776953125 0.9425925925925925 0.7759114583333333 0.9453703703703704 0.775390625 0.9476851851851852 0.7743489583333333 0.95 0.7733072916666667 0.9537037037037037 0.773046875 0.9555555555555556 0.7725260416666667 0.9564814814814815 0.7717447916666667 0.9597222222222223 0.7712239583333333 0.9606481481481481 0.7704427083333333 0.9638888888888889 0.769921875 0.9648148148148148 0.7694010416666667 0.9671296296296297 0.7686197916666667 0.9694444444444444 0.766796875 0.9731481481481481 0.7654947916666667 0.9782407407407407 0.7649739583333334 0.9796296296296296 0.7647135416666667 0.9814814814814815 0.762890625 0.9856481481481482 0.7618489583333333 0.9888888888888889 0.76015625 0.9918981481481481 0.7567708333333333 0.9946759259259259 0.75625 0.9956018518518519 0.7549479166666667 0.9956018518518519 0.7546875 0.9960648148148148 0.7401041666666667 0.9960648148148148 0.73984375 0.9956018518518519 0.73671875 0.9956018518518519 0.7364583333333333 0.9951388888888889 0.7309895833333333 0.9951388888888889 0.7307291666666667 0.9956018518518519 0.72109375 0.9956018518518519 0.7182291666666667 0.9942129629629629 0.7166666666666667 0.992824074074074 0.715234375 0.9898148148148148 0.7147135416666667 0.986574074074074 0.713671875 0.9833333333333333 0.7123697916666667 0.9782407407407407 0.7115885416666666 0.975925925925926 0.7115885416666666 0.975 0.710546875 0.9717592592592592 0.7100260416666667 0.9694444444444444 0.7092447916666667 0.9643518518518519 0.708203125 0.9606481481481481 0.7069010416666667 0.9550925925925926 0.7063802083333334 0.9513888888888888 0.7053385416666667 0.9481481481481482 0.7048177083333333 0.9449074074074074 0.704296875 0.9435185185185185 0.7040364583333333 0.9412037037037037 0.703515625 0.9398148148148148 0.7032552083333333 0.9375 0.702734375 0.9361111111111111 0.7024739583333334 0.9337962962962963 0.701953125 0.9324074074074075 0.7014322916666667 0.9296296296296296 0.700390625 0.9263888888888889 0.699609375 0.9212962962962963 0.6990885416666667 0.9194444444444444 0.6990885416666667 0.9175925925925926 0.6985677083333334 0.9152777777777777 0.6983072916666667 0.912962962962963 0.6975260416666667 0.9111111111111111 0.697265625 0.9092592592592592 0.6967447916666667 0.9083333333333333 0.695703125 0.9027777777777778 0.6946614583333334 0.899537037037037 0.6944010416666667 0.8967592592592593 0.6938802083333333 0.8939814814814815 0.693359375 0.8925925925925926 0.6930989583333333 0.8902777777777777 0.692578125 0.8888888888888888 0.6923177083333333 0.8865740740740741 0.691796875 0.8851851851851852 0.6915364583333333 0.8828703703703704 0.691015625 0.8805555555555555 0.689453125 0.875 0.6889322916666667 0.8740740740740741 0.6881510416666666 0.8708333333333333 0.6881510416666666 0.8699074074074075 0.6873697916666667 0.8666666666666667 0.6865885416666667 0.8611111111111112 0.685546875 0.8574074074074074 0.683984375 0.8495370370370371 0.6837239583333333 0.8472222222222222 0.6829427083333334 0.8449074074074074 0.6829427083333334 0.8439814814814814 0.680859375 0.8356481481481481 0.680859375 0.8342592592592593 0.680078125 0.8310185185185185 0.6795572916666667 0.825 0.6790364583333334 0.8222222222222222 0.6787760416666667 0.8180555555555555 0.6782552083333333 0.8157407407407408 0.6782552083333333 0.812962962962963 0.6779947916666667 0.8125 0.6779947916666667 0.8092592592592592 0.677734375 0.8087962962962963 0.676953125 0.8041666666666667 0.676171875 0.8023148148148148 0.6747395833333333 0.7997685185185185 0.6744791666666666 0.7997685185185185 0.673046875 0.7962962962962963 0.6725260416666666 0.7925925925925926 0.672265625 0.7921296296296296 0.670703125 0.7870370370370371 0.670703125 0.7861111111111111 0.669140625 0.7800925925925926 0.6686197916666666 0.7763888888888889 0.6680989583333333 0.775 0.6678385416666667 0.7726851851851851 0.6673177083333334 0.7703703703703704 0.666015625 0.7666666666666667 0.6649739583333333 0.762962962962963 0.6649739583333333 0.7620370370370371 0.6641927083333333 0.7592592592592593 0.6639322916666667 0.7555555555555555 0.662890625 0.750462962962963 0.6623697916666667 0.7486111111111111 0.661328125 0.7462962962962963 0.660546875 0.7407407407407407 0.6595052083333334 0.7356481481481482 0.6584635416666667 0.7333333333333333 0.6579427083333333 0.7305555555555555 0.6579427083333333 0.7291666666666666 0.657421875 0.7273148148148149 0.657421875 0.725462962962963 0.6569010416666666 0.7236111111111111 0.656640625 0.7212962962962963 0.655859375 0.7189814814814814 0.655859375 0.7180555555555556 0.6540364583333333 0.7101851851851851 0.6532552083333333 0.7078703703703704 0.652734375 0.7055555555555556 0.6522135416666667 0.7013888888888888 0.651171875 0.6976851851851852 0.6506510416666667 0.6967592592592593 0.650390625 0.6944444444444444 0.649609375 0.6921296296296297 0.6490885416666666 0.6861111111111111 0.648828125 0.6856481481481481 0.6485677083333333 0.6824074074074075 0.6467447916666667 0.6759259259259259 0.646484375 0.6736111111111112 0.6459635416666667 0.6722222222222223 0.6454427083333333 0.6680555555555555 0.6444010416666667 0.663425925925926 0.6428385416666667 0.6583333333333333 0.6428385416666667 0.6574074074074074 0.641796875 0.6541666666666667 0.6415364583333333 0.6518518518518519 0.6404947916666667 0.6472222222222223 0.640234375 0.6453703703703704 0.6397135416666667 0.6439814814814815 0.637890625 0.6361111111111111 0.637109375 0.6300925925925925 0.636328125 0.6273148148148148 0.6358072916666667 0.624537037037037 0.6350260416666667 0.6231481481481481 0.633984375 0.6189814814814815 0.633984375 0.6175925925925926 0.6334635416666666 0.6157407407407407 0.633203125 0.612037037037037 0.6326822916666667 0.6101851851851852 0.6319010416666667 0.6046296296296296 0.630859375 0.5995370370370371 0.630078125 0.5976851851851852 0.630078125 0.5967592592592592 0.6290364583333333 0.5935185185185186 0.628515625 0.5898148148148148 0.626953125 0.5847222222222223 0.626953125 0.5837962962962963 0.6256510416666666 0.5787037037037037 0.6256510416666666 0.5768518518518518 0.6248697916666667 0.5726851851851852 0.6248697916666667 0.5708333333333333 0.6235677083333333 0.5648148148148148 0.623046875 0.5592592592592592 0.6239583333333333 0.5571759259259259 0.6255208333333333 0.555787037037037 0.6260416666666667 0.5548611111111111 0.62734375 0.5539351851851851 0.6296875 0.5530092592592593 0.6299479166666667 0.5525462962962963 0.6317708333333333 0.5520833333333334 0.6338541666666667 0.5506944444444445 0.6354166666666666 0.5506944444444445 0.6356770833333333 0.5502314814814815 0.6380208333333334 0.5502314814814815 0.63828125 0.5497685185185185 0.63984375 0.5497685185185185 0.6411458333333333 0.5493055555555556 0.6421875 0.5483796296296296 0.64296875 0.5483796296296296 0.6447916666666667 0.5469907407407407 0.645703125 0.5453703703703704 0.6462239583333333 0.5425925925925926 0.6462239583333333 0.5300925925925926 0.645703125 0.5277777777777778 0.6454427083333333 0.5236111111111111 0.6444010416666667 0.5189814814814815 0.644140625 0.5162037037037037 0.6436197916666667 0.5138888888888888 0.642578125 0.5106481481481482 0.6423177083333333 0.5083333333333333 0.641796875 0.5069444444444444 0.6415364583333333 0.5041666666666667 0.6407552083333333 0.5013888888888889 0.6397135416666667 0.49907407407407406 0.6384114583333333 0.49398148148148147 0.6376302083333333 0.4888888888888889 0.6376302083333333 0.48055555555555557 0.638671875 0.475462962962963 0.64140625 0.4706018518518518 0.6421875 0.46967592592592594 0.6440104166666667 0.46828703703703706 0.6451822916666666 0.46574074074074073 0.645703125 0.462037037037037 0.645703125 0.46064814814814814 0.646484375 0.4583333333333333 0.6494791666666667 0.4530092592592593 0.65078125 0.4516203703703704 0.6518229166666667 0.4516203703703704 0.65390625 0.45023148148148145 0.6567708333333333 0.44930555555555557 0.6583333333333333 0.4479166666666667 0.6591145833333333 0.4479166666666667 0.6609375 0.4465277777777778 0.6622395833333333 0.4465277777777778 0.6651041666666667 0.44513888888888886 0.66640625 0.44513888888888886 0.6666666666666666 0.4446759259259259 0.6690104166666667 0.4446759259259259 0.6692708333333334 0.444212962962963 0.67109375 0.444212962962963 0.6723958333333333 0.44375 0.6736979166666667 0.4428240740740741 0.67578125 0.4428240740740741 0.6760416666666667 0.4423611111111111 0.678125 0.4423611111111111 0.6794270833333333 0.44189814814814815 0.6817708333333333 0.44050925925925927 0.6848958333333334 0.4395833333333333 0.6856770833333333 0.4386574074074074 0.6872395833333333 0.43819444444444444 0.6875 0.4377314814814815 0.6888020833333334 0.4377314814814815 0.6890625 0.4372685185185185 0.6921875 0.4358796296296296 0.6932291666666667 0.4358796296296296 0.6947916666666667 0.43495370370370373 0.6973958333333333 0.4340277777777778 0.6986979166666667 0.4340277777777778 0.7002604166666667 0.43310185185185185 0.7015625 0.43310185185185185 0.7018229166666666 0.4326388888888889 0.70546875 0.4326388888888889 0.7065104166666667 0.43171296296296297 0.7075520833333333 0.43171296296296297 0.7088541666666667 0.430787037037037 0.71015625 0.430787037037037 0.7104166666666667 0.4303240740740741 0.71171875 0.4303240740740741 0.7119791666666667 0.42986111111111114 0.7138020833333333 0.42986111111111114 0.7140625 0.42939814814814814 0.7158854166666667 0.42939814814814814 0.7161458333333334 0.4289351851851852 0.7182291666666667 0.4289351851851852 0.7184895833333333 0.4284722222222222 0.7197916666666667 0.4284722222222222 0.72109375 0.42800925925925926 0.7223958333333333 0.4270833333333333 0.72421875 0.42662037037037037 0.7263020833333333 0.4252314814814815 0.7276041666666667 0.4252314814814815 0.72890625 0.42476851851851855 0.7302083333333333 0.4238425925925926 0.73125 0.4238425925925926 0.7322916666666667 0.42291666666666666 0.7346354166666667 0.4219907407407407 0.7359375 0.42106481481481484 0.7388020833333333 0.4201388888888889 0.73984375 0.41921296296296295 0.7411458333333333 0.41875 0.7424479166666667 0.41875 0.7427083333333333 0.418287037037037 0.7440104166666667 0.418287037037037 0.7442708333333333 0.41782407407407407 0.7455729166666667 0.41782407407407407 0.7458333333333333 0.4173611111111111 0.7471354166666667 0.4173611111111111 0.7497395833333333 0.4164351851851852 0.7510416666666667 0.41550925925925924 0.75234375 0.4150462962962963 0.7536458333333333 0.4150462962962963 0.7552083333333334 0.41412037037037036 0.7565104166666666 0.41412037037037036 0.7567708333333333 0.4136574074074074 0.7580729166666667 0.4136574074074074 0.7583333333333333 0.4131944444444444 0.7598958333333333 0.4131944444444444 0.76015625 0.4127314814814815 0.7619791666666667 0.4127314814814815 0.7622395833333333 0.41226851851851853 0.7645833333333333 0.41226851851851853 0.7666666666666667 0.41412037037037036 0.76796875 0.41458333333333336 0.7690104166666667 0.4136574074074074 0.7704427083333333 0.4111111111111111 0.7709635416666667 0.40879629629629627 0.771484375 0.4078703703703704 0.7717447916666667 0.4060185185185185 0.7725260416666667 0.40324074074074073 0.7727864583333334 0.399537037037037 0.7735677083333333 0.39675925925925926 0.7740885416666666 0.3958333333333333 0.774609375 0.39351851851851855 0.7760416666666666 0.3909722222222222 0.778125 0.3891203703703704 0.7786458333333334 0.38819444444444445 0.7799479166666666 0.3872685185185185 0.7815104166666667 0.38680555555555557 0.78203125 0.38587962962962963 0.784375 0.3849537037037037 0.7859375 0.3840277777777778 0.7919270833333333 0.3840277777777778 0.7942708333333334 0.3854166666666667 0.79921875 0.3854166666666667 0.7997395833333333 0.38587962962962963 0.8013020833333333 0.3886574074074074 0.80234375 0.3891203703703704 0.803515625 0.3907407407407407 0.8040364583333334 0.3925925925925926 0.8040364583333334 0.399537037037037 0.805078125 0.40324074074074073 0.80703125 0.40671296296296294 0.80859375 0.4085648148148148 0.8109375 0.41041666666666665 0.8140625 0.41041666666666665 0.8143229166666667 0.4099537037037037 0.8158854166666667 0.4099537037037037 0.8161458333333333 0.40949074074074077 0.81796875 0.40949074074074077 0.8182291666666667 0.40902777777777777 0.8265625 0.40902777777777777 0.8299479166666667 0.41226851851851853 0.830859375 0.41435185185185186 0.8325520833333333 0.4173611111111111 0.8328125 0.4173611111111111 0.834765625 0.42083333333333334 0.8358072916666667 0.4236111111111111 0.837109375 0.42592592592592593 0.837109375 0.4263888888888889 0.8393229166666667 0.4303240740740741 0.8395833333333333 0.4303240740740741 0.8420572916666667 0.43472222222222223 0.842578125 0.43657407407407406 0.8436197916666667 0.4388888888888889 0.8444010416666666 0.4412037037037037 0.844921875 0.44351851851851853 0.84609375 0.44560185185185186 0.847265625 0.44722222222222224 0.847265625 0.4476851851851852 0.8501302083333333 0.4527777777777778 0.8516927083333333 0.45740740740740743 0.8545572916666667 0.4615740740740741 0.8555989583333333 0.46620370370370373 0.8569010416666667 0.4689814814814815 0.8569010416666667 0.47175925925925927 0.856640625 0.4722222222222222 0.856640625 0.47453703703703703 0.855859375 0.47824074074074074 0.8552083333333333 0.47939814814814813 0.85390625 0.48032407407407407 0.8529947916666667 0.48148148148148145 0.85390625 0.48356481481481484 0.85703125 0.48356481481481484 0.85859375 0.4826388888888889 0.8598958333333333 0.4826388888888889 0.8609375 0.48217592592592595 0.86171875 0.48125 0.8630208333333333 0.480787037037037 0.86484375 0.47939814814814813 0.8669270833333333 0.4789351851851852 0.8682291666666667 0.47800925925925924 0.86953125 0.4775462962962963 0.8708333333333333 0.4775462962962963 0.8729166666666667 0.4761574074074074 0.87734375 0.47476851851851853 0.8776041666666666 0.47430555555555554 0.87890625 0.47430555555555554 0.8791666666666667 0.4738425925925926 0.88046875 0.4738425925925926 0.8830729166666667 0.47291666666666665 0.8841145833333334 0.47199074074074077 0.8869791666666667 0.4710648148148148 0.8877604166666667 0.4706018518518518 0.8895833333333333 0.46875 0.8904947916666667 0.4666666666666667 0.891015625 0.4648148148148148 0.8912760416666666 0.4625 0.8923177083333333 0.45925925925925926 0.892578125 0.45787037037037037 0.8954427083333333 0.4476851851851852 0.8954427083333333 0.44675925925925924 0.8967447916666667 0.4439814814814815 0.8970052083333333 0.4425925925925926 0.8977864583333334 0.44074074074074077 0.8977864583333334 0.4398148148148148 0.8985677083333333 0.43703703703703706 0.8990885416666666 0.43287037037037035 0.9006510416666667 0.42777777777777776 0.9006510416666667 0.42685185185185187 0.901953125 0.4236111111111111 0.9024739583333333 0.4217592592592593 0.9032552083333333 0.4203703703703704 0.9048177083333333 0.4148148148148148 0.905078125 0.4125 0.9055989583333334 0.4111111111111111 0.9061197916666667 0.40694444444444444 0.907421875 0.4023148148148148 0.9079427083333333 0.4013888888888889 0.9084635416666667 0.3990740740740741 0.908984375 0.39814814814814814 0.9100260416666667 0.39444444444444443 0.9102864583333333 0.3921296296296296 0.9108072916666666 0.3907407407407407 0.9131510416666667 0.3824074074074074 0.9147135416666666 0.3787037037037037 0.9154947916666667 0.37546296296296294 0.9162760416666667 0.37037037037037035 0.9173177083333334 0.3685185185185185 0.9180989583333333 0.3662037037037037 0.91953125 0.36365740740740743 0.92109375 0.3627314814814815 0.9231770833333334 0.36041666666666666 0.9247395833333333 0.3594907407407407 0.9263020833333333 0.3590277777777778 0.9270833333333334 0.35810185185185184 0.9283854166666666 0.3576388888888889 0.9291666666666667 0.35671296296296295 0.93203125 0.355787037037037 0.9322916666666666 0.35532407407407407 0.93359375 0.35532407407407407 0.93515625 0.35439814814814813 0.93671875 0.35439814814814813 0.9369791666666667 0.3539351851851852 0.93828125 0.3539351851851852 0.9385416666666667 0.35347222222222224 0.93984375 0.35347222222222224 0.9401041666666666 0.35300925925925924 0.9416666666666667 0.35300925925925924 0.94296875 0.3525462962962963 0.9447916666666667 0.3511574074074074 0.9466145833333334 0.3506944444444444 0.9479166666666666 0.34976851851851853 0.94921875 0.34930555555555554 0.9505208333333334 0.34930555555555554 0.95078125 0.3488425925925926 0.9520833333333333 0.3488425925925926 0.9533854166666667 0.34837962962962965 0.9546875 0.3474537037037037 0.9559895833333333 0.34699074074074077 0.9575520833333333 0.34699074074074077 0.9578125 0.34652777777777777 0.959375 0.34652777777777777 0.9596354166666666 0.3460648148148148 0.9609375 0.3460648148148148 0.9611979166666667 0.3456018518518518 0.9625 0.3456018518518518 0.9627604166666667 0.3451388888888889 0.9640625 0.3451388888888889 0.9653645833333333 0.34421296296296294 0.96640625 0.34421296296296294 0.9677083333333333 0.34328703703703706 0.9684895833333333 0.34328703703703706 0.96953125 0.3423611111111111 0.9705729166666667 0.3423611111111111 0.9721354166666667 0.3414351851851852 0.9734375 0.3414351851851852 0.9736979166666667 0.34097222222222223 0.9763020833333333 0.3400462962962963 0.97734375 0.3400462962962963 0.97890625 0.33912037037037035 0.98046875 0.33912037037037035 0.9807291666666667 0.3386574074074074 0.9822916666666667 0.3386574074074074 0.9856770833333334 0.3372685185185185 0.9859375 0.3368055555555556 0.9872395833333333 0.3368055555555556 0.9885416666666667 0.3363425925925926 0.98984375 0.33541666666666664 0.9919270833333333 0.33541666666666664 0.9921875 0.3349537037037037 0.99375 0.3349537037037037 0.9940104166666667 0.33449074074074076 0.996875 0.33449074074074076 0.9971354166666667 0.33402777777777776 0.9997395833333333 0.33402777777777776 0.9209635416666667 0.45787037037037037 0.921875 0.4576388888888889 0.9239583333333333 0.45625 0.9268229166666667 0.45625 0.9270833333333334 0.45578703703703705 0.9286458333333333 0.45578703703703705 0.9296875 0.4548611111111111 0.9315104166666667 0.45439814814814816 0.9317708333333333 0.45393518518518516 0.9333333333333333 0.45393518518518516 0.93359375 0.4534722222222222 0.9348958333333334 0.4534722222222222 0.9359375 0.4530092592592593 0.9375 0.4516203703703704 0.9380208333333333 0.4516203703703704 0.93984375 0.4497685185185185 0.9403645833333333 0.4497685185185185 0.9412760416666667 0.4486111111111111 0.9412760416666667 0.44675925925925924 0.9408854166666667 0.4465277777777778 0.9377604166666667 0.4409722222222222 0.9369791666666667 0.44050925925925927 0.934375 0.4377314814814815 0.9341145833333333 0.4377314814814815 0.93203125 0.4340277777777778 0.9309895833333334 0.4326388888888889 0.9302083333333333 0.4321759259259259 0.9278645833333333 0.42939814814814814 0.9260416666666667 0.42939814814814814 0.92578125 0.42986111111111114 0.9244791666666666 0.42986111111111114 0.9234375 0.430787037037037 0.920703125 0.4356481481481482 0.9196614583333333 0.43796296296296294 0.9188802083333333 0.44027777777777777 0.9178385416666667 0.44675925925925924 0.9173177083333334 0.44907407407407407 0.916796875 0.45 0.9157552083333333 0.4537037037037037 0.9157552083333333 0.45555555555555555 0.91640625 0.45717592592592593 0.91796875 0.45810185185185187 0.9208333333333333 0.45810185185185187 0.9209635416666667 0.45787037037037037 0.8420572916666667 0.5810185185185185 0.8427083333333333 0.580787037037037 0.8438802083333333 0.5787037037037037 0.8438802083333333 0.5777777777777777 0.8447916666666667 0.5766203703703704 0.84609375 0.5766203703703704 0.84765625 0.5756944444444444 0.8497395833333333 0.5756944444444444 0.85 0.5752314814814815 0.8536458333333333 0.5752314814814815 0.85390625 0.5747685185185185 0.85546875 0.5747685185185185 0.8557291666666667 0.5743055555555555 0.8575520833333333 0.5743055555555555 0.8578125 0.5738425925925926 0.8614583333333333 0.5738425925925926 0.8625 0.5733796296296296 0.8643229166666667 0.5719907407407407 0.8653645833333333 0.5715277777777777 0.8666666666666667 0.5715277777777777 0.8669270833333333 0.5710648148148149 0.8682291666666667 0.5710648148148149 0.8684895833333334 0.5706018518518519 0.8697916666666666 0.5706018518518519 0.8700520833333333 0.5701388888888889 0.8713541666666667 0.5701388888888889 0.87265625 0.569675925925926 0.8752604166666667 0.5678240740740741 0.87734375 0.5673611111111111 0.8776041666666666 0.5668981481481481 0.8807291666666667 0.5668981481481481 0.8856770833333333 0.5636574074074074 0.8869791666666667 0.5636574074074074 0.8880208333333334 0.5631944444444444 0.88984375 0.5613425925925926 0.8911458333333333 0.5608796296296297 0.8924479166666667 0.5599537037037037 0.8940104166666667 0.5599537037037037 0.8944010416666667 0.5592592592592592 0.8940104166666667 0.5576388888888889 0.8901041666666667 0.5576388888888889 0.88984375 0.5571759259259259 0.8872395833333333 0.5571759259259259 0.8869791666666667 0.5567129629629629 0.8854166666666666 0.5567129629629629 0.8838541666666667 0.555787037037037 0.8822916666666667 0.555324074074074 0.88046875 0.5534722222222223 0.8770833333333333 0.5520833333333334 0.876171875 0.5504629629629629 0.876171875 0.549537037037037 0.875390625 0.5467592592592593 0.8713541666666667 0.5395833333333333 0.87109375 0.5395833333333333 0.8694010416666667 0.5365740740740741 0.869140625 0.5351851851851852 0.8678385416666666 0.5314814814814814 0.8673177083333333 0.5287037037037037 0.8670572916666667 0.5254629629629629 0.8654947916666667 0.5194444444444445 0.8645833333333334 0.5173611111111112 0.8638020833333333 0.5168981481481482 0.8623697916666667 0.5143518518518518 0.86171875 0.5118055555555555 0.8610677083333333 0.512962962962963 0.8608072916666667 0.5162037037037037 0.860546875 0.5166666666666667 0.860546875 0.5189814814814815 0.8602864583333333 0.5194444444444445 0.8602864583333333 0.5222222222222223 0.859765625 0.525 0.858984375 0.5268518518518519 0.8571614583333333 0.5300925925925926 0.8555989583333333 0.5370370370370371 0.8548177083333334 0.5393518518518519 0.8537760416666667 0.5439814814814815 0.852734375 0.5472222222222223 0.8522135416666666 0.549537037037037 0.851953125 0.5518518518518518 0.8506510416666667 0.5560185185185185 0.8483072916666666 0.5601851851851852 0.8470052083333334 0.5643518518518519 0.8444010416666666 0.5689814814814815 0.8438802083333333 0.5703703703703704 0.8430989583333334 0.5736111111111111 0.8430989583333334 0.5745370370370371 0.8424479166666666 0.5756944444444444 0.8408854166666667 0.5761574074074074 0.8390625 0.5775462962962963 0.8361979166666667 0.5784722222222223 0.8364583333333333 0.5798611111111112 0.8375 0.580787037037037 0.83984375 0.580787037037037 0.8401041666666667 0.58125 0.8420572916666667 0.5810185185185185 0.9493489583333333 0.5458333333333333 0.9494791666666667 0.5456018518518518 0.9520833333333333 0.5456018518518518 0.95234375 0.5451388888888888 0.9546875 0.5451388888888888 0.955859375 0.5439814814814815 0.9552083333333333 0.5432870370370371 0.9518229166666666 0.5432870370370371 0.9515625 0.54375 0.94765625 0.54375 0.946484375 0.5453703703703704 0.9466145833333334 0.5460648148148148 0.94921875 0.5460648148148148 0.9493489583333333 0.5458333333333333 0.936328125 0.5509259259259259 0.9346354166666667 0.5506944444444445 0.9346354166666667 0.5511574074074074 0.936328125 0.5509259259259259 0.7993489583333333 0.5893518518518519 0.80078125 0.5891203703703703 0.8010416666666667 0.5886574074074075 0.80703125 0.5886574074074075 0.80859375 0.5877314814814815 0.8111979166666666 0.5877314814814815 0.8114583333333333 0.5872685185185185 0.8138020833333334 0.5872685185185185 0.8149739583333333 0.5861111111111111 0.81484375 0.5854166666666667 0.81171875 0.5854166666666667 0.8114583333333333 0.5849537037037037 0.8049479166666667 0.5849537037037037 0.8046875 0.5854166666666667 0.803125 0.5854166666666667 0.8018229166666667 0.5858796296296296 0.8015625 0.5854166666666667 0.7981770833333334 0.5854166666666667 0.7970052083333333 0.5875 0.7979166666666667 0.5891203703703703 0.7993489583333333 0.5893518518518519 0.7678385416666667 0.6013888888888889 0.7688802083333334 0.6 0.76875 0.5993055555555555 0.765625 0.5993055555555555 0.7654947916666667 0.600925925925926 0.7661458333333333 0.6016203703703704 0.7678385416666667 0.6013888888888889 0.7579427083333333 0.6083333333333333 0.76015625 0.6076388888888888 0.7614583333333333 0.606712962962963 0.761328125 0.6046296296296296 0.7608072916666667 0.6032407407407407 0.7598958333333333 0.6025462962962963 0.75859375 0.6030092592592593 0.7572916666666667 0.6039351851851852 0.7552083333333334 0.6039351851851852 0.7549479166666667 0.6043981481481482 0.753125 0.6043981481481482 0.7510416666666667 0.6053240740740741 0.7497395833333333 0.606712962962963 0.7502604166666667 0.606712962962963 0.7518229166666667 0.6081018518518518 0.753125 0.6085648148148148 0.7578125 0.6085648148148148 0.7579427083333333 0.6083333333333333 0.8928385416666667 0.7152777777777778 0.8932291666666666 0.7150462962962963 0.8951822916666666 0.711574074074074 0.8967447916666667 0.7078703703703704 0.8985677083333333 0.7018518518518518 0.9009114583333333 0.6976851851851852 0.901171875 0.6962962962962963 0.903125 0.6928240740740741 0.90390625 0.6923611111111111 0.9053385416666667 0.6898148148148148 0.9053385416666667 0.6884259259259259 0.9061197916666667 0.6842592592592592 0.9075520833333334 0.6817129629629629 0.9096354166666667 0.6793981481481481 0.9110677083333333 0.6768518518518518 0.912890625 0.6689814814814815 0.913671875 0.6675925925925926 0.915234375 0.663425925925926 0.9186197916666666 0.6574074074074074 0.9201822916666667 0.6518518518518519 0.9209635416666667 0.649537037037037 0.9209635416666667 0.6467592592592593 0.919921875 0.6416666666666667 0.9188802083333333 0.638425925925926 0.91796875 0.6368055555555555 0.91640625 0.6354166666666666 0.915234375 0.6333333333333333 0.9149739583333333 0.6319444444444444 0.9139322916666667 0.6296296296296297 0.9131510416666667 0.6263888888888889 0.9110677083333333 0.6212962962962963 0.9102864583333333 0.6185185185185185 0.90859375 0.6150462962962963 0.90625 0.6136574074074074 0.9059895833333333 0.6131944444444445 0.9041666666666667 0.6131944444444445 0.90390625 0.6127314814814815 0.89921875 0.6127314814814815 0.8989583333333333 0.6131944444444445 0.896875 0.6131944444444445 0.8966145833333333 0.6136574074074074 0.8950520833333333 0.6136574074074074 0.8947916666666667 0.6141203703703704 0.89296875 0.6141203703703704 0.8916666666666667 0.6150462962962963 0.8908854166666667 0.6150462962962963 0.8888020833333333 0.6164351851851851 0.8875 0.6164351851851851 0.8872395833333333 0.6168981481481481 0.8859375 0.6168981481481481 0.8856770833333333 0.6173611111111111 0.88359375 0.6173611111111111 0.8833333333333333 0.617824074074074 0.8809895833333333 0.617824074074074 0.8807291666666667 0.618287037037037 0.8791666666666667 0.618287037037037 0.87890625 0.61875 0.8776041666666666 0.61875 0.87734375 0.6192129629629629 0.8744791666666667 0.6192129629629629 0.87421875 0.6196759259259259 0.8721354166666667 0.6196759259259259 0.871875 0.6201388888888889 0.8705729166666667 0.6201388888888889 0.8690104166666667 0.6210648148148148 0.86796875 0.6210648148148148 0.8669270833333333 0.6219907407407408 0.8661458333333333 0.6219907407407408 0.8651041666666667 0.6229166666666667 0.8638020833333333 0.6233796296296297 0.8622395833333333 0.6233796296296297 0.8619791666666666 0.6238425925925926 0.8604166666666667 0.6243055555555556 0.8588541666666667 0.6256944444444444 0.8583333333333333 0.6266203703703703 0.8567708333333334 0.6280092592592592 0.8544270833333333 0.6284722222222222 0.853515625 0.6291666666666667 0.8532552083333333 0.6314814814814815 0.8532552083333333 0.6342592592592593 0.8537760416666667 0.6356481481481482 0.8559895833333333 0.6377314814814815 0.8576822916666667 0.6407407407407407 0.8584635416666667 0.6430555555555556 0.8595052083333333 0.6449074074074074 0.860546875 0.6481481481481481 0.8631510416666667 0.6527777777777778 0.8647135416666667 0.6569444444444444 0.8665364583333334 0.6601851851851852 0.8680989583333333 0.6652777777777777 0.8694010416666667 0.6680555555555555 0.8709635416666667 0.6722222222222223 0.8720052083333333 0.674537037037037 0.8751302083333333 0.6800925925925926 0.8772135416666667 0.6856481481481481 0.879296875 0.6893518518518519 0.879296875 0.6898148148148148 0.880859375 0.6925925925925925 0.881640625 0.6944444444444444 0.883203125 0.6990740740740741 0.8834635416666666 0.700462962962963 0.8845052083333333 0.7032407407407407 0.888671875 0.7106481481481481 0.888671875 0.7111111111111111 0.8903645833333333 0.7141203703703703 0.8916666666666667 0.7155092592592592 0.8928385416666667 0.7152777777777778 0.7123697916666667 0.6162037037037037 0.71484375 0.6155092592592593 0.7149739583333333 0.6148148148148148 0.7140625 0.6136574074074074 0.7127604166666667 0.6136574074074074 0.7110677083333333 0.6152777777777778 0.7114583333333333 0.6159722222222223 0.7123697916666667 0.6162037037037037 0.7087239583333333 0.6208333333333333 0.7092447916666667 0.6203703703703703 0.70859375 0.6192129629629629 0.7072916666666667 0.6192129629629629 0.70703125 0.6196759259259259 0.70546875 0.6196759259259259 0.7048177083333333 0.6203703703703703 0.70546875 0.6210648148148148 0.70859375 0.6210648148148148 0.7087239583333333 0.6208333333333333 0.9399739583333333 0.8208333333333333 0.9416666666666667 0.8206018518518519 0.9419270833333333 0.8201388888888889 0.94375 0.8201388888888889 0.9440104166666666 0.819675925925926 0.9453125 0.819675925925926 0.9455729166666667 0.819212962962963 0.9473958333333333 0.819212962962963 0.94765625 0.81875 0.9505208333333334 0.81875 0.95078125 0.8182870370370371 0.9526041666666667 0.8182870370370371 0.9528645833333333 0.8178240740740741 0.9546875 0.8178240740740741 0.9549479166666667 0.8173611111111111 0.9588541666666667 0.8173611111111111 0.9609375 0.8159722222222222 0.9625 0.8141203703703703 0.9661458333333334 0.8141203703703703 0.9692708333333333 0.8122685185185186 0.97109375 0.8122685185185186 0.9713541666666666 0.8118055555555556 0.9731770833333333 0.8118055555555556 0.9734375 0.8113425925925926 0.975 0.8113425925925926 0.9752604166666666 0.8108796296296297 0.9765625 0.8108796296296297 0.9768229166666667 0.8104166666666667 0.9783854166666667 0.8104166666666667 0.9786458333333333 0.8099537037037037 0.9809895833333333 0.8099537037037037 0.98125 0.8094907407407408 0.9833333333333333 0.8094907407407408 0.98359375 0.8090277777777778 0.98515625 0.8090277777777778 0.9854166666666667 0.8085648148148148 0.98671875 0.8085648148148148 0.9880208333333333 0.8081018518518519 0.9901041666666667 0.8067129629629629 0.99140625 0.80625 0.9947916666666666 0.8039351851851851 0.9955729166666667 0.8039351851851851 0.996875 0.8030092592592593 0.997265625 0.8009259259259259 0.9967447916666666 0.799537037037037 0.9951822916666667 0.7967592592592593 0.994140625 0.7935185185185185 0.993359375 0.7921296296296296 0.9928385416666666 0.7898148148148149 0.991015625 0.7842592592592592 0.990234375 0.7828703703703703 0.9891927083333333 0.7796296296296297 0.988671875 0.7768518518518519 0.986328125 0.7726851851851851 0.984765625 0.7685185185185185 0.9833333333333333 0.7659722222222223 0.9830729166666666 0.7659722222222223 0.980078125 0.7606481481481482 0.980078125 0.7601851851851852 0.9766927083333333 0.7541666666666667 0.976171875 0.7513888888888889 0.9751302083333333 0.7481481481481481 0.9740885416666667 0.7462962962962963 0.9735677083333333 0.7444444444444445 0.9713541666666666 0.7405092592592593 0.97109375 0.7405092592592593 0.9696614583333333 0.7379629629629629 0.9696614583333333 0.7375 0.96796875 0.7344907407407407 0.9677083333333333 0.7344907407407407 0.9657552083333333 0.7310185185185185 0.9657552083333333 0.7305555555555555 0.9623697916666667 0.7245370370370371 0.9618489583333333 0.7222222222222222 0.9608072916666667 0.7199074074074074 0.959765625 0.7166666666666667 0.9571614583333333 0.712037037037037 0.9557291666666666 0.7085648148148148 0.95546875 0.7085648148148148 0.954296875 0.7064814814814815 0.953515625 0.7041666666666667 0.9529947916666667 0.7018518518518518 0.951171875 0.6986111111111111 0.9506510416666667 0.6967592592592593 0.9509114583333333 0.6962962962962963 0.951953125 0.6912037037037037 0.9516927083333333 0.6898148148148148 0.9505208333333334 0.6881944444444444 0.94765625 0.6881944444444444 0.94609375 0.6900462962962963 0.9453125 0.6914351851851852 0.9432291666666667 0.6928240740740741 0.9408854166666667 0.6956018518518519 0.9389322916666667 0.6990740740740741 0.9384114583333333 0.700925925925926 0.9358072916666667 0.7074074074074074 0.933984375 0.7106481481481481 0.933203125 0.7129629629629629 0.9305989583333333 0.7175925925925926 0.9298177083333333 0.7203703703703703 0.9290364583333334 0.7222222222222222 0.9272135416666667 0.725462962962963 0.9272135416666667 0.725925925925926 0.925390625 0.7291666666666666 0.925390625 0.7296296296296296 0.9240885416666667 0.7319444444444444 0.923046875 0.7347222222222223 0.9217447916666667 0.737037037037037 0.9217447916666667 0.7375 0.9201822916666667 0.7402777777777778 0.917578125 0.7462962962962963 0.9170572916666667 0.7486111111111111 0.9154947916666667 0.7523148148148148 0.9154947916666667 0.7527777777777778 0.9141927083333333 0.7574074074074074 0.913671875 0.7583333333333333 0.9131510416666667 0.7606481481481482 0.9134114583333334 0.7625 0.9134114583333334 0.7657407407407407 0.9141927083333333 0.7689814814814815 0.915234375 0.7717592592592593 0.919140625 0.7787037037037037 0.919921875 0.7810185185185186 0.9212239583333334 0.7833333333333333 0.922265625 0.7856481481481481 0.923046875 0.787962962962963 0.9251302083333334 0.7916666666666666 0.926171875 0.7939814814814815 0.926953125 0.7962962962962963 0.9290364583333334 0.8 0.9305989583333333 0.8046296296296296 0.9313802083333333 0.8060185185185185 0.9321614583333333 0.8083333333333333 0.9329427083333334 0.8097222222222222 0.9350260416666667 0.8157407407407408 0.93671875 0.81875 0.9385416666666667 0.8206018518518519 0.9399739583333333 0.8208333333333333 0.8126302083333333 0.8513888888888889 0.8127604166666667 0.8511574074074074 0.8151041666666666 0.8511574074074074 0.8153645833333333 0.8506944444444444 0.8169270833333333 0.8506944444444444 0.8171875 0.8502314814814815 0.8192708333333333 0.8502314814814815 0.81953125 0.8497685185185185 0.8223958333333333 0.8497685185185185 0.8244791666666667 0.8488425925925925 0.82578125 0.8479166666666667 0.82734375 0.8479166666666667 0.8276041666666667 0.8474537037037037 0.83046875 0.8474537037037037 0.83203125 0.8465277777777778 0.83359375 0.8465277777777778 0.8338541666666667 0.8460648148148148 0.8356770833333333 0.8460648148148148 0.8359375 0.8456018518518519 0.8380208333333333 0.8456018518518519 0.83828125 0.8451388888888889 0.8408854166666667 0.8451388888888889 0.8411458333333334 0.8446759259259259 0.8424479166666666 0.8446759259259259 0.8447916666666667 0.843287037037037 0.8479166666666667 0.843287037037037 0.8481770833333333 0.8428240740740741 0.85 0.8428240740740741 0.85234375 0.8414351851851852 0.8536458333333333 0.8409722222222222 0.8557291666666667 0.8409722222222222 0.8559895833333333 0.8405092592592592 0.8578125 0.8405092592592592 0.8580729166666666 0.8400462962962963 0.8598958333333333 0.8400462962962963 0.86015625 0.8395833333333333 0.8614583333333333 0.8395833333333333 0.86171875 0.8391203703703703 0.8630208333333333 0.8391203703703703 0.86328125 0.8386574074074075 0.86484375 0.8386574074074075 0.8651041666666667 0.8381944444444445 0.86640625 0.8381944444444445 0.8677083333333333 0.8377314814814815 0.86875 0.8368055555555556 0.8703125 0.8368055555555556 0.8705729166666667 0.8363425925925926 0.87265625 0.8363425925925926 0.8729166666666667 0.8358796296296296 0.87421875 0.8358796296296296 0.8760416666666667 0.8344907407407407 0.87734375 0.8340277777777778 0.8809895833333333 0.8340277777777778 0.8830729166666667 0.8331018518518518 0.8833333333333333 0.8326388888888889 0.8846354166666667 0.8326388888888889 0.8848958333333333 0.8321759259259259 0.8916666666666667 0.8321759259259259 0.8919270833333334 0.8317129629629629 0.8942708333333333 0.8317129629629629 0.89453125 0.83125 0.8971354166666666 0.83125 0.8973958333333333 0.830787037037037 0.8997395833333334 0.830787037037037 0.9020833333333333 0.8298611111111112 0.903515625 0.8287037037037037 0.9018229166666667 0.8270833333333333 0.900390625 0.8245370370370371 0.8998697916666667 0.8226851851851852 0.8983072916666667 0.8194444444444444 0.897265625 0.8152777777777778 0.8946614583333333 0.8106481481481481 0.8936197916666667 0.8078703703703703 0.8920572916666667 0.8050925925925926 0.8912760416666666 0.8023148148148148 0.8899739583333334 0.799537037037037 0.889453125 0.7976851851851852 0.888671875 0.7962962962962963 0.887890625 0.7939814814814815 0.886328125 0.788425925925926 0.8846354166666667 0.7854166666666667 0.884375 0.7854166666666667 0.8819010416666667 0.7810185185185186 0.8819010416666667 0.7805555555555556 0.8796875 0.7780092592592592 0.8776041666666666 0.7761574074074075 0.8760416666666667 0.7752314814814815 0.8739583333333333 0.7747685185185185 0.8736979166666666 0.7743055555555556 0.86875 0.7743055555555556 0.8684895833333334 0.7747685185185185 0.8671875 0.7747685185185185 0.865625 0.7756944444444445 0.8643229166666667 0.7756944444444445 0.8640625 0.7761574074074075 0.8627604166666667 0.7761574074074075 0.8625 0.7766203703703703 0.8611979166666667 0.7766203703703703 0.8609375 0.7770833333333333 0.8596354166666667 0.7770833333333333 0.8580729166666666 0.7780092592592592 0.8549479166666667 0.7780092592592592 0.8546875 0.7784722222222222 0.85234375 0.7784722222222222 0.8520833333333333 0.7789351851851852 0.8502604166666666 0.7789351851851852 0.85 0.7793981481481481 0.8471354166666667 0.7793981481481481 0.846875 0.7798611111111111 0.8447916666666667 0.7798611111111111 0.8434895833333333 0.7803240740740741 0.8421875 0.78125 0.840625 0.78125 0.8403645833333333 0.781712962962963 0.83828125 0.781712962962963 0.8380208333333333 0.7821759259259259 0.8364583333333333 0.7821759259259259 0.8361979166666667 0.7826388888888889 0.8348958333333333 0.7826388888888889 0.8346354166666666 0.7831018518518519 0.8328125 0.7831018518518519 0.8325520833333333 0.7835648148148148 0.83046875 0.7835648148148148 0.8302083333333333 0.7840277777777778 0.8286458333333333 0.7840277777777778 0.8283854166666667 0.7844907407407408 0.8270833333333333 0.7844907407407408 0.8268229166666666 0.7849537037037037 0.8252604166666667 0.7849537037037037 0.825 0.7854166666666667 0.8234375 0.7854166666666667 0.8231770833333333 0.7858796296296297 0.8213541666666667 0.7858796296296297 0.82109375 0.7863425925925925 0.8190104166666666 0.7863425925925925 0.81875 0.7868055555555555 0.8171875 0.7868055555555555 0.8169270833333333 0.7872685185185185 0.815625 0.7872685185185185 0.8153645833333333 0.7877314814814815 0.8140625 0.7877314814814815 0.8127604166666667 0.7886574074074074 0.8119791666666667 0.7886574074074074 0.8098958333333334 0.7895833333333333 0.8096354166666667 0.7900462962962963 0.8078125 0.7900462962962963 0.8075520833333333 0.7905092592592593 0.8059895833333334 0.7905092592592593 0.8057291666666667 0.7909722222222222 0.8044270833333333 0.7909722222222222 0.8041666666666667 0.7914351851851852 0.8026041666666667 0.7914351851851852 0.80234375 0.7918981481481482 0.79921875 0.7918981481481482 0.7979166666666667 0.7923611111111111 0.7947916666666667 0.794212962962963 0.7921875 0.794212962962963 0.7919270833333333 0.794675925925926 0.78984375 0.794675925925926 0.7895833333333333 0.7951388888888888 0.7880208333333333 0.7951388888888888 0.7877604166666666 0.7956018518518518 0.7864583333333334 0.7956018518518518 0.7854166666666667 0.7965277777777777 0.78359375 0.7969907407407407 0.7825520833333334 0.7979166666666667 0.7813802083333333 0.8004629629629629 0.7813802083333333 0.8027777777777778 0.783984375 0.8074074074074075 0.7852864583333333 0.8115740740740741 0.786328125 0.8157407407407408 0.787109375 0.8180555555555555 0.788671875 0.8217592592592593 0.7889322916666667 0.8231481481481482 0.7899739583333333 0.8263888888888888 0.7899739583333333 0.8273148148148148 0.7907552083333333 0.8300925925925926 0.7921875 0.8326388888888889 0.7924479166666667 0.8326388888888889 0.794140625 0.8356481481481481 0.7951822916666667 0.8384259259259259 0.7967447916666667 0.8412037037037037 0.7975260416666666 0.8444444444444444 0.798046875 0.8458333333333333 0.79921875 0.8474537037037037 0.8010416666666667 0.8474537037037037 0.8013020833333333 0.8479166666666667 0.8026041666666667 0.8479166666666667 0.8041666666666667 0.8497685185185185 0.80625 0.8516203703703704 0.8125 0.8516203703703704 0.8126302083333333 0.8513888888888889 0.733984375 0.9537037037037037 0.7356770833333334 0.9530092592592593 0.7368489583333333 0.950925925925926 0.7376302083333334 0.9481481481481482 0.737890625 0.9458333333333333 0.7384114583333333 0.9435185185185185 0.7389322916666666 0.9425925925925925 0.7407552083333333 0.9361111111111111 0.7407552083333333 0.9347222222222222 0.7412760416666667 0.9328703703703703 0.7412760416666667 0.9314814814814815 0.7423177083333333 0.9273148148148148 0.743359375 0.9222222222222223 0.744140625 0.9203703703703704 0.7446614583333333 0.9175925925925926 0.744921875 0.9143518518518519 0.745703125 0.9111111111111111 0.7462239583333333 0.9101851851851852 0.7467447916666666 0.9078703703703703 0.747265625 0.9069444444444444 0.7477864583333333 0.9046296296296297 0.748046875 0.9018518518518519 0.7485677083333333 0.9004629629629629 0.7493489583333334 0.8930555555555556 0.7498697916666667 0.8902777777777777 0.7498697916666667 0.887962962962963 0.7501302083333333 0.8875 0.7501302083333333 0.8842592592592593 0.7493489583333334 0.8810185185185185 0.7490885416666667 0.8777777777777778 0.7483072916666667 0.874537037037037 0.7483072916666667 0.8736111111111111 0.7475260416666667 0.8712962962962963 0.7467447916666666 0.8675925925925926 0.7459635416666667 0.8652777777777778 0.7454427083333334 0.8625 0.7454427083333334 0.8606481481481482 0.7446614583333333 0.8569444444444444 0.742578125 0.8495370370370371 0.7407552083333333 0.8421296296296297 0.7389322916666666 0.8375 0.7384114583333333 0.8347222222222223 0.7384114583333333 0.8324074074074074 0.7376302083333334 0.8273148148148148 0.7365885416666667 0.8236111111111111 0.7360677083333333 0.8226851851851852 0.7345052083333333 0.8162037037037037 0.7337239583333334 0.8125 0.7328125 0.8104166666666667 0.73203125 0.8099537037037037 0.7278645833333334 0.8099537037037037 0.7252604166666666 0.8108796296296297 0.725 0.8113425925925926 0.7234375 0.8113425925925926 0.7231770833333333 0.8118055555555556 0.7213541666666666 0.8118055555555556 0.72109375 0.8122685185185186 0.7197916666666667 0.8122685185185186 0.7184895833333333 0.8127314814814814 0.7171875 0.8136574074074074 0.7158854166666667 0.8136574074074074 0.715625 0.8141203703703703 0.7140625 0.8141203703703703 0.7138020833333333 0.8145833333333333 0.7119791666666667 0.8145833333333333 0.71171875 0.8150462962962963 0.71015625 0.8150462962962963 0.7098958333333333 0.8155092592592592 0.70859375 0.8155092592592592 0.7083333333333334 0.8159722222222222 0.70703125 0.8159722222222222 0.7067708333333333 0.8164351851851852 0.7046875 0.8168981481481481 0.7033854166666667 0.8182870370370371 0.7022135416666667 0.8203703703703704 0.7016927083333333 0.8217592592592593 0.7016927083333333 0.8245370370370371 0.7022135416666667 0.8273148148148148 0.7022135416666667 0.8291666666666667 0.704296875 0.836574074074074 0.7048177083333333 0.8388888888888889 0.7053385416666667 0.8425925925925926 0.7061197916666667 0.8444444444444444 0.7071614583333333 0.8476851851851852 0.7071614583333333 0.8490740740740741 0.7076822916666666 0.8518518518518519 0.708984375 0.8555555555555555 0.710546875 0.8583333333333333 0.7115885416666666 0.862037037037037 0.712109375 0.8662037037037037 0.7126302083333333 0.8680555555555556 0.712890625 0.8712962962962963 0.713671875 0.874537037037037 0.7139322916666667 0.8763888888888889 0.715234375 0.8824074074074074 0.716015625 0.887962962962963 0.7165364583333333 0.8898148148148148 0.7165364583333333 0.8912037037037037 0.7186197916666667 0.8981481481481481 0.7188802083333333 0.9004629629629629 0.719921875 0.9041666666666667 0.7201822916666667 0.9064814814814814 0.7212239583333333 0.9101851851851852 0.7217447916666667 0.9111111111111111 0.7225260416666667 0.9138888888888889 0.723046875 0.9166666666666666 0.723046875 0.9180555555555555 0.7235677083333333 0.9199074074074074 0.7235677083333333 0.9212962962962963 0.7248697916666667 0.9254629629629629 0.7248697916666667 0.9263888888888889 0.726171875 0.9300925925925926 0.726171875 0.9310185185185185 0.7272135416666666 0.9347222222222222 0.7272135416666666 0.9361111111111111 0.727734375 0.9384259259259259 0.727734375 0.9398148148148148 0.7287760416666667 0.9435185185185185 0.7298177083333334 0.9453703703703704 0.7305989583333333 0.9486111111111111 0.731640625 0.9518518518518518 0.7325520833333333 0.9539351851851852 0.733984375 0.9537037037037037 0.9997395833333333 0.8650462962962963 0.9981770833333333 0.8650462962962963 0.9979166666666667 0.8655092592592593 0.99609375 0.8655092592592593 0.9958333333333333 0.8659722222222223 0.9940104166666667 0.8659722222222223 0.99375 0.8664351851851851 0.9921875 0.8664351851851851 0.9919270833333333 0.8668981481481481 0.9901041666666667 0.8668981481481481 0.98984375 0.8673611111111111 0.98828125 0.8673611111111111 0.9880208333333333 0.867824074074074 0.9861979166666667 0.867824074074074 0.9859375 0.868287037037037 0.9846354166666667 0.868287037037037 0.984375 0.86875 0.9830729166666666 0.86875 0.9828125 0.8692129629629629 0.98125 0.8692129629629629 0.9809895833333333 0.8696759259259259 0.9794270833333333 0.8696759259259259 0.9791666666666666 0.8701388888888889 0.9776041666666667 0.8701388888888889 0.9760416666666667 0.8710648148148148 0.9736979166666667 0.8715277777777778 0.9734375 0.8719907407407408 0.9721354166666667 0.8719907407407408 0.971875 0.8724537037037037 0.9705729166666667 0.8724537037037037 0.96953125 0.8729166666666667 0.96796875 0.8743055555555556 0.9674479166666666 0.8743055555555556 0.9661458333333334 0.8756944444444444 0.96484375 0.8761574074074074 0.9638020833333333 0.8770833333333333 0.962890625 0.8791666666666667 0.9641927083333334 0.8819444444444444 0.9647135416666667 0.8842592592592593 0.9669270833333333 0.8881944444444444 0.9671875 0.8881944444444444 0.969140625 0.8916666666666667 0.970703125 0.8958333333333334 0.9717447916666667 0.8976851851851851 0.9725260416666667 0.9 0.9756510416666667 0.9055555555555556 0.9764322916666667 0.9078703703703703 0.9772135416666666 0.9092592592592592 0.977734375 0.9111111111111111 0.9791666666666666 0.9136574074074074 0.9815104166666667 0.9155092592592593 0.9828125 0.9155092592592593 0.984375 0.9141203703703704 0.9854166666666667 0.9141203703703704 0.9869791666666666 0.9127314814814815 0.9885416666666667 0.9099537037037037 0.9908854166666666 0.9071759259259259 0.9927083333333333 0.9039351851851852 0.99375 0.9025462962962963 0.9953125 0.9011574074074075 0.9958333333333333 0.9002314814814815 0.9979166666666667 0.8979166666666667 0.9997395833333333 0.8979166666666667 
