 7 0.000000 0.127546 0.001302 0.127546 0.002344 0.127083 0.002865 0.126157 0.004167 0.125231 0.007292 0.123843 0.007552 0.123380 0.010937 0.121991 0.011979 0.121065 0.014323 0.120139 0.017969 0.117361 0.022396 0.115509 0.023438 0.114583 0.024219 0.114583 0.025781 0.113657 0.027865 0.111806 0.031250 0.110417 0.033073 0.109028 0.033854 0.109028 0.036458 0.107176 0.037240 0.107176 0.039062 0.105787 0.039714 0.104630 0.040234 0.102315 0.039974 0.099537 0.039193 0.098148 0.038411 0.095833 0.037630 0.094444 0.036849 0.092130 0.035547 0.089815 0.034245 0.086574 0.033984 0.085185 0.032682 0.082407 0.031641 0.079167 0.029818 0.075463 0.029297 0.073611 0.027734 0.070370 0.027214 0.068519 0.026432 0.067130 0.026172 0.065741 0.025391 0.063889 0.024089 0.061574 0.023307 0.059259 0.022526 0.057870 0.022266 0.056481 0.020964 0.053241 0.020703 0.051852 0.019922 0.050463 0.018099 0.044907 0.017057 0.042593 0.015495 0.039815 0.015495 0.039352 0.013672 0.034259 0.012891 0.031481 0.012109 0.030093 0.010286 0.024074 0.009766 0.022685 0.008464 0.020370 0.007422 0.017130 0.006901 0.016204 0.006380 0.013889 0.005339 0.011111 0.004036 0.008796 0.002734 0.004630 0.002474 0.003241 0.002474 0.000000
 7 0.038151 0.000000 0.038151 0.002778 0.039323 0.004861 0.040495 0.006481 0.041276 0.009259 0.043099 0.013426 0.044661 0.018056 0.046484 0.021759 0.047266 0.024537 0.048307 0.026852 0.049870 0.031944 0.050651 0.033333 0.051432 0.035648 0.052995 0.038889 0.053516 0.040741 0.055599 0.045833 0.055859 0.047222 0.057161 0.049537 0.057161 0.050000 0.058464 0.052778 0.058724 0.054167 0.059766 0.056481 0.060286 0.058333 0.061328 0.060185 0.062109 0.062500 0.063151 0.064352 0.064193 0.067593 0.065755 0.070833 0.067318 0.075463 0.068359 0.077315 0.069141 0.079630 0.072266 0.087963 0.073307 0.089815 0.073828 0.091667 0.074609 0.093056 0.075391 0.095833 0.076953 0.098611 0.077995 0.101852 0.079036 0.104167 0.079818 0.106481 0.080859 0.108796 0.082161 0.111111 0.083203 0.113426 0.083464 0.116204 0.082943 0.118519 0.081771 0.120602 0.076042 0.122917 0.075000 0.123843 0.072656 0.125231 0.070833 0.125694 0.069792 0.126620 0.069010 0.126620 0.067969 0.127546 0.064583 0.128935 0.064323 0.129398 0.061979 0.130324 0.060156 0.131713 0.059115 0.131713 0.058073 0.132639 0.055208 0.133565 0.054167 0.134491 0.051823 0.135417 0.051042 0.136343 0.050260 0.136343 0.046875 0.138657 0.046094 0.138657 0.045052 0.139583 0.042969 0.140509 0.041406 0.141898 0.040625 0.141898 0.038802 0.143287 0.036458 0.144213 0.033594 0.146065 0.032813 0.146991 0.031510 0.147454 0.030469 0.148380 0.028125 0.149306 0.027344 0.150231 0.025260 0.151157 0.024219 0.152083 0.022135 0.153009 0.021094 0.153935 0.020313 0.153935 0.016927 0.156250 0.016406 0.156250 0.013802 0.158102 0.010937 0.159491 0.010156 0.160417 0.009375 0.160417 0.008333 0.161343 0.007552 0.161343 0.006771 0.162269 0.004427 0.163657 0.003125 0.164120 0.001563 0.165509 0.000000 0.165509
 6 0.172786 0.000000 0.172786 0.002315 0.173047 0.003704 0.174349 0.006019 0.176432 0.012037 0.176953 0.013889 0.177995 0.015741 0.178516 0.017593 0.179557 0.019907 0.180339 0.022222 0.180859 0.024537 0.182422 0.027315 0.184766 0.034259 0.185547 0.037500 0.187109 0.041204 0.188932 0.047685 0.190495 0.051389 0.191016 0.053241 0.192057 0.055556 0.193359 0.057870 0.193880 0.059722 0.192839 0.064352 0.191927 0.065509 0.190365 0.066435 0.187500 0.067361 0.185677 0.068750 0.184896 0.068750 0.183594 0.069676 0.181510 0.070602 0.180469 0.070602 0.178906 0.071528 0.176823 0.071528 0.175781 0.070602 0.174349 0.068056 0.173568 0.064815 0.172005 0.061111 0.170964 0.056944 0.170443 0.056019 0.168880 0.050926 0.166797 0.046296 0.164714 0.039815 0.163672 0.037500 0.163411 0.036111 0.162370 0.033333 0.160026 0.027778 0.159766 0.026389 0.158724 0.024074 0.158203 0.022222 0.157422 0.020833 0.155339 0.014352 0.152734 0.007870 0.151172 0.003241 0.151172 0.000000
 6 0.317578 0.000000 0.317578 0.002315 0.316667 0.003009 0.315885 0.003009 0.314323 0.004398 0.313542 0.004398 0.312500 0.005324 0.311198 0.005787 0.310156 0.006713 0.309375 0.006713 0.308073 0.007639 0.307031 0.007639 0.305729 0.008565 0.304948 0.008565 0.303906 0.009491 0.302344 0.009954 0.301042 0.011343 0.298698 0.012731 0.297917 0.012731 0.296615 0.013657 0.295833 0.013657 0.294792 0.014583 0.293750 0.014583 0.291406 0.015972 0.290365 0.015972 0.289323 0.016898 0.288542 0.016898 0.287500 0.017824 0.286719 0.017824 0.285417 0.018750 0.284635 0.018750 0.283594 0.019676 0.282031 0.020139 0.281250 0.021065 0.279948 0.021528 0.278646 0.022454 0.277865 0.022454 0.276562 0.023380 0.275521 0.023380 0.271354 0.025694 0.270313 0.026620 0.268490 0.027083 0.267188 0.028009 0.265365 0.028472 0.264323 0.029398 0.263542 0.029398 0.262500 0.030324 0.260156 0.031250 0.259115 0.032176 0.258333 0.032176 0.257292 0.033102 0.254948 0.034028 0.253906 0.034954 0.253125 0.034954 0.252344 0.035880 0.251563 0.035880 0.249740 0.037269 0.247396 0.038194 0.246615 0.039120 0.244010 0.040046 0.243750 0.040509 0.242448 0.040509 0.241146 0.040972 0.239844 0.041898 0.238021 0.042361 0.236719 0.043287 0.235677 0.043287 0.232292 0.045602 0.229948 0.045602 0.228646 0.046065 0.228255 0.045370 0.228255 0.043981 0.228906 0.042824 0.229687 0.042361 0.230859 0.040278 0.231120 0.038889 0.234115 0.033565 0.234375 0.033565 0.236719 0.030787 0.239583 0.025694 0.240495 0.024537 0.241016 0.023148 0.239714 0.020370 0.237630 0.012963 0.236849 0.010648 0.236328 0.007407 0.235286 0.004167 0.235026 0.002778 0.235026 0.000000
 3 0.382292 0.278472 0.380469 0.278472 0.378125 0.275694 0.376693 0.273148 0.375911 0.269907 0.375911 0.268519 0.375391 0.266204 0.374870 0.265278 0.373568 0.260185 0.373568 0.257407 0.373828 0.256944 0.373828 0.254630 0.375260 0.252083 0.377083 0.250694 0.378385 0.248843 0.383333 0.244213 0.383854 0.244213 0.385937 0.242361 0.388281 0.240972 0.389062 0.240046 0.390365 0.239583 0.391927 0.238194 0.394010 0.237731 0.395313 0.236806 0.396615 0.236343 0.398958 0.238194 0.399609 0.239352 0.401953 0.247222 0.401953 0.248148 0.403255 0.252315 0.403516 0.255556 0.403255 0.256019 0.403255 0.259722 0.402995 0.260648 0.401562 0.263194 0.398698 0.265972 0.396875 0.268287 0.393750 0.271065 0.393229 0.271065 0.390365 0.273843 0.389062 0.274769 0.386198 0.276157 0.385417 0.277083 0.383854 0.277546 0.382292 0.278472
 3 0.326562 0.320139 0.325391 0.318519 0.325391 0.318056 0.323568 0.313889 0.322266 0.309722 0.321484 0.308333 0.321224 0.306944 0.320182 0.304630 0.319401 0.301389 0.319922 0.296296 0.320573 0.295139 0.322396 0.293287 0.322917 0.292361 0.326302 0.289120 0.328125 0.287731 0.330729 0.284954 0.333333 0.282639 0.334896 0.281713 0.335677 0.281713 0.338021 0.279398 0.340365 0.279398 0.341146 0.279861 0.341797 0.281019 0.342839 0.285185 0.344401 0.289352 0.345182 0.292593 0.347005 0.296296 0.347005 0.300926 0.345313 0.303935 0.345052 0.303935 0.343750 0.306250 0.342187 0.307639 0.338542 0.311806 0.337240 0.312731 0.336719 0.313657 0.334115 0.315972 0.333594 0.315972 0.331510 0.317824 0.329167 0.319213 0.328125 0.319213 0.326562 0.320139
 4 0.350000 0.296991 0.348958 0.296991 0.346875 0.294676 0.346615 0.294676 0.344661 0.291204 0.344661 0.290741 0.343099 0.287037 0.343099 0.286111 0.342318 0.283796 0.342057 0.281944 0.341276 0.280556 0.340234 0.277315 0.339974 0.275463 0.339974 0.273148 0.339714 0.272685 0.339714 0.270370 0.339453 0.269907 0.339453 0.262963 0.339714 0.262500 0.339714 0.258796 0.340495 0.255093 0.341146 0.253935 0.342448 0.253009 0.345313 0.249306 0.348958 0.246528 0.350521 0.244676 0.351042 0.244676 0.353385 0.242361 0.354687 0.241898 0.356510 0.240046 0.357031 0.240046 0.359375 0.237731 0.360677 0.236806 0.363542 0.235880 0.363802 0.235417 0.365625 0.235417 0.366406 0.236343 0.367839 0.239352 0.368880 0.243519 0.369401 0.244444 0.371224 0.251389 0.371745 0.252315 0.372266 0.255093 0.373307 0.258333 0.373828 0.261111 0.375651 0.268056 0.375651 0.272222 0.375911 0.272685 0.375651 0.274537 0.374740 0.276157 0.372917 0.277546 0.369792 0.280787 0.368490 0.281713 0.365885 0.284491 0.365625 0.284491 0.361458 0.288194 0.360156 0.289583 0.357552 0.291435 0.356250 0.292824 0.355729 0.292824 0.353385 0.294676 0.352083 0.295139 0.350000 0.296991
 4 0.408333 0.251620 0.404427 0.251620 0.403906 0.251157 0.401693 0.247222 0.400911 0.244444 0.400911 0.243519 0.399870 0.239815 0.398828 0.237500 0.398047 0.233796 0.397786 0.231019 0.396745 0.227778 0.396484 0.226389 0.396484 0.220833 0.396745 0.219444 0.397917 0.217361 0.399740 0.215509 0.400781 0.214120 0.402344 0.213194 0.402865 0.212269 0.404167 0.211343 0.404687 0.210417 0.406250 0.209491 0.407552 0.208102 0.410677 0.206250 0.411979 0.204861 0.413802 0.203935 0.414583 0.203009 0.417448 0.201620 0.420052 0.199306 0.420833 0.198380 0.421875 0.198380 0.423177 0.197454 0.425521 0.198380 0.426302 0.199306 0.427474 0.201389 0.427734 0.202778 0.428776 0.206019 0.428776 0.206944 0.429818 0.210185 0.431120 0.216204 0.431641 0.217593 0.432422 0.221296 0.433464 0.224537 0.433464 0.227315 0.432943 0.229630 0.431510 0.232176 0.430729 0.232639 0.426563 0.236806 0.424479 0.238194 0.421094 0.242361 0.419010 0.244213 0.418490 0.244213 0.415365 0.246065 0.414583 0.246991 0.410156 0.250694 0.409375 0.250694 0.408333 0.251620
 4 0.427083 0.499306 0.425260 0.499306 0.425000 0.498843 0.423698 0.498843 0.420052 0.492361 0.419792 0.492361 0.417318 0.487963 0.416536 0.485648 0.415495 0.483333 0.411068 0.475463 0.410026 0.472685 0.407422 0.468056 0.407422 0.467593 0.404427 0.462269 0.403255 0.460648 0.401432 0.456019 0.400391 0.450926 0.398047 0.443519 0.396224 0.437037 0.395182 0.434722 0.394661 0.430556 0.394141 0.428704 0.394141 0.427315 0.395313 0.425694 0.396354 0.425694 0.397917 0.424769 0.399219 0.424769 0.399479 0.424306 0.401042 0.424306 0.401302 0.423843 0.403125 0.423843 0.403385 0.423380 0.406771 0.423380 0.407031 0.422917 0.409635 0.422917 0.409896 0.422454 0.411979 0.422454 0.412240 0.421991 0.414323 0.421991 0.414583 0.421528 0.416927 0.421528 0.418229 0.422454 0.419141 0.424537 0.419401 0.427315 0.420182 0.430093 0.421745 0.433333 0.422526 0.436574 0.422786 0.438426 0.422786 0.441204 0.423047 0.441667 0.423828 0.447222 0.423828 0.448611 0.424609 0.451852 0.424870 0.455093 0.426172 0.460648 0.426432 0.463426 0.426693 0.463889 0.426693 0.466204 0.427214 0.469907 0.427734 0.472222 0.427734 0.473611 0.428255 0.475926 0.428255 0.478241 0.428516 0.478704 0.428516 0.481019 0.429036 0.483333 0.429036 0.484722 0.429818 0.488426 0.429818 0.495370 0.429557 0.496296 0.428385 0.498380 0.427083 0.499306
 6 0.427083 0.215972 0.426563 0.215972 0.425651 0.214815 0.425130 0.211574 0.423958 0.209954 0.421875 0.209954 0.421615 0.209491 0.420052 0.209491 0.417969 0.208102 0.417318 0.206944 0.417057 0.205556 0.418229 0.204861 0.419271 0.203472 0.420833 0.203009 0.422396 0.201620 0.423698 0.201157 0.424740 0.202083 0.426172 0.204630 0.427214 0.207870 0.427474 0.209722 0.427995 0.210648 0.428255 0.212963 0.427734 0.214815 0.427083 0.215972
 6 0.475000 0.585417 0.466146 0.585417 0.465885 0.584954 0.461719 0.584954 0.461458 0.584491 0.456250 0.584491 0.455990 0.584028 0.449740 0.584028 0.449479 0.583565 0.445052 0.583565 0.444792 0.583102 0.441406 0.583102 0.441146 0.582639 0.432292 0.582639 0.432031 0.582176 0.429167 0.582176 0.428906 0.581713 0.426042 0.581713 0.425781 0.581250 0.422396 0.581250 0.422135 0.580787 0.418229 0.580787 0.417969 0.580324 0.414323 0.580324 0.414062 0.579861 0.409115 0.579861 0.408854 0.579398 0.401823 0.579398 0.401562 0.578935 0.395833 0.578935 0.395573 0.578472 0.389062 0.578472 0.388802 0.578009 0.382552 0.578009 0.382292 0.577546 0.377604 0.577546 0.377344 0.577083 0.370833 0.577083 0.370573 0.576620 0.365104 0.576620 0.364844 0.576157 0.360938 0.576157 0.360677 0.575694 0.356250 0.575694 0.355990 0.575231 0.354687 0.575231 0.351823 0.573843 0.350521 0.572454 0.350000 0.572454 0.348307 0.569907 0.347005 0.566667 0.346224 0.563426 0.344401 0.559722 0.343359 0.556944 0.343099 0.555556 0.342057 0.553241 0.341536 0.550926 0.338932 0.544444 0.338672 0.543056 0.337370 0.540741 0.336589 0.538889 0.335286 0.534722 0.334766 0.533796 0.333724 0.530093 0.332682 0.527778 0.332422 0.526389 0.331641 0.525000 0.331380 0.523611 0.329036 0.518056 0.328516 0.515741 0.326172 0.509722 0.325130 0.507870 0.323047 0.501389 0.322266 0.498611 0.321484 0.497222 0.320182 0.493056 0.319141 0.490741 0.318880 0.489352 0.316016 0.482407 0.315495 0.480093 0.313672 0.476389 0.312891 0.473148 0.311589 0.468519 0.310547 0.466667 0.308464 0.461574 0.307682 0.458796 0.306641 0.456944 0.305339 0.453704 0.305339 0.452778 0.304036 0.449074 0.304036 0.448611 0.301953 0.443519 0.301432 0.441667 0.299870 0.438426 0.298307 0.433796 0.296484 0.430093 0.296224 0.428704 0.295182 0.425463 0.294401 0.424074 0.293359 0.420833 0.292839 0.419907 0.292057 0.416667 0.291536 0.415741 0.289714 0.411111 0.289193 0.409259 0.285026 0.398148 0.284766 0.396759 0.283464 0.393981 0.283464 0.393519 0.282161 0.391204 0.280078 0.385648 0.280078 0.384722 0.279297 0.382870 0.279036 0.381481 0.277995 0.379167 0.276693 0.373611 0.276172 0.372222 0.276432 0.369907 0.276953 0.368519 0.278385 0.365972 0.281771 0.362731 0.283073 0.360880 0.284375 0.359954 0.284896 0.359028 0.286458 0.357639 0.288021 0.355787 0.288802 0.355324 0.290104 0.353472 0.291667 0.352546 0.293229 0.351157 0.293750 0.350231 0.295833 0.348380 0.296354 0.348380 0.298177 0.346528 0.300781 0.342824 0.304688 0.339583 0.305990 0.337731 0.307812 0.336343 0.308333 0.335417 0.309375 0.334954 0.309896 0.334028 0.313021 0.331713 0.313542 0.330787 0.315365 0.329398 0.315885 0.328472 0.317188 0.327546 0.317708 0.326620 0.319010 0.325694 0.319792 0.325694 0.322396 0.323843 0.323177 0.323843 0.324740 0.322917 0.326562 0.320602 0.331510 0.316435 0.333333 0.314120 0.334375 0.313657 0.335156 0.312731 0.336719 0.312269 0.341146 0.309491 0.341927 0.308565 0.343229 0.306250 0.344531 0.304861 0.345052 0.304861 0.346354 0.303472 0.347917 0.303009 0.348958 0.302083 0.350000 0.302083 0.351562 0.301157 0.353255 0.296759 0.353776 0.294444 0.353776 0.290741 0.354167 0.290046 0.356250 0.290046 0.357812 0.289120 0.358984 0.287037 0.359245 0.285648 0.359896 0.284954 0.360677 0.284954 0.362500 0.283102 0.363281 0.282639 0.364583 0.282639 0.364844 0.282176 0.366667 0.282176 0.367708 0.281713 0.369531 0.280324 0.369922 0.278704 0.370573 0.277546 0.371615 0.276620 0.374219 0.276620 0.376302 0.278009 0.377604 0.278009 0.379167 0.277083 0.380469 0.277083 0.382812 0.275694 0.384896 0.275231 0.386198 0.273843 0.388802 0.271991 0.390885 0.271528 0.391146 0.271065 0.392969 0.270602 0.395833 0.268287 0.397266 0.266204 0.397526 0.264815 0.398698 0.262731 0.401042 0.260880 0.403125 0.258102 0.404427 0.257176 0.406771 0.256250 0.407552 0.255324 0.411979 0.255324 0.414062 0.254398 0.415234 0.252315 0.413672 0.247222 0.414323 0.245602 0.415365 0.245139 0.416667 0.243750 0.419010 0.241898 0.422656 0.241898 0.423698 0.242361 0.423958 0.241898 0.426563 0.240509 0.426693 0.239815 0.427995 0.238426 0.427474 0.236574 0.427474 0.232407 0.427214 0.230556 0.426302 0.228472 0.425521 0.228009 0.423177 0.228009 0.422917 0.227546 0.421354 0.227546 0.420312 0.226620 0.419401 0.226389 0.421094 0.223380 0.421354 0.223380 0.422786 0.220833 0.423438 0.219213 0.424219 0.218750 0.425521 0.220602 0.426823 0.222917 0.427083 0.222917 0.427734 0.225463 0.427734 0.226852 0.428255 0.228704 0.429688 0.229861 0.430990 0.229861 0.432161 0.231481 0.432422 0.233333 0.432161 0.234259 0.430990 0.236343 0.429688 0.236343 0.428906 0.236806 0.428255 0.237963 0.428516 0.239352 0.429167 0.240509 0.431250 0.241435 0.431510 0.241898 0.434896 0.241898 0.435417 0.241435 0.437240 0.238194 0.438802 0.237731 0.442969 0.234491 0.443750 0.234491 0.445573 0.233102 0.446354 0.233102 0.447396 0.232176 0.451302 0.229861 0.455469 0.228472 0.457292 0.227083 0.459635 0.226157 0.460677 0.225231 0.461458 0.225231 0.462500 0.224306 0.463281 0.224306 0.464062 0.223380 0.465365 0.222917 0.467448 0.221528 0.468750 0.221528 0.470052 0.221065 0.471615 0.219676 0.472135 0.219676 0.475521 0.216898 0.476042 0.216898 0.477865 0.215509 0.478646 0.215509 0.479687 0.214583 0.482292 0.213194 0.486198 0.211806 0.489844 0.209028 0.492448 0.209028 0.493750 0.209491 0.494792 0.210417 0.495964 0.213426 0.496484 0.216204 0.496484 0.226852 0.497266 0.231019 0.497266 0.232407 0.500391 0.243519 0.501172 0.250000 0.501693 0.251852 0.501953 0.254167 0.502995 0.257407 0.503516 0.259722 0.503776 0.262037 0.504818 0.265741 0.505339 0.269907 0.505859 0.272222 0.507422 0.277778 0.507943 0.278704 0.508724 0.281481 0.510547 0.284722 0.511589 0.287037 0.512109 0.289815 0.513411 0.293056 0.514714 0.298611 0.515234 0.300000 0.516016 0.304630 0.516016 0.306481 0.516536 0.309259 0.517057 0.310648 0.518359 0.315278 0.519922 0.322685 0.520443 0.324537 0.520443 0.325926 0.520964 0.327778 0.520964 0.329167 0.522266 0.334259 0.523047 0.336574 0.523307 0.338889 0.523828 0.340278 0.524349 0.344444 0.524870 0.347222 0.526172 0.351852 0.526953 0.354167 0.527995 0.360648 0.529036 0.365278 0.529818 0.367593 0.530599 0.372685 0.531120 0.374074 0.531380 0.375926 0.531901 0.376852 0.532422 0.379167 0.532682 0.382407 0.532943 0.382870 0.533203 0.385648 0.533984 0.387963 0.534505 0.390741 0.536328 0.398611 0.536589 0.400926 0.538151 0.406944 0.538411 0.409259 0.539453 0.413426 0.539453 0.414815 0.539974 0.418056 0.540495 0.419444 0.540755 0.421759 0.541276 0.423148 0.541536 0.425463 0.542839 0.429630 0.543880 0.434722 0.543880 0.436574 0.544401 0.438889 0.544661 0.441204 0.544661 0.447222 0.544401 0.448611 0.542839 0.452315 0.542839 0.452778 0.541536 0.455093 0.541536 0.455556 0.539714 0.458796 0.538411 0.462500 0.535547 0.467593 0.534766 0.469907 0.533203 0.472685 0.532161 0.475000 0.531120 0.478241 0.529818 0.480556 0.529818 0.481019 0.525911 0.487963 0.523828 0.493056 0.521224 0.497685 0.521224 0.498148 0.518099 0.503704 0.518099 0.504167 0.516276 0.508333 0.516016 0.509722 0.515234 0.511574 0.514062 0.513657 0.513802 0.513657 0.511849 0.517130 0.510807 0.519907 0.508984 0.523148 0.507943 0.526389 0.504297 0.532870 0.504297 0.533333 0.502995 0.535648 0.501953 0.537963 0.500651 0.541667 0.499349 0.543981 0.499349 0.544444 0.497917 0.546991 0.497656 0.546991 0.496484 0.549074 0.496484 0.549537 0.494922 0.552315 0.492318 0.558796 0.488672 0.565278 0.487891 0.567593 0.485807 0.571759 0.485286 0.573611 0.483073 0.577546 0.482031 0.578472 0.480990 0.580324 0.479167 0.582639 0.477604 0.584028 0.477083 0.584028 0.475000 0.585417
 6 0.411719 0.215972 0.410677 0.215509 0.409375 0.215509 0.408073 0.214583 0.407682 0.212500 0.408594 0.211806 0.409635 0.211806 0.411198 0.210417 0.413802 0.210417 0.414453 0.211574 0.414453 0.212500 0.413021 0.215046 0.411719 0.215972
 6 0.407813 0.239583 0.406250 0.239120 0.405990 0.238657 0.404167 0.238657 0.400781 0.235880 0.399609 0.231481 0.399089 0.227778 0.398568 0.226389 0.398568 0.224074 0.399349 0.221759 0.399349 0.220833 0.400781 0.218287 0.402604 0.217361 0.404427 0.215509 0.406250 0.215509 0.407161 0.216667 0.407682 0.220370 0.408854 0.222454 0.410938 0.222454 0.411198 0.222917 0.412500 0.222917 0.412760 0.223380 0.414844 0.224306 0.415885 0.224306 0.417708 0.225694 0.419010 0.226157 0.415625 0.228009 0.412760 0.233102 0.411198 0.233565 0.410286 0.231481 0.409115 0.229398 0.408594 0.228935 0.407422 0.231019 0.407422 0.235648 0.408724 0.237963 0.408724 0.238889 0.407813 0.239583
 6 0.361719 0.270602 0.361068 0.268519 0.361328 0.266204 0.362500 0.264120 0.364714 0.262037 0.364974 0.260648 0.364974 0.258333 0.364714 0.256019 0.364063 0.253935 0.361979 0.252083 0.360156 0.251620 0.357552 0.249306 0.356250 0.249769 0.354948 0.249769 0.354687 0.250231 0.352865 0.249769 0.351953 0.247222 0.353385 0.245139 0.357812 0.245139 0.360417 0.242361 0.361719 0.240046 0.362760 0.239583 0.364323 0.238194 0.365625 0.238657 0.366536 0.240741 0.366536 0.242593 0.367318 0.245370 0.368620 0.247222 0.368880 0.250000 0.369661 0.252315 0.370703 0.254630 0.371224 0.256944 0.372786 0.259722 0.373047 0.261111 0.372526 0.262963 0.371354 0.265046 0.368490 0.267824 0.365885 0.268750 0.362760 0.268750 0.361719 0.270602
 6 0.390885 0.247917 0.388802 0.247917 0.388021 0.246991 0.389844 0.246528 0.391406 0.245139 0.392578 0.245370 0.392448 0.247454 0.391146 0.247454 0.390885 0.247917
 6 0.342187 0.277083 0.342057 0.275000 0.341016 0.272222 0.340495 0.268056 0.340495 0.265278 0.341016 0.262500 0.341016 0.260648 0.342187 0.257639 0.342708 0.258102 0.344401 0.261111 0.345182 0.264352 0.345964 0.266667 0.345703 0.268056 0.344661 0.270370 0.343750 0.272917 0.342578 0.275000 0.342187 0.277083
 6 0.350000 0.261343 0.350000 0.261343
 6 0.353125 0.288657 0.351562 0.287731 0.346875 0.287731 0.346615 0.288194 0.344531 0.287731 0.343880 0.287037 0.343620 0.285648 0.343620 0.280556 0.344531 0.278935 0.346615 0.278935 0.346875 0.278472 0.350781 0.278472 0.351042 0.278935 0.353646 0.278935 0.353906 0.279398 0.355208 0.279398 0.355469 0.279861 0.356771 0.279861 0.357943 0.281481 0.357943 0.282407 0.357292 0.283565 0.355208 0.285417 0.353646 0.288194 0.353125 0.288657
 6 0.336198 0.290972 0.333854 0.290972 0.332422 0.288889 0.334115 0.286806 0.339062 0.286806 0.339453 0.288426 0.338802 0.289583 0.337500 0.290509 0.336198 0.290972
 6 0.479036 0.425463 0.481510 0.422454 0.482292 0.421991 0.490625 0.421991 0.490885 0.421528 0.492708 0.421528 0.492969 0.421065 0.495573 0.421065 0.495833 0.420602 0.500260 0.420602 0.500521 0.420139 0.503125 0.420139 0.503385 0.419676 0.504687 0.419676 0.504948 0.419213 0.508854 0.417824 0.510156 0.417824 0.510417 0.417361 0.512500 0.417361 0.512760 0.416898 0.514583 0.416898 0.514844 0.416435 0.516146 0.416435 0.517708 0.415509 0.519531 0.415509 0.519792 0.415046 0.521094 0.415046 0.522266 0.413426 0.522266 0.411111 0.521484 0.405556 0.521224 0.405093 0.520703 0.400926 0.520182 0.398611 0.519141 0.395833 0.518620 0.393519 0.518620 0.392130 0.518099 0.390278 0.517318 0.384722 0.516536 0.382407 0.516016 0.378704 0.514974 0.375463 0.514453 0.373148 0.513932 0.368981 0.513411 0.367130 0.513411 0.365741 0.512891 0.363889 0.511849 0.361574 0.511068 0.358333 0.510547 0.356944 0.510547 0.355556 0.510026 0.353704 0.510026 0.352315 0.509505 0.350000 0.507682 0.343519 0.507682 0.342593 0.506901 0.338889 0.506380 0.332407 0.505599 0.329167 0.504036 0.326389 0.503516 0.323611 0.502995 0.322222 0.502474 0.318981 0.501302 0.317361 0.499740 0.319213 0.498177 0.319676 0.495312 0.323380 0.494010 0.325694 0.493750 0.325694 0.492448 0.328009 0.491406 0.328935 0.489714 0.331944 0.488802 0.334028 0.486719 0.335417 0.485547 0.337037 0.485286 0.338426 0.484375 0.340509 0.483594 0.341435 0.482031 0.342361 0.479687 0.346528 0.477865 0.348380 0.474740 0.353935 0.472656 0.356250 0.469010 0.362731 0.466797 0.365741 0.466276 0.367593 0.465234 0.369444 0.464453 0.371759 0.465234 0.379167 0.466536 0.383333 0.466797 0.385648 0.467578 0.387963 0.467578 0.388889 0.468359 0.391667 0.468880 0.392593 0.469401 0.394907 0.469922 0.398611 0.470703 0.400463 0.470964 0.401852 0.472005 0.404167 0.472786 0.406944 0.472786 0.407870 0.473568 0.410185 0.473828 0.412500 0.474870 0.415741 0.477214 0.419907 0.477734 0.422222 0.479036 0.425463
 6 0.454557 0.428704 0.454818 0.428241 0.454818 0.421759 0.455078 0.419907 0.456120 0.417130 0.456120 0.412500 0.455599 0.410185 0.455599 0.407407 0.454557 0.403241 0.452734 0.400000 0.451953 0.397222 0.451693 0.395370 0.451693 0.393056 0.450521 0.390972 0.449479 0.392361 0.447656 0.392824 0.446224 0.397222 0.444531 0.399769 0.444141 0.401389 0.442318 0.405093 0.442057 0.406944 0.442578 0.409259 0.442839 0.412500 0.443750 0.414583 0.444531 0.414120 0.446094 0.410880 0.446615 0.410417 0.447656 0.410880 0.448307 0.412037 0.448307 0.413889 0.445964 0.416667 0.445703 0.417593 0.445703 0.419907 0.445964 0.420370 0.446484 0.424537 0.447266 0.427778 0.447656 0.428472 0.453906 0.428472 0.454557 0.428704
 6 0.394661 0.462963 0.396094 0.462731 0.397135 0.461806 0.399089 0.458796 0.399089 0.458333 0.400521 0.455787 0.402083 0.454861 0.403255 0.452778 0.403255 0.452315 0.404948 0.449306 0.405599 0.448611 0.405599 0.446759 0.404427 0.444676 0.403385 0.443750 0.402604 0.442361 0.401302 0.441435 0.400651 0.440278 0.400391 0.436574 0.399870 0.434722 0.401042 0.433102 0.402604 0.433102 0.402865 0.432639 0.404687 0.432639 0.404948 0.432176 0.406771 0.432176 0.407031 0.431713 0.409375 0.431713 0.409635 0.432176 0.411719 0.432639 0.412500 0.433565 0.413802 0.434028 0.416667 0.434028 0.416927 0.433565 0.420052 0.432639 0.420964 0.433796 0.421745 0.437037 0.422005 0.440741 0.422786 0.445370 0.423307 0.445370 0.424349 0.442593 0.424609 0.440278 0.424609 0.437963 0.424870 0.437500 0.425130 0.434259 0.423568 0.429167 0.423568 0.427778 0.423047 0.425926 0.421484 0.423148 0.420964 0.421296 0.420052 0.420139 0.416146 0.420139 0.415104 0.420602 0.412240 0.424306 0.406771 0.424306 0.406510 0.424769 0.404687 0.424769 0.404427 0.425231 0.400260 0.425231 0.400000 0.425694 0.398438 0.425694 0.397396 0.426620 0.394531 0.426620 0.394271 0.426157 0.390885 0.426157 0.390625 0.426620 0.389062 0.426620 0.386719 0.427546 0.385286 0.430093 0.384505 0.432870 0.384505 0.434259 0.385286 0.437500 0.386068 0.439815 0.387630 0.443056 0.387891 0.444444 0.389974 0.451852 0.389974 0.452778 0.390755 0.455093 0.390755 0.456019 0.391536 0.458333 0.392057 0.461574 0.392969 0.463194 0.394661 0.462963
 6 0.455859 0.432870 0.455599 0.431019 0.455078 0.431019 0.455078 0.432870 0.455859 0.432870
 6 0.352734 0.525926 0.353646 0.525231 0.354557 0.523148 0.355729 0.521065 0.358073 0.518287 0.360156 0.514583 0.362240 0.511806 0.364063 0.509954 0.365365 0.507639 0.365625 0.507639 0.366927 0.505324 0.368490 0.503935 0.371354 0.498843 0.373437 0.496991 0.375260 0.493750 0.376302 0.492361 0.377865 0.490972 0.381641 0.484259 0.381901 0.483333 0.381901 0.481019 0.381380 0.478704 0.381120 0.475463 0.380339 0.473148 0.379557 0.471759 0.377214 0.463426 0.376693 0.462037 0.375911 0.458796 0.374609 0.455556 0.374089 0.453241 0.373047 0.450000 0.372786 0.448611 0.371484 0.445833 0.370964 0.443981 0.370182 0.442593 0.369401 0.439815 0.368620 0.434722 0.367448 0.432639 0.365625 0.431713 0.365365 0.431250 0.364063 0.431250 0.363802 0.431713 0.361198 0.431713 0.360938 0.432176 0.359375 0.432176 0.359115 0.432639 0.357552 0.432639 0.357292 0.433102 0.353125 0.433102 0.352865 0.433565 0.351042 0.433565 0.350781 0.434028 0.348958 0.434028 0.348698 0.434491 0.345833 0.434491 0.342448 0.436343 0.338542 0.436343 0.338281 0.436806 0.336979 0.436806 0.335677 0.437731 0.334375 0.438194 0.332813 0.438194 0.332552 0.438657 0.329948 0.438657 0.329688 0.439120 0.326823 0.439120 0.326562 0.439583 0.324219 0.439583 0.323958 0.440046 0.322656 0.440046 0.321615 0.440509 0.320703 0.441667 0.320964 0.443056 0.320964 0.445370 0.321224 0.447685 0.322526 0.453241 0.323177 0.453935 0.325391 0.457870 0.326693 0.462037 0.327995 0.464815 0.328516 0.467130 0.329557 0.473611 0.330729 0.475694 0.330990 0.475694 0.332943 0.479167 0.333984 0.483796 0.334766 0.485185 0.335026 0.486574 0.335807 0.487963 0.336589 0.490278 0.337630 0.495370 0.340495 0.500463 0.340755 0.502315 0.341797 0.506019 0.342318 0.506944 0.343099 0.510185 0.344141 0.512500 0.345182 0.516667 0.346615 0.518750 0.348047 0.521296 0.348828 0.524537 0.350000 0.526157 0.352604 0.526157 0.352734 0.525926
 6 0.419661 0.468981 0.419922 0.467593 0.419271 0.466898 0.418620 0.468056 0.419271 0.469213 0.419661 0.468981
 6 0.427214 0.485648 0.427474 0.482407 0.427083 0.480787 0.426693 0.481481 0.426693 0.483796 0.427214 0.485648
 6 0.427214 0.496296 0.428255 0.495370 0.427995 0.493519 0.427083 0.491898 0.426693 0.493981 0.425911 0.495370 0.427214 0.496296
 8 0.000000 0.169676 0.001563 0.169676 0.002083 0.169213 0.003385 0.166898 0.005990 0.165046 0.008333 0.164583 0.008594 0.164120 0.010156 0.164120 0.010417 0.163657 0.014583 0.162269 0.015625 0.160880 0.016146 0.160880 0.018490 0.159491 0.019271 0.158565 0.022917 0.156713 0.024740 0.154861 0.026562 0.153935 0.027604 0.153009 0.028385 0.153009 0.031510 0.150694 0.033594 0.150231 0.036458 0.148380 0.037240 0.147454 0.040625 0.145602 0.042448 0.145139 0.043490 0.144213 0.047135 0.142824 0.049479 0.140509 0.050260 0.139120 0.052865 0.137269 0.053906 0.137269 0.055469 0.136343 0.057031 0.136343 0.058594 0.135417 0.059635 0.135417 0.060937 0.134491 0.061719 0.134491 0.062760 0.133565 0.063542 0.133565 0.064583 0.132639 0.065885 0.132176 0.066927 0.131250 0.069010 0.130787 0.069271 0.130324 0.070573 0.130324 0.072917 0.128935 0.073698 0.128009 0.076823 0.126157 0.078646 0.124306 0.080208 0.123843 0.081510 0.122917 0.082552 0.122917 0.085156 0.121528 0.086458 0.120139 0.087760 0.119213 0.092188 0.116898 0.092448 0.116435 0.093750 0.116435 0.094010 0.115972 0.095312 0.115972 0.095573 0.115509 0.097135 0.115046 0.099479 0.112731 0.100521 0.112269 0.102083 0.110880 0.102865 0.110880 0.104948 0.109491 0.105990 0.109491 0.107552 0.108565 0.108854 0.108565 0.110417 0.107639 0.113542 0.106713 0.114583 0.105787 0.115365 0.105787 0.116406 0.104861 0.118229 0.104398 0.119271 0.103472 0.120052 0.103472 0.121094 0.102546 0.123438 0.101620 0.125260 0.100231 0.127344 0.099306 0.128125 0.098380 0.129688 0.097917 0.130729 0.096991 0.133854 0.096065 0.134115 0.095602 0.137500 0.094676 0.140885 0.092361 0.142708 0.091898 0.144531 0.090509 0.148698 0.089120 0.150260 0.088194 0.153906 0.086806 0.155208 0.085880 0.158333 0.083102 0.158854 0.083102 0.160677 0.081713 0.161719 0.081250 0.163021 0.081250 0.163281 0.080787 0.164583 0.080787 0.167187 0.079861 0.168750 0.078935 0.169792 0.078935 0.172135 0.077546 0.173958 0.077083 0.175000 0.076157 0.177083 0.075231 0.181510 0.075231 0.183854 0.073843 0.184635 0.073843 0.185677 0.072917 0.186458 0.071528 0.187500 0.070602 0.189583 0.069676 0.190365 0.068750 0.191927 0.068287 0.192188 0.067824 0.194010 0.067361 0.195573 0.066435 0.196354 0.065509 0.199479 0.064120 0.200521 0.063194 0.201302 0.063194 0.202344 0.062269 0.204687 0.061343 0.205729 0.061343 0.207031 0.060417 0.209635 0.059491 0.210938 0.058565 0.212240 0.057176 0.212760 0.057176 0.214062 0.055787 0.215625 0.054861 0.217448 0.054398 0.218750 0.053472 0.220052 0.053009 0.221354 0.053009 0.221615 0.052546 0.222917 0.052546 0.223177 0.052083 0.224740 0.052083 0.225000 0.051620 0.227604 0.051620 0.228906 0.051157 0.229427 0.050231 0.231771 0.048380 0.233073 0.047917 0.234635 0.047917 0.234896 0.047454 0.236198 0.047454 0.238802 0.046065 0.240625 0.044676 0.241406 0.044676 0.242448 0.043750 0.243750 0.043287 0.247917 0.040972 0.250781 0.039120 0.253125 0.038194 0.253385 0.037731 0.258073 0.035880 0.258333 0.035417 0.260417 0.034954 0.262240 0.033565 0.263021 0.033565 0.264323 0.032639 0.266146 0.032176 0.267708 0.031250 0.270573 0.028472 0.272917 0.027546 0.274219 0.026620 0.276823 0.025694 0.278125 0.025694 0.278385 0.025231 0.279948 0.025231 0.280208 0.024769 0.281510 0.024769 0.281771 0.024306 0.283073 0.024306 0.283333 0.023843 0.284635 0.023843 0.285938 0.023380 0.287240 0.022454 0.288281 0.022454 0.289583 0.021528 0.290625 0.021528 0.291667 0.020602 0.295312 0.018750 0.297135 0.016435 0.298438 0.015509 0.299219 0.015509 0.300260 0.014583 0.303125 0.013657 0.303385 0.013194 0.305208 0.012731 0.306250 0.011806 0.307552 0.011806 0.307812 0.011343 0.309115 0.011343 0.310156 0.010880 0.311719 0.009028 0.313281 0.008102 0.314063 0.008102 0.316667 0.006250 0.318750 0.005787 0.319010 0.005324 0.320573 0.005324 0.320833 0.004861 0.324219 0.004861 0.324479 0.004398 0.327865 0.004398 0.328125 0.003935 0.329948 0.003935 0.330208 0.003472 0.332552 0.003472 0.332813 0.003009 0.335938 0.003009 0.336198 0.003472 0.340104 0.003472 0.340365 0.003009 0.342448 0.003009 0.342708 0.003472 0.347396 0.003472 0.347656 0.003009 0.351823 0.003009 0.352083 0.003472 0.364063 0.003472 0.364323 0.003009 0.366667 0.003009 0.366927 0.003472 0.379427 0.003472 0.379688 0.003009 0.384635 0.003009 0.384896 0.003472 0.394531 0.003472 0.394792 0.003009 0.400000 0.003009 0.400260 0.003472 0.403906 0.003472 0.404948 0.003935 0.405208 0.003472 0.412760 0.003472 0.413021 0.003009 0.415104 0.003009 0.415365 0.002546 0.417448 0.003009 0.419271 0.004398 0.421094 0.004398 0.422135 0.003935 0.422917 0.003009 0.424219 0.003009 0.425781 0.004398 0.427865 0.004861 0.428125 0.004398 0.432292 0.004398 0.432552 0.003935 0.439844 0.003935 0.440104 0.003472 0.442188 0.003472 0.442448 0.003009 0.451823 0.003009 0.452083 0.002546 0.457031 0.002546 0.457161 0.000000
 8 0.460286 0.000000 0.460417 0.002546 0.478125 0.002546 0.478385 0.003009 0.480208 0.003009 0.480469 0.003472 0.481771 0.003472 0.482031 0.003935 0.484635 0.003935 0.484896 0.004398 0.486198 0.004398 0.488411 0.002315 0.488411 0.000000
 8 0.492839 0.000000 0.492969 0.002546 0.498958 0.002546 0.499089 0.000000
 8 0.507943 0.000000 0.508073 0.002546 0.517188 0.002546 0.517318 0.000000
 8 0.526693 0.000000 0.526823 0.002546 0.529427 0.002546 0.529687 0.003009 0.532031 0.003935 0.533333 0.004861 0.534896 0.004861 0.535156 0.005324 0.536719 0.005324 0.537891 0.006944 0.538411 0.008333 0.539193 0.011574 0.539193 0.013426 0.539714 0.015278 0.540234 0.020370 0.541016 0.024537 0.541536 0.025926 0.542057 0.028704 0.542578 0.032870 0.543620 0.037500 0.544141 0.043519 0.544661 0.045833 0.545443 0.047685 0.545964 0.050000 0.546484 0.053704 0.547526 0.058333 0.547786 0.060185 0.548047 0.064352 0.548568 0.066667 0.548568 0.068981 0.548828 0.069444 0.549609 0.075463 0.550130 0.076852 0.551172 0.083796 0.551693 0.085648 0.551693 0.087037 0.552214 0.088889 0.552474 0.091204 0.552995 0.092593 0.553255 0.095370 0.553516 0.095833 0.553776 0.099074 0.554557 0.102315 0.554557 0.103704 0.555078 0.105556 0.555599 0.110648 0.556641 0.116204 0.557161 0.117593 0.557943 0.122222 0.558203 0.125463 0.558724 0.127778 0.559766 0.136111 0.560286 0.137500 0.560547 0.139815 0.561068 0.142130 0.561849 0.144444 0.562630 0.149074 0.562891 0.152315 0.563672 0.156019 0.563672 0.157870 0.564193 0.160648 0.564453 0.164815 0.564974 0.167130 0.565495 0.171296 0.566016 0.174074 0.566536 0.175463 0.566797 0.179167 0.567578 0.184259 0.568880 0.189815 0.570182 0.196759 0.570182 0.198148 0.570703 0.200000 0.570703 0.201389 0.571224 0.203241 0.571224 0.204630 0.571745 0.206944 0.572266 0.211111 0.572786 0.212500 0.572786 0.213889 0.573307 0.215741 0.573307 0.217130 0.574089 0.220370 0.574870 0.225000 0.574870 0.227315 0.575130 0.229630 0.575651 0.231481 0.575911 0.233796 0.576432 0.235185 0.576693 0.237500 0.577214 0.239352 0.578255 0.245370 0.578255 0.246759 0.578776 0.249074 0.578776 0.250463 0.579297 0.252315 0.579297 0.253704 0.579818 0.256019 0.579818 0.257870 0.580339 0.261111 0.580859 0.262500 0.581120 0.264815 0.581901 0.268519 0.581901 0.270370 0.582943 0.275000 0.583464 0.275926 0.584245 0.278704 0.585286 0.283333 0.585547 0.285648 0.586328 0.289352 0.586328 0.291667 0.587370 0.297685 0.587630 0.300926 0.588151 0.303704 0.588672 0.305093 0.588932 0.307407 0.589714 0.309722 0.590755 0.314815 0.590755 0.317130 0.591016 0.317593 0.591016 0.320370 0.591276 0.320833 0.591536 0.324074 0.592057 0.325463 0.592839 0.330556 0.593880 0.333796 0.594401 0.336574 0.594661 0.339815 0.595182 0.341667 0.595182 0.343056 0.595703 0.344907 0.596484 0.349537 0.596484 0.350926 0.597005 0.353704 0.598307 0.359259 0.598307 0.360185 0.599349 0.363889 0.600130 0.369444 0.602214 0.378704 0.602995 0.385185 0.603906 0.386806 0.611719 0.386806 0.614583 0.389120 0.616016 0.391204 0.617578 0.396296 0.617578 0.397222 0.618620 0.400926 0.619661 0.403241 0.619661 0.404167 0.620443 0.406944 0.620443 0.408333 0.620964 0.410185 0.620964 0.411574 0.621484 0.413889 0.621484 0.415741 0.622266 0.419907 0.622266 0.427315 0.620964 0.431481 0.620964 0.432407 0.619922 0.435648 0.619141 0.437500 0.617057 0.443519 0.616536 0.445833 0.614974 0.450000 0.614193 0.451389 0.613932 0.452778 0.612891 0.455556 0.610807 0.459259 0.608984 0.465278 0.607161 0.469444 0.607161 0.469907 0.605599 0.472685 0.605599 0.473148 0.603776 0.476389 0.601432 0.484259 0.598828 0.488889 0.598307 0.491204 0.596745 0.494907 0.594922 0.498148 0.594141 0.500463 0.593620 0.502778 0.591797 0.508796 0.591536 0.510185 0.587370 0.517593 0.586849 0.518981 0.586068 0.522222 0.584245 0.527778 0.583203 0.530556 0.582422 0.531944 0.581901 0.533796 0.581120 0.535185 0.580599 0.537037 0.578516 0.541204 0.577474 0.543981 0.576432 0.547685 0.574870 0.551852 0.572005 0.556944 0.571224 0.558796 0.570443 0.562037 0.569141 0.564815 0.569141 0.565278 0.567318 0.568981 0.566797 0.571759 0.565755 0.575000 0.564453 0.577315 0.563411 0.579630 0.562891 0.581481 0.561328 0.584722 0.561068 0.586111 0.560026 0.588889 0.559245 0.592593 0.558724 0.593981 0.555599 0.599537 0.555078 0.601852 0.554036 0.604167 0.553776 0.605556 0.551953 0.609722 0.551172 0.612037 0.550911 0.613889 0.550391 0.614815 0.549349 0.618056 0.548047 0.620833 0.547786 0.622222 0.546745 0.624537 0.544922 0.627778 0.544922 0.628241 0.543099 0.632407 0.542839 0.633796 0.542057 0.635648 0.540755 0.637963 0.540755 0.638426 0.539453 0.641204 0.538411 0.645370 0.537891 0.646759 0.535026 0.651852 0.534505 0.653241 0.533724 0.656481 0.532682 0.658796 0.531120 0.664815 0.530339 0.666667 0.528255 0.670370 0.528255 0.670833 0.526953 0.674537 0.526693 0.675926 0.525391 0.678241 0.522786 0.684722 0.522005 0.687500 0.520964 0.689352 0.520182 0.692130 0.519661 0.693056 0.518880 0.696296 0.516797 0.701852 0.516016 0.705093 0.514453 0.708333 0.514453 0.708796 0.512370 0.712500 0.511849 0.714352 0.511068 0.715741 0.510286 0.718056 0.509245 0.719907 0.507682 0.725000 0.506901 0.728241 0.506380 0.729630 0.504818 0.732407 0.504818 0.732870 0.503516 0.735185 0.502474 0.737500 0.499870 0.744907 0.499349 0.747222 0.498568 0.749074 0.496745 0.752315 0.495964 0.755093 0.494922 0.757407 0.493880 0.760648 0.493099 0.762037 0.492578 0.763889 0.491016 0.767130 0.490495 0.768981 0.488672 0.773148 0.487891 0.776389 0.485807 0.780093 0.485286 0.782407 0.484245 0.785648 0.484245 0.786574 0.483464 0.788889 0.481120 0.793056 0.480078 0.796759 0.479297 0.798611 0.477734 0.801389 0.474609 0.811111 0.473828 0.812500 0.472526 0.816667 0.471224 0.818981 0.471224 0.819444 0.469141 0.824074 0.468620 0.826389 0.466797 0.831481 0.465234 0.834259 0.464453 0.836111 0.464193 0.837500 0.463411 0.838889 0.462370 0.841667 0.461849 0.844444 0.460807 0.847222 0.457943 0.853241 0.457161 0.856481 0.456380 0.858796 0.455339 0.861111 0.454297 0.864352 0.453516 0.866204 0.451172 0.873148 0.449089 0.876852 0.448307 0.879630 0.446484 0.882870 0.445964 0.884259 0.445182 0.887500 0.444661 0.888426 0.444141 0.890741 0.442057 0.895833 0.441016 0.899537 0.438411 0.904167 0.438151 0.905556 0.435807 0.912037 0.435026 0.913426 0.434505 0.915278 0.433203 0.917593 0.433203 0.918056 0.431901 0.920370 0.430599 0.924074 0.430078 0.927778 0.428776 0.930556 0.428776 0.931019 0.427214 0.933796 0.426172 0.936111 0.425130 0.939352 0.423828 0.941667 0.423828 0.942130 0.422526 0.944444 0.420182 0.952778 0.419141 0.955556 0.417839 0.957870 0.416276 0.962500 0.415234 0.964352 0.414453 0.966667 0.413932 0.969444 0.412891 0.972222 0.411589 0.974537 0.411589 0.975000 0.409766 0.978241 0.408464 0.981944 0.406901 0.985185 0.405599 0.989352 0.404687 0.990972 0.403646 0.991898 0.402344 0.991898 0.402083 0.992361 0.400781 0.992361 0.400521 0.992824 0.397396 0.992824 0.397135 0.993287 0.395833 0.993287 0.395573 0.992824 0.393490 0.992824 0.393229 0.992361 0.391667 0.992361 0.391406 0.992824 0.390104 0.992824 0.389844 0.993287 0.386458 0.993287 0.386198 0.992824 0.383594 0.992824 0.383333 0.993287 0.381771 0.993287 0.381510 0.993750 0.380208 0.993750 0.379948 0.993287 0.378646 0.993287 0.378385 0.992824 0.375000 0.992824 0.373437 0.993750 0.372135 0.993750 0.371875 0.993287 0.370312 0.993287 0.370052 0.992824 0.368490 0.992824 0.366146 0.994213 0.364323 0.994213 0.362240 0.992824 0.360417 0.992824 0.358854 0.993750 0.358073 0.994676 0.356510 0.994676 0.354167 0.992361 0.352344 0.991435 0.350521 0.990972 0.350260 0.990509 0.346875 0.990509 0.345833 0.990972 0.343229 0.993750 0.341406 0.994213 0.341146 0.994676 0.335156 0.994676 0.334896 0.995139 0.332813 0.995139 0.332552 0.994676 0.326823 0.994676 0.326562 0.995139 0.325260 0.994676 0.317708 0.994676 0.317448 0.994213 0.315885 0.994213 0.315625 0.993750 0.313542 0.993750 0.313281 0.994213 0.311719 0.994213 0.311458 0.994676 0.226042 0.994676 0.225781 0.995139 0.222656 0.995139 0.222396 0.994676 0.194271 0.994676 0.194010 0.995139 0.192448 0.995139 0.192188 0.994676 0.178385 0.994676 0.177344 0.995139 0.177083 0.994676 0.147396 0.994676 0.147135 0.995139 0.145573 0.995139 0.145313 0.994676 0.133073 0.994676 0.132812 0.995139 0.128385 0.995139 0.128125 0.994676 0.117188 0.994676 0.116927 0.995139 0.113281 0.995139 0.113021 0.994676 0.107292 0.994676 0.107031 0.995139 0.070312 0.995139 0.070052 0.995602 0.066667 0.995602 0.066406 0.995139 0.062500 0.995139 0.062240 0.995602 0.050260 0.995602 0.050000 0.995139 0.047135 0.995139 0.046875 0.995602 0.042708 0.995602 0.041146 0.994676 0.039844 0.994676 0.038021 0.993750 0.036979 0.992361 0.034375 0.990972 0.033073 0.990509 0.032292 0.990972 0.030469 0.992824 0.029687 0.993287 0.028125 0.993287 0.027865 0.993750 0.021615 0.993750 0.021354 0.993287 0.020052 0.993287 0.019792 0.992824 0.018490 0.992824 0.017969 0.992361 0.016406 0.993750 0.014844 0.994676 0.013542 0.994676 0.013281 0.995139 0.007812 0.995139 0.007552 0.995602 0.004687 0.995602 0.004427 0.995139 0.002604 0.995139 0.002344 0.994676 0.000000 0.994676
 8 0.472786 0.587963 0.472917 0.587731 0.475781 0.587731 0.477083 0.587269 0.478906 0.585880 0.479948 0.584028 0.480729 0.583565 0.483333 0.580787 0.483724 0.579630 0.487370 0.573148 0.488151 0.570370 0.490755 0.565741 0.491536 0.562963 0.493229 0.559954 0.494401 0.558333 0.494922 0.556481 0.496615 0.553472 0.497396 0.553009 0.498307 0.550926 0.499609 0.546759 0.502214 0.542130 0.502214 0.541667 0.505599 0.535648 0.506380 0.533796 0.506901 0.531481 0.507682 0.529630 0.509896 0.525694 0.510156 0.525694 0.511589 0.523148 0.511589 0.522685 0.513411 0.519444 0.514193 0.517593 0.514974 0.514815 0.518099 0.509259 0.518620 0.506944 0.520312 0.503935 0.521484 0.502315 0.522526 0.499074 0.525651 0.493519 0.525651 0.493056 0.529297 0.486574 0.530078 0.484722 0.531120 0.481019 0.533073 0.477546 0.533984 0.476389 0.534766 0.473611 0.537891 0.468056 0.538672 0.464815 0.539193 0.463426 0.541536 0.459259 0.541536 0.458796 0.542969 0.456250 0.543229 0.456250 0.544661 0.453704 0.544922 0.451389 0.545443 0.449537 0.545703 0.447222 0.545703 0.437500 0.545443 0.437037 0.545443 0.434259 0.544401 0.428704 0.543359 0.425463 0.542578 0.420370 0.542057 0.418056 0.541276 0.415741 0.541016 0.413426 0.540495 0.412037 0.539974 0.408333 0.539453 0.406481 0.538932 0.402315 0.538151 0.399537 0.538151 0.396296 0.537891 0.395833 0.537891 0.392130 0.536068 0.386574 0.535286 0.382870 0.535286 0.381481 0.534245 0.377778 0.532422 0.374537 0.531901 0.373148 0.530859 0.368981 0.529818 0.361574 0.529818 0.360185 0.529297 0.358796 0.529297 0.357407 0.528516 0.354167 0.528255 0.351852 0.527734 0.349537 0.526953 0.347222 0.526432 0.344907 0.525651 0.342593 0.525391 0.340278 0.524870 0.337963 0.523568 0.333333 0.523047 0.331019 0.522005 0.323611 0.521484 0.321296 0.520703 0.318981 0.520703 0.318056 0.518880 0.312037 0.518099 0.307870 0.517839 0.305556 0.517318 0.303241 0.516536 0.301389 0.515234 0.296296 0.514193 0.289815 0.513672 0.288426 0.513411 0.286111 0.512109 0.282407 0.510677 0.279861 0.510417 0.279861 0.508984 0.277315 0.507422 0.272222 0.507422 0.271296 0.506641 0.268519 0.506380 0.265741 0.505599 0.263426 0.505599 0.262500 0.503776 0.256481 0.503516 0.254167 0.502734 0.250926 0.502474 0.248611 0.501693 0.246296 0.501693 0.245370 0.500651 0.242130 0.500391 0.239815 0.499870 0.237500 0.499089 0.235185 0.498828 0.232407 0.498568 0.231944 0.498568 0.228704 0.498307 0.228241 0.498307 0.223148 0.498047 0.222685 0.498047 0.216667 0.497786 0.216204 0.497786 0.213889 0.497526 0.212037 0.496094 0.209954 0.493750 0.207639 0.491927 0.207639 0.491667 0.207176 0.489844 0.207176 0.488542 0.208102 0.486719 0.208565 0.485677 0.209491 0.484896 0.209491 0.483594 0.210417 0.482292 0.210417 0.480208 0.211806 0.478646 0.212269 0.476562 0.214120 0.473698 0.215509 0.472917 0.216435 0.471094 0.216898 0.467448 0.219213 0.466667 0.219213 0.465885 0.220139 0.463802 0.221065 0.460417 0.223380 0.459115 0.223843 0.457292 0.223843 0.457031 0.224306 0.454948 0.224306 0.452865 0.225694 0.452083 0.225694 0.449219 0.228009 0.447396 0.228935 0.445573 0.229398 0.443750 0.230787 0.442448 0.231250 0.440885 0.231250 0.440625 0.231713 0.438802 0.231713 0.438281 0.231250 0.437109 0.229167 0.436328 0.226389 0.436068 0.224074 0.435547 0.222222 0.435026 0.217593 0.433464 0.213889 0.432422 0.210185 0.432422 0.209259 0.430599 0.203704 0.430078 0.202778 0.429557 0.200463 0.428646 0.198380 0.427344 0.197454 0.426563 0.197454 0.425521 0.196528 0.424219 0.196528 0.423958 0.196065 0.422396 0.196065 0.422135 0.196528 0.419271 0.196528 0.417708 0.197454 0.415104 0.198380 0.414062 0.198380 0.411198 0.201157 0.409896 0.201620 0.408594 0.202546 0.406510 0.206250 0.405208 0.207639 0.404687 0.207639 0.403385 0.209028 0.402865 0.209028 0.401562 0.210417 0.400521 0.210880 0.399740 0.211806 0.397396 0.215972 0.396354 0.216898 0.394922 0.219444 0.394661 0.221759 0.393620 0.225000 0.393359 0.226389 0.393359 0.229167 0.393099 0.231481 0.392578 0.233333 0.391667 0.234954 0.389323 0.237269 0.388542 0.237269 0.387500 0.238194 0.386719 0.238194 0.384115 0.240046 0.382812 0.240046 0.382552 0.240509 0.380729 0.240972 0.378125 0.243287 0.377344 0.244213 0.376302 0.244676 0.374740 0.243287 0.373437 0.242824 0.372656 0.241898 0.370573 0.238194 0.369271 0.236343 0.366927 0.234028 0.365885 0.233565 0.363281 0.233565 0.363021 0.234028 0.361458 0.234028 0.359896 0.235417 0.358594 0.235880 0.357552 0.236806 0.356771 0.236806 0.354948 0.238194 0.354167 0.238194 0.353125 0.239120 0.352083 0.239120 0.350000 0.240046 0.348177 0.242361 0.346094 0.244213 0.343750 0.248380 0.342708 0.249769 0.340885 0.251620 0.340365 0.251620 0.338151 0.254167 0.338151 0.260648 0.337109 0.266667 0.337109 0.272222 0.336849 0.274537 0.335417 0.277546 0.334115 0.278935 0.332813 0.279398 0.330990 0.279398 0.329167 0.280787 0.326823 0.284028 0.324479 0.285880 0.323177 0.287269 0.318620 0.295370 0.318099 0.297685 0.317839 0.300926 0.317578 0.301389 0.317578 0.306481 0.317318 0.308333 0.318099 0.311111 0.319401 0.314815 0.319141 0.316667 0.318490 0.317361 0.315625 0.319213 0.314714 0.320370 0.314453 0.322685 0.313672 0.325463 0.312240 0.328009 0.310417 0.329398 0.308854 0.332176 0.305990 0.334954 0.304427 0.335417 0.301823 0.337269 0.301302 0.337269 0.299479 0.340046 0.299219 0.340046 0.297135 0.343750 0.296875 0.343750 0.293750 0.346528 0.293229 0.347454 0.290625 0.349306 0.289323 0.350694 0.288281 0.351157 0.285938 0.354398 0.284635 0.355787 0.283594 0.356250 0.282813 0.357176 0.280729 0.360880 0.278646 0.363194 0.278125 0.363194 0.276042 0.365046 0.275391 0.367593 0.275130 0.369444 0.275130 0.374537 0.275391 0.375000 0.275391 0.377315 0.275911 0.379167 0.277214 0.381481 0.278516 0.386574 0.279297 0.387963 0.279818 0.389815 0.281641 0.393519 0.282422 0.395833 0.282422 0.396759 0.283464 0.400463 0.284245 0.401852 0.285026 0.404167 0.286068 0.406481 0.286328 0.407870 0.287630 0.410648 0.287891 0.412037 0.288672 0.413426 0.289974 0.416667 0.290755 0.419907 0.292057 0.422685 0.293099 0.425463 0.293620 0.427778 0.294401 0.430093 0.295964 0.433333 0.297005 0.436111 0.297786 0.438889 0.297786 0.439815 0.298568 0.442130 0.300911 0.446296 0.301953 0.449074 0.302214 0.450463 0.303255 0.452778 0.304818 0.457407 0.305339 0.459722 0.306901 0.463889 0.307943 0.465741 0.309766 0.470833 0.310807 0.474537 0.312891 0.478241 0.313932 0.482407 0.314453 0.483796 0.314714 0.485648 0.315495 0.487037 0.316536 0.490278 0.316797 0.491667 0.317839 0.494444 0.320443 0.499074 0.320443 0.499537 0.322266 0.505093 0.323828 0.508796 0.324349 0.511111 0.326432 0.516667 0.327474 0.518519 0.328516 0.521296 0.329297 0.525000 0.330339 0.527778 0.331901 0.530556 0.332422 0.532870 0.332682 0.535648 0.333724 0.539352 0.333724 0.541204 0.334766 0.546296 0.335677 0.547917 0.337760 0.549306 0.339453 0.552315 0.340495 0.554630 0.341536 0.558333 0.343880 0.562500 0.345443 0.568519 0.348438 0.573843 0.349479 0.575231 0.350260 0.575694 0.353906 0.578935 0.355729 0.578935 0.355990 0.579398 0.359115 0.579398 0.359375 0.579861 0.366146 0.579861 0.366406 0.580324 0.371875 0.580324 0.372135 0.580787 0.383594 0.580787 0.383854 0.581250 0.391406 0.581250 0.391667 0.581713 0.397917 0.581713 0.398177 0.582176 0.403125 0.582176 0.403385 0.582639 0.409896 0.582639 0.410156 0.583102 0.415104 0.583102 0.415365 0.583565 0.419531 0.583565 0.419792 0.584028 0.423958 0.584028 0.424219 0.584491 0.427604 0.584491 0.427865 0.584954 0.432031 0.584954 0.432292 0.585417 0.437500 0.585417 0.437760 0.585880 0.441927 0.585880 0.442188 0.586343 0.446094 0.586343 0.446354 0.586806 0.451823 0.586806 0.452083 0.587269 0.457813 0.587269 0.458073 0.587731 0.466667 0.587731 0.466927 0.588194 0.472656 0.588194 0.472786 0.587963
 8 0.481771 0.417361 0.481510 0.416898 0.478646 0.416898 0.477214 0.414815 0.476432 0.412037 0.476172 0.407870 0.475651 0.405556 0.474870 0.404167 0.474609 0.402778 0.473828 0.401389 0.473047 0.398148 0.472786 0.393981 0.472005 0.391204 0.470964 0.389352 0.470182 0.386111 0.468620 0.381019 0.468359 0.378241 0.468099 0.377778 0.468099 0.372222 0.468359 0.370370 0.469141 0.368056 0.470313 0.366435 0.473177 0.361343 0.476042 0.358565 0.478125 0.354861 0.479167 0.353935 0.481250 0.349306 0.482031 0.348843 0.484245 0.344907 0.484766 0.343056 0.486458 0.340509 0.487760 0.339583 0.490104 0.336343 0.491927 0.334491 0.494271 0.331250 0.495573 0.330787 0.497135 0.330787 0.498437 0.330324 0.499479 0.331250 0.501042 0.331713 0.502734 0.334722 0.503255 0.336574 0.503516 0.338889 0.504297 0.341667 0.505339 0.343519 0.505859 0.345833 0.506380 0.346759 0.507943 0.353241 0.509766 0.359259 0.510286 0.360185 0.511849 0.366204 0.512109 0.368519 0.512630 0.369907 0.512630 0.371296 0.513151 0.374074 0.513672 0.375463 0.514193 0.378241 0.514193 0.388426 0.513411 0.391204 0.513411 0.393056 0.514193 0.396296 0.514714 0.397685 0.514714 0.401389 0.514193 0.404167 0.513281 0.405324 0.511719 0.405324 0.511458 0.404861 0.509115 0.404861 0.508203 0.406944 0.509245 0.410185 0.509115 0.412269 0.506771 0.412731 0.506510 0.413194 0.502865 0.413194 0.502604 0.413657 0.500260 0.414120 0.498958 0.415046 0.497656 0.415509 0.492188 0.415509 0.491927 0.415972 0.484635 0.415972 0.484375 0.416435 0.482031 0.416898 0.481771 0.417361
 8 0.356771 0.507639 0.355469 0.505324 0.353646 0.503935 0.352344 0.503935 0.350781 0.503009 0.347917 0.503009 0.347656 0.503472 0.346094 0.503472 0.345182 0.501852 0.344661 0.499074 0.343880 0.496759 0.343620 0.493981 0.343099 0.491204 0.342318 0.488426 0.342318 0.485185 0.342057 0.482870 0.341146 0.480324 0.339844 0.480324 0.338542 0.480787 0.338151 0.480093 0.337109 0.476852 0.336849 0.474074 0.336068 0.471296 0.335026 0.469444 0.334766 0.467130 0.336068 0.462963 0.336589 0.459259 0.336589 0.457870 0.337370 0.455556 0.337370 0.453704 0.336589 0.450463 0.336589 0.448611 0.337240 0.447454 0.338281 0.446528 0.339844 0.446528 0.340104 0.446065 0.341927 0.446065 0.342187 0.445602 0.345313 0.445602 0.345573 0.445139 0.347656 0.445139 0.347917 0.444676 0.349740 0.444676 0.351302 0.443750 0.352604 0.443750 0.352865 0.443287 0.354167 0.443287 0.354427 0.443750 0.355990 0.443750 0.356250 0.444213 0.359896 0.444213 0.360156 0.444676 0.361979 0.444676 0.362240 0.444213 0.365104 0.444213 0.367188 0.447917 0.367969 0.448843 0.369010 0.449306 0.371484 0.453704 0.372005 0.455556 0.372005 0.456944 0.372786 0.459722 0.373307 0.460648 0.374089 0.463889 0.374349 0.466204 0.375130 0.468981 0.375130 0.470833 0.376172 0.476389 0.376172 0.481481 0.375000 0.483565 0.374740 0.483565 0.372656 0.486343 0.370312 0.487731 0.368359 0.491204 0.366927 0.495602 0.365885 0.497454 0.364323 0.498843 0.363021 0.499306 0.360938 0.501620 0.358594 0.503472 0.357943 0.504630 0.357422 0.506481 0.356771 0.507639
 8 0.000000 0.167824 0.001823 0.167824 0.004948 0.165046 0.006250 0.164583 0.007552 0.164583 0.007812 0.164120 0.009115 0.164120 0.010417 0.163657 0.011458 0.162731 0.013281 0.162269 0.014323 0.160880 0.015885 0.159954 0.017448 0.158565 0.018229 0.158565 0.019271 0.157639 0.020833 0.157176 0.022656 0.155324 0.023698 0.153935 0.025000 0.153009 0.025781 0.153009 0.027083 0.152083 0.028906 0.151620 0.029948 0.150694 0.031771 0.150231 0.033333 0.149306 0.036719 0.146528 0.037240 0.146528 0.039062 0.145139 0.042188 0.144213 0.044271 0.143287 0.045833 0.141898 0.046354 0.141898 0.047917 0.140509 0.048438 0.139583 0.050781 0.137731 0.051562 0.137731 0.052865 0.136806 0.054167 0.136806 0.054427 0.136343 0.055990 0.136343 0.060156 0.134491 0.062240 0.132639 0.065104 0.131713 0.066406 0.130787 0.068490 0.130324 0.070312 0.128935 0.071615 0.127083 0.075260 0.125694 0.076302 0.124769 0.077604 0.124306 0.078646 0.123380 0.080729 0.122917 0.080990 0.122454 0.082552 0.122454 0.082812 0.121991 0.084375 0.121528 0.085938 0.119213 0.089583 0.116898 0.090885 0.116435 0.092188 0.116435 0.092448 0.115972 0.096094 0.114583 0.097917 0.112731 0.101042 0.111343 0.102344 0.110417 0.105990 0.109491 0.108594 0.108565 0.109896 0.107639 0.111719 0.107176 0.113542 0.105787 0.114323 0.105787 0.116406 0.104861 0.120833 0.102546 0.122656 0.102083 0.125521 0.099306 0.126042 0.099306 0.127865 0.097917 0.128906 0.097917 0.130208 0.096991 0.131250 0.096991 0.135937 0.095139 0.136979 0.094213 0.138802 0.093287 0.140104 0.091898 0.141927 0.090972 0.142708 0.090972 0.145052 0.089583 0.146094 0.089583 0.147656 0.088657 0.150000 0.088194 0.152344 0.086806 0.154167 0.084954 0.157031 0.084028 0.157292 0.083565 0.161458 0.082176 0.161719 0.081713 0.164844 0.080787 0.165885 0.079861 0.166667 0.079861 0.168229 0.078472 0.169792 0.077546 0.171615 0.077083 0.172656 0.076157 0.173437 0.076157 0.174479 0.075231 0.175781 0.074769 0.177083 0.074769 0.177344 0.074306 0.178906 0.074306 0.180208 0.073843 0.182552 0.072454 0.183333 0.072454 0.185156 0.071528 0.186458 0.070139 0.188021 0.069213 0.189844 0.068750 0.190104 0.068287 0.192448 0.067824 0.193490 0.067361 0.195312 0.065972 0.195833 0.065046 0.198177 0.063194 0.200521 0.062731 0.202865 0.061343 0.203906 0.061343 0.205469 0.060417 0.207292 0.059954 0.208333 0.059028 0.209635 0.058565 0.210938 0.057176 0.212240 0.056713 0.213281 0.055787 0.214062 0.055787 0.216146 0.054398 0.217448 0.053935 0.219010 0.053935 0.219271 0.053472 0.220573 0.053472 0.224740 0.051620 0.225781 0.051620 0.227604 0.050694 0.228906 0.049306 0.232031 0.047454 0.233333 0.047454 0.233594 0.046991 0.236719 0.046065 0.237760 0.045139 0.238542 0.045139 0.240104 0.043750 0.240885 0.043750 0.241927 0.042824 0.244271 0.042361 0.246615 0.041435 0.247656 0.040509 0.248958 0.040046 0.249740 0.039120 0.251563 0.037731 0.253646 0.036806 0.254688 0.035880 0.257552 0.034954 0.258854 0.034028 0.259896 0.034028 0.261979 0.033102 0.263281 0.032176 0.264323 0.032176 0.265885 0.030787 0.267188 0.030324 0.269271 0.028472 0.270833 0.027546 0.273177 0.027083 0.273438 0.026620 0.274740 0.026620 0.276302 0.025694 0.278646 0.025231 0.279948 0.024306 0.282292 0.023843 0.283594 0.022917 0.287500 0.021528 0.290885 0.019213 0.293229 0.018287 0.295312 0.016898 0.297135 0.015046 0.298698 0.014120 0.300781 0.013657 0.302344 0.012731 0.303385 0.012731 0.305729 0.011343 0.307031 0.010880 0.308594 0.010880 0.309896 0.010417 0.311719 0.008102 0.315625 0.006250 0.317188 0.005324 0.318750 0.005324 0.319010 0.004861 0.320312 0.004861 0.320573 0.004398 0.322656 0.004398 0.322917 0.003935 0.326562 0.003935 0.327865 0.003009 0.329167 0.002546 0.330729 0.002546 0.330859 0.000000
 8 0.356120 0.000000 0.356250 0.002546 0.361458 0.002546 0.361589 0.000000
 8 0.370964 0.000000 0.371094 0.002546 0.375521 0.002546 0.375651 0.000000
 8 0.387370 0.000000 0.387500 0.002546 0.390625 0.002546 0.390755 0.000000
 8 0.402474 0.000000 0.402474 0.002315 0.403906 0.003009 0.407292 0.003009 0.407552 0.002546 0.409635 0.002546 0.409766 0.000000
 8 0.428255 0.000000 0.428255 0.002315 0.428906 0.003472 0.430990 0.004398 0.439323 0.004398 0.439583 0.003935 0.448177 0.003935 0.448437 0.003472 0.456510 0.003472 0.456771 0.003009 0.461198 0.003009 0.461458 0.003472 0.467969 0.003472 0.468229 0.003935 0.472917 0.003935 0.473177 0.003472 0.476302 0.003472 0.476562 0.003009 0.478646 0.003009 0.480469 0.004398 0.481771 0.004398 0.482031 0.004861 0.483594 0.004861 0.485677 0.006250 0.486719 0.006250 0.488281 0.004398 0.489583 0.003472 0.491146 0.003472 0.491927 0.004398 0.493229 0.004861 0.496354 0.004861 0.496615 0.004398 0.499479 0.004398 0.501042 0.003472 0.502604 0.003472 0.503906 0.004398 0.505469 0.004398 0.505729 0.004861 0.507292 0.004861 0.507552 0.004398 0.512500 0.004398 0.512760 0.003935 0.514062 0.003935 0.514323 0.004398 0.519271 0.004398 0.519531 0.003935 0.521875 0.003935 0.522135 0.003472 0.525781 0.003472 0.527344 0.004398 0.528385 0.004398 0.529687 0.005324 0.530729 0.005324 0.532552 0.006713 0.533854 0.006713 0.534115 0.006250 0.535677 0.006250 0.535937 0.005787 0.536979 0.006250 0.537891 0.007870 0.538411 0.009722 0.538411 0.012500 0.538672 0.012963 0.538672 0.018056 0.538932 0.020370 0.539714 0.023611 0.540755 0.030093 0.542057 0.034259 0.542839 0.038426 0.542839 0.041667 0.542578 0.042130 0.542578 0.046296 0.543099 0.049074 0.544661 0.051852 0.545443 0.054630 0.546484 0.060648 0.546484 0.062500 0.547005 0.064815 0.547526 0.069444 0.549870 0.077778 0.550130 0.079167 0.550130 0.081481 0.550391 0.081944 0.550391 0.084259 0.550651 0.086574 0.551172 0.088889 0.551172 0.090278 0.552214 0.093056 0.552734 0.098611 0.553255 0.100463 0.553255 0.101852 0.553776 0.103241 0.553776 0.104630 0.554557 0.108333 0.554557 0.110648 0.554818 0.112963 0.555339 0.115278 0.555599 0.118056 0.556641 0.121759 0.556641 0.123148 0.557161 0.125463 0.557422 0.127778 0.557422 0.130093 0.557682 0.132407 0.558203 0.134722 0.558203 0.136574 0.558984 0.140278 0.560026 0.142130 0.560026 0.143056 0.560807 0.145370 0.561328 0.150463 0.561589 0.150926 0.562630 0.158333 0.563151 0.160648 0.563672 0.161574 0.564193 0.163889 0.564193 0.169907 0.565755 0.175926 0.565755 0.178704 0.566016 0.179167 0.566016 0.183796 0.566536 0.185648 0.567839 0.187963 0.568880 0.191667 0.569141 0.195833 0.569661 0.198148 0.569661 0.200000 0.570443 0.204167 0.570443 0.209722 0.570182 0.210185 0.570703 0.213889 0.571745 0.215741 0.572005 0.217130 0.572786 0.218981 0.572786 0.220370 0.573307 0.222222 0.573568 0.225463 0.573828 0.225926 0.573828 0.232870 0.574609 0.237037 0.575651 0.238889 0.576693 0.243519 0.576953 0.245833 0.576953 0.248148 0.577214 0.248611 0.577214 0.251389 0.577474 0.251852 0.577474 0.256944 0.577734 0.257407 0.577734 0.263889 0.577995 0.264352 0.577995 0.270370 0.577734 0.270833 0.577734 0.274537 0.577995 0.275463 0.579688 0.278009 0.582031 0.279861 0.583464 0.281944 0.583724 0.283333 0.584505 0.285185 0.584766 0.286574 0.584766 0.288889 0.585026 0.289352 0.585026 0.294444 0.585286 0.294907 0.585807 0.300463 0.586328 0.302315 0.586328 0.303704 0.587370 0.307870 0.587891 0.308796 0.588932 0.312037 0.589453 0.314352 0.589453 0.325463 0.589974 0.329167 0.592318 0.333333 0.593099 0.337500 0.593099 0.340278 0.593359 0.340741 0.593359 0.343056 0.593620 0.343519 0.593620 0.346296 0.593880 0.346759 0.593880 0.349074 0.594141 0.350926 0.594661 0.352315 0.595443 0.355556 0.596224 0.357870 0.596224 0.365741 0.595703 0.368056 0.594401 0.370833 0.595052 0.372917 0.597656 0.374769 0.598698 0.374769 0.600130 0.377315 0.600391 0.378704 0.600391 0.383333 0.600651 0.383796 0.600651 0.388426 0.601432 0.392130 0.601432 0.397685 0.601172 0.399074 0.600000 0.401157 0.599740 0.401157 0.598307 0.403704 0.597526 0.407407 0.596484 0.410648 0.595182 0.412963 0.594661 0.414815 0.593620 0.417130 0.589714 0.424074 0.588932 0.426389 0.587240 0.428935 0.585417 0.430324 0.582682 0.434259 0.581641 0.437963 0.581380 0.441667 0.580208 0.444676 0.579297 0.445833 0.577734 0.450926 0.576823 0.452083 0.573177 0.458565 0.572135 0.459491 0.570833 0.459954 0.569922 0.461111 0.569661 0.462500 0.567318 0.466667 0.566797 0.470370 0.566276 0.472685 0.566276 0.474537 0.565755 0.476389 0.564063 0.479398 0.563281 0.479861 0.561589 0.482870 0.560417 0.484491 0.559635 0.484954 0.558464 0.487037 0.557422 0.491204 0.555990 0.493287 0.555208 0.492824 0.554557 0.491667 0.554297 0.488426 0.555078 0.483333 0.555078 0.479167 0.555339 0.478704 0.555339 0.475000 0.555599 0.474537 0.555599 0.471296 0.555859 0.470833 0.555859 0.466204 0.556641 0.462963 0.556641 0.461111 0.553125 0.454861 0.552344 0.454861 0.551302 0.456250 0.549089 0.460185 0.548307 0.466667 0.547526 0.469444 0.547526 0.473148 0.547266 0.473611 0.547266 0.476852 0.546484 0.480093 0.544661 0.483333 0.544661 0.487963 0.544401 0.488426 0.546224 0.492593 0.546484 0.493981 0.547526 0.497222 0.548177 0.498380 0.550000 0.498380 0.550781 0.497454 0.552083 0.495139 0.553255 0.495370 0.553255 0.497685 0.552474 0.500463 0.552214 0.503241 0.550651 0.506019 0.550130 0.508796 0.549349 0.511111 0.548698 0.511806 0.546615 0.511806 0.545833 0.512269 0.545443 0.513426 0.545443 0.517130 0.545182 0.518056 0.543490 0.519676 0.542839 0.521296 0.542578 0.524537 0.541797 0.526852 0.540885 0.528009 0.539323 0.528009 0.538932 0.526852 0.538932 0.524074 0.539193 0.523611 0.539974 0.519444 0.541276 0.516667 0.541536 0.514815 0.542708 0.512731 0.544531 0.511806 0.545182 0.511111 0.545182 0.509722 0.544271 0.507176 0.542448 0.506250 0.541276 0.504630 0.541016 0.501389 0.540495 0.499074 0.540495 0.493981 0.541276 0.489815 0.540625 0.488194 0.538542 0.485880 0.536979 0.484954 0.535156 0.484954 0.534375 0.484491 0.533724 0.483333 0.534115 0.483102 0.536328 0.479630 0.536849 0.478241 0.537109 0.476389 0.537500 0.476157 0.539453 0.472685 0.539974 0.469907 0.540234 0.467130 0.541406 0.465509 0.542578 0.463426 0.542839 0.462037 0.544271 0.459491 0.545312 0.459028 0.546875 0.459028 0.547396 0.458565 0.548047 0.456944 0.548047 0.454167 0.548307 0.452315 0.548828 0.450926 0.549219 0.448380 0.550521 0.447917 0.551823 0.447917 0.552604 0.446528 0.553385 0.446065 0.554167 0.444676 0.555990 0.442824 0.557552 0.442361 0.558854 0.441435 0.559896 0.439583 0.560677 0.439583 0.563542 0.444676 0.565625 0.446065 0.566927 0.446065 0.567969 0.446528 0.568750 0.446065 0.570182 0.443519 0.570964 0.441204 0.570964 0.433333 0.570182 0.430556 0.568750 0.428472 0.567448 0.428472 0.566406 0.429861 0.565625 0.430324 0.564844 0.431713 0.563542 0.432176 0.561719 0.430324 0.560937 0.428935 0.559896 0.428472 0.557031 0.430787 0.556510 0.430324 0.555078 0.426389 0.554557 0.422222 0.554036 0.420833 0.554297 0.419444 0.555599 0.415278 0.555599 0.410185 0.555339 0.409722 0.555339 0.406481 0.555078 0.406019 0.555078 0.400926 0.554818 0.400000 0.555729 0.397917 0.557031 0.397454 0.558333 0.396528 0.560156 0.394676 0.560937 0.394676 0.563802 0.397454 0.566927 0.397454 0.568229 0.396991 0.569531 0.396065 0.571354 0.395602 0.573177 0.394213 0.573828 0.393056 0.573177 0.390972 0.572135 0.390509 0.570052 0.390509 0.569792 0.390972 0.566146 0.390972 0.565885 0.390509 0.564323 0.390509 0.564063 0.390972 0.561979 0.390972 0.561719 0.391435 0.559896 0.391435 0.558333 0.389583 0.555990 0.385880 0.554688 0.387731 0.552344 0.389120 0.549740 0.389120 0.548698 0.390046 0.547266 0.393056 0.547526 0.394444 0.547526 0.400000 0.546745 0.404167 0.546745 0.406481 0.547526 0.408796 0.548047 0.413889 0.548568 0.415741 0.550000 0.418287 0.551172 0.419907 0.551172 0.425000 0.550911 0.426852 0.550130 0.429630 0.549219 0.432176 0.548047 0.429630 0.547786 0.427315 0.546875 0.425231 0.545312 0.424306 0.544141 0.422222 0.543620 0.420370 0.543359 0.418056 0.543359 0.414352 0.543099 0.413889 0.543099 0.408796 0.542839 0.406944 0.542188 0.405787 0.541667 0.405787 0.541016 0.404630 0.540234 0.402315 0.539714 0.400000 0.539714 0.395833 0.540234 0.393056 0.539974 0.391204 0.539453 0.389815 0.537370 0.386111 0.536589 0.383796 0.536328 0.381944 0.535286 0.378704 0.532422 0.373611 0.531641 0.371296 0.531380 0.368981 0.530859 0.366667 0.530859 0.364815 0.530339 0.361574 0.528516 0.355556 0.527734 0.350926 0.527214 0.348611 0.525651 0.343519 0.525391 0.340741 0.525130 0.340278 0.524349 0.335648 0.523568 0.332407 0.522786 0.325463 0.522266 0.323148 0.522005 0.320833 0.519661 0.312500 0.519141 0.311111 0.518880 0.308796 0.517578 0.303704 0.517057 0.302778 0.516276 0.300000 0.515495 0.294907 0.512891 0.284259 0.512109 0.282407 0.509505 0.277778 0.508203 0.273611 0.506380 0.263889 0.506380 0.262963 0.504036 0.255556 0.503516 0.253241 0.503255 0.250926 0.502474 0.248611 0.502474 0.247685 0.501693 0.245370 0.501172 0.243056 0.500911 0.240741 0.500391 0.238426 0.498828 0.233796 0.498568 0.231944 0.498568 0.229167 0.498307 0.228704 0.498307 0.219907 0.498568 0.217593 0.498307 0.217130 0.498307 0.213889 0.497786 0.211574 0.496615 0.209954 0.495312 0.209028 0.494792 0.208102 0.493490 0.207176 0.489323 0.207176 0.486979 0.208565 0.486198 0.208565 0.484115 0.209954 0.483073 0.209954 0.480469 0.210880 0.478125 0.212269 0.476562 0.212731 0.475781 0.213657 0.474479 0.214120 0.472396 0.215972 0.469531 0.217361 0.468490 0.218287 0.467187 0.218750 0.465104 0.220602 0.463542 0.221528 0.462760 0.221528 0.461719 0.222454 0.459896 0.222917 0.458333 0.223843 0.457031 0.223843 0.456771 0.224306 0.453385 0.225694 0.452083 0.227083 0.450781 0.228009 0.449479 0.228472 0.448177 0.229398 0.446875 0.229861 0.445573 0.229861 0.444271 0.230324 0.441927 0.231713 0.440885 0.231713 0.439844 0.232639 0.438802 0.232639 0.437760 0.231713 0.436589 0.228704 0.436328 0.226389 0.435286 0.222685 0.435026 0.219907 0.434505 0.217593 0.433724 0.215278 0.433203 0.212037 0.432161 0.208333 0.430599 0.205093 0.429036 0.200000 0.428776 0.198611 0.427083 0.196991 0.426042 0.196528 0.424740 0.196528 0.424479 0.196065 0.421875 0.196065 0.421615 0.196528 0.419271 0.196528 0.418229 0.197454 0.417448 0.197454 0.416406 0.198380 0.415625 0.198380 0.412240 0.201620 0.408073 0.204398 0.407292 0.205787 0.405990 0.207176 0.404687 0.208102 0.403385 0.208565 0.402604 0.209491 0.401302 0.209954 0.399479 0.211806 0.399089 0.212963 0.397396 0.215972 0.397135 0.215972 0.395182 0.219444 0.395182 0.220833 0.394401 0.225463 0.394141 0.225926 0.394141 0.230093 0.393880 0.231944 0.392708 0.234028 0.390365 0.236343 0.389062 0.237269 0.385677 0.238657 0.384896 0.239583 0.383073 0.240046 0.382812 0.240509 0.380729 0.241435 0.378385 0.244213 0.377083 0.246528 0.376302 0.246528 0.375000 0.245139 0.373568 0.242593 0.372786 0.240278 0.371094 0.237269 0.370312 0.236806 0.366667 0.233565 0.365625 0.233102 0.364323 0.233102 0.364063 0.233565 0.362500 0.233565 0.362240 0.234028 0.360938 0.234028 0.359896 0.234954 0.356510 0.236343 0.356250 0.236806 0.354427 0.237269 0.353125 0.238194 0.351823 0.238194 0.350781 0.238657 0.348958 0.240046 0.348177 0.241435 0.346875 0.242824 0.345573 0.244676 0.343750 0.247917 0.341667 0.249769 0.341146 0.250694 0.339062 0.252083 0.337891 0.254167 0.337630 0.256019 0.337630 0.259722 0.337370 0.262037 0.336849 0.263889 0.336328 0.268981 0.336589 0.269444 0.336589 0.274074 0.336328 0.275000 0.334896 0.277546 0.333594 0.278472 0.331250 0.278472 0.329167 0.279861 0.327865 0.281713 0.326042 0.284954 0.322656 0.287731 0.321354 0.289583 0.319271 0.293287 0.319010 0.293287 0.317839 0.295833 0.317839 0.302778 0.316406 0.305787 0.314844 0.307176 0.314453 0.308333 0.314453 0.311111 0.314844 0.312731 0.317708 0.312731 0.318880 0.314815 0.318620 0.316204 0.317708 0.317361 0.315365 0.317361 0.314844 0.317824 0.314193 0.319907 0.313411 0.324537 0.311198 0.328472 0.310937 0.328472 0.309115 0.331713 0.308073 0.333102 0.305469 0.334954 0.304427 0.334954 0.303125 0.335880 0.302344 0.335880 0.301563 0.336806 0.300521 0.337269 0.299479 0.338657 0.297396 0.342361 0.296354 0.343750 0.291667 0.347917 0.289583 0.348843 0.288281 0.350231 0.286458 0.351620 0.283594 0.355787 0.283333 0.355787 0.281771 0.358565 0.280469 0.360417 0.277604 0.363194 0.277083 0.363194 0.275651 0.365278 0.274609 0.369907 0.274609 0.374074 0.274870 0.375926 0.275651 0.379167 0.276953 0.381481 0.277474 0.384259 0.278776 0.388426 0.279557 0.389815 0.280599 0.393519 0.281120 0.394444 0.281641 0.397222 0.282682 0.400926 0.285026 0.405093 0.285547 0.406481 0.286068 0.409259 0.287891 0.413889 0.289193 0.416667 0.290755 0.422685 0.292057 0.425463 0.292318 0.426852 0.293359 0.429630 0.295182 0.432870 0.295703 0.434259 0.295964 0.436111 0.296484 0.437500 0.297266 0.442130 0.298698 0.444676 0.300260 0.446065 0.301432 0.448611 0.301693 0.450463 0.303255 0.455093 0.303516 0.456481 0.305078 0.460185 0.306120 0.464352 0.306901 0.465741 0.307422 0.467593 0.309505 0.472222 0.309766 0.473611 0.312109 0.479167 0.313411 0.484722 0.316016 0.489352 0.316536 0.492593 0.317057 0.494444 0.318750 0.497454 0.320443 0.502315 0.320964 0.505093 0.320964 0.506481 0.321745 0.509722 0.322266 0.511111 0.323437 0.512731 0.326432 0.518056 0.327214 0.520833 0.327214 0.521759 0.327995 0.525000 0.329688 0.528009 0.331250 0.529398 0.332161 0.531944 0.331901 0.533796 0.331901 0.536111 0.331380 0.538426 0.331380 0.541204 0.331120 0.541667 0.331120 0.543981 0.330599 0.546296 0.330339 0.549537 0.330078 0.550000 0.330078 0.553704 0.329818 0.554167 0.329818 0.556944 0.329557 0.558333 0.330208 0.559028 0.331250 0.557639 0.332552 0.557176 0.337240 0.557176 0.338021 0.557639 0.339193 0.559722 0.339193 0.560185 0.340365 0.562269 0.340885 0.562269 0.342318 0.565278 0.342318 0.567130 0.342839 0.570833 0.343620 0.573148 0.343620 0.576852 0.343359 0.577315 0.343359 0.580093 0.343880 0.582870 0.345313 0.584954 0.347396 0.584954 0.347656 0.584491 0.350000 0.584491 0.351302 0.585417 0.356250 0.585417 0.357292 0.584954 0.357552 0.585417 0.359115 0.585417 0.360677 0.586806 0.361979 0.586806 0.362240 0.586343 0.363542 0.586343 0.363802 0.585880 0.366667 0.585880 0.366927 0.586343 0.370052 0.586343 0.371354 0.585417 0.373958 0.585417 0.376172 0.587500 0.375911 0.588426 0.374219 0.591435 0.372656 0.592824 0.371094 0.593287 0.370182 0.594444 0.372396 0.596528 0.375130 0.601389 0.375130 0.602315 0.375911 0.605093 0.378385 0.609491 0.379688 0.610417 0.380729 0.610417 0.382161 0.608333 0.382422 0.607407 0.382422 0.602315 0.382161 0.601389 0.382682 0.599537 0.383854 0.597917 0.385417 0.596991 0.385677 0.597454 0.387500 0.597454 0.388542 0.597917 0.391927 0.601157 0.393229 0.603472 0.395052 0.605324 0.395833 0.606713 0.397005 0.604630 0.397526 0.600463 0.398438 0.598843 0.400260 0.596991 0.402344 0.596528 0.402604 0.596065 0.404687 0.596065 0.405729 0.597454 0.406901 0.599537 0.406901 0.600000 0.408073 0.602083 0.411198 0.604861 0.411719 0.604861 0.412630 0.603241 0.413411 0.599537 0.413672 0.596759 0.414844 0.594676 0.416667 0.593750 0.417969 0.592361 0.419010 0.591898 0.425260 0.591898 0.425521 0.591435 0.432292 0.591435 0.434635 0.590046 0.436458 0.590046 0.436719 0.590509 0.438281 0.590509 0.438542 0.590972 0.445833 0.590972 0.446094 0.591435 0.447656 0.591435 0.447917 0.590972 0.449740 0.590972 0.450000 0.590509 0.452344 0.590509 0.452604 0.590972 0.459375 0.590972 0.461979 0.592361 0.462760 0.593287 0.465104 0.593287 0.465365 0.592824 0.467187 0.592824 0.468750 0.593750 0.470573 0.594213 0.470964 0.594907 0.470964 0.596296 0.471745 0.599537 0.471745 0.608333 0.470964 0.610648 0.469531 0.612731 0.467448 0.614583 0.464062 0.616435 0.463542 0.617361 0.462240 0.618287 0.460938 0.617824 0.459896 0.616898 0.457813 0.616898 0.456771 0.617824 0.454948 0.618287 0.453906 0.617361 0.451562 0.616435 0.450260 0.616898 0.448958 0.616898 0.447656 0.617824 0.446615 0.617361 0.445703 0.615278 0.444271 0.614120 0.443750 0.613194 0.441667 0.613194 0.441406 0.613657 0.439844 0.613657 0.438542 0.615046 0.437630 0.618056 0.435807 0.620833 0.435547 0.622222 0.436068 0.623611 0.436328 0.625463 0.436328 0.631019 0.436068 0.631481 0.436068 0.636111 0.437630 0.641204 0.437630 0.643519 0.436849 0.645833 0.435547 0.648148 0.435286 0.650463 0.436068 0.654167 0.436068 0.657870 0.435286 0.661574 0.435286 0.663889 0.436068 0.666204 0.436328 0.668056 0.436328 0.670833 0.434896 0.673380 0.434115 0.673843 0.432682 0.675926 0.432682 0.678241 0.434375 0.681250 0.435286 0.682407 0.435807 0.684722 0.435547 0.687037 0.435547 0.689815 0.436068 0.692130 0.437240 0.694213 0.438802 0.694676 0.439063 0.695139 0.440885 0.695602 0.442448 0.696528 0.443099 0.698148 0.442188 0.699306 0.440234 0.702778 0.439583 0.704398 0.438802 0.705324 0.438542 0.704861 0.436719 0.704861 0.435937 0.703472 0.434375 0.703009 0.434115 0.703472 0.431771 0.703472 0.430859 0.701852 0.430078 0.697222 0.430859 0.694907 0.430859 0.693981 0.431901 0.691667 0.431641 0.689352 0.430599 0.685185 0.430599 0.677315 0.429036 0.671759 0.429036 0.669907 0.430078 0.667593 0.431120 0.663889 0.431120 0.662037 0.429818 0.656019 0.429818 0.654630 0.429297 0.651852 0.428255 0.649074 0.427083 0.647454 0.424219 0.647454 0.423958 0.647917 0.419792 0.647917 0.418880 0.650000 0.419141 0.652315 0.419661 0.654630 0.419401 0.656944 0.418229 0.658565 0.416667 0.659954 0.415365 0.659028 0.414714 0.656944 0.414453 0.654630 0.413672 0.651852 0.412500 0.649769 0.411719 0.649306 0.409635 0.650231 0.408333 0.650231 0.407031 0.650694 0.405990 0.651620 0.405078 0.654167 0.404818 0.657407 0.403646 0.659954 0.402344 0.660880 0.400781 0.661343 0.399609 0.659722 0.398828 0.656019 0.398307 0.654630 0.397786 0.651852 0.396354 0.649769 0.394531 0.649769 0.394271 0.650231 0.392708 0.650231 0.391406 0.651157 0.390755 0.652315 0.390234 0.654630 0.390234 0.656944 0.388411 0.663426 0.388932 0.665741 0.389844 0.666898 0.390885 0.667361 0.392448 0.667361 0.394010 0.668287 0.396875 0.668287 0.400781 0.663657 0.401042 0.664120 0.404427 0.664120 0.405990 0.665509 0.406510 0.665509 0.408073 0.666898 0.409115 0.667361 0.412500 0.667361 0.414844 0.665509 0.415365 0.664583 0.416406 0.664120 0.417187 0.664583 0.419531 0.664583 0.420833 0.665509 0.422526 0.668519 0.422786 0.671296 0.422266 0.674537 0.421745 0.675926 0.421745 0.691667 0.421484 0.693519 0.420443 0.697222 0.418490 0.700231 0.418229 0.700231 0.416536 0.703241 0.416276 0.705093 0.417057 0.707407 0.417839 0.708796 0.418880 0.711574 0.418880 0.714352 0.418620 0.715741 0.417969 0.716898 0.416927 0.717361 0.416406 0.718287 0.415495 0.715741 0.414714 0.712037 0.414714 0.707870 0.415234 0.705093 0.414974 0.703704 0.414193 0.702315 0.413411 0.699537 0.412370 0.693519 0.411458 0.691435 0.409896 0.692824 0.408594 0.692824 0.407552 0.693750 0.406641 0.696296 0.406380 0.699074 0.405599 0.703241 0.405599 0.707870 0.405859 0.708333 0.405859 0.715741 0.406120 0.716204 0.406120 0.718981 0.405859 0.719444 0.405859 0.721759 0.405599 0.723611 0.404818 0.726852 0.403125 0.729861 0.401953 0.731481 0.401953 0.733333 0.402604 0.734028 0.404297 0.737037 0.404818 0.738889 0.404818 0.747222 0.405078 0.749074 0.405859 0.751852 0.405859 0.753241 0.405208 0.754398 0.403385 0.755324 0.400781 0.757176 0.399219 0.756713 0.397786 0.754167 0.397786 0.752315 0.399089 0.749537 0.399609 0.747222 0.399349 0.744907 0.398828 0.742593 0.398047 0.740278 0.397786 0.738426 0.398047 0.737037 0.398047 0.731944 0.397005 0.729167 0.396484 0.726852 0.396484 0.724074 0.397005 0.722222 0.397266 0.719907 0.397266 0.716204 0.397005 0.715741 0.397005 0.711574 0.396745 0.710185 0.395833 0.708565 0.394531 0.709028 0.393620 0.710648 0.393099 0.713426 0.392188 0.714583 0.388802 0.714583 0.387240 0.716435 0.385937 0.717361 0.385547 0.718056 0.385547 0.719444 0.387240 0.721065 0.389323 0.722454 0.390234 0.724537 0.389974 0.725926 0.389062 0.727546 0.388542 0.727546 0.386458 0.729398 0.385156 0.731250 0.384115 0.731250 0.383073 0.729861 0.381771 0.727546 0.380859 0.726389 0.380859 0.725463 0.382031 0.723843 0.384375 0.719676 0.384766 0.719444 0.384505 0.717593 0.383464 0.716204 0.382161 0.712500 0.382161 0.709259 0.382682 0.706944 0.383594 0.705787 0.384115 0.703935 0.384896 0.705324 0.385937 0.706250 0.386719 0.707639 0.388281 0.709491 0.390365 0.709491 0.391146 0.709028 0.392578 0.706481 0.392578 0.701389 0.391667 0.699306 0.390625 0.698843 0.388802 0.698843 0.386979 0.700231 0.384896 0.703472 0.383854 0.703472 0.382552 0.702083 0.381250 0.699769 0.380339 0.698611 0.381250 0.697917 0.382031 0.696528 0.383333 0.695602 0.384375 0.693750 0.385156 0.693287 0.386979 0.695139 0.388802 0.696528 0.390625 0.696528 0.391667 0.697454 0.392969 0.697454 0.394271 0.696528 0.395833 0.696528 0.397266 0.694444 0.398307 0.691667 0.398307 0.688889 0.397786 0.687037 0.397266 0.682870 0.396354 0.680787 0.395833 0.680324 0.394792 0.681250 0.392448 0.685417 0.390885 0.684954 0.389974 0.682870 0.390365 0.682639 0.391016 0.680556 0.391276 0.678704 0.391276 0.675926 0.390755 0.674074 0.389062 0.671065 0.388021 0.671065 0.386979 0.671991 0.384896 0.675694 0.384375 0.675694 0.383724 0.674537 0.383464 0.673148 0.382682 0.671296 0.382682 0.668981 0.383464 0.666667 0.383724 0.664815 0.383724 0.662037 0.383203 0.660648 0.382943 0.658333 0.382422 0.656944 0.381901 0.651389 0.381380 0.649537 0.380208 0.647454 0.378385 0.647454 0.377344 0.646991 0.376172 0.649074 0.376172 0.653704 0.375911 0.654167 0.375911 0.662037 0.375651 0.662500 0.375651 0.668981 0.375130 0.670833 0.372266 0.675926 0.372266 0.677315 0.373177 0.678472 0.374609 0.681019 0.375130 0.682870 0.375130 0.688426 0.374870 0.688889 0.374870 0.691204 0.375391 0.693981 0.376172 0.696759 0.376172 0.698611 0.375000 0.701157 0.373437 0.702083 0.372005 0.703704 0.372005 0.705556 0.372656 0.706713 0.374479 0.708102 0.375651 0.709722 0.376432 0.713426 0.376432 0.718519 0.376693 0.718981 0.376693 0.725000 0.376172 0.726852 0.375651 0.730556 0.375651 0.734722 0.376172 0.736574 0.376172 0.737963 0.376693 0.739815 0.376693 0.748148 0.376172 0.750926 0.374870 0.754167 0.374870 0.754630 0.372917 0.758102 0.372005 0.759259 0.372396 0.761343 0.373437 0.761806 0.375391 0.764815 0.376172 0.767130 0.376172 0.768056 0.376953 0.770370 0.376953 0.771296 0.377734 0.775000 0.378646 0.776620 0.379427 0.777083 0.381250 0.777083 0.382682 0.774537 0.382682 0.772685 0.381641 0.768981 0.381380 0.766204 0.382812 0.762269 0.384115 0.760880 0.384896 0.760880 0.386458 0.762269 0.386979 0.762269 0.389062 0.764120 0.389974 0.765741 0.390755 0.768981 0.391016 0.771759 0.391536 0.773148 0.391797 0.775463 0.391536 0.775926 0.391536 0.780556 0.391276 0.781481 0.389323 0.784954 0.388281 0.785880 0.386979 0.786343 0.385417 0.786343 0.384635 0.786806 0.383724 0.788426 0.383724 0.789352 0.384375 0.790509 0.385417 0.790972 0.387109 0.793981 0.387370 0.795833 0.386719 0.796991 0.385156 0.797454 0.384375 0.796991 0.383464 0.795370 0.383203 0.793056 0.382552 0.791435 0.382031 0.790972 0.380208 0.790509 0.378516 0.787500 0.378255 0.786111 0.377344 0.784028 0.376302 0.784028 0.374740 0.786806 0.374479 0.786806 0.373568 0.788889 0.373568 0.797222 0.373307 0.797685 0.373307 0.800000 0.373047 0.801389 0.373828 0.804167 0.373828 0.805093 0.374609 0.807870 0.374609 0.809722 0.373828 0.812037 0.372917 0.813657 0.371875 0.814583 0.370573 0.814583 0.370703 0.815741 0.371354 0.816898 0.372135 0.816898 0.373177 0.817824 0.375911 0.822685 0.376823 0.824769 0.377344 0.825231 0.378906 0.823380 0.379688 0.822917 0.380339 0.821759 0.380599 0.818981 0.381641 0.815741 0.381641 0.808333 0.382552 0.806250 0.384896 0.803935 0.386198 0.803472 0.388151 0.800926 0.388672 0.798148 0.389844 0.796528 0.391406 0.796065 0.392708 0.795139 0.394271 0.792361 0.395573 0.790972 0.396745 0.788889 0.397005 0.787963 0.397005 0.785648 0.396484 0.782870 0.396484 0.781019 0.398828 0.774537 0.398828 0.771759 0.398568 0.771296 0.398047 0.767130 0.398568 0.764815 0.399740 0.762731 0.401302 0.762731 0.401562 0.763194 0.403385 0.763657 0.403646 0.764120 0.406510 0.761806 0.408854 0.761343 0.409635 0.760417 0.410286 0.758796 0.410547 0.756481 0.411589 0.754630 0.411849 0.753241 0.412630 0.751852 0.413151 0.750000 0.414323 0.747917 0.414583 0.747917 0.416146 0.745602 0.416797 0.745370 0.416276 0.744444 0.416016 0.742593 0.415234 0.740278 0.415495 0.738426 0.416146 0.737269 0.417448 0.737731 0.419010 0.737731 0.419271 0.738194 0.420182 0.736574 0.420703 0.734259 0.420703 0.729167 0.420443 0.727778 0.419271 0.726157 0.416927 0.727546 0.415365 0.727546 0.414453 0.726389 0.414453 0.725000 0.415234 0.723148 0.415495 0.721759 0.416406 0.719676 0.418490 0.720139 0.420052 0.721528 0.421354 0.721991 0.423698 0.721991 0.423958 0.721528 0.426302 0.721528 0.426563 0.721065 0.427865 0.721065 0.428646 0.720139 0.429297 0.718056 0.429297 0.715741 0.429557 0.715278 0.429557 0.712963 0.429818 0.710648 0.430599 0.706944 0.432292 0.703935 0.433594 0.704861 0.434375 0.704861 0.435677 0.705787 0.436458 0.705787 0.436849 0.706944 0.436849 0.711574 0.436589 0.712963 0.434766 0.716204 0.434505 0.717130 0.434505 0.719907 0.434766 0.720833 0.435937 0.722917 0.436719 0.723380 0.437891 0.725926 0.437891 0.729167 0.437630 0.729630 0.437630 0.739352 0.438151 0.741667 0.438151 0.743056 0.438802 0.745602 0.440104 0.745602 0.441667 0.742824 0.441927 0.742824 0.443359 0.740278 0.443880 0.737037 0.443880 0.735185 0.444401 0.733333 0.444401 0.730093 0.444141 0.729630 0.444141 0.727315 0.443880 0.726389 0.444141 0.725000 0.445182 0.722685 0.446875 0.719676 0.447526 0.717593 0.447266 0.717130 0.447266 0.713889 0.447005 0.713426 0.447005 0.710648 0.447656 0.708102 0.447786 0.708796 0.449219 0.710417 0.450000 0.710880 0.451823 0.710880 0.452344 0.710417 0.453516 0.708333 0.454036 0.706019 0.453776 0.702778 0.452344 0.700231 0.451302 0.699306 0.449740 0.698843 0.449609 0.698148 0.450781 0.696528 0.453125 0.696065 0.454167 0.695139 0.455729 0.695139 0.458594 0.696528 0.459115 0.696065 0.460807 0.693056 0.461849 0.690278 0.461849 0.686574 0.461589 0.686111 0.461589 0.675463 0.460807 0.671759 0.460807 0.669907 0.462500 0.666898 0.463021 0.666435 0.465365 0.666435 0.465625 0.665972 0.466927 0.665972 0.467187 0.666435 0.469010 0.666435 0.469271 0.666898 0.470833 0.666898 0.472396 0.667824 0.474219 0.667824 0.474740 0.667361 0.476432 0.663889 0.476953 0.661574 0.476953 0.660185 0.477995 0.656019 0.477995 0.654167 0.478516 0.650926 0.478906 0.650231 0.480208 0.650694 0.481771 0.650694 0.482422 0.649537 0.482682 0.648148 0.481771 0.646065 0.480729 0.646065 0.479427 0.646991 0.478906 0.647917 0.477734 0.645833 0.477214 0.643519 0.477474 0.641667 0.479167 0.639120 0.480469 0.639120 0.480729 0.638657 0.484115 0.638657 0.484375 0.639120 0.485938 0.639120 0.489063 0.637269 0.491146 0.636806 0.491797 0.634722 0.491797 0.631019 0.492057 0.630556 0.492057 0.627315 0.492318 0.625926 0.493880 0.620833 0.493620 0.616667 0.493359 0.616204 0.493359 0.613889 0.494141 0.611574 0.494401 0.609259 0.496354 0.605787 0.497135 0.604861 0.500260 0.604861 0.500521 0.605324 0.502083 0.605324 0.502604 0.605787 0.503776 0.607870 0.504557 0.611111 0.504557 0.614815 0.503516 0.617593 0.501563 0.621065 0.500521 0.621528 0.499219 0.622917 0.497526 0.625926 0.497266 0.627315 0.495964 0.630093 0.494661 0.636111 0.493750 0.637269 0.492708 0.637269 0.491797 0.638889 0.491797 0.642130 0.491276 0.644444 0.490104 0.646065 0.488672 0.648611 0.488411 0.650000 0.486458 0.653472 0.485156 0.654398 0.484505 0.655556 0.483203 0.660185 0.483203 0.661111 0.482422 0.664352 0.481901 0.665278 0.481380 0.667593 0.481380 0.668981 0.480859 0.670833 0.478646 0.674769 0.477604 0.675694 0.474349 0.681481 0.472526 0.686574 0.472266 0.688426 0.471745 0.689815 0.471484 0.692130 0.470964 0.693519 0.469661 0.695833 0.469401 0.697685 0.468620 0.700463 0.467448 0.702546 0.466016 0.704167 0.465495 0.706019 0.463802 0.709028 0.462240 0.710417 0.461328 0.712037 0.461068 0.713426 0.459245 0.717593 0.458724 0.719444 0.458203 0.725463 0.457422 0.727778 0.454948 0.732176 0.454688 0.732176 0.450391 0.739815 0.448047 0.746296 0.447786 0.747685 0.446615 0.748843 0.445443 0.750926 0.444661 0.756019 0.443229 0.758565 0.442969 0.758565 0.441146 0.762269 0.439583 0.764120 0.438802 0.764583 0.437891 0.766204 0.437630 0.768056 0.436849 0.771296 0.436849 0.772222 0.436068 0.775000 0.435286 0.776852 0.433984 0.779167 0.432682 0.782870 0.430078 0.787500 0.429818 0.788889 0.428516 0.792130 0.426432 0.795833 0.426432 0.796296 0.425130 0.799074 0.424349 0.802315 0.423307 0.804167 0.422266 0.807407 0.422005 0.809722 0.421484 0.811574 0.418880 0.816204 0.418359 0.818056 0.416927 0.820602 0.415885 0.821528 0.414193 0.825463 0.413672 0.827315 0.412370 0.830093 0.411589 0.833333 0.411068 0.834722 0.410547 0.837500 0.409766 0.839352 0.408594 0.841435 0.408333 0.841435 0.407161 0.843519 0.406120 0.845833 0.404818 0.849537 0.401953 0.856019 0.401172 0.858796 0.400260 0.859954 0.399089 0.862037 0.398307 0.865278 0.398307 0.866667 0.397786 0.868519 0.396615 0.870139 0.394531 0.873843 0.392448 0.876157 0.391276 0.878241 0.390234 0.882870 0.389974 0.885185 0.389193 0.887963 0.388151 0.889815 0.386589 0.893981 0.384505 0.897685 0.383724 0.899537 0.383464 0.900926 0.381380 0.906019 0.379297 0.909722 0.378255 0.912500 0.377995 0.913889 0.375911 0.917593 0.375391 0.919444 0.375391 0.920833 0.374609 0.924074 0.372266 0.928241 0.371484 0.930556 0.368880 0.935185 0.367318 0.939352 0.366276 0.943056 0.365234 0.944907 0.363672 0.949537 0.360026 0.956019 0.360026 0.956481 0.358464 0.960185 0.357682 0.962963 0.355859 0.966667 0.355599 0.968056 0.353906 0.971065 0.352865 0.971991 0.351953 0.973611 0.351432 0.976389 0.350651 0.979167 0.348698 0.982176 0.348438 0.982176 0.347135 0.984491 0.344010 0.987269 0.342708 0.989583 0.341927 0.990509 0.336198 0.990509 0.335938 0.990046 0.334635 0.990046 0.334375 0.989583 0.332552 0.989583 0.332292 0.989120 0.330208 0.989120 0.329948 0.988657 0.325260 0.988657 0.325000 0.989120 0.323698 0.989120 0.323437 0.989583 0.322135 0.989583 0.321094 0.988657 0.320964 0.987963 0.319792 0.985880 0.319010 0.984954 0.317708 0.985417 0.316146 0.988194 0.314583 0.989583 0.311719 0.990972 0.310417 0.990972 0.310156 0.991435 0.304427 0.991435 0.304167 0.990972 0.301302 0.990972 0.301042 0.990509 0.298438 0.990509 0.296875 0.991435 0.295573 0.991435 0.295312 0.991898 0.292448 0.991898 0.292187 0.991435 0.288281 0.991435 0.288021 0.990972 0.281510 0.990972 0.281250 0.991435 0.279948 0.991435 0.279687 0.991898 0.277344 0.991898 0.277083 0.991435 0.273177 0.991435 0.272917 0.990972 0.265885 0.990972 0.265625 0.991435 0.264323 0.991435 0.264062 0.991898 0.261458 0.991898 0.261198 0.991435 0.257552 0.991435 0.257292 0.990972 0.250521 0.990972 0.248958 0.991898 0.243229 0.991898 0.242969 0.991435 0.240625 0.991435 0.240365 0.990972 0.235156 0.990972 0.234896 0.991435 0.233594 0.991435 0.233333 0.991898 0.225781 0.991898 0.225521 0.991435 0.220052 0.991435 0.218490 0.992361 0.216927 0.992361 0.216667 0.992824 0.213281 0.992824 0.213021 0.992361 0.210938 0.992361 0.210677 0.991898 0.208594 0.991898 0.208333 0.991435 0.204167 0.991435 0.202865 0.992361 0.201563 0.992824 0.196615 0.992824 0.196354 0.992361 0.192708 0.992361 0.192448 0.991898 0.188281 0.991898 0.188021 0.992361 0.186719 0.992361 0.186458 0.992824 0.180469 0.992824 0.180208 0.992361 0.177344 0.992361 0.177083 0.991898 0.172656 0.991898 0.172396 0.992361 0.171094 0.992361 0.170833 0.992824 0.165365 0.992824 0.165104 0.992361 0.161979 0.992361 0.161719 0.991898 0.157031 0.991898 0.156771 0.992361 0.155208 0.992361 0.154948 0.992824 0.150000 0.992824 0.149740 0.992361 0.144792 0.992361 0.144531 0.991898 0.141406 0.991898 0.141146 0.992361 0.139583 0.992361 0.139323 0.992824 0.133854 0.992824 0.133594 0.992361 0.124479 0.992361 0.124219 0.992824 0.120573 0.992824 0.120313 0.992361 0.112240 0.992361 0.111979 0.991898 0.110677 0.991898 0.110417 0.992361 0.092448 0.992361 0.092188 0.992824 0.089583 0.992824 0.089323 0.992361 0.077604 0.992361 0.077344 0.992824 0.067187 0.992824 0.066927 0.992361 0.063281 0.992361 0.063021 0.992824 0.061719 0.992824 0.061458 0.993287 0.052083 0.993287 0.051823 0.992824 0.050260 0.992824 0.050000 0.992361 0.048438 0.992361 0.048177 0.991898 0.045052 0.991898 0.044792 0.991435 0.040885 0.991435 0.039323 0.990509 0.037500 0.988657 0.036458 0.988194 0.033594 0.988194 0.032552 0.988657 0.030208 0.990972 0.028385 0.991435 0.028125 0.991898 0.017708 0.991898 0.016146 0.993287 0.014323 0.994213 0.012500 0.994213 0.012240 0.994676 0.007292 0.994676 0.007031 0.995139 0.005990 0.994676 0.004167 0.994676 0.003906 0.994213 0.002604 0.994213 0.002344 0.993750 0.000000 0.993750
 8 0.479687 0.415046 0.478906 0.415046 0.477734 0.412500 0.477734 0.404630 0.477214 0.402315 0.476042 0.400231 0.475260 0.399769 0.474609 0.398611 0.474349 0.396759 0.473047 0.391204 0.470964 0.387500 0.469922 0.384259 0.469661 0.381944 0.469141 0.380093 0.468880 0.377778 0.468880 0.370833 0.469141 0.369907 0.470313 0.367824 0.470573 0.367824 0.472266 0.364815 0.473177 0.362731 0.474479 0.361343 0.476042 0.360417 0.476693 0.359259 0.477734 0.355093 0.478906 0.353009 0.479167 0.353009 0.480469 0.350694 0.482552 0.348380 0.483073 0.348380 0.484766 0.345833 0.485286 0.343981 0.486458 0.342361 0.488542 0.340509 0.490885 0.336343 0.493229 0.334028 0.494531 0.333102 0.495833 0.333102 0.497135 0.332176 0.498437 0.331713 0.501302 0.331713 0.502474 0.336111 0.502474 0.345370 0.502214 0.345833 0.502214 0.348611 0.501953 0.349074 0.502214 0.350926 0.503385 0.348843 0.503906 0.348380 0.505208 0.348380 0.506380 0.350463 0.506901 0.352778 0.507161 0.355093 0.507682 0.356481 0.507943 0.358796 0.508724 0.361111 0.509505 0.362500 0.510547 0.365741 0.511068 0.368519 0.511068 0.369907 0.511849 0.373148 0.512630 0.375000 0.513932 0.377315 0.514193 0.378241 0.513932 0.381019 0.513021 0.383565 0.510417 0.384491 0.508594 0.385880 0.507552 0.388194 0.506250 0.389583 0.502344 0.389583 0.502083 0.390046 0.500260 0.390509 0.498177 0.392361 0.496354 0.392361 0.496094 0.391898 0.491927 0.391898 0.491667 0.392361 0.487760 0.392361 0.486458 0.391898 0.485417 0.392361 0.484505 0.393519 0.483984 0.399074 0.483203 0.401852 0.481771 0.404398 0.481120 0.405093 0.481120 0.407407 0.482161 0.409722 0.482682 0.412500 0.482031 0.414120 0.479687 0.415046
 8 0.591276 0.387963 0.592187 0.387731 0.593099 0.386111 0.593099 0.384259 0.592187 0.383102 0.591146 0.383102 0.590104 0.384028 0.589193 0.385648 0.589844 0.387269 0.591276 0.387963
 8 0.583724 0.415278 0.584245 0.414352 0.584766 0.412037 0.584766 0.408796 0.585026 0.408333 0.585026 0.405556 0.584766 0.404167 0.584115 0.403009 0.583333 0.402546 0.582031 0.404398 0.581250 0.404861 0.580339 0.406944 0.581120 0.411111 0.581901 0.413426 0.583073 0.415509 0.583724 0.415278
 8 0.357031 0.500231 0.356510 0.499769 0.354948 0.499769 0.352865 0.498380 0.352344 0.498380 0.350781 0.496991 0.350000 0.495602 0.348438 0.495602 0.346094 0.497454 0.344922 0.494907 0.344922 0.493056 0.344401 0.490741 0.344141 0.488426 0.344141 0.485185 0.343880 0.482870 0.343359 0.480556 0.343099 0.477315 0.342578 0.475463 0.342318 0.473148 0.341146 0.471065 0.340104 0.470602 0.339714 0.469444 0.339974 0.465741 0.343229 0.459954 0.344531 0.459028 0.345833 0.458565 0.348177 0.458565 0.349479 0.458102 0.351562 0.456250 0.352734 0.454167 0.352474 0.450463 0.351953 0.449074 0.352083 0.448380 0.353906 0.447917 0.354167 0.447454 0.356510 0.446991 0.356771 0.446528 0.358594 0.447454 0.359505 0.448611 0.359245 0.449074 0.357943 0.453704 0.358203 0.455093 0.359766 0.458333 0.360547 0.461111 0.361719 0.463194 0.363281 0.463194 0.363542 0.462731 0.364844 0.462731 0.366016 0.460648 0.366276 0.457870 0.366536 0.457407 0.366536 0.455093 0.367448 0.453009 0.368490 0.452546 0.369661 0.454167 0.370182 0.457407 0.370833 0.459028 0.372396 0.459954 0.373307 0.461574 0.373828 0.464352 0.373828 0.466667 0.374089 0.467130 0.374089 0.474537 0.373828 0.475000 0.373828 0.480093 0.373568 0.482407 0.372786 0.484259 0.372396 0.485880 0.371354 0.485880 0.370052 0.486806 0.369010 0.488657 0.368490 0.490509 0.366927 0.490509 0.365365 0.491435 0.364453 0.493056 0.363802 0.495602 0.362760 0.495602 0.361458 0.496528 0.360938 0.497454 0.358854 0.499306 0.357031 0.500231
 8 0.364583 0.448843 0.364583 0.448843
 8 0.567839 0.456019 0.568359 0.454630 0.568359 0.453241 0.567708 0.451620 0.566797 0.453704 0.566797 0.455093 0.567448 0.456250 0.567839 0.456019
 8 0.564974 0.462963 0.565495 0.462037 0.565495 0.459722 0.565104 0.458565 0.563542 0.458102 0.562109 0.460185 0.562109 0.461111 0.563021 0.462731 0.563802 0.463194 0.564974 0.462963
 8 0.338281 0.478472 0.337891 0.476852 0.337891 0.472685 0.338151 0.471296 0.338802 0.471065 0.339453 0.471759 0.339714 0.474537 0.338932 0.477315 0.338281 0.478472
 8 0.525781 0.515972 0.524740 0.515972 0.523828 0.512500 0.523307 0.511111 0.524349 0.507407 0.524609 0.503704 0.525781 0.502083 0.527344 0.502083 0.527604 0.501620 0.530208 0.501620 0.530859 0.502315 0.531120 0.504167 0.530078 0.506944 0.529167 0.508102 0.527474 0.511111 0.527214 0.512500 0.525781 0.515972
 8 0.521875 0.566898 0.520312 0.566898 0.519922 0.566204 0.520182 0.564815 0.521484 0.562963 0.521745 0.559722 0.522526 0.556944 0.524740 0.553009 0.525521 0.552546 0.526693 0.550926 0.527214 0.548611 0.528125 0.546991 0.529948 0.545602 0.530339 0.544907 0.530859 0.540741 0.531120 0.540278 0.531120 0.535648 0.531380 0.533333 0.532292 0.531250 0.532813 0.531250 0.534635 0.529398 0.536198 0.528472 0.538281 0.528472 0.538932 0.529630 0.538672 0.531481 0.537500 0.534028 0.536719 0.534491 0.535547 0.536111 0.534505 0.540278 0.533984 0.541667 0.533724 0.543981 0.532813 0.546065 0.530729 0.546065 0.530078 0.546759 0.530078 0.551852 0.529818 0.553704 0.529297 0.555093 0.529036 0.557870 0.528516 0.559259 0.527214 0.561574 0.527214 0.562037 0.525911 0.564352 0.525781 0.565046 0.524740 0.565972 0.522917 0.565972 0.521875 0.566898
 8 0.506510 0.550231 0.505078 0.549537 0.504818 0.548148 0.504818 0.545833 0.505729 0.543750 0.507292 0.543287 0.508203 0.541667 0.508464 0.537963 0.508984 0.535648 0.511719 0.530787 0.513021 0.529398 0.515625 0.529398 0.516536 0.530556 0.515755 0.536574 0.514193 0.541204 0.513021 0.543287 0.512240 0.543750 0.511198 0.545139 0.510286 0.547222 0.509115 0.548843 0.507812 0.549769 0.506510 0.550231
 8 0.502344 0.554861 0.501693 0.552778 0.502344 0.550694 0.503646 0.550694 0.504036 0.551389 0.504036 0.552778 0.502344 0.554861
 8 0.494531 0.587731 0.493620 0.585185 0.493359 0.582407 0.492708 0.581250 0.490625 0.580787 0.490495 0.579630 0.491667 0.578472 0.492188 0.578472 0.492839 0.576852 0.492839 0.572685 0.493099 0.572222 0.493099 0.568056 0.493359 0.565741 0.494531 0.563657 0.495573 0.563194 0.496484 0.561574 0.497005 0.559259 0.498437 0.557639 0.499479 0.558102 0.500391 0.559722 0.500391 0.564815 0.500130 0.566667 0.499349 0.568519 0.499089 0.569907 0.498047 0.571759 0.497786 0.573148 0.497786 0.577778 0.498047 0.578241 0.497786 0.580556 0.497135 0.581713 0.496354 0.582176 0.495703 0.583333 0.495443 0.585648 0.494531 0.587731
 8 0.509115 0.598843 0.507682 0.597685 0.507161 0.595833 0.507161 0.588889 0.507422 0.587037 0.509245 0.582870 0.510286 0.578704 0.510286 0.576852 0.510807 0.575000 0.511458 0.574306 0.513542 0.573843 0.515625 0.571991 0.516927 0.569676 0.517969 0.568750 0.518620 0.570370 0.518620 0.572685 0.518880 0.573148 0.518880 0.578704 0.518620 0.579167 0.518620 0.581481 0.518099 0.583796 0.516536 0.587500 0.516536 0.587963 0.515104 0.590509 0.513542 0.591898 0.512370 0.593981 0.512370 0.594444 0.510677 0.597454 0.509115 0.598843
 8 0.317839 0.583796 0.318359 0.581481 0.319401 0.574074 0.319401 0.571759 0.318750 0.570602 0.316146 0.571528 0.315104 0.572454 0.314453 0.573611 0.314193 0.575463 0.313672 0.576852 0.313411 0.578704 0.313411 0.581481 0.314063 0.583102 0.314583 0.583565 0.316406 0.583565 0.316667 0.584028 0.317839 0.583796
 8 0.307422 0.589352 0.308724 0.587500 0.307031 0.586343 0.305859 0.587500 0.306771 0.589583 0.307422 0.589352
 8 0.388802 0.590972 0.387500 0.590972 0.386979 0.590509 0.385547 0.587963 0.385677 0.587269 0.387500 0.586343 0.389062 0.586343 0.390104 0.587269 0.389974 0.588889 0.388802 0.590972
 8 0.381250 0.589583 0.379688 0.589120 0.378385 0.587269 0.379427 0.586806 0.382031 0.586806 0.383203 0.587500 0.382552 0.588657 0.381250 0.589583
 8 0.365495 0.610648 0.367188 0.609028 0.367839 0.607407 0.367839 0.605556 0.367057 0.601852 0.367057 0.599537 0.367839 0.597222 0.368359 0.594907 0.368359 0.593056 0.366667 0.591435 0.365104 0.591435 0.364844 0.590972 0.362760 0.590972 0.362500 0.590509 0.361198 0.590509 0.359115 0.592361 0.357682 0.594444 0.358984 0.596759 0.359766 0.599537 0.359766 0.607407 0.360677 0.609028 0.362500 0.610417 0.363542 0.610880 0.365495 0.610648
 8 0.350130 0.723148 0.351042 0.722454 0.352214 0.719907 0.352214 0.717130 0.350651 0.712037 0.350651 0.708796 0.350391 0.708333 0.350391 0.705093 0.349349 0.700926 0.348047 0.698611 0.348698 0.697917 0.350651 0.694444 0.351432 0.691204 0.351172 0.687500 0.350651 0.684722 0.350651 0.680093 0.350391 0.679630 0.350391 0.669444 0.351172 0.667593 0.351432 0.666204 0.352474 0.663889 0.352474 0.661574 0.351432 0.658333 0.350911 0.655556 0.349740 0.653472 0.348438 0.653472 0.345052 0.656713 0.343750 0.656713 0.343490 0.657176 0.342187 0.657176 0.340625 0.658565 0.339844 0.659954 0.338281 0.661806 0.336589 0.659259 0.335807 0.656944 0.335286 0.654167 0.335026 0.650463 0.334505 0.647685 0.333333 0.646065 0.330208 0.647454 0.328646 0.645602 0.327344 0.644676 0.325521 0.644676 0.325000 0.645139 0.323828 0.647222 0.323568 0.650000 0.324349 0.652778 0.325521 0.654861 0.325911 0.655093 0.325911 0.656944 0.325260 0.658102 0.323958 0.659491 0.322396 0.660417 0.321484 0.658796 0.320703 0.655556 0.320703 0.651389 0.320443 0.650926 0.320443 0.648611 0.319401 0.644444 0.318620 0.643056 0.320052 0.640972 0.320833 0.640509 0.321615 0.639120 0.322917 0.638194 0.323698 0.639120 0.324479 0.639120 0.325781 0.640046 0.328646 0.640046 0.328906 0.640509 0.330990 0.640509 0.331250 0.640972 0.334896 0.640972 0.336719 0.639120 0.337500 0.637731 0.338281 0.637269 0.340365 0.638657 0.341667 0.639120 0.342969 0.639120 0.343229 0.638657 0.345573 0.638657 0.348438 0.640046 0.350000 0.640046 0.351562 0.639120 0.352865 0.637731 0.359115 0.637731 0.359375 0.637269 0.361979 0.637269 0.363281 0.638194 0.364583 0.638657 0.365885 0.638194 0.366927 0.637269 0.368099 0.635648 0.368359 0.634722 0.366536 0.629630 0.365755 0.626852 0.364583 0.624769 0.363021 0.624769 0.361979 0.624306 0.360156 0.622917 0.359115 0.621528 0.358073 0.621065 0.356901 0.622222 0.356901 0.624074 0.357422 0.627315 0.355990 0.629398 0.354687 0.629861 0.353906 0.630787 0.352865 0.629861 0.351953 0.627778 0.351172 0.625000 0.349740 0.622454 0.348177 0.621528 0.345833 0.621528 0.344271 0.619213 0.342448 0.617361 0.340365 0.617361 0.339323 0.618287 0.338411 0.619907 0.338411 0.621296 0.337500 0.621991 0.337109 0.621296 0.337109 0.619907 0.336328 0.616667 0.335807 0.615741 0.336068 0.613889 0.337760 0.611806 0.341927 0.611806 0.342187 0.611343 0.343750 0.611343 0.344010 0.610880 0.346094 0.610880 0.349219 0.612269 0.351302 0.610417 0.351953 0.609259 0.352474 0.606481 0.351172 0.602315 0.350911 0.600926 0.350911 0.594444 0.350000 0.592824 0.348177 0.592824 0.346875 0.594213 0.345573 0.596065 0.345052 0.596065 0.343490 0.593287 0.342448 0.592361 0.340885 0.592361 0.339974 0.594444 0.339974 0.596759 0.339453 0.598611 0.338802 0.599306 0.337500 0.598843 0.336198 0.596528 0.334375 0.594676 0.332292 0.593750 0.330469 0.593750 0.329297 0.595370 0.327734 0.601389 0.327734 0.608796 0.327995 0.611111 0.328646 0.612731 0.329818 0.613426 0.329948 0.615509 0.327344 0.615509 0.327083 0.615046 0.325781 0.615046 0.325521 0.615509 0.323958 0.615509 0.322656 0.616898 0.321484 0.614815 0.319922 0.609722 0.319401 0.606481 0.319401 0.604167 0.319141 0.603704 0.319141 0.600926 0.318620 0.597685 0.317708 0.594676 0.315885 0.595602 0.314844 0.595602 0.313932 0.598611 0.313932 0.610648 0.313672 0.611111 0.313672 0.614352 0.312891 0.618056 0.312109 0.622685 0.312109 0.625000 0.311849 0.625463 0.311849 0.628241 0.311589 0.628704 0.311589 0.637037 0.312370 0.639815 0.313281 0.640972 0.313932 0.643056 0.312760 0.644213 0.311198 0.644676 0.309375 0.645602 0.307682 0.648148 0.307943 0.650000 0.310807 0.655093 0.311068 0.656944 0.310547 0.659259 0.309635 0.661343 0.308854 0.661806 0.308203 0.663889 0.309635 0.664583 0.310937 0.665972 0.311979 0.667824 0.313281 0.668750 0.313802 0.669676 0.317708 0.669676 0.320312 0.667824 0.322396 0.665046 0.323958 0.665046 0.324219 0.665509 0.325521 0.665509 0.326562 0.665972 0.328385 0.667361 0.329557 0.669444 0.329818 0.670833 0.328646 0.672917 0.327604 0.673843 0.326823 0.673843 0.325000 0.675231 0.324609 0.675926 0.324609 0.677778 0.325781 0.679861 0.326302 0.680324 0.327865 0.680324 0.328125 0.680787 0.329688 0.680787 0.331510 0.682176 0.331901 0.682870 0.331901 0.684259 0.330859 0.686111 0.330339 0.687963 0.329427 0.689583 0.329167 0.689120 0.327865 0.689120 0.327604 0.688657 0.326302 0.688657 0.324349 0.689815 0.325000 0.690972 0.326302 0.691898 0.328906 0.691898 0.329427 0.692361 0.330339 0.695833 0.330729 0.696528 0.331771 0.696528 0.333333 0.697454 0.334375 0.696528 0.335807 0.693981 0.336328 0.692130 0.336328 0.689815 0.335026 0.686574 0.334245 0.683796 0.334245 0.682407 0.335026 0.678704 0.335547 0.677778 0.335807 0.675926 0.335286 0.673148 0.334505 0.670833 0.336849 0.666667 0.338281 0.664583 0.338802 0.665509 0.341146 0.666898 0.342448 0.666898 0.343750 0.667361 0.345573 0.668750 0.346484 0.670370 0.346484 0.671296 0.345573 0.672917 0.341667 0.672917 0.340365 0.673843 0.339193 0.675926 0.339453 0.677315 0.340885 0.679861 0.342187 0.680787 0.343490 0.680324 0.345313 0.680324 0.346224 0.681944 0.346224 0.684722 0.345052 0.686806 0.344271 0.687269 0.342448 0.689120 0.341927 0.689120 0.341276 0.690278 0.341276 0.691667 0.342187 0.692824 0.344141 0.696296 0.344141 0.698148 0.342708 0.699769 0.340885 0.700694 0.340104 0.701620 0.338932 0.703704 0.339193 0.705556 0.340365 0.707176 0.342187 0.709028 0.343229 0.709491 0.344141 0.711111 0.344141 0.712963 0.342969 0.715509 0.341146 0.717361 0.340495 0.718519 0.340495 0.719444 0.341927 0.720139 0.343750 0.721528 0.345052 0.721991 0.345833 0.722917 0.346875 0.723380 0.350000 0.723380 0.350130 0.723148
 8 0.478906 0.619213 0.477604 0.619213 0.476953 0.618056 0.476172 0.615278 0.476432 0.611574 0.476953 0.609722 0.476953 0.605556 0.475391 0.600463 0.475391 0.594444 0.477344 0.592361 0.479687 0.592361 0.480729 0.593287 0.481380 0.594444 0.482161 0.598148 0.482161 0.599074 0.482943 0.601389 0.483203 0.603241 0.483203 0.605556 0.483464 0.606019 0.483464 0.608796 0.482943 0.612500 0.480729 0.616435 0.480469 0.616435 0.478906 0.619213
 8 0.346484 0.807407 0.347656 0.806250 0.350521 0.804861 0.351823 0.803935 0.353516 0.802315 0.353516 0.800926 0.352865 0.800694 0.351432 0.798611 0.350911 0.797222 0.350130 0.793056 0.348568 0.790278 0.347266 0.785185 0.346094 0.783102 0.345313 0.782639 0.343750 0.783565 0.342187 0.784954 0.338281 0.784954 0.336979 0.785417 0.335938 0.786343 0.334375 0.790046 0.333203 0.787963 0.332943 0.785648 0.332161 0.783333 0.331380 0.781944 0.331380 0.780556 0.332292 0.779398 0.334896 0.778472 0.336589 0.775926 0.336849 0.774074 0.336328 0.772222 0.334505 0.768056 0.334505 0.765741 0.335026 0.764352 0.336458 0.761806 0.337500 0.760880 0.339583 0.762269 0.341146 0.764120 0.342187 0.764583 0.344271 0.764583 0.344531 0.765046 0.347656 0.765046 0.348958 0.765509 0.350521 0.763194 0.352344 0.761343 0.354167 0.761343 0.355990 0.763194 0.357552 0.764120 0.359115 0.764120 0.359375 0.764583 0.360677 0.764583 0.360938 0.765046 0.362500 0.765046 0.362760 0.764583 0.364323 0.764120 0.365234 0.761574 0.365234 0.759259 0.364714 0.757870 0.363542 0.756250 0.361719 0.754861 0.356771 0.754861 0.354687 0.756713 0.353906 0.758102 0.352865 0.758102 0.351562 0.756713 0.350130 0.754167 0.350391 0.752778 0.352214 0.749537 0.353255 0.747222 0.352995 0.745833 0.352214 0.743981 0.350911 0.741667 0.350130 0.739815 0.349870 0.738426 0.349870 0.736111 0.350130 0.735648 0.350130 0.733333 0.348958 0.731250 0.347135 0.730787 0.345313 0.729398 0.343490 0.729398 0.343229 0.728935 0.341927 0.728935 0.341146 0.729398 0.339453 0.731481 0.339714 0.733333 0.340885 0.734954 0.341927 0.735880 0.343229 0.735880 0.344531 0.736343 0.345573 0.737269 0.346224 0.738426 0.346224 0.740741 0.345703 0.742593 0.345443 0.746759 0.344141 0.750463 0.344141 0.752315 0.342969 0.754398 0.341146 0.755324 0.339062 0.757176 0.338281 0.758565 0.337240 0.758565 0.334766 0.754167 0.335026 0.752315 0.336328 0.750000 0.337109 0.747685 0.337109 0.745833 0.336068 0.743519 0.334766 0.739815 0.334766 0.736111 0.335547 0.733333 0.335547 0.731481 0.334375 0.729398 0.332552 0.727546 0.330990 0.726620 0.329948 0.726620 0.328646 0.728472 0.326823 0.729861 0.325391 0.731481 0.325391 0.733333 0.328385 0.735880 0.329818 0.738426 0.329818 0.740741 0.329297 0.743056 0.328516 0.745370 0.328255 0.747222 0.328255 0.752315 0.326302 0.754398 0.325000 0.754861 0.323437 0.756250 0.322656 0.757639 0.321615 0.757176 0.320182 0.754167 0.319922 0.752315 0.320182 0.751852 0.320703 0.747685 0.320703 0.745833 0.319401 0.742593 0.318359 0.738889 0.318880 0.735185 0.318880 0.731019 0.316406 0.726620 0.316016 0.726389 0.316016 0.724537 0.317188 0.723843 0.317969 0.723843 0.319141 0.722222 0.319922 0.719444 0.319922 0.717130 0.319401 0.715741 0.318880 0.712963 0.318880 0.711574 0.317839 0.707407 0.317057 0.706019 0.316536 0.703241 0.315104 0.700694 0.313802 0.699769 0.309115 0.699769 0.308073 0.700231 0.307292 0.701157 0.305990 0.701157 0.305078 0.698611 0.305339 0.697222 0.307031 0.694676 0.311198 0.694676 0.313542 0.696065 0.315365 0.696065 0.315625 0.696528 0.317969 0.696528 0.318750 0.696065 0.320052 0.694213 0.321484 0.691667 0.321745 0.689815 0.320964 0.687963 0.320443 0.685648 0.319922 0.684722 0.319661 0.681481 0.319141 0.678704 0.317708 0.676620 0.315885 0.676620 0.314844 0.676157 0.314453 0.674537 0.313542 0.672917 0.312760 0.672454 0.309635 0.672454 0.308073 0.673843 0.307422 0.675463 0.307682 0.678241 0.310156 0.682639 0.310807 0.683333 0.310807 0.684722 0.308333 0.687731 0.307031 0.688657 0.305990 0.687731 0.304557 0.684722 0.304557 0.681019 0.305339 0.678241 0.305599 0.676389 0.304818 0.672222 0.304036 0.670833 0.305599 0.668056 0.306641 0.664352 0.306380 0.662037 0.305339 0.659259 0.304818 0.656944 0.304818 0.653241 0.305078 0.652778 0.305599 0.647685 0.305339 0.647222 0.305078 0.643056 0.304818 0.642593 0.304818 0.634259 0.304557 0.633796 0.304297 0.630556 0.304036 0.630093 0.304036 0.624537 0.304297 0.624074 0.304297 0.613889 0.304036 0.613426 0.304036 0.610648 0.303776 0.610185 0.303776 0.605556 0.304036 0.605093 0.304036 0.596296 0.304297 0.594444 0.303385 0.592824 0.301953 0.593981 0.301042 0.596065 0.300000 0.596991 0.299219 0.596991 0.298177 0.597917 0.297266 0.599537 0.296745 0.601389 0.297266 0.605556 0.298698 0.608102 0.299349 0.609722 0.299349 0.612037 0.299609 0.614352 0.298828 0.616667 0.295964 0.621759 0.295964 0.624074 0.296224 0.624537 0.296224 0.626852 0.296484 0.627315 0.296484 0.630556 0.296745 0.631019 0.296745 0.635185 0.297005 0.635648 0.297005 0.637963 0.297526 0.640278 0.297526 0.643519 0.297005 0.646296 0.296484 0.647685 0.296224 0.649537 0.296224 0.657407 0.295964 0.657870 0.295964 0.660648 0.295703 0.662500 0.296224 0.664815 0.297526 0.667593 0.298568 0.670833 0.296484 0.675926 0.296484 0.678241 0.297005 0.679167 0.297266 0.681944 0.297526 0.682407 0.297526 0.686111 0.297266 0.686574 0.297266 0.691204 0.297005 0.691667 0.297005 0.695370 0.296484 0.697685 0.294792 0.700231 0.293490 0.701157 0.292057 0.703704 0.292057 0.705556 0.294922 0.710648 0.294922 0.712500 0.294010 0.714583 0.291667 0.717361 0.290885 0.717361 0.289974 0.715741 0.289193 0.713426 0.288672 0.711111 0.288932 0.708796 0.288932 0.706481 0.289193 0.706019 0.288932 0.703704 0.285938 0.698380 0.284896 0.697917 0.284115 0.696991 0.283073 0.696991 0.282031 0.697917 0.280469 0.700231 0.279167 0.701157 0.277474 0.703704 0.277734 0.706019 0.279818 0.709722 0.280339 0.711574 0.280339 0.713426 0.279557 0.717593 0.280078 0.719444 0.281250 0.721065 0.283594 0.723380 0.284896 0.723380 0.285156 0.723843 0.287760 0.723843 0.289583 0.722454 0.290625 0.720602 0.291667 0.720139 0.293490 0.721991 0.294271 0.722454 0.295573 0.721991 0.297396 0.721991 0.297656 0.721528 0.298958 0.721528 0.299219 0.721991 0.301042 0.721991 0.301302 0.722454 0.302604 0.722454 0.304948 0.720602 0.306510 0.718287 0.307292 0.718287 0.309115 0.719676 0.310417 0.719676 0.310677 0.720139 0.311979 0.720139 0.313021 0.721065 0.314453 0.724537 0.314193 0.726389 0.313672 0.727315 0.313151 0.730093 0.312630 0.731481 0.312630 0.733333 0.313672 0.736111 0.315234 0.738889 0.315234 0.740278 0.314844 0.740509 0.313672 0.744444 0.313411 0.746296 0.313411 0.749074 0.313151 0.751389 0.312370 0.754167 0.311068 0.756481 0.310417 0.758102 0.309505 0.759259 0.309766 0.761111 0.310156 0.761343 0.312630 0.765741 0.312891 0.767593 0.312891 0.770833 0.312630 0.771296 0.312630 0.775463 0.313411 0.777778 0.313932 0.780556 0.313151 0.783333 0.311849 0.785648 0.311068 0.787500 0.311068 0.789815 0.312109 0.794444 0.312109 0.795833 0.311328 0.798611 0.311068 0.800926 0.312240 0.803009 0.313542 0.804398 0.314583 0.804861 0.316146 0.804398 0.317708 0.803472 0.319792 0.803472 0.320052 0.803009 0.322656 0.803009 0.324740 0.801620 0.325781 0.801620 0.327604 0.803935 0.328385 0.804398 0.329688 0.806250 0.330990 0.806250 0.332292 0.805324 0.334635 0.804861 0.334896 0.804398 0.338021 0.803472 0.338281 0.803009 0.340885 0.803009 0.341146 0.802546 0.342448 0.803472 0.343490 0.804861 0.345052 0.807639 0.346484 0.807407
 8 0.287370 0.638889 0.288151 0.636574 0.288151 0.634722 0.286589 0.631019 0.286328 0.629167 0.287500 0.627083 0.288411 0.625926 0.288932 0.624074 0.289193 0.620370 0.290365 0.617824 0.292187 0.616898 0.292839 0.615741 0.292839 0.613426 0.291927 0.612269 0.290104 0.612269 0.286719 0.615046 0.286328 0.616204 0.283984 0.620370 0.283203 0.623148 0.282161 0.625926 0.281120 0.627778 0.280859 0.629167 0.282552 0.632176 0.285156 0.633102 0.285807 0.634259 0.286068 0.637500 0.286719 0.639120 0.287370 0.638889
 8 0.427734 0.640741 0.428646 0.640046 0.430599 0.636574 0.430859 0.634259 0.430339 0.632407 0.430339 0.631019 0.429818 0.629167 0.429557 0.625926 0.428776 0.623148 0.427865 0.621065 0.426563 0.620602 0.425260 0.621065 0.423958 0.621991 0.422135 0.621991 0.421875 0.621528 0.420312 0.621528 0.419922 0.622222 0.420443 0.624074 0.420443 0.629630 0.419661 0.632407 0.418620 0.634259 0.419271 0.636343 0.421875 0.639120 0.423698 0.640509 0.425000 0.640972 0.427604 0.640972 0.427734 0.640741
 8 0.412370 0.639815 0.413281 0.639120 0.414974 0.636111 0.414974 0.633333 0.414714 0.632870 0.414193 0.627778 0.413151 0.623611 0.412500 0.622454 0.411719 0.621991 0.409375 0.622454 0.407813 0.623380 0.406901 0.625000 0.406380 0.627315 0.406380 0.629630 0.405859 0.631944 0.405599 0.635185 0.406771 0.637731 0.408333 0.639583 0.409375 0.640046 0.412240 0.640046 0.412370 0.639815
 8 0.338281 0.630787 0.337370 0.629630 0.337109 0.628704 0.337109 0.623148 0.337500 0.622454 0.338281 0.622454 0.338932 0.625926 0.339714 0.627315 0.339453 0.629167 0.338281 0.630787
 8 0.396745 0.638889 0.397396 0.638194 0.398568 0.635648 0.398568 0.633796 0.398047 0.631944 0.398047 0.630556 0.397526 0.628704 0.397005 0.625463 0.395833 0.623843 0.393490 0.623843 0.392969 0.623380 0.391797 0.625926 0.391536 0.628241 0.391536 0.634259 0.391797 0.635185 0.392969 0.637269 0.393750 0.638194 0.395313 0.639120 0.396745 0.638889
 8 0.380599 0.639352 0.381250 0.639120 0.382682 0.636111 0.382682 0.633333 0.382161 0.631944 0.381380 0.627778 0.381380 0.626852 0.380469 0.625231 0.379688 0.624769 0.378385 0.624769 0.378125 0.624306 0.376823 0.624306 0.375911 0.625463 0.375130 0.628241 0.375130 0.630556 0.374349 0.634259 0.375781 0.636343 0.376563 0.636806 0.377344 0.638194 0.379688 0.639583 0.380599 0.639352
 8 0.322656 0.630787 0.321745 0.628241 0.322005 0.626389 0.322656 0.625231 0.323828 0.627778 0.323828 0.628704 0.322656 0.630787
 8 0.463281 0.652546 0.462240 0.652546 0.461589 0.650463 0.461328 0.648611 0.461328 0.646296 0.461068 0.645833 0.461068 0.643519 0.460807 0.643056 0.461328 0.641204 0.462240 0.639583 0.463281 0.638657 0.464583 0.638657 0.466146 0.637731 0.467708 0.638657 0.469271 0.640509 0.469922 0.641667 0.470182 0.643519 0.469010 0.644676 0.467448 0.644676 0.467187 0.645139 0.465625 0.645602 0.464193 0.648148 0.463672 0.650000 0.463672 0.651389 0.463281 0.652546
 8 0.271745 0.666204 0.272656 0.665509 0.273828 0.663889 0.273828 0.662037 0.272526 0.658333 0.272266 0.655093 0.272526 0.654630 0.272526 0.651852 0.272786 0.651389 0.272786 0.649074 0.273047 0.647685 0.274349 0.643519 0.274349 0.641204 0.273438 0.640046 0.271615 0.640046 0.270052 0.640509 0.267969 0.642361 0.267057 0.644907 0.266016 0.649074 0.266016 0.651389 0.266927 0.653472 0.268229 0.653935 0.269531 0.654861 0.270182 0.656019 0.270182 0.658333 0.269401 0.661111 0.269401 0.663889 0.270573 0.665972 0.271745 0.666204
 8 0.342318 0.652778 0.342578 0.651389 0.342578 0.649074 0.342318 0.648148 0.341146 0.647454 0.340755 0.648148 0.340495 0.650000 0.341406 0.652546 0.342318 0.652778
 8 0.286589 0.668056 0.287500 0.667824 0.287630 0.667130 0.288932 0.664815 0.289453 0.662037 0.288151 0.658796 0.287891 0.657407 0.286849 0.654167 0.285938 0.652083 0.284896 0.651620 0.284115 0.650694 0.283073 0.650694 0.280339 0.655556 0.280339 0.659722 0.280599 0.660185 0.280599 0.662500 0.281771 0.665046 0.284375 0.666898 0.285156 0.666898 0.286589 0.668056
 8 0.260807 0.657407 0.261979 0.657176 0.261458 0.656250 0.259896 0.656250 0.259505 0.656944 0.259896 0.657639 0.260807 0.657407
 8 0.365234 0.694907 0.365625 0.694676 0.366797 0.692593 0.367057 0.691667 0.367057 0.689352 0.366016 0.684722 0.366016 0.681019 0.366536 0.678241 0.366536 0.675463 0.365755 0.672222 0.365495 0.668519 0.365234 0.668056 0.365234 0.663889 0.364583 0.661343 0.363281 0.663194 0.361979 0.664120 0.360807 0.666204 0.360547 0.667593 0.360547 0.669907 0.360286 0.671296 0.358333 0.674769 0.356901 0.675926 0.357292 0.678009 0.358854 0.678935 0.360026 0.681019 0.360547 0.682407 0.360547 0.687963 0.360286 0.688426 0.360286 0.691667 0.360547 0.692593 0.361719 0.694676 0.362760 0.695139 0.365104 0.695139 0.365234 0.694907
 8 0.455469 0.675694 0.454427 0.675694 0.452865 0.673843 0.450911 0.670370 0.450911 0.668981 0.451693 0.667130 0.452865 0.665509 0.454427 0.664583 0.455469 0.665046 0.457682 0.668981 0.457682 0.671296 0.457422 0.672222 0.455469 0.675694
 8 0.253516 0.673611 0.254167 0.673380 0.254818 0.672222 0.254818 0.669907 0.254427 0.668750 0.253646 0.668287 0.251823 0.668287 0.251172 0.668981 0.250911 0.672222 0.252083 0.673843 0.253516 0.673611
 8 0.466276 0.679167 0.466927 0.678935 0.467839 0.677315 0.468099 0.675926 0.467187 0.674306 0.466146 0.674306 0.464974 0.675926 0.464974 0.677778 0.466276 0.679167
 8 0.385156 0.688657 0.383984 0.687037 0.383203 0.684722 0.383203 0.681481 0.384115 0.678009 0.385156 0.678009 0.387891 0.682870 0.387891 0.684722 0.385156 0.688657
 8 0.286589 0.686111 0.287370 0.684722 0.287630 0.682870 0.286458 0.681250 0.284766 0.683333 0.284766 0.684722 0.286589 0.686111
 8 0.411589 0.687037 0.411458 0.684028 0.411328 0.687037 0.411589 0.687037
 8 0.330599 0.725000 0.332031 0.724769 0.332292 0.724306 0.334375 0.724306 0.335677 0.722917 0.336849 0.720833 0.337109 0.719907 0.337109 0.717593 0.335026 0.712037 0.335026 0.709259 0.336068 0.705556 0.336068 0.703241 0.333854 0.699306 0.332552 0.698843 0.332031 0.697454 0.330469 0.697454 0.329948 0.698843 0.327214 0.703704 0.327214 0.705556 0.327995 0.706944 0.329297 0.710648 0.329297 0.713426 0.329036 0.713889 0.328516 0.717593 0.328516 0.719444 0.329557 0.723611 0.330599 0.725000
 8 0.272266 0.722222 0.273698 0.721065 0.274219 0.720139 0.275391 0.719444 0.275391 0.717593 0.274479 0.716898 0.272786 0.713889 0.272005 0.711574 0.272005 0.709259 0.271745 0.708796 0.271745 0.706481 0.271224 0.704630 0.267969 0.701157 0.266797 0.702778 0.266276 0.705093 0.266536 0.706481 0.266536 0.710648 0.266797 0.711111 0.266797 0.719444 0.267969 0.721528 0.268750 0.721528 0.269792 0.722454 0.272135 0.722454 0.272266 0.722222
 8 0.458464 0.704630 0.458724 0.703241 0.458333 0.701620 0.457161 0.703704 0.458464 0.704630
 8 0.366016 0.720833 0.367448 0.719676 0.368099 0.718519 0.368099 0.717593 0.366016 0.712963 0.365234 0.709722 0.365234 0.708333 0.364714 0.706481 0.362760 0.703472 0.361458 0.702083 0.357552 0.702083 0.356120 0.703704 0.356380 0.705556 0.357031 0.706713 0.358333 0.707639 0.359115 0.707639 0.360286 0.709259 0.360547 0.710185 0.360547 0.712963 0.359375 0.715509 0.356641 0.718056 0.356641 0.719444 0.357292 0.720139 0.358594 0.719676 0.361719 0.719676 0.363802 0.721065 0.366016 0.720833
 8 0.307292 0.717361 0.306771 0.717361 0.305859 0.715741 0.304818 0.712500 0.304818 0.709259 0.305078 0.707870 0.305990 0.705787 0.307031 0.706250 0.307812 0.707639 0.309896 0.710417 0.310937 0.711343 0.311719 0.710880 0.313542 0.710880 0.313802 0.710417 0.314453 0.711574 0.314453 0.712500 0.313802 0.713194 0.310677 0.713194 0.309375 0.714583 0.308594 0.715972 0.307292 0.717361
 8 0.221224 0.716204 0.222396 0.715046 0.223698 0.714583 0.224349 0.713426 0.224349 0.712037 0.223958 0.711343 0.222396 0.711343 0.221094 0.711806 0.220703 0.712500 0.220703 0.714352 0.221224 0.716204
 8 0.295182 0.736111 0.295833 0.735417 0.297266 0.732870 0.297266 0.731944 0.295312 0.728472 0.293750 0.728009 0.291797 0.730556 0.291536 0.731944 0.292448 0.734028 0.294271 0.736343 0.295182 0.736111
 8 0.286589 0.736574 0.287240 0.736343 0.288542 0.734028 0.289714 0.732407 0.289714 0.731481 0.287500 0.728935 0.284635 0.728935 0.284375 0.729398 0.283073 0.729398 0.280469 0.731250 0.280339 0.731944 0.280990 0.733565 0.282292 0.734491 0.284635 0.735417 0.285677 0.736343 0.286589 0.736574
 8 0.356901 0.735648 0.357552 0.735417 0.358203 0.733796 0.358203 0.731019 0.357943 0.730093 0.356771 0.728935 0.356250 0.729398 0.355078 0.731481 0.355078 0.733333 0.356771 0.735880 0.356901 0.735648
 8 0.384896 0.759028 0.384115 0.759028 0.383333 0.758102 0.381380 0.754630 0.381380 0.753241 0.382422 0.750926 0.383724 0.747222 0.383464 0.744907 0.381901 0.740278 0.381901 0.737963 0.383333 0.734028 0.384375 0.732639 0.389323 0.736806 0.390234 0.738889 0.390234 0.743056 0.389714 0.745370 0.389714 0.749074 0.389974 0.749537 0.389974 0.752778 0.389714 0.754167 0.388542 0.755787 0.386198 0.757639 0.384896 0.759028
 8 0.424609 0.752315 0.425781 0.751620 0.427083 0.751620 0.427865 0.751157 0.429036 0.749074 0.429557 0.746296 0.429297 0.743981 0.429297 0.739815 0.429036 0.737963 0.428125 0.735417 0.427083 0.736343 0.426693 0.738426 0.426172 0.739815 0.425911 0.741667 0.424219 0.744676 0.423177 0.745602 0.422396 0.745602 0.421484 0.747222 0.423438 0.752546 0.424609 0.752315
 8 0.299870 0.777315 0.302865 0.776620 0.304036 0.775000 0.304036 0.772685 0.302995 0.769444 0.301432 0.766204 0.301953 0.765278 0.302734 0.761574 0.302734 0.759722 0.301172 0.755556 0.299870 0.753241 0.299870 0.752778 0.298698 0.751157 0.297135 0.751157 0.296484 0.750463 0.296224 0.746759 0.295312 0.744676 0.294271 0.744213 0.293490 0.745139 0.292318 0.747222 0.292578 0.749537 0.294271 0.751157 0.295833 0.751157 0.296094 0.752546 0.295312 0.753009 0.287760 0.753009 0.287500 0.752083 0.289323 0.752083 0.289974 0.750926 0.290234 0.749537 0.290234 0.747222 0.288802 0.744213 0.288542 0.744213 0.287240 0.741898 0.286198 0.741898 0.284766 0.744444 0.283724 0.748611 0.282422 0.750926 0.282161 0.752315 0.280469 0.755787 0.280208 0.755787 0.277995 0.759259 0.278255 0.761111 0.279948 0.762731 0.280990 0.764120 0.282161 0.766204 0.282682 0.768056 0.282682 0.773148 0.283854 0.775231 0.284635 0.775694 0.288281 0.775694 0.289062 0.775231 0.289714 0.773148 0.286589 0.767593 0.286589 0.766667 0.287760 0.764583 0.289583 0.762731 0.290365 0.762269 0.291667 0.762731 0.292969 0.763657 0.294271 0.765046 0.296615 0.765972 0.297526 0.768056 0.297005 0.769444 0.294922 0.773148 0.296094 0.775231 0.296615 0.775231 0.298177 0.777083 0.298958 0.777546 0.299870 0.777315
 8 0.357422 0.749074 0.357943 0.748148 0.357943 0.745370 0.357031 0.744213 0.355469 0.745139 0.354818 0.746296 0.354818 0.747222 0.356510 0.749306 0.357422 0.749074
 8 0.270964 0.747222 0.270964 0.747222
 8 0.271745 0.775463 0.272786 0.773611 0.272266 0.771296 0.272005 0.768981 0.271484 0.768056 0.271484 0.765741 0.272526 0.761111 0.272266 0.758796 0.270833 0.756250 0.269792 0.755324 0.268490 0.753472 0.267708 0.753009 0.266276 0.755556 0.266276 0.756019 0.264453 0.759259 0.264453 0.760648 0.266016 0.763426 0.266797 0.766204 0.266797 0.773611 0.267969 0.775694 0.271615 0.775694 0.271745 0.775463
 8 0.421484 0.763426 0.422266 0.761574 0.422266 0.758796 0.422005 0.757407 0.421094 0.755787 0.419531 0.756250 0.417578 0.759722 0.417318 0.761574 0.417969 0.762731 0.419010 0.763657 0.421354 0.763657 0.421484 0.763426
 8 0.325521 0.800231 0.322656 0.800231 0.320573 0.798843 0.319401 0.796759 0.318359 0.792593 0.317318 0.789815 0.317057 0.787037 0.315234 0.781944 0.315234 0.780093 0.316667 0.778935 0.318750 0.778472 0.320312 0.777083 0.321224 0.775463 0.321224 0.772685 0.320182 0.770370 0.319401 0.768056 0.319401 0.766204 0.320443 0.763426 0.321615 0.761806 0.322917 0.761806 0.326302 0.765046 0.327083 0.765046 0.328385 0.765972 0.329297 0.767593 0.328516 0.771759 0.327734 0.773148 0.327995 0.775000 0.328516 0.775926 0.329297 0.779167 0.329036 0.781944 0.328125 0.783102 0.326823 0.785417 0.325781 0.786343 0.324219 0.786343 0.323958 0.786806 0.322396 0.786806 0.322266 0.788426 0.322656 0.789120 0.323437 0.789120 0.325260 0.790509 0.326693 0.793056 0.326953 0.793981 0.326953 0.796759 0.326432 0.798611 0.325521 0.800231
 8 0.427214 0.769907 0.428255 0.768056 0.428255 0.765278 0.427344 0.763657 0.426302 0.764120 0.425000 0.764120 0.424740 0.764583 0.423438 0.764583 0.422786 0.765741 0.423047 0.768056 0.424219 0.769676 0.427214 0.769907
 8 0.365495 0.775463 0.366016 0.775000 0.366276 0.773148 0.365755 0.770833 0.364583 0.768750 0.363672 0.770370 0.363151 0.772222 0.363151 0.773611 0.363802 0.775231 0.364323 0.775694 0.365495 0.775463
 8 0.350130 0.776389 0.350911 0.775000 0.350911 0.772685 0.350130 0.770370 0.349219 0.769213 0.348047 0.770370 0.347266 0.773148 0.347526 0.775000 0.348438 0.776620 0.350130 0.776389
 8 0.412370 0.776852 0.413151 0.775000 0.413151 0.772222 0.412240 0.770602 0.411458 0.771065 0.410807 0.772685 0.410547 0.775000 0.411458 0.777083 0.412370 0.776852
 8 0.299609 0.803241 0.301302 0.803009 0.302604 0.802083 0.303906 0.802083 0.304167 0.802546 0.307031 0.802546 0.308464 0.800926 0.307552 0.800231 0.305990 0.800231 0.305729 0.799769 0.304167 0.799769 0.302083 0.797917 0.300651 0.795370 0.300391 0.794444 0.300391 0.792130 0.300130 0.791667 0.300130 0.787500 0.299219 0.784954 0.298177 0.784954 0.297005 0.787037 0.296745 0.789815 0.297526 0.793056 0.297526 0.795833 0.296224 0.800463 0.295964 0.800926 0.296875 0.802546 0.298438 0.803472 0.299609 0.803241
 8 0.362109 0.852778 0.363151 0.851852 0.363151 0.848611 0.362891 0.848148 0.362891 0.844907 0.362630 0.844444 0.362630 0.841204 0.361849 0.837500 0.361849 0.835185 0.362760 0.833565 0.364323 0.833102 0.365885 0.831713 0.366797 0.830556 0.367057 0.828704 0.365755 0.826389 0.364714 0.823148 0.363672 0.821296 0.362630 0.817130 0.362630 0.814815 0.362370 0.812500 0.361849 0.810185 0.362109 0.808333 0.363021 0.806713 0.364323 0.805787 0.365625 0.804398 0.366146 0.804398 0.368750 0.803009 0.369141 0.802315 0.369141 0.800926 0.367969 0.800231 0.366536 0.797685 0.365755 0.794444 0.365104 0.793287 0.364063 0.792361 0.363151 0.790741 0.362109 0.787037 0.361458 0.785880 0.360156 0.785417 0.359896 0.785880 0.357812 0.785880 0.357552 0.786343 0.355469 0.786343 0.355208 0.786806 0.353646 0.786806 0.353516 0.788889 0.354427 0.789120 0.357031 0.790972 0.358203 0.793056 0.358464 0.793981 0.358464 0.796759 0.357682 0.800000 0.357161 0.800926 0.357422 0.802315 0.359245 0.805556 0.360286 0.807870 0.360547 0.809722 0.358594 0.813194 0.357031 0.814583 0.356510 0.814583 0.356380 0.815741 0.357031 0.816898 0.358073 0.817361 0.359245 0.819444 0.360026 0.823148 0.360026 0.826852 0.360286 0.827315 0.360286 0.829630 0.360547 0.830093 0.360547 0.832407 0.361328 0.835185 0.361328 0.836111 0.360026 0.839352 0.360026 0.839815 0.358464 0.842593 0.358464 0.843981 0.359245 0.845370 0.360286 0.848611 0.360547 0.850926 0.361719 0.853009 0.362109 0.852778
 8 0.397526 0.803704 0.398698 0.803009 0.400000 0.803009 0.401562 0.802083 0.403906 0.802083 0.404167 0.801620 0.409115 0.801620 0.410156 0.801157 0.411328 0.799537 0.411849 0.796759 0.411589 0.794444 0.410938 0.793750 0.409635 0.793287 0.408594 0.792361 0.405990 0.787731 0.404427 0.786806 0.403906 0.787269 0.402995 0.789352 0.402995 0.791204 0.402474 0.793519 0.402474 0.794907 0.401953 0.797685 0.400781 0.799306 0.397917 0.799306 0.397656 0.798843 0.395573 0.799306 0.394922 0.800463 0.395182 0.802315 0.396354 0.803935 0.397526 0.803704
 8 0.339844 0.799769 0.337760 0.799769 0.337240 0.799306 0.335547 0.796296 0.335286 0.795370 0.335286 0.791204 0.336458 0.790046 0.338802 0.790509 0.340104 0.791435 0.341797 0.793981 0.342057 0.795370 0.341536 0.798148 0.340885 0.799306 0.339844 0.799769
 8 0.283724 0.801852 0.284245 0.800926 0.283594 0.799769 0.282813 0.799769 0.282161 0.800926 0.283333 0.802083 0.283724 0.801852
 8 0.349089 0.830093 0.350130 0.828704 0.347786 0.823148 0.347266 0.819444 0.347005 0.818981 0.347005 0.815741 0.346745 0.813426 0.346094 0.810880 0.345052 0.810880 0.343750 0.813657 0.342839 0.814815 0.342839 0.816667 0.344141 0.818981 0.344922 0.822222 0.344922 0.825926 0.345182 0.826389 0.345182 0.828704 0.346094 0.830324 0.348958 0.830324 0.349089 0.830093
 8 0.389193 0.831481 0.389974 0.829630 0.389974 0.825926 0.389062 0.823380 0.387891 0.825000 0.387630 0.826389 0.386589 0.828704 0.386589 0.830556 0.387760 0.831713 0.389193 0.831481
 8 0.364974 0.856481 0.364714 0.854630 0.364193 0.854630 0.364063 0.856713 0.364974 0.856481
 8 0.349089 0.885185 0.349609 0.884259 0.348958 0.882639 0.348307 0.883796 0.348307 0.884722 0.349089 0.885185
 8 0.357682 0.900000 0.357812 0.897917 0.356771 0.897917 0.356380 0.899537 0.356771 0.900231 0.357682 0.900000
 8 0.333724 0.914815 0.334766 0.913426 0.335026 0.912037 0.333594 0.909954 0.332031 0.910417 0.331380 0.911574 0.331641 0.913889 0.332813 0.915046 0.333724 0.914815
 8 0.313932 0.954630 0.314844 0.954398 0.315234 0.953704 0.314844 0.952546 0.313802 0.952546 0.312891 0.953704 0.313932 0.954630
