0 0.09622395833333333 0.3472222222222222 0.06562499999999999 0.08935185185185185 0.10416666666666667 0.39189814814814816 0.10260416666666666 0.39189814814814816 0.10234375 0.39143518518518516 0.09921875 0.3905092592592593 0.09791666666666667 0.38958333333333334 0.09505208333333333 0.38680555555555557 0.09348958333333333 0.3840277777777778 0.09140625 0.381712962962963 0.0890625 0.37754629629629627 0.08880208333333334 0.37754629629629627 0.08645833333333333 0.3738425925925926 0.08515625 0.37245370370370373 0.08385416666666666 0.37060185185185185 0.08177083333333333 0.36689814814814814 0.07864583333333333 0.36319444444444443 0.07708333333333334 0.36041666666666666 0.07473958333333333 0.3576388888888889 0.0734375 0.35532407407407407 0.07083333333333333 0.3525462962962963 0.06927083333333334 0.34976851851851853 0.06744791666666666 0.34791666666666665 0.06471354166666667 0.34305555555555556 0.063671875 0.33935185185185185 0.06341145833333334 0.3375 0.06341145833333334 0.3351851851851852 0.063671875 0.3347222222222222 0.06393229166666667 0.33055555555555555 0.064453125 0.3287037037037037 0.06549479166666666 0.3263888888888889 0.06731770833333334 0.32083333333333336 0.06953125 0.31689814814814815 0.06979166666666667 0.31689814814814815 0.07109375 0.3145833333333333 0.07213541666666666 0.3136574074074074 0.07291666666666667 0.3122685185185185 0.07395833333333333 0.3113425925925926 0.07526041666666666 0.30949074074074073 0.0765625 0.30810185185185185 0.07760416666666667 0.3076388888888889 0.07916666666666666 0.30625 0.08333333333333333 0.3034722222222222 0.08463541666666667 0.30300925925925926 0.0859375 0.30300925925925926 0.08619791666666667 0.3025462962962963 0.09270833333333334 0.3025462962962963 0.09296875 0.30300925925925926 0.09479166666666666 0.3034722222222222 0.096875 0.305787037037037 0.09713541666666667 0.305787037037037 0.09921875 0.30949074074074073 0.10052083333333334 0.3113425925925926 0.10182291666666667 0.3127314814814815 0.10572916666666667 0.31828703703703703 0.10807291666666667 0.32060185185185186 0.11145833333333334 0.3266203703703704 0.11276041666666667 0.3284722222222222 0.1140625 0.3298611111111111 0.11536458333333334 0.33217592592592593 0.115625 0.33217592592592593 0.11692708333333333 0.33449074074074076 0.11979166666666667 0.33819444444444446 0.121875 0.3400462962962963 0.12473958333333333 0.34375 0.12747395833333333 0.3486111111111111 0.128515625 0.35185185185185186 0.12877604166666667 0.3537037037037037 0.12877604166666667 0.3560185185185185 0.12903645833333333 0.3574074074074074 0.12877604166666667 0.3597222222222222 0.12799479166666666 0.3625 0.12799479166666666 0.36342592592592593 0.12669270833333332 0.36666666666666664 0.125390625 0.37037037037037035 0.11927083333333334 0.38125 0.11744791666666667 0.38310185185185186 0.115625 0.3854166666666667 0.1140625 0.38634259259259257 0.11276041666666667 0.38773148148148145 0.10989583333333333 0.38958333333333334 0.10911458333333333 0.38958333333333334 0.10807291666666667 0.3905092592592593 0.10572916666666667 0.39143518518518516 0.10442708333333334 0.39143518518518516 0.10416666666666667 0.39189814814814816
0 0.03919270833333333 0.35810185185185184 0.0671875 0.08703703703703702 0.04973958333333333 0.40162037037037035 0.04375 0.40162037037037035 0.04348958333333333 0.4011574074074074 0.04114583333333333 0.40069444444444446 0.0390625 0.3988425925925926 0.0375 0.39699074074074076 0.035416666666666666 0.39328703703703705 0.03515625 0.39328703703703705 0.03177083333333333 0.3872685185185185 0.031510416666666666 0.3872685185185185 0.029947916666666668 0.3849537037037037 0.029166666666666667 0.38449074074074074 0.027864583333333335 0.38263888888888886 0.026822916666666665 0.381712962962963 0.025520833333333333 0.3798611111111111 0.024739583333333332 0.37939814814814815 0.0234375 0.37754629629629627 0.02265625 0.3770833333333333 0.01953125 0.3738425925925926 0.01796875 0.3710648148148148 0.016927083333333332 0.3696759259259259 0.016145833333333335 0.36921296296296297 0.014583333333333334 0.36689814814814814 0.014322916666666666 0.36689814814814814 0.0109375 0.3608796296296296 0.009895833333333333 0.3599537037037037 0.007161458333333333 0.35509259259259257 0.005859375 0.35138888888888886 0.005598958333333333 0.3490740740740741 0.005859375 0.3486111111111111 0.005859375 0.34444444444444444 0.006380208333333333 0.3421296296296296 0.008723958333333334 0.3365740740740741 0.008723958333333334 0.33611111111111114 0.01328125 0.3280092592592593 0.013541666666666667 0.3280092592592593 0.016666666666666666 0.32337962962962963 0.01796875 0.32199074074074074 0.019270833333333334 0.3210648148148148 0.021614583333333333 0.31875 0.023697916666666666 0.3178240740740741 0.024479166666666666 0.31689814814814815 0.026302083333333334 0.3159722222222222 0.02734375 0.3159722222222222 0.029427083333333333 0.31504629629629627 0.0296875 0.3145833333333333 0.03463541666666667 0.3145833333333333 0.0375 0.3164351851851852 0.038802083333333334 0.31828703703703703 0.040625 0.3196759259259259 0.04140625 0.32060185185185186 0.042708333333333334 0.3229166666666667 0.04375 0.32430555555555557 0.0453125 0.32569444444444445 0.046614583333333334 0.3280092592592593 0.04765625 0.32893518518518516 0.05 0.33217592592592593 0.051041666666666666 0.33402777777777776 0.05260416666666667 0.33587962962962964 0.053385416666666664 0.3363425925925926 0.054947916666666666 0.33819444444444446 0.05963541666666667 0.34467592592592594 0.0625 0.3474537037037037 0.06341145833333334 0.34953703703703703 0.06484375 0.35208333333333336 0.06875 0.35532407407407407 0.06953125 0.35625 0.07200520833333333 0.36064814814814816 0.07278645833333333 0.36342592592592593 0.07278645833333333 0.37175925925925923 0.07200520833333333 0.37407407407407406 0.07200520833333333 0.375 0.07096354166666667 0.37777777777777777 0.070703125 0.37916666666666665 0.06966145833333333 0.38101851851851853 0.06888020833333333 0.38333333333333336 0.06666666666666667 0.3872685185185185 0.06640625 0.3872685185185185 0.06484375 0.3900462962962963 0.0640625 0.3909722222222222 0.06145833333333333 0.39328703703703705 0.0609375 0.394212962962963 0.05911458333333333 0.3960648148148148 0.05859375 0.39699074074074076 0.05677083333333333 0.39837962962962964 0.055989583333333336 0.3993055555555556 0.05520833333333333 0.3993055555555556 0.053125 0.40069444444444446 0.05182291666666667 0.40069444444444446 0.0515625 0.4011574074074074 0.05 0.4011574074074074 0.04973958333333333 0.40162037037037035
0 0.025716145833333332 0.4372685185185185 0.051432291666666664 0.0888888888888889 0.0 0.39375 0.002864583333333333 0.39375 0.003125 0.39328703703703705 0.0046875 0.39328703703703705 0.0049479166666666664 0.39282407407407405 0.0067708333333333336 0.39282407407407405 0.00703125 0.39328703703703705 0.008854166666666666 0.39328703703703705 0.009114583333333334 0.39375 0.010677083333333334 0.394212962962963 0.012760416666666666 0.3960648148148148 0.01484375 0.3997685185185185 0.016666666666666666 0.40069444444444446 0.018229166666666668 0.40208333333333335 0.020052083333333335 0.4043981481481482 0.020572916666666666 0.4043981481481482 0.023177083333333334 0.40671296296296294 0.023697916666666666 0.4076388888888889 0.026041666666666668 0.40949074074074077 0.0265625 0.41041666666666665 0.027864583333333335 0.4113425925925926 0.030729166666666665 0.41458333333333336 0.03177083333333333 0.4150462962962963 0.033854166666666664 0.41689814814814813 0.0359375 0.41921296296296295 0.03828125 0.42106481481481484 0.04192708333333333 0.42430555555555555 0.04244791666666667 0.42430555555555555 0.045572916666666664 0.4270833333333333 0.047135416666666666 0.4289351851851852 0.050390625 0.43472222222222223 0.051432291666666664 0.4393518518518518 0.051432291666666664 0.44675925925925924 0.051171875 0.4486111111111111 0.05065104166666667 0.45 0.049609375 0.4546296296296296 0.049088541666666666 0.45601851851851855 0.04778645833333333 0.4583333333333333 0.04674479166666667 0.46064814814814814 0.04596354166666667 0.46296296296296297 0.04440104166666667 0.46574074074074073 0.04348958333333333 0.46782407407407406 0.043229166666666666 0.46782407407407406 0.04192708333333333 0.4701388888888889 0.041666666666666664 0.4701388888888889 0.03958333333333333 0.47337962962962965 0.03802083333333333 0.4752314814814815 0.036458333333333336 0.47662037037037036 0.034895833333333334 0.4775462962962963 0.03046875 0.480787037037037 0.029427083333333333 0.48125 0.028125 0.48125 0.027864583333333335 0.48171296296296295 0.0234375 0.48171296296296295 0.023177083333333334 0.48125 0.021875 0.48125 0.0203125 0.48032407407407407 0.019010416666666665 0.4789351851851852 0.016666666666666666 0.47708333333333336 0.015364583333333333 0.4752314814814815 0.01328125 0.47337962962962965 0.011979166666666667 0.47152777777777777 0.009895833333333333 0.46967592592592594 0.009375 0.46967592592592594 0.007552083333333333 0.46782407407407406 0.005208333333333333 0.4664351851851852 0.004166666666666667 0.4650462962962963 0.0033854166666666668 0.46458333333333335 0.0026041666666666665 0.46319444444444446 0.0015625 0.4622685185185185 0.0 0.4622685185185185
2 0.4286458333333333 0.48194444444444445 0.05182291666666666 0.09305555555555556 0.4283854166666667 0.5284722222222222 0.4270833333333333 0.5284722222222222 0.42682291666666666 0.5280092592592592 0.42552083333333335 0.5280092592592592 0.42526041666666664 0.5275462962962963 0.4239583333333333 0.5275462962962963 0.42161458333333335 0.5261574074074075 0.4200520833333333 0.5256944444444445 0.41770833333333335 0.5233796296296296 0.4171875 0.5233796296296296 0.4153645833333333 0.5215277777777778 0.412109375 0.5157407407407407 0.4102864583333333 0.5106481481481482 0.40768229166666664 0.5027777777777778 0.4069010416666667 0.49953703703703706 0.4063802083333333 0.4986111111111111 0.40455729166666665 0.4925925925925926 0.40455729166666665 0.49166666666666664 0.40377604166666664 0.48935185185185187 0.403515625 0.4861111111111111 0.4029947916666667 0.4837962962962963 0.4029947916666667 0.4810185185185185 0.402734375 0.48055555555555557 0.402734375 0.4740740740740741 0.40325520833333334 0.46944444444444444 0.40377604166666664 0.4675925925925926 0.405078125 0.46064814814814814 0.4061197916666667 0.4583333333333333 0.406640625 0.4564814814814815 0.40846354166666665 0.45231481481481484 0.4109375 0.4479166666666667 0.4125 0.4460648148148148 0.41354166666666664 0.444212962962963 0.41458333333333336 0.44328703703703703 0.4153645833333333 0.44189814814814815 0.41770833333333335 0.44004629629629627 0.41875 0.4386574074074074 0.4203125 0.4377314814814815 0.42109375 0.4377314814814815 0.42239583333333336 0.43680555555555556 0.42473958333333334 0.4363425925925926 0.425 0.4358796296296296 0.42630208333333336 0.4358796296296296 0.4265625 0.4354166666666667 0.4317708333333333 0.4354166666666667 0.43307291666666664 0.4363425925925926 0.43385416666666665 0.4363425925925926 0.4348958333333333 0.4372685185185185 0.43697916666666664 0.4377314814814815 0.43802083333333336 0.4386574074074074 0.4388020833333333 0.4386574074074074 0.440625 0.4414351851851852 0.4421875 0.44328703703703703 0.44622395833333334 0.45046296296296295 0.44700520833333335 0.45231481481481484 0.448046875 0.45601851851851855 0.4485677083333333 0.45694444444444443 0.4490885416666667 0.45925925925925926 0.45013020833333334 0.462037037037037 0.45013020833333334 0.46296296296296297 0.451171875 0.46620370370370373 0.4524739583333333 0.4708333333333333 0.4524739583333333 0.47175925925925927 0.4532552083333333 0.4740740740740741 0.454296875 0.48055555555555557 0.45455729166666664 0.4828703703703704 0.45455729166666664 0.48935185185185187 0.45403645833333334 0.49398148148148147 0.453515625 0.49583333333333335 0.4532552083333333 0.4981481481481482 0.451953125 0.5023148148148148 0.451171875 0.5055555555555555 0.449609375 0.5092592592592593 0.4479166666666667 0.5122685185185185 0.44765625 0.5122685185185185 0.44557291666666665 0.5159722222222223 0.4440104166666667 0.517824074074074 0.4427083333333333 0.5201388888888889 0.44036458333333334 0.5229166666666667 0.43802083333333336 0.5243055555555556 0.4359375 0.5261574074074075 0.43411458333333336 0.5270833333333333 0.4328125 0.5270833333333333 0.43255208333333334 0.5275462962962963 0.43072916666666666 0.5275462962962963 0.43046875 0.5280092592592592 0.42864583333333334 0.5280092592592592 0.4283854166666667 0.5284722222222222
2 0.4940104166666667 0.5710648148148149 0.05286458333333327 0.09907407407407409 0.49713541666666666 0.6206018518518519 0.49322916666666666 0.6206018518518519 0.49296875 0.6201388888888889 0.49114583333333334 0.6201388888888889 0.4908854166666667 0.6196759259259259 0.4895833333333333 0.6196759259259259 0.48854166666666665 0.61875 0.48776041666666664 0.61875 0.4856770833333333 0.6168981481481481 0.48515625 0.6168981481481481 0.48333333333333334 0.6150462962962963 0.4817708333333333 0.6141203703703704 0.48125 0.6131944444444445 0.47942708333333334 0.6113425925925926 0.475390625 0.6041666666666666 0.4733072916666667 0.5972222222222222 0.4727864583333333 0.5962962962962963 0.47174479166666666 0.5925925925925926 0.470703125 0.5879629629629629 0.47044270833333335 0.5856481481481481 0.469921875 0.5842592592592593 0.46966145833333334 0.5819444444444445 0.4686197916666667 0.5773148148148148 0.4686197916666667 0.575925925925926 0.46783854166666666 0.5722222222222222 0.46783854166666666 0.5685185185185185 0.467578125 0.5680555555555555 0.467578125 0.5634259259259259 0.46783854166666666 0.562962962962963 0.46783854166666666 0.5592592592592592 0.4680989583333333 0.5569444444444445 0.4686197916666667 0.5546296296296296 0.4686197916666667 0.5527777777777778 0.4694010416666667 0.55 0.4694010416666667 0.549074074074074 0.47044270833333335 0.5458333333333333 0.47096354166666665 0.5435185185185185 0.471484375 0.5425925925925926 0.4725260416666667 0.5393518518518519 0.4733072916666667 0.5375 0.47578125 0.5331018518518519 0.47708333333333336 0.531712962962963 0.4778645833333333 0.5303240740740741 0.4796875 0.5284722222222222 0.48098958333333336 0.5266203703703703 0.4825520833333333 0.5252314814814815 0.48541666666666666 0.5238425925925926 0.4864583333333333 0.5229166666666667 0.48880208333333336 0.5219907407407407 0.4903645833333333 0.5219907407407407 0.490625 0.5215277777777778 0.49765625 0.5215277777777778 0.4979166666666667 0.5219907407407407 0.5005208333333333 0.5229166666666667 0.5015625 0.5229166666666667 0.5044270833333333 0.5247685185185185 0.5072916666666667 0.5275462962962963 0.5096354166666667 0.530787037037037 0.5098958333333333 0.530787037037037 0.5131510416666667 0.5365740740740741 0.5157552083333333 0.5439814814814815 0.516015625 0.5458333333333333 0.5165364583333333 0.5472222222222223 0.5170572916666667 0.5504629629629629 0.517578125 0.5518518518518518 0.5178385416666667 0.5550925925925926 0.5180989583333333 0.5555555555555556 0.518359375 0.5587962962962963 0.5188802083333334 0.5606481481481481 0.5188802083333334 0.562037037037037 0.5196614583333333 0.5657407407407408 0.5196614583333333 0.5675925925925925 0.5201822916666666 0.5722222222222222 0.5204427083333333 0.5726851851851852 0.5204427083333333 0.5828703703703704 0.5201822916666666 0.5833333333333334 0.5201822916666666 0.5861111111111111 0.5194010416666667 0.5893518518518519 0.5188802083333334 0.5930555555555556 0.5173177083333333 0.5981481481481481 0.5170572916666667 0.5995370370370371 0.5162760416666666 0.6013888888888889 0.5149739583333334 0.6037037037037037 0.5149739583333334 0.6041666666666666 0.5125 0.6085648148148148 0.5122395833333333 0.6085648148148148 0.5109375 0.6108796296296296 0.5106770833333333 0.6108796296296296 0.5091145833333334 0.6131944444444445 0.5072916666666667 0.6145833333333334 0.5052083333333334 0.6168981481481481 0.50390625 0.6173611111111111 0.503125 0.618287037037037 0.5005208333333333 0.6192129629629629 0.49895833333333334 0.6201388888888889 0.4973958333333333 0.6201388888888889 0.49713541666666666 0.6206018518518519
2 0.4419270833333333 0.7118055555555556 0.05911458333333336 0.10925925925925928 0.44557291666666665 0.7664351851851852 0.44114583333333335 0.7664351851851852 0.44088541666666664 0.7659722222222223 0.43828125 0.7659722222222223 0.43802083333333336 0.7655092592592593 0.43671875 0.7655092592592593 0.4356770833333333 0.7650462962962963 0.43411458333333336 0.7636574074074074 0.43359375 0.7636574074074074 0.43072916666666666 0.7613425925925926 0.43020833333333336 0.7604166666666666 0.42890625 0.7594907407407407 0.42734375 0.7576388888888889 0.42434895833333336 0.7523148148148148 0.42434895833333336 0.7518518518518519 0.4217447916666667 0.7472222222222222 0.4217447916666667 0.7467592592592592 0.4178385416666667 0.7398148148148148 0.4173177083333333 0.7379629629629629 0.416015625 0.7351851851851852 0.415234375 0.7328703703703704 0.4147135416666667 0.7305555555555555 0.4134114583333333 0.725925925925926 0.412890625 0.7203703703703703 0.41263020833333336 0.7199074074074074 0.41263020833333336 0.7171296296296297 0.41236979166666665 0.7166666666666667 0.41236979166666665 0.7046296296296296 0.41263020833333336 0.7041666666666667 0.41263020833333336 0.7018518518518518 0.412890625 0.7013888888888888 0.412890625 0.6990740740740741 0.41315104166666666 0.6986111111111111 0.413671875 0.6944444444444444 0.4147135416666667 0.6907407407407408 0.4147135416666667 0.6898148148148148 0.416015625 0.6856481481481481 0.41627604166666665 0.6837962962962963 0.417578125 0.6805555555555556 0.41888020833333334 0.6782407407407407 0.419921875 0.6754629629629629 0.4236979166666667 0.66875 0.425 0.6673611111111111 0.42734375 0.6641203703703704 0.43046875 0.6613425925925925 0.4322916666666667 0.6604166666666667 0.43515625 0.6581018518518519 0.43645833333333334 0.6576388888888889 0.43828125 0.6576388888888889 0.43854166666666666 0.6571759259259259 0.4453125 0.6571759259259259 0.44557291666666665 0.6576388888888889 0.446875 0.6576388888888889 0.4479166666666667 0.6581018518518519 0.44869791666666664 0.6590277777777778 0.45 0.6594907407407408 0.4513020833333333 0.6604166666666667 0.4552083333333333 0.6641203703703704 0.45598958333333334 0.6645833333333333 0.45807291666666666 0.6673611111111111 0.462109375 0.674537037037037 0.462109375 0.675 0.46341145833333336 0.6773148148148148 0.46393229166666666 0.6791666666666667 0.46653645833333335 0.6847222222222222 0.466796875 0.6861111111111111 0.468359375 0.6898148148148148 0.4694010416666667 0.6949074074074074 0.47018229166666664 0.6976851851851852 0.47044270833333335 0.700925925925926 0.47096354166666665 0.7032407407407407 0.47122395833333336 0.7055555555555556 0.47122395833333336 0.7097222222222223 0.471484375 0.7101851851851851 0.471484375 0.7180555555555556 0.47122395833333336 0.7185185185185186 0.47122395833333336 0.7212962962962963 0.47096354166666665 0.7217592592592592 0.47096354166666665 0.7240740740740741 0.47018229166666664 0.7310185185185185 0.469921875 0.7314814814814815 0.4688802083333333 0.7379629629629629 0.46783854166666666 0.7416666666666667 0.46653645833333335 0.7472222222222222 0.4641927083333333 0.7513888888888889 0.4641927083333333 0.7518518518518519 0.4627604166666667 0.7543981481481481 0.46067708333333335 0.756712962962963 0.4591145833333333 0.7594907407407407 0.45703125 0.7608796296296296 0.4549479166666667 0.7618055555555555 0.45416666666666666 0.7627314814814815 0.45260416666666664 0.7636574074074074 0.4518229166666667 0.7636574074074074 0.45 0.7650462962962963 0.44921875 0.7650462962962963 0.4479166666666667 0.7659722222222223 0.44583333333333336 0.7659722222222223 0.44557291666666665 0.7664351851851852
1 0.438671875 0.5988425925925926 0.048958333333333326 0.08703703703703713 0.43984375 0.6423611111111112 0.4359375 0.6423611111111112 0.4356770833333333 0.6418981481481482 0.43411458333333336 0.6418981481481482 0.43203125 0.6409722222222223 0.42994791666666665 0.6391203703703704 0.42942708333333335 0.6381944444444444 0.42526041666666664 0.6340277777777777 0.4225260416666667 0.6291666666666667 0.4225260416666667 0.6287037037037037 0.420703125 0.625462962962963 0.419921875 0.6231481481481481 0.418359375 0.6194444444444445 0.4178385416666667 0.6175925925925926 0.416796875 0.6152777777777778 0.41497395833333334 0.6083333333333333 0.414453125 0.6041666666666666 0.414453125 0.6018518518518519 0.4141927083333333 0.6013888888888889 0.4141927083333333 0.5935185185185186 0.414453125 0.5912037037037037 0.41497395833333334 0.5888888888888889 0.41497395833333334 0.5875 0.41549479166666664 0.5847222222222223 0.416796875 0.5791666666666667 0.419140625 0.5731481481481482 0.42018229166666665 0.5708333333333333 0.4231770833333333 0.5655092592592592 0.42526041666666664 0.5631944444444444 0.4265625 0.5613425925925926 0.428125 0.5599537037037037 0.42942708333333335 0.5594907407407408 0.43072916666666666 0.5581018518518519 0.43515625 0.555787037037037 0.4354166666666667 0.555324074074074 0.44166666666666665 0.555324074074074 0.44192708333333336 0.555787037037037 0.44375 0.555787037037037 0.4440104166666667 0.55625 0.44583333333333336 0.5567129629629629 0.446875 0.5576388888888889 0.44765625 0.5576388888888889 0.45078125 0.5604166666666667 0.4515625 0.5613425925925926 0.45286458333333335 0.5636574074074074 0.453125 0.5636574074074074 0.45533854166666665 0.5675925925925925 0.455859375 0.5694444444444444 0.4571614583333333 0.5722222222222222 0.45846354166666664 0.5773148148148148 0.4615885416666667 0.5884259259259259 0.4615885416666667 0.5893518518518519 0.46236979166666664 0.5916666666666667 0.462890625 0.5949074074074074 0.462890625 0.5976851851851852 0.46315104166666665 0.5981481481481481 0.46315104166666665 0.6041666666666666 0.462890625 0.6046296296296296 0.462890625 0.6078703703703704 0.46236979166666664 0.6097222222222223 0.46236979166666664 0.6111111111111112 0.4615885416666667 0.6143518518518518 0.4615885416666667 0.6152777777777778 0.45950520833333336 0.6222222222222222 0.4544270833333333 0.63125 0.453125 0.6326388888888889 0.4515625 0.6349537037037037 0.4466145833333333 0.6391203703703704 0.44557291666666665 0.6405092592592593 0.44505208333333335 0.6405092592592593 0.4434895833333333 0.6418981481481482 0.4401041666666667 0.6418981481481482 0.43984375 0.6423611111111112
1 0.5385416666666667 0.4537037037037037 0.043489583333333304 0.08101851851851855 0.5377604166666666 0.49421296296296297 0.53671875 0.49375 0.534375 0.49375 0.5330729166666667 0.493287037037037 0.5317708333333333 0.49236111111111114 0.5294270833333333 0.4914351851851852 0.528125 0.49050925925925926 0.5270833333333333 0.48912037037037037 0.52578125 0.48819444444444443 0.5247395833333334 0.48680555555555555 0.5212239583333333 0.48055555555555557 0.520703125 0.4787037037037037 0.5196614583333333 0.47638888888888886 0.518359375 0.4703703703703704 0.5180989583333333 0.4666666666666667 0.5178385416666667 0.46620370370370373 0.5178385416666667 0.4638888888888889 0.517578125 0.4634259259259259 0.517578125 0.4601851851851852 0.5173177083333333 0.4597222222222222 0.5173177083333333 0.4564814814814815 0.5170572916666667 0.45601851851851855 0.5170572916666667 0.45185185185185184 0.516796875 0.4513888888888889 0.516796875 0.44583333333333336 0.5170572916666667 0.44537037037037036 0.5170572916666667 0.4425925925925926 0.5173177083333333 0.44027777777777777 0.518359375 0.4361111111111111 0.518359375 0.43472222222222223 0.5204427083333333 0.4287037037037037 0.521484375 0.4263888888888889 0.52265625 0.42476851851851855 0.52421875 0.4219907407407407 0.5265625 0.41921296296296295 0.5278645833333333 0.418287037037037 0.5291666666666667 0.41689814814814813 0.5296875 0.41689814814814813 0.5333333333333333 0.41458333333333336 0.534375 0.41458333333333336 0.5359375 0.4136574074074074 0.5372395833333333 0.4136574074074074 0.5375 0.4131944444444444 0.54140625 0.4131944444444444 0.5416666666666666 0.4136574074074074 0.54296875 0.4136574074074074 0.54453125 0.41458333333333336 0.5455729166666666 0.41458333333333336 0.546875 0.41550925925925924 0.5484375 0.41597222222222224 0.55 0.4173611111111111 0.5520833333333334 0.4201388888888889 0.5528645833333333 0.42060185185185184 0.5541666666666667 0.4224537037037037 0.556640625 0.42685185185185187 0.5579427083333334 0.4305555555555556 0.558984375 0.43287037037037035 0.5600260416666667 0.4393518518518518 0.5600260416666667 0.44212962962962965 0.5602864583333333 0.4425925925925926 0.5602864583333333 0.4638888888888889 0.5600260416666667 0.46435185185185185 0.5600260416666667 0.4671296296296296 0.559765625 0.4675925925925926 0.5595052083333333 0.4703703703703704 0.558984375 0.47175925925925927 0.558203125 0.475 0.557421875 0.47638888888888886 0.5561197916666667 0.48009259259259257 0.5541666666666667 0.48356481481481484 0.5520833333333334 0.4863425925925926 0.55078125 0.48726851851851855 0.5502604166666667 0.48819444444444443 0.5463541666666667 0.49189814814814814 0.5447916666666667 0.49236111111111114 0.5432291666666667 0.493287037037037 0.54140625 0.493287037037037 0.5411458333333333 0.49375 0.5380208333333333 0.49375 0.5377604166666666 0.49421296296296297
2 0.5511718750000001 0.5467592592592593 0.05208333333333337 0.10046296296296298 0.5528645833333333 0.5969907407407408 0.5515625 0.5969907407407408 0.5513020833333333 0.5965277777777778 0.5481770833333334 0.5965277777777778 0.5479166666666667 0.5960648148148148 0.5463541666666667 0.5960648148148148 0.5440104166666667 0.5951388888888889 0.5421875 0.59375 0.53984375 0.5923611111111111 0.5393229166666667 0.5914351851851852 0.5364583333333334 0.5881944444444445 0.5361979166666667 0.5881944444444445 0.5348958333333333 0.5858796296296296 0.5346354166666667 0.5858796296296296 0.533203125 0.5833333333333334 0.533203125 0.5828703703703704 0.5319010416666666 0.5805555555555556 0.5298177083333333 0.575 0.5295572916666667 0.5731481481481482 0.5290364583333333 0.5717592592592593 0.528515625 0.5680555555555555 0.5279947916666666 0.5662037037037037 0.527734375 0.5638888888888889 0.5272135416666667 0.562037037037037 0.5264322916666667 0.5560185185185185 0.5259114583333333 0.5537037037037037 0.5256510416666667 0.5513888888888889 0.5256510416666667 0.5486111111111112 0.525390625 0.5481481481481482 0.525390625 0.5453703703703704 0.5251302083333333 0.5449074074074074 0.5251302083333333 0.5347222222222222 0.525390625 0.5342592592592592 0.525390625 0.5310185185185186 0.526171875 0.5254629629629629 0.5266927083333334 0.5231481481481481 0.5272135416666667 0.5222222222222223 0.527734375 0.5199074074074074 0.5282552083333333 0.5189814814814815 0.529296875 0.5152777777777777 0.5305989583333334 0.512962962962963 0.5305989583333334 0.5125 0.5325520833333334 0.5090277777777777 0.5328125 0.5090277777777777 0.5341145833333333 0.506712962962963 0.53671875 0.5034722222222222 0.5401041666666667 0.5002314814814814 0.54140625 0.49930555555555556 0.5440104166666667 0.4979166666666667 0.5453125 0.49745370370370373 0.5471354166666667 0.49745370370370373 0.5473958333333333 0.49699074074074073 0.5486979166666667 0.49699074074074073 0.5489583333333333 0.4965277777777778 0.553125 0.4965277777777778 0.5546875 0.49745370370370373 0.5559895833333334 0.49745370370370373 0.55703125 0.4979166666666667 0.5588541666666667 0.49930555555555556 0.56015625 0.4997685185185185 0.5622395833333333 0.5016203703703703 0.5627604166666667 0.5016203703703703 0.5651041666666666 0.5039351851851852 0.5658854166666667 0.5043981481481481 0.5684895833333333 0.5076388888888889 0.5712239583333333 0.5125 0.5733072916666667 0.5175925925925926 0.573828125 0.5199074074074074 0.5743489583333333 0.5208333333333334 0.575390625 0.525 0.575390625 0.5263888888888889 0.576171875 0.5296296296296297 0.576171875 0.5310185185185186 0.5766927083333333 0.5333333333333333 0.576953125 0.5356481481481481 0.576953125 0.5472222222222223 0.5772135416666667 0.5476851851851852 0.5772135416666667 0.5518518518518518 0.576953125 0.5523148148148148 0.576953125 0.5583333333333333 0.5766927083333333 0.5587962962962963 0.5766927083333333 0.562037037037037 0.576171875 0.5648148148148148 0.5759114583333333 0.5675925925925925 0.5751302083333333 0.5699074074074074 0.5740885416666667 0.5745370370370371 0.5735677083333334 0.575462962962963 0.5727864583333333 0.5782407407407407 0.56875 0.5854166666666667 0.5674479166666667 0.5868055555555556 0.5666666666666667 0.5881944444444445 0.5645833333333333 0.5905092592592592 0.5614583333333333 0.593287037037037 0.5606770833333333 0.594212962962963 0.5591145833333333 0.5946759259259259 0.5578125 0.5956018518518519 0.5565104166666667 0.5960648148148148 0.5552083333333333 0.5960648148148148 0.5549479166666667 0.5965277777777778 0.553125 0.5965277777777778 0.5528645833333333 0.5969907407407408
1 0.5071614583333334 0.6972222222222222 0.05104166666666671 0.09583333333333333 0.5109375 0.7451388888888889 0.5059895833333333 0.7451388888888889 0.5057291666666667 0.7446759259259259 0.5041666666666667 0.7446759259259259 0.50390625 0.7442129629629629 0.5026041666666666 0.7442129629629629 0.5015625 0.74375 0.49973958333333335 0.7423611111111111 0.4984375 0.7418981481481481 0.49635416666666665 0.7400462962962963 0.49583333333333335 0.7391203703703704 0.49453125 0.7381944444444445 0.4934895833333333 0.7368055555555556 0.490234375 0.7310185185185185 0.4876302083333333 0.725 0.487109375 0.7226851851851852 0.48658854166666665 0.7217592592592592 0.48528645833333334 0.7175925925925926 0.48528645833333334 0.7166666666666667 0.4837239583333333 0.711574074074074 0.48346354166666666 0.7092592592592593 0.48294270833333336 0.7078703703703704 0.48268229166666665 0.7050925925925926 0.48216145833333335 0.7023148148148148 0.48216145833333335 0.7 0.48190104166666664 0.6995370370370371 0.48190104166666664 0.6939814814814815 0.481640625 0.6916666666666667 0.48190104166666664 0.6912037037037037 0.48190104166666664 0.6875 0.48216145833333335 0.687037037037037 0.48216145833333335 0.6842592592592592 0.482421875 0.6819444444444445 0.48294270833333336 0.6796296296296296 0.483203125 0.6773148148148148 0.4837239583333333 0.6759259259259259 0.4850260416666667 0.6708333333333333 0.48606770833333335 0.6680555555555555 0.48736979166666666 0.6657407407407407 0.48736979166666666 0.6652777777777777 0.4889322916666667 0.6625 0.4889322916666667 0.6620370370370371 0.4901041666666667 0.6604166666666667 0.49140625 0.6581018518518519 0.49166666666666664 0.6581018518518519 0.49322916666666666 0.655787037037037 0.49635416666666665 0.6530092592592592 0.49895833333333334 0.6511574074074075 0.49973958333333335 0.6511574074074075 0.5018229166666667 0.6497685185185185 0.50390625 0.6497685185185185 0.5041666666666667 0.6493055555555556 0.51015625 0.6493055555555556 0.5127604166666667 0.6502314814814815 0.5140625 0.6511574074074075 0.5153645833333333 0.6516203703703703 0.5166666666666667 0.6525462962962963 0.5182291666666666 0.6543981481481481 0.51953125 0.6553240740740741 0.521875 0.6581018518518519 0.5256510416666667 0.6648148148148149 0.5264322916666667 0.6671296296296296 0.5274739583333333 0.6689814814814815 0.5282552083333333 0.6712962962962963 0.5282552083333333 0.6722222222222223 0.529296875 0.6754629629629629 0.5298177083333333 0.6777777777777778 0.530078125 0.6800925925925926 0.5311197916666667 0.6847222222222222 0.5311197916666667 0.6861111111111111 0.5319010416666666 0.6921296296296297 0.5321614583333333 0.6925925925925925 0.5321614583333333 0.6953703703703704 0.532421875 0.6958333333333333 0.532421875 0.7018518518518518 0.5326822916666667 0.7023148148148148 0.5326822916666667 0.7046296296296296 0.532421875 0.7050925925925926 0.532421875 0.7074074074074074 0.5319010416666666 0.7101851851851851 0.5303385416666667 0.7199074074074074 0.5282552083333333 0.725925925925926 0.5272135416666667 0.7277777777777777 0.526171875 0.7305555555555555 0.5236979166666667 0.7349537037037037 0.5234375 0.7349537037037037 0.5221354166666666 0.7372685185185185 0.5203125 0.7391203703703704 0.5192708333333333 0.7395833333333334 0.5169270833333334 0.7418981481481481 0.51640625 0.7418981481481481 0.5151041666666667 0.743287037037037 0.5145833333333333 0.743287037037037 0.5130208333333334 0.7446759259259259 0.5111979166666667 0.7446759259259259 0.5109375 0.7451388888888889
2 0.8395833333333333 0.3856481481481482 0.06744791666666661 0.09675925925925927 0.8395833333333333 0.4340277777777778 0.8348958333333333 0.4340277777777778 0.8346354166666666 0.4335648148148148 0.83203125 0.4335648148148148 0.8317708333333333 0.43310185185185185 0.8302083333333333 0.43310185185185185 0.8299479166666667 0.4326388888888889 0.8286458333333333 0.4326388888888889 0.82734375 0.4321759259259259 0.8260416666666667 0.43125 0.8247395833333333 0.430787037037037 0.8239583333333333 0.42986111111111114 0.82265625 0.42939814814814814 0.8205729166666667 0.4275462962962963 0.8200520833333333 0.42662037037037037 0.8177083333333334 0.42476851851851855 0.8161458333333333 0.4224537037037037 0.8158854166666667 0.4224537037037037 0.8145833333333333 0.4201388888888889 0.8143229166666667 0.4201388888888889 0.808984375 0.41064814814814815 0.808984375 0.4101851851851852 0.8076822916666667 0.4074074074074074 0.8069010416666667 0.4046296296296296 0.806640625 0.4023148148148148 0.805859375 0.39861111111111114 0.805859375 0.3875 0.8061197916666667 0.3851851851851852 0.8071614583333333 0.3814814814814815 0.8084635416666667 0.37777777777777777 0.8084635416666667 0.3773148148148148 0.812109375 0.37083333333333335 0.8126302083333333 0.36898148148148147 0.813671875 0.36666666666666664 0.8149739583333333 0.36435185185185187 0.816015625 0.36203703703703705 0.8165364583333333 0.36018518518518516 0.8173177083333333 0.3587962962962963 0.8186197916666667 0.3537037037037037 0.8203125 0.3506944444444444 0.8213541666666667 0.34976851851851853 0.8223958333333333 0.34791666666666665 0.8260416666666667 0.34421296296296294 0.82734375 0.34375 0.8294270833333334 0.3418981481481482 0.8325520833333333 0.3400462962962963 0.83359375 0.3400462962962963 0.83515625 0.33912037037037035 0.8364583333333333 0.33912037037037035 0.8380208333333333 0.33819444444444446 0.8401041666666667 0.33819444444444446 0.8403645833333333 0.33773148148148147 0.8434895833333333 0.33773148148148147 0.84375 0.3372685185185185 0.8455729166666667 0.3372685185185185 0.846875 0.33773148148148147 0.84921875 0.33912037037037035 0.8505208333333333 0.33912037037037035 0.8536458333333333 0.34050925925925923 0.8552083333333333 0.34282407407407406 0.85703125 0.34467592592592594 0.8591145833333333 0.3451388888888889 0.86171875 0.34652777777777777 0.8630208333333333 0.34791666666666665 0.8653645833333333 0.35208333333333336 0.865625 0.35208333333333336 0.8669270833333333 0.35439814814814813 0.8671875 0.35439814814814813 0.8688802083333333 0.3574074074074074 0.8696614583333333 0.3592592592592593 0.869921875 0.36064814814814816 0.8709635416666667 0.362962962962963 0.8720052083333333 0.36666666666666664 0.8720052083333333 0.3675925925925926 0.8727864583333333 0.37083333333333335 0.8727864583333333 0.3731481481481482 0.873046875 0.3736111111111111 0.873046875 0.37592592592592594 0.8733072916666667 0.3763888888888889 0.8733072916666667 0.3814814814814815 0.873046875 0.3819444444444444 0.873046875 0.38564814814814813 0.8725260416666667 0.38842592592592595 0.8720052083333333 0.38981481481481484 0.8717447916666666 0.3921296296296296 0.8709635416666667 0.39444444444444443 0.8701822916666667 0.3958333333333333 0.8696614583333333 0.3976851851851852 0.860546875 0.41388888888888886 0.860546875 0.41435185185185186 0.85546875 0.4233796296296296 0.8536458333333333 0.42569444444444443 0.85234375 0.42662037037037037 0.8518229166666667 0.4275462962962963 0.8505208333333333 0.4284722222222222 0.8489583333333334 0.4303240740740741 0.84765625 0.43125 0.8450520833333334 0.4326388888888889 0.84375 0.4326388888888889 0.8421875 0.4335648148148148 0.83984375 0.4335648148148148 0.8395833333333333 0.4340277777777778
2 0.9737630208333333 0.19050925925925927 0.051953125000000044 0.08981481481481482 0.9997395833333333 0.2224537037037037 0.9984375 0.2224537037037037 0.997265625 0.22407407407407406 0.9958333333333333 0.22662037037037036 0.9942708333333333 0.22847222222222222 0.9927083333333333 0.23078703703703704 0.98984375 0.23310185185185187 0.98671875 0.23449074074074075 0.98515625 0.23449074074074075 0.9848958333333333 0.2349537037037037 0.98203125 0.2349537037037037 0.9817708333333334 0.23541666666666666 0.9783854166666667 0.23541666666666666 0.978125 0.2349537037037037 0.97578125 0.2349537037037037 0.9755208333333333 0.23449074074074075 0.9731770833333333 0.23449074074074075 0.9729166666666667 0.23402777777777778 0.97109375 0.23402777777777778 0.96953125 0.23310185185185187 0.9671875 0.2326388888888889 0.9661458333333334 0.23171296296296295 0.9653645833333333 0.23171296296296295 0.9645833333333333 0.23078703703703704 0.9627604166666667 0.22939814814814816 0.9611979166666667 0.2275462962962963 0.9604166666666667 0.22615740740740742 0.959375 0.22569444444444445 0.9588541666666667 0.2247685185185185 0.95703125 0.22337962962962962 0.95625 0.2224537037037037 0.9546875 0.2196759259259259 0.9520833333333333 0.21689814814814815 0.950390625 0.21388888888888888 0.950390625 0.21342592592592594 0.948828125 0.21064814814814814 0.948046875 0.20787037037037037 0.9477864583333333 0.20601851851851852 0.9477864583333333 0.19814814814814816 0.948046875 0.19583333333333333 0.9485677083333334 0.19398148148148148 0.948828125 0.1912037037037037 0.9498697916666666 0.1875 0.9514322916666667 0.1837962962962963 0.9516927083333333 0.1824074074074074 0.9524739583333334 0.18101851851851852 0.9532552083333333 0.1787037037037037 0.9555989583333333 0.17453703703703705 0.9555989583333333 0.17407407407407408 0.9569010416666667 0.17175925925925925 0.9579427083333333 0.16898148148148148 0.959765625 0.1648148148148148 0.9602864583333334 0.16296296296296298 0.9622395833333334 0.15949074074074074 0.96328125 0.15856481481481483 0.9658854166666667 0.15393518518518517 0.9674479166666666 0.1525462962962963 0.9708333333333333 0.14884259259259258 0.9721354166666667 0.14791666666666667 0.9739583333333334 0.1474537037037037 0.9755208333333333 0.14652777777777778 0.9768229166666667 0.14652777777777778 0.9770833333333333 0.14606481481481481 0.9791666666666666 0.14606481481481481 0.9794270833333333 0.14560185185185184 0.9859375 0.14560185185185184 0.9861979166666667 0.14606481481481481 0.9893229166666667 0.14606481481481481 0.9895833333333334 0.14652777777777778 0.9908854166666666 0.14652777777777778 0.9911458333333333 0.14699074074074073 0.9924479166666667 0.14699074074074073 0.9927083333333333 0.1474537037037037 0.9950520833333333 0.14791666666666667 0.99765625 0.14976851851851852 0.9997395833333333 0.14976851851851852
11 0.8361328125 0.5722222222222222 0.3272135416666667 0.8486111111111111 0.9997395833333333 0.9956018518518519 0.9963541666666667 0.9956018518518519 0.99609375 0.9960648148148148 0.9924479166666667 0.9960648148148148 0.9921875 0.9956018518518519 0.9723958333333333 0.9956018518518519 0.9721354166666667 0.9960648148148148 0.96484375 0.9960648148148148 0.9645833333333333 0.9956018518518519 0.9463541666666667 0.9956018518518519 0.9450520833333333 0.9946759259259259 0.94375 0.9946759259259259 0.9427083333333334 0.99375 0.9404947916666667 0.9898148148148148 0.9397135416666667 0.987037037037037 0.9384114583333333 0.9842592592592593 0.9368489583333334 0.9773148148148149 0.9368489583333334 0.975925925925926 0.936328125 0.9745370370370371 0.9360677083333333 0.9726851851851852 0.9350260416666667 0.9703703703703703 0.933203125 0.9638888888888889 0.9326822916666667 0.961574074074074 0.932421875 0.9592592592592593 0.9319010416666667 0.9578703703703704 0.9298177083333333 0.95 0.9295572916666667 0.9476851851851852 0.928515625 0.9430555555555555 0.926953125 0.937962962962963 0.9259114583333333 0.9333333333333333 0.924609375 0.9291666666666667 0.9243489583333333 0.9277777777777778 0.9233072916666667 0.924537037037037 0.922265625 0.9189814814814815 0.919921875 0.9111111111111111 0.919921875 0.9101851851851852 0.9188802083333333 0.9069444444444444 0.918359375 0.9037037037037037 0.917578125 0.9013888888888889 0.917578125 0.9004629629629629 0.916796875 0.8981481481481481 0.916796875 0.8972222222222223 0.916015625 0.8944444444444445 0.9154947916666667 0.8935185185185185 0.9141927083333333 0.887962962962963 0.9134114583333334 0.8856481481481482 0.9118489583333333 0.8777777777777778 0.910546875 0.8740740740740741 0.908984375 0.8685185185185185 0.9079427083333333 0.8643518518518518 0.9071614583333333 0.862037037037037 0.9055989583333334 0.8564814814814815 0.9053385416666667 0.8541666666666666 0.9048177083333333 0.8518518518518519 0.9029947916666666 0.8453703703703703 0.9029947916666666 0.8444444444444444 0.9022135416666667 0.8421296296296297 0.901171875 0.8375 0.8993489583333333 0.8314814814814815 0.8993489583333333 0.8305555555555556 0.8985677083333333 0.8273148148148148 0.898046875 0.825925925925926 0.8977864583333334 0.8236111111111111 0.8967447916666667 0.8185185185185185 0.8954427083333333 0.8143518518518519 0.8938802083333334 0.8106481481481481 0.8928385416666667 0.8069444444444445 0.891796875 0.8046296296296296 0.890234375 0.7986111111111112 0.889453125 0.7935185185185185 0.888671875 0.7912037037037037 0.888671875 0.7902777777777777 0.8868489583333333 0.7837962962962963 0.8858072916666667 0.7805555555555556 0.8858072916666667 0.7791666666666667 0.8852864583333333 0.7773148148148148 0.8850260416666667 0.775 0.8821614583333334 0.7648148148148148 0.8821614583333334 0.7638888888888888 0.880859375 0.7597222222222222 0.8805989583333333 0.7574074074074074 0.8790364583333333 0.7513888888888889 0.878515625 0.750462962962963 0.877734375 0.7476851851851852 0.8765625 0.7456018518518519 0.8744791666666667 0.7465277777777778 0.8734375 0.7465277777777778 0.8723958333333334 0.7474537037037037 0.8703125 0.7483796296296297 0.8692708333333333 0.7483796296296297 0.8677083333333333 0.7493055555555556 0.86640625 0.7493055555555556 0.8661458333333333 0.7497685185185186 0.86484375 0.7497685185185186 0.8645833333333334 0.7502314814814814 0.86171875 0.7502314814814814 0.8614583333333333 0.7506944444444444 0.8575520833333333 0.7506944444444444 0.8572916666666667 0.7511574074074074 0.85390625 0.7511574074074074 0.8536458333333333 0.7516203703703703 0.85234375 0.7516203703703703 0.85078125 0.7525462962962963 0.8489583333333334 0.7525462962962963 0.8486979166666667 0.7530092592592592 0.8466145833333333 0.7530092592592592 0.8463541666666666 0.7534722222222222 0.8424479166666666 0.7534722222222222 0.8421875 0.7539351851851852 0.8403645833333333 0.7539351851851852 0.8401041666666667 0.7543981481481481 0.8377604166666667 0.7543981481481481 0.8375 0.7548611111111111 0.8356770833333333 0.7548611111111111 0.8354166666666667 0.7553240740740741 0.8333333333333334 0.7553240740740741 0.8330729166666667 0.7557870370370371 0.8263020833333333 0.7557870370370371 0.8260416666666667 0.75625 0.8236979166666667 0.75625 0.8234375 0.756712962962963 0.8197916666666667 0.756712962962963 0.81953125 0.757175925925926 0.81328125 0.757175925925926 0.8130208333333333 0.7576388888888889 0.8083333333333333 0.7576388888888889 0.8080729166666667 0.7581018518518519 0.8057291666666667 0.7581018518518519 0.8036458333333333 0.7594907407407407 0.7986979166666667 0.7594907407407407 0.7971354166666667 0.7608796296296296 0.7955729166666666 0.7618055555555555 0.7908854166666667 0.7618055555555555 0.790625 0.7622685185185185 0.7893229166666667 0.7622685185185185 0.7890625 0.7627314814814815 0.7877604166666666 0.7627314814814815 0.78515625 0.7636574074074074 0.7822916666666667 0.7650462962962963 0.7794270833333333 0.767824074074074 0.7770833333333333 0.7715277777777778 0.7755208333333333 0.7729166666666667 0.7744791666666667 0.7743055555555556 0.773828125 0.7759259259259259 0.77265625 0.7780092592592592 0.77109375 0.7798611111111111 0.769921875 0.7819444444444444 0.7694010416666667 0.7851851851851852 0.7694010416666667 0.788425925925926 0.7701822916666666 0.7907407407407407 0.770703125 0.7935185185185185 0.7712239583333333 0.7976851851851852 0.7717447916666667 0.799537037037037 0.7720052083333333 0.8018518518518518 0.773828125 0.8078703703703703 0.7743489583333333 0.8106481481481481 0.7743489583333333 0.8125 0.7748697916666667 0.8162037037037037 0.7756510416666667 0.8185185185185185 0.7756510416666667 0.8194444444444444 0.7764322916666667 0.8212962962962963 0.7766927083333334 0.8236111111111111 0.7774739583333333 0.8268518518518518 0.7779947916666666 0.8305555555555556 0.7798177083333333 0.836574074074074 0.7803385416666667 0.8388888888888889 0.780859375 0.8430555555555556 0.7811197916666667 0.8435185185185186 0.781640625 0.8476851851851852 0.7821614583333333 0.8495370370370371 0.7821614583333333 0.8518518518518519 0.782421875 0.8523148148148149 0.782421875 0.8564814814814815 0.7834635416666667 0.8601851851851852 0.7845052083333334 0.862037037037037 0.7852864583333333 0.8657407407407407 0.7858072916666666 0.8671296296296296 0.786328125 0.8699074074074075 0.786328125 0.8712962962962963 0.7868489583333333 0.8731481481481481 0.7873697916666667 0.8768518518518519 0.7881510416666667 0.8800925925925925 0.7889322916666667 0.8851851851851852 0.790234375 0.8898148148148148 0.7912760416666667 0.8925925925925926 0.7915364583333333 0.8962962962962963 0.7923177083333334 0.9004629629629629 0.7928385416666667 0.9013888888888889 0.793359375 0.9041666666666667 0.7938802083333333 0.9055555555555556 0.7938802083333333 0.9069444444444444 0.7944010416666667 0.9092592592592592 0.7944010416666667 0.9106481481481481 0.794921875 0.913425925925926 0.795703125 0.9157407407407407 0.795703125 0.9166666666666666 0.7967447916666667 0.9199074074074074 0.7970052083333333 0.9226851851851852 0.7975260416666666 0.925 0.7975260416666666 0.9268518518518518 0.798046875 0.9291666666666667 0.798046875 0.9305555555555556 0.798828125 0.9328703703703703 0.7990885416666667 0.9351851851851852 0.7998697916666667 0.9393518518518519 0.801171875 0.9425925925925925 0.8024739583333333 0.9476851851851852 0.8024739583333333 0.9486111111111111 0.8032552083333333 0.9518518518518518 0.8037760416666667 0.9555555555555556 0.804296875 0.9569444444444445 0.8053385416666666 0.9625 0.8053385416666666 0.9643518518518519 0.805859375 0.9666666666666667 0.805859375 0.9685185185185186 0.8063802083333333 0.9708333333333333 0.8076822916666667 0.9736111111111111 0.8087239583333333 0.9768518518518519 0.8087239583333333 0.9782407407407407 0.8092447916666666 0.9805555555555555 0.8095052083333333 0.9847222222222223 0.8100260416666667 0.9875 0.8100260416666667 0.9907407407407407 0.808984375 0.9949074074074075 0.8072916666666666 0.9965277777777778 0.803125 0.9965277777777778 0.8028645833333333 0.9960648148148148 0.7955729166666666 0.9960648148148148 0.7953125 0.9965277777777778 0.7940104166666667 0.9965277777777778 0.79375 0.9960648148148148 0.7888020833333333 0.9960648148148148 0.7885416666666667 0.9956018518518519 0.7864583333333334 0.9956018518518519 0.7861979166666667 0.9951388888888889 0.7848958333333333 0.9951388888888889 0.7846354166666667 0.9946759259259259 0.7833333333333333 0.9946759259259259 0.7825520833333334 0.9942129629629629 0.7802083333333333 0.9918981481481481 0.7790364583333333 0.9898148148148148 0.7782552083333333 0.987037037037037 0.7779947916666666 0.9847222222222223 0.7774739583333333 0.9828703703703704 0.7772135416666667 0.9796296296296296 0.7766927083333334 0.9768518518518519 0.7756510416666667 0.9736111111111111 0.7756510416666667 0.9726851851851852 0.7748697916666667 0.9703703703703703 0.7743489583333333 0.9675925925925926 0.7743489583333333 0.9662037037037037 0.773828125 0.9643518518518519 0.7735677083333333 0.9611111111111111 0.773046875 0.9592592592592593 0.7727864583333334 0.9569444444444445 0.772265625 0.9555555555555556 0.771484375 0.9495370370370371 0.770703125 0.9462962962962963 0.769921875 0.9412037037037037 0.7694010416666667 0.9393518518518519 0.7694010416666667 0.937962962962963 0.7686197916666667 0.9351851851851852 0.7680989583333333 0.9314814814814815 0.7673177083333333 0.9291666666666667 0.7662760416666666 0.924074074074074 0.766015625 0.9208333333333333 0.7654947916666667 0.9189814814814815 0.7654947916666667 0.9175925925925926 0.7641927083333333 0.9125 0.7634114583333333 0.9074074074074074 0.7626302083333333 0.9046296296296297 0.7626302083333333 0.9032407407407408 0.7615885416666667 0.8986111111111111 0.761328125 0.8953703703703704 0.7600260416666667 0.8902777777777777 0.7600260416666667 0.8888888888888888 0.7592447916666667 0.8856481481481482 0.7587239583333333 0.8814814814814815 0.758203125 0.8796296296296297 0.758203125 0.8782407407407408 0.7576822916666667 0.8763888888888889 0.757421875 0.8740740740740741 0.7569010416666667 0.8726851851851852 0.7561197916666667 0.8666666666666667 0.755859375 0.8662037037037037 0.7555989583333333 0.8634259259259259 0.755078125 0.862037037037037 0.755078125 0.8606481481481482 0.7540364583333333 0.8560185185185185 0.7540364583333333 0.8546296296296296 0.7532552083333334 0.8513888888888889 0.752734375 0.8481481481481481 0.751171875 0.8430555555555556 0.7509114583333333 0.8398148148148148 0.750390625 0.8379629629629629 0.7501302083333333 0.8347222222222223 0.749609375 0.8328703703703704 0.7493489583333334 0.8305555555555556 0.7483072916666667 0.8263888888888888 0.747265625 0.8212962962962963 0.7470052083333333 0.8185185185185185 0.746484375 0.8171296296296297 0.7462239583333333 0.8138888888888889 0.745703125 0.812037037037037 0.7454427083333334 0.8097222222222222 0.7444010416666667 0.8064814814814815 0.7438802083333333 0.8041666666666667 0.7430989583333333 0.799074074074074 0.742578125 0.7925925925925926 0.7415364583333334 0.787962962962963 0.7412760416666667 0.7837962962962963 0.741015625 0.7819444444444444 0.740234375 0.7787037037037037 0.740234375 0.7777777777777778 0.739453125 0.7754629629629629 0.7391927083333333 0.7726851851851851 0.738671875 0.7699074074074074 0.738671875 0.7680555555555556 0.7373697916666667 0.7611111111111111 0.7365885416666667 0.7597222222222222 0.7360677083333333 0.7560185185185185 0.735546875 0.7546296296296297 0.7352864583333333 0.7523148148148148 0.733984375 0.7481481481481481 0.733203125 0.7449074074074075 0.7329427083333333 0.7425925925925926 0.732421875 0.7407407407407407 0.731640625 0.736574074074074 0.731640625 0.7351851851851852 0.7311197916666666 0.7333333333333333 0.7311197916666666 0.7319444444444444 0.7305989583333333 0.7296296296296296 0.7298177083333334 0.7236111111111111 0.7295572916666667 0.7231481481481481 0.729296875 0.7203703703703703 0.7287760416666667 0.7189814814814814 0.7287760416666667 0.7175925925925926 0.727734375 0.7138888888888889 0.7274739583333333 0.7111111111111111 0.7266927083333333 0.7078703703703704 0.7264322916666667 0.7055555555555556 0.7259114583333334 0.7037037037037037 0.7259114583333334 0.7013888888888888 0.725390625 0.6990740740740741 0.7251302083333333 0.6967592592592593 0.724609375 0.6949074074074074 0.7243489583333333 0.6925925925925925 0.723828125 0.6912037037037037 0.723828125 0.6898148148148148 0.7233072916666666 0.687962962962963 0.7233072916666666 0.6865740740740741 0.7227864583333333 0.6847222222222222 0.7227864583333333 0.6833333333333333 0.722265625 0.6810185185185185 0.722265625 0.6796296296296296 0.7217447916666667 0.6773148148148148 0.720703125 0.674074074074074 0.7204427083333333 0.6717592592592593 0.719921875 0.6703703703703704 0.719140625 0.6648148148148149 0.7186197916666667 0.662962962962963 0.718359375 0.6597222222222222 0.7178385416666667 0.6569444444444444 0.716796875 0.6537037037037037 0.7157552083333333 0.649074074074074 0.7157552083333333 0.6476851851851851 0.715234375 0.6458333333333334 0.715234375 0.6444444444444445 0.7147135416666667 0.6425925925925926 0.714453125 0.6388888888888888 0.7141927083333334 0.638425925925926 0.7139322916666667 0.6347222222222222 0.712890625 0.6314814814814815 0.712890625 0.6305555555555555 0.712109375 0.6282407407407408 0.7115885416666666 0.624537037037037 0.7110677083333333 0.6231481481481481 0.710546875 0.6203703703703703 0.7102864583333334 0.6162037037037037 0.7095052083333333 0.6125 0.7092447916666667 0.6101851851851852 0.708203125 0.6064814814814815 0.7079427083333333 0.6037037037037037 0.7071614583333333 0.600462962962963 0.7069010416666667 0.5972222222222222 0.7063802083333334 0.5953703703703703 0.7061197916666667 0.5930555555555556 0.7053385416666667 0.5907407407407408 0.705078125 0.5884259259259259 0.704296875 0.5861111111111111 0.7040364583333333 0.5837962962962963 0.702734375 0.5787037037037037 0.7024739583333334 0.5745370370370371 0.7022135416666667 0.5726851851851852 0.7016927083333333 0.5712962962962963 0.7014322916666667 0.5689814814814815 0.700390625 0.5652777777777778 0.700390625 0.5638888888888889 0.6998697916666666 0.562037037037037 0.6998697916666666 0.5606481481481481 0.6990885416666667 0.5569444444444445 0.6990885416666667 0.5550925925925926 0.6985677083333334 0.5527777777777778 0.6983072916666667 0.55 0.6975260416666667 0.5476851851851852 0.6970052083333333 0.5444444444444444 0.696484375 0.5430555555555555 0.6962239583333333 0.5407407407407407 0.6954427083333333 0.537962962962963 0.6954427083333333 0.5365740740740741 0.694921875 0.5342592592592592 0.694921875 0.5324074074074074 0.6938802083333333 0.5259259259259259 0.6928385416666667 0.5222222222222223 0.692578125 0.5199074074074074 0.6920572916666666 0.5180555555555556 0.6920572916666666 0.5166666666666667 0.6915364583333333 0.512962962962963 0.6904947916666667 0.5083333333333333 0.6904947916666667 0.5069444444444444 0.6897135416666667 0.5046296296296297 0.6897135416666667 0.5037037037037037 0.688671875 0.500462962962963 0.6881510416666666 0.4976851851851852 0.687109375 0.48935185185185187 0.686328125 0.4861111111111111 0.686328125 0.48518518518518516 0.684765625 0.4791666666666667 0.6845052083333333 0.47685185185185186 0.683984375 0.475 0.683984375 0.4736111111111111 0.683203125 0.46805555555555556 0.6826822916666667 0.4652777777777778 0.6819010416666667 0.46296296296296297 0.681640625 0.46064814814814814 0.680859375 0.4583333333333333 0.6803385416666666 0.45601851851851855 0.6798177083333333 0.4513888888888889 0.679296875 0.449537037037037 0.6787760416666667 0.44537037037037036 0.6787760416666667 0.44351851851851853 0.6779947916666667 0.44074074074074077 0.677734375 0.43842592592592594 0.676953125 0.4361111111111111 0.676953125 0.43472222222222223 0.6764322916666666 0.43287037037037035 0.6764322916666666 0.43148148148148147 0.675390625 0.42685185185185187 0.6748697916666667 0.42314814814814816 0.673828125 0.41759259259259257 0.6735677083333333 0.4152777777777778 0.673046875 0.41388888888888886 0.6727864583333333 0.4115740740740741 0.6727864583333333 0.4078703703703704 0.6725260416666666 0.4074074074074074 0.6725260416666666 0.399537037037037 0.6727864583333333 0.3990740740740741 0.673046875 0.3958333333333333 0.6735677083333333 0.39444444444444443 0.673828125 0.3925925925925926 0.675 0.3905092592592593 0.678125 0.38819444444444445 0.6794270833333333 0.38819444444444445 0.6796875 0.38773148148148145 0.6809895833333334 0.38773148148148145 0.68125 0.3872685185185185 0.6830729166666667 0.3872685185185185 0.6833333333333333 0.38680555555555557 0.68515625 0.38680555555555557 0.6854166666666667 0.38634259259259257 0.68671875 0.38634259259259257 0.6869791666666667 0.38587962962962963 0.6885416666666667 0.38587962962962963 0.6888020833333334 0.3854166666666667 0.6903645833333333 0.3854166666666667 0.690625 0.3849537037037037 0.6919270833333333 0.3849537037037037 0.6921875 0.38449074074074074 0.69375 0.38449074074074074 0.6940104166666666 0.3840277777777778 0.696875 0.3840277777777778 0.6971354166666667 0.3835648148148148 0.6989583333333333 0.3835648148148148 0.69921875 0.38310185185185186 0.70546875 0.38310185185185186 0.7057291666666666 0.3835648148148148 0.7072916666666667 0.3840277777777778 0.70859375 0.38587962962962963 0.709375 0.38587962962962963 0.7104166666666667 0.38449074074074074 0.7122395833333334 0.38310185185185186 0.7134114583333333 0.38055555555555554 0.7139322916666667 0.37824074074074077 0.714453125 0.3773148148148148 0.715234375 0.37453703703703706 0.7154947916666666 0.37222222222222223 0.716015625 0.3699074074074074 0.7170572916666667 0.36666666666666664 0.717578125 0.36342592592592593 0.718359375 0.3611111111111111 0.7186197916666667 0.3587962962962963 0.7196614583333333 0.3541666666666667 0.720703125 0.3509259259259259 0.720703125 0.35 0.721484375 0.34814814814814815 0.722265625 0.3435185185185185 0.723046875 0.34120370370370373 0.723828125 0.33796296296296297 0.7243489583333333 0.337037037037037 0.7256510416666667 0.33240740740740743 0.7259114583333334 0.3300925925925926 0.7272135416666666 0.32592592592592595 0.7279947916666667 0.32175925925925924 0.7279947916666667 0.3143518518518518 0.7272135416666666 0.3101851851851852 0.726953125 0.30787037037037035 0.726953125 0.3 0.727734375 0.2949074074074074 0.7287760416666667 0.2916666666666667 0.7295572916666667 0.2875 0.7313802083333333 0.28379629629629627 0.7313802083333333 0.2833333333333333 0.7328125 0.28078703703703706 0.7364583333333333 0.27662037037037035 0.7385416666666667 0.27569444444444446 0.7403645833333333 0.2738425925925926 0.7411458333333333 0.27337962962962964 0.7420572916666667 0.27037037037037037 0.7420572916666667 0.2671296296296296 0.7423177083333333 0.26666666666666666 0.7423177083333333 0.2625 0.742578125 0.262037037037037 0.742578125 0.25925925925925924 0.7430989583333333 0.25787037037037036 0.7436197916666667 0.2550925925925926 0.7455729166666667 0.2516203703703704 0.746875 0.2502314814814815 0.7505208333333333 0.24699074074074073 0.7518229166666667 0.24560185185185185 0.7546875 0.24467592592592594 0.7549479166666667 0.24421296296296297 0.7565104166666666 0.24421296296296297 0.7567708333333333 0.24375 0.759375 0.24375 0.7604166666666666 0.24328703703703702 0.7630208333333334 0.2414351851851852 0.7643229166666666 0.24097222222222223 0.7669270833333334 0.24097222222222223 0.7671875 0.24050925925925926 0.76875 0.24050925925925926 0.7700520833333333 0.24004629629629629 0.7713541666666667 0.23912037037037037 0.7723958333333333 0.23912037037037037 0.7736979166666667 0.23819444444444443 0.775 0.2377314814814815 0.7765625 0.2377314814814815 0.7768229166666667 0.23726851851851852 0.7786458333333334 0.23726851851851852 0.77890625 0.23680555555555555 0.7802083333333333 0.23680555555555555 0.78046875 0.2363425925925926 0.7822916666666667 0.2363425925925926 0.7825520833333334 0.23587962962962963 0.7841145833333333 0.23587962962962963 0.784375 0.23541666666666666 0.7856770833333333 0.23541666666666666 0.7859375 0.2349537037037037 0.7872395833333333 0.2349537037037037 0.7875 0.23449074074074075 0.7888020833333333 0.23449074074074075 0.7901041666666667 0.23402777777777778 0.79140625 0.23310185185185187 0.7927083333333333 0.23310185185185187 0.79296875 0.2326388888888889 0.7942708333333334 0.2326388888888889 0.7963541666666667 0.23125 0.79765625 0.23125 0.7979166666666667 0.23078703703703704 0.79921875 0.23078703703703704 0.7994791666666666 0.23032407407407407 0.80078125 0.23032407407407407 0.8010416666666667 0.2298611111111111 0.80234375 0.2298611111111111 0.80390625 0.22893518518518519 0.8052083333333333 0.22893518518518519 0.80546875 0.22847222222222222 0.8067708333333333 0.22847222222222222 0.80703125 0.22800925925925927 0.8088541666666667 0.22800925925925927 0.8091145833333333 0.2275462962962963 0.8106770833333333 0.2275462962962963 0.8109375 0.22708333333333333 0.8125 0.22708333333333333 0.8127604166666667 0.22662037037037036 0.8140625 0.22662037037037036 0.8169270833333333 0.22523148148148148 0.8200520833333333 0.22430555555555556 0.8216145833333334 0.22337962962962962 0.8229166666666666 0.22337962962962962 0.8231770833333333 0.22291666666666668 0.8247395833333333 0.22291666666666668 0.825 0.2224537037037037 0.8263020833333333 0.2224537037037037 0.8265625 0.22199074074074074 0.8278645833333333 0.22199074074074074 0.828125 0.22152777777777777 0.8296875 0.22152777777777777 0.8299479166666667 0.22106481481481483 0.8315104166666667 0.22106481481481483 0.8317708333333333 0.22060185185185185 0.8333333333333334 0.22060185185185185 0.83359375 0.22013888888888888 0.83515625 0.22013888888888888 0.8354166666666667 0.2196759259259259 0.83671875 0.2196759259259259 0.8369791666666667 0.21921296296296297 0.8385416666666666 0.21921296296296297 0.8388020833333333 0.21875 0.8401041666666667 0.21875 0.8427083333333333 0.2178240740740741 0.84296875 0.21736111111111112 0.84453125 0.21736111111111112 0.8447916666666667 0.21689814814814815 0.8466145833333333 0.21689814814814815 0.846875 0.21643518518518517 0.8481770833333333 0.21643518518518517 0.8484375 0.21597222222222223 0.85 0.21597222222222223 0.8502604166666666 0.21550925925925926 0.8515625 0.21550925925925926 0.853125 0.21458333333333332 0.8546875 0.21458333333333332 0.8549479166666667 0.21412037037037038 0.85625 0.21412037037037038 0.8565104166666667 0.2136574074074074 0.8588541666666667 0.2136574074074074 0.8591145833333333 0.21319444444444444 0.8606770833333334 0.21319444444444444 0.86171875 0.21226851851851852 0.8640625 0.21180555555555555 0.8653645833333333 0.21087962962962964 0.8666666666666667 0.21041666666666667 0.8684895833333334 0.21041666666666667 0.86875 0.2099537037037037 0.87109375 0.2099537037037037 0.8713541666666667 0.20949074074074073 0.8731770833333333 0.20949074074074073 0.8755208333333333 0.20856481481481481 0.8765625 0.2076388888888889 0.8778645833333333 0.20717592592592593 0.8791666666666667 0.20717592592592593 0.8794270833333333 0.20671296296296296 0.8807291666666667 0.20671296296296296 0.88203125 0.20625 0.8833333333333333 0.20532407407407408 0.8856770833333333 0.2048611111111111 0.8869791666666667 0.2039351851851852 0.890625 0.20300925925925925 0.8921875 0.20208333333333334 0.8934895833333333 0.20208333333333334 0.89375 0.20162037037037037 0.8950520833333333 0.20162037037037037 0.8953125 0.2011574074074074 0.8966145833333333 0.2011574074074074 0.896875 0.20069444444444445 0.8981770833333333 0.20069444444444445 0.8984375 0.20023148148148148 0.8997395833333334 0.20023148148148148 0.9 0.1997685185185185 0.9018229166666667 0.1997685185185185 0.9020833333333333 0.19930555555555557 0.90390625 0.19930555555555557 0.9041666666666667 0.1988425925925926 0.90546875 0.1988425925925926 0.9057291666666667 0.19837962962962963 0.90703125 0.19837962962962963 0.9083333333333333 0.19791666666666666 0.9096354166666667 0.19699074074074074 0.9122395833333333 0.1960648148148148 0.9135416666666667 0.1960648148148148 0.9138020833333333 0.19560185185185186 0.9151041666666667 0.19560185185185186 0.9153645833333334 0.1951388888888889 0.9169270833333333 0.1951388888888889 0.9171875 0.19467592592592592 0.9184895833333333 0.19467592592592592 0.91875 0.19421296296296298 0.9203125 0.19421296296296298 0.9205729166666666 0.19375 0.921875 0.19375 0.9221354166666667 0.19328703703703703 0.9234375 0.19328703703703703 0.9236979166666667 0.19282407407407406 0.9252604166666667 0.19282407407407406 0.9255208333333333 0.19236111111111112 0.9270833333333334 0.19236111111111112 0.92734375 0.19189814814814815 0.9286458333333333 0.19189814814814815 0.92890625 0.19143518518518518 0.9302083333333333 0.19143518518518518 0.93046875 0.1909722222222222 0.93203125 0.1909722222222222 0.9322916666666666 0.19050925925925927 0.93359375 0.19050925925925927 0.93515625 0.18958333333333333 0.93671875 0.18958333333333333 0.9369791666666667 0.18912037037037038 0.9388020833333334 0.18912037037037038 0.9390625 0.1886574074074074 0.9403645833333333 0.1886574074074074 0.940625 0.18819444444444444 0.9419270833333333 0.18819444444444444 0.9421875 0.18773148148148147 0.9442708333333333 0.18773148148148147 0.9453125 0.18819444444444444 0.94765625 0.19050925925925927 0.9494791666666667 0.1900462962962963 0.9510416666666667 0.18912037037037038 0.9522135416666667 0.18703703703703703 0.952734375 0.18472222222222223 0.9540364583333333 0.18194444444444444 0.955078125 0.17916666666666667 0.955859375 0.1763888888888889 0.959375 0.1701388888888889 0.9596354166666666 0.1701388888888889 0.9608072916666667 0.16805555555555557 0.961328125 0.16574074074074074 0.9623697916666667 0.1625 0.9640625 0.15949074074074074 0.9643229166666667 0.15949074074074074 0.9661458333333334 0.15578703703703703 0.96796875 0.15439814814814815 0.96875 0.15439814814814815 0.9700520833333334 0.15300925925925926 0.971875 0.1525462962962963 0.9736979166666667 0.1511574074074074 0.9744791666666667 0.14976851851851852 0.9765625 0.14930555555555555 0.9778645833333334 0.14837962962962964 0.98203125 0.14837962962962964 0.9822916666666667 0.14791666666666667 0.98828125 0.14791666666666667 0.9895833333333334 0.14837962962962964 0.99140625 0.14976851851851852 0.9921875 0.14976851851851852 0.9934895833333334 0.1511574074074074 0.9940104166666667 0.1511574074074074 0.9953125 0.1525462962962963 0.9958333333333333 0.1525462962962963 0.9973958333333334 0.15393518518518517 0.9997395833333333 0.15393518518518517
3 0.26067708333333334 0.14270833333333333 0.25026041666666665 0.28541666666666665 0.347265625 0.0 0.347265625 0.0023148148148148147 0.34869791666666666 0.004861111111111111 0.34986979166666665 0.006481481481481481 0.3509114583333333 0.009722222222222222 0.3509114583333333 0.010648148148148148 0.351953125 0.013888888888888888 0.35247395833333334 0.016203703703703703 0.352734375 0.01898148148148148 0.35325520833333335 0.020370370370370372 0.35403645833333336 0.02361111111111111 0.35455729166666666 0.025 0.355859375 0.027314814814814816 0.356640625 0.02962962962962963 0.358203125 0.032407407407407406 0.359765625 0.03657407407407407 0.36028645833333334 0.03888888888888889 0.36028645833333334 0.04027777777777778 0.361328125 0.04351851851851852 0.361328125 0.044444444444444446 0.36236979166666666 0.04722222222222222 0.362890625 0.04953703703703704 0.3631510416666667 0.05277777777777778 0.3639322916666667 0.05555555555555555 0.36419270833333334 0.05787037037037037 0.36497395833333335 0.06018518518518518 0.365234375 0.062037037037037036 0.36575520833333336 0.06296296296296296 0.366796875 0.06759259259259259 0.366796875 0.06851851851851852 0.3678385416666667 0.07175925925925926 0.3678385416666667 0.07268518518518519 0.36888020833333335 0.07824074074074074 0.36966145833333336 0.08055555555555556 0.36966145833333336 0.08148148148148149 0.3712239583333333 0.08657407407407407 0.3712239583333333 0.0875 0.372265625 0.0912037037037037 0.37252604166666664 0.09351851851851851 0.37356770833333336 0.09675925925925925 0.373828125 0.09907407407407408 0.3748697916666667 0.10277777777777777 0.37591145833333334 0.10787037037037037 0.37591145833333334 0.10972222222222222 0.37643229166666664 0.1125 0.37721354166666665 0.11527777777777778 0.377734375 0.1162037037037037 0.379296875 0.12407407407407407 0.38059895833333335 0.12824074074074074 0.38059895833333335 0.12916666666666668 0.38138020833333336 0.13240740740740742 0.38138020833333336 0.13425925925925927 0.383203125 0.1425925925925926 0.383984375 0.1476851851851852 0.38502604166666665 0.15138888888888888 0.385546875 0.15648148148148147 0.38580729166666666 0.15694444444444444 0.38580729166666666 0.1638888888888889 0.385546875 0.16435185185185186 0.38450520833333335 0.16898148148148148 0.38372395833333334 0.1712962962962963 0.3821614583333333 0.17731481481481481 0.38138020833333336 0.17962962962962964 0.379296875 0.18472222222222223 0.378515625 0.18611111111111112 0.37747395833333336 0.18935185185185185 0.375390625 0.19305555555555556 0.373828125 0.19722222222222222 0.372265625 0.20324074074074075 0.3712239583333333 0.20601851851851852 0.36966145833333336 0.20879629629629629 0.36861979166666664 0.2111111111111111 0.3670572916666667 0.2162037037037037 0.3665364583333333 0.21712962962962962 0.36575520833333336 0.22037037037037038 0.36497395833333335 0.2222222222222222 0.36380208333333336 0.22430555555555556 0.36354166666666665 0.22430555555555556 0.36158854166666665 0.22777777777777777 0.360546875 0.2324074074074074 0.359765625 0.2351851851851852 0.3587239583333333 0.2375 0.35690104166666664 0.24259259259259258 0.35638020833333334 0.24537037037037038 0.3555989583333333 0.24768518518518517 0.35455729166666666 0.25 0.35377604166666665 0.2523148148148148 0.3514322916666667 0.2601851851851852 0.350390625 0.2625 0.35013020833333336 0.2638888888888889 0.34934895833333335 0.2652777777777778 0.3483072916666667 0.26851851851851855 0.3475260416666667 0.26990740740740743 0.346484375 0.27314814814814814 0.345703125 0.275 0.34453125 0.27708333333333335 0.34427083333333336 0.27708333333333335 0.342578125 0.2800925925925926 0.342578125 0.28055555555555556 0.340625 0.2835648148148148 0.33828125 0.28541666666666665 0.3333333333333333 0.28541666666666665 0.33307291666666666 0.2849537037037037 0.32864583333333336 0.2831018518518518 0.3268229166666667 0.28171296296296294 0.32395833333333335 0.28078703703703706 0.3216145833333333 0.2793981481481482 0.3203125 0.2793981481481482 0.32005208333333335 0.2789351851851852 0.3182291666666667 0.2789351851851852 0.31692708333333336 0.27800925925925923 0.315625 0.2775462962962963 0.3138020833333333 0.27569444444444446 0.31302083333333336 0.27523148148148147 0.31171875 0.27523148148148147 0.31015625 0.2743055555555556 0.30911458333333336 0.2743055555555556 0.30755208333333334 0.27337962962962964 0.30625 0.27337962962962964 0.3059895833333333 0.27291666666666664 0.3046875 0.27291666666666664 0.30442708333333335 0.2724537037037037 0.3028645833333333 0.2724537037037037 0.30078125 0.27152777777777776 0.29973958333333334 0.27060185185185187 0.2989583333333333 0.27060185185185187 0.29791666666666666 0.26967592592592593 0.29713541666666665 0.26967592592592593 0.29609375 0.26875 0.2953125 0.26875 0.2921875 0.2673611111111111 0.2908854166666667 0.26643518518518516 0.29010416666666666 0.26643518518518516 0.28802083333333334 0.2650462962962963 0.2869791666666667 0.2650462962962963 0.28463541666666664 0.2636574074074074 0.28359375 0.2636574074074074 0.28229166666666666 0.26273148148148145 0.2791666666666667 0.26134259259259257 0.278125 0.26134259259259257 0.27708333333333335 0.2604166666666667 0.2747395833333333 0.25949074074074074 0.27317708333333335 0.25949074074074074 0.27291666666666664 0.2590277777777778 0.2716145833333333 0.2590277777777778 0.2713541666666667 0.2585648148148148 0.26953125 0.25810185185185186 0.26848958333333334 0.2571759259259259 0.26536458333333335 0.25578703703703703 0.26328125 0.2539351851851852 0.2625 0.2539351851851852 0.26145833333333335 0.25300925925925927 0.25807291666666665 0.2520833333333333 0.2578125 0.2516203703703704 0.25625 0.2516203703703704 0.2559895833333333 0.2511574074074074 0.2546875 0.2511574074074074 0.25442708333333336 0.25069444444444444 0.2526041666666667 0.2502314814814815 0.2513020833333333 0.24930555555555556 0.24947916666666667 0.2488425925925926 0.2484375 0.24791666666666667 0.24765625 0.24791666666666667 0.24635416666666668 0.24699074074074073 0.24453125 0.2465277777777778 0.24427083333333333 0.24606481481481482 0.24270833333333333 0.24606481481481482 0.24244791666666668 0.24560185185185185 0.24036458333333333 0.24560185185185185 0.2390625 0.24467592592592594 0.23723958333333334 0.24421296296296297 0.23619791666666667 0.24328703703703702 0.23541666666666666 0.24328703703703702 0.234375 0.2423611111111111 0.23359375 0.2423611111111111 0.23229166666666667 0.2414351851851852 0.22994791666666667 0.24097222222222223 0.22864583333333333 0.24004629629629629 0.22786458333333334 0.24004629629629629 0.22682291666666668 0.23912037037037037 0.22604166666666667 0.23912037037037037 0.22473958333333333 0.23819444444444443 0.2234375 0.2377314814814815 0.22005208333333334 0.23449074074074075 0.21796875 0.23125 0.21666666666666667 0.2298611111111111 0.21497395833333333 0.2263888888888889 0.21393229166666666 0.2222222222222222 0.21223958333333334 0.21921296296296297 0.21197916666666666 0.21921296296296297 0.21080729166666667 0.21712962962962962 0.20950520833333333 0.21342592592592594 0.20859375 0.21180555555555555 0.20703125 0.21041666666666667 0.205078125 0.20694444444444443 0.20377604166666666 0.20277777777777778 0.20299479166666667 0.2013888888888889 0.20169270833333333 0.19722222222222222 0.198828125 0.19074074074074074 0.19752604166666668 0.1884259259259259 0.196484375 0.18611111111111112 0.19518229166666667 0.1824074074074074 0.19427083333333334 0.18078703703703702 0.19296875 0.17939814814814814 0.19153645833333333 0.17685185185185184 0.19075520833333334 0.17453703703703705 0.18815104166666666 0.16898148148148148 0.18815104166666666 0.1685185185185185 0.18684895833333334 0.16620370370370371 0.18684895833333334 0.16574074074074074 0.18346354166666667 0.1597222222222222 0.18346354166666667 0.15925925925925927 0.18216145833333333 0.15694444444444444 0.18216145833333333 0.15648148148148147 0.180859375 0.15416666666666667 0.180859375 0.1537037037037037 0.17591145833333333 0.1449074074074074 0.17513020833333334 0.14305555555555555 0.17408854166666668 0.13935185185185187 0.17278645833333334 0.13703703703703704 0.17174479166666667 0.13333333333333333 0.17057291666666666 0.13078703703703703 0.1703125 0.13078703703703703 0.16627604166666668 0.12361111111111112 0.16627604166666668 0.12314814814814815 0.16458333333333333 0.12013888888888889 0.16432291666666668 0.12013888888888889 0.16236979166666668 0.1162037037037037 0.16184895833333332 0.11435185185185186 0.16080729166666666 0.1125 0.16028645833333333 0.11064814814814815 0.15950520833333334 0.10925925925925926 0.15872395833333333 0.10648148148148148 0.155078125 0.1 0.155078125 0.09953703703703703 0.15299479166666666 0.09583333333333334 0.15221354166666667 0.09398148148148149 0.15143229166666666 0.0912037037037037 0.14830729166666667 0.08564814814814815 0.14830729166666667 0.08518518518518518 0.14700520833333333 0.08287037037037037 0.146484375 0.08101851851851852 0.143359375 0.07546296296296297 0.143359375 0.075 0.14140625 0.07152777777777777 0.14114583333333333 0.07152777777777777 0.13997395833333334 0.06944444444444445 0.13997395833333334 0.06898148148148148 0.13841145833333332 0.06527777777777778 0.13684895833333333 0.0625 0.13580729166666666 0.05925925925925926 0.13580729166666666 0.05648148148148148 0.135546875 0.056018518518518516 0.135546875 0.052314814814814814 0.136328125 0.04953703703703704 0.13919270833333333 0.044444444444444446 0.13919270833333333 0.04398148148148148 0.14036458333333332 0.04189814814814815 0.140625 0.04189814814814815 0.14192708333333334 0.03958333333333333 0.14322916666666666 0.03819444444444445 0.14635416666666667 0.03263888888888889 0.14661458333333333 0.03263888888888889 0.14778645833333334 0.030555555555555555 0.14778645833333334 0.03009259259259259 0.15078125 0.02476851851851852 0.15208333333333332 0.02337962962962963 0.15338541666666666 0.021064814814814814 0.15364583333333334 0.021064814814814814 0.15559895833333334 0.017592592592592594 0.15559895833333334 0.01712962962962963 0.15859375 0.011805555555555555 0.15885416666666666 0.011805555555555555 0.16015625 0.00949074074074074 0.16145833333333334 0.008101851851851851 0.16328125 0.005324074074074074 0.16510416666666666 0.003935185185185185 0.16588541666666667 0.0030092592592592593 0.16731770833333334 0.0023148148148148147 0.16731770833333334 0.0
3 0.5088541666666667 0.5935185185185186 0.23515625 0.5578703703703703 0.46432291666666664 0.8724537037037037 0.46171875 0.8724537037037037 0.46041666666666664 0.8715277777777778 0.45859375 0.8710648148148148 0.45755208333333336 0.8696759259259259 0.4549479166666667 0.867824074074074 0.45286458333333335 0.8659722222222223 0.4515625 0.8655092592592593 0.44947916666666665 0.8627314814814815 0.4479166666666667 0.8613425925925926 0.44635416666666666 0.8604166666666667 0.44505208333333335 0.8590277777777777 0.44375 0.8581018518518518 0.44244791666666666 0.856712962962963 0.44166666666666665 0.8553240740740741 0.4388020833333333 0.8525462962962963 0.4375 0.8506944444444444 0.4354166666666667 0.8488425925925925 0.4348958333333333 0.8488425925925925 0.43359375 0.8474537037037037 0.4322916666666667 0.8469907407407408 0.4309895833333333 0.8460648148148148 0.42864583333333334 0.84375 0.42734375 0.8428240740740741 0.4265625 0.8414351851851852 0.425 0.8395833333333333 0.42291666666666666 0.8377314814814815 0.42109375 0.8344907407407407 0.41953125 0.8326388888888889 0.41640625 0.830324074074074 0.4158854166666667 0.830324074074074 0.41354166666666664 0.8284722222222223 0.41302083333333334 0.8284722222222223 0.40989583333333335 0.8252314814814815 0.407421875 0.8208333333333333 0.40716145833333334 0.8194444444444444 0.4061197916666667 0.8162037037037037 0.405859375 0.8148148148148148 0.405859375 0.8125 0.4055989583333333 0.812037037037037 0.4055989583333333 0.8097222222222222 0.40533854166666666 0.8092592592592592 0.40533854166666666 0.8060185185185185 0.405078125 0.8055555555555556 0.405078125 0.8013888888888889 0.40481770833333336 0.8009259259259259 0.40481770833333336 0.7967592592592593 0.40455729166666665 0.7962962962962963 0.40455729166666665 0.7888888888888889 0.404296875 0.788425925925926 0.404296875 0.7814814814814814 0.40403645833333335 0.7810185185185186 0.40403645833333335 0.7708333333333334 0.40377604166666664 0.7703703703703704 0.40377604166666664 0.7638888888888888 0.403515625 0.763425925925926 0.403515625 0.7564814814814815 0.40325520833333334 0.7560185185185185 0.40325520833333334 0.7490740740740741 0.4029947916666667 0.7486111111111111 0.4029947916666667 0.7388888888888889 0.402734375 0.7384259259259259 0.402734375 0.7319444444444444 0.4024739583333333 0.7314814814814815 0.4024739583333333 0.7236111111111111 0.4022135416666667 0.7231481481481481 0.4022135416666667 0.7101851851851851 0.401953125 0.7097222222222223 0.401953125 0.7060185185185185 0.4016927083333333 0.7055555555555556 0.4016927083333333 0.6939814814814815 0.40143229166666666 0.6935185185185185 0.40143229166666666 0.6796296296296296 0.401171875 0.6791666666666667 0.401171875 0.674537037037037 0.40091145833333336 0.674074074074074 0.40091145833333336 0.6703703703703704 0.40065104166666665 0.6699074074074074 0.40065104166666665 0.6657407407407407 0.40091145833333336 0.6652777777777777 0.40065104166666665 0.662962962962963 0.40065104166666665 0.6578703703703703 0.400390625 0.6574074074074074 0.400390625 0.6532407407407408 0.40013020833333335 0.6527777777777778 0.40013020833333335 0.649537037037037 0.39986979166666664 0.649074074074074 0.39986979166666664 0.6458333333333334 0.399609375 0.6453703703703704 0.399609375 0.6398148148148148 0.39934895833333334 0.6393518518518518 0.39934895833333334 0.6314814814814815 0.3990885416666667 0.6310185185185185 0.3990885416666667 0.6259259259259259 0.398828125 0.625462962962963 0.398828125 0.6208333333333333 0.3985677083333333 0.6203703703703703 0.3985677083333333 0.6111111111111112 0.3983072916666667 0.6106481481481482 0.3983072916666667 0.6013888888888889 0.398046875 0.600925925925926 0.398046875 0.5962962962962963 0.3977864583333333 0.5958333333333333 0.3977864583333333 0.5879629629629629 0.39752604166666666 0.5875 0.39752604166666666 0.5763888888888888 0.397265625 0.575925925925926 0.397265625 0.5680555555555555 0.39700520833333336 0.5675925925925925 0.39700520833333336 0.5587962962962963 0.39674479166666665 0.5583333333333333 0.39674479166666665 0.5476851851851852 0.396484375 0.5472222222222223 0.396484375 0.5407407407407407 0.39622395833333335 0.5402777777777777 0.39622395833333335 0.5324074074074074 0.39596354166666664 0.5319444444444444 0.39596354166666664 0.5222222222222223 0.395703125 0.5217592592592593 0.395703125 0.5171296296296296 0.39544270833333334 0.5166666666666667 0.39544270833333334 0.5101851851851852 0.3951822916666667 0.5097222222222222 0.3951822916666667 0.49675925925925923 0.394921875 0.4962962962962963 0.394921875 0.49074074074074076 0.3946614583333333 0.49027777777777776 0.3946614583333333 0.48657407407407405 0.3944010416666667 0.4861111111111111 0.3944010416666667 0.48194444444444445 0.394140625 0.48148148148148145 0.394140625 0.47453703703703703 0.3938802083333333 0.4740740740740741 0.3938802083333333 0.4708333333333333 0.39361979166666666 0.4703703703703704 0.39361979166666666 0.45925925925925926 0.393359375 0.4587962962962963 0.393359375 0.45046296296296295 0.39309895833333336 0.45 0.39309895833333336 0.4398148148148148 0.39283854166666665 0.4393518518518518 0.39283854166666665 0.4324074074074074 0.392578125 0.43194444444444446 0.392578125 0.42685185185185187 0.39231770833333335 0.4263888888888889 0.39231770833333335 0.4185185185185185 0.39205729166666664 0.41805555555555557 0.39205729166666664 0.4125 0.391796875 0.41203703703703703 0.391796875 0.4041666666666667 0.39153645833333334 0.40370370370370373 0.39153645833333334 0.39861111111111114 0.3912760416666667 0.39814814814814814 0.3912760416666667 0.38425925925925924 0.392578125 0.37824074074074077 0.39453125 0.3747685185185185 0.3958333333333333 0.3733796296296296 0.39739583333333334 0.37245370370370373 0.39817708333333335 0.37245370370370373 0.39921875 0.3715277777777778 0.4010416666666667 0.3710648148148148 0.40208333333333335 0.3701388888888889 0.403125 0.3701388888888889 0.4041666666666667 0.36921296296296297 0.4049479166666667 0.36921296296296297 0.40625 0.368287037037037 0.409375 0.36689814814814814 0.41041666666666665 0.36689814814814814 0.41171875 0.3659722222222222 0.41302083333333334 0.36550925925925926 0.41432291666666665 0.36550925925925926 0.415625 0.3650462962962963 0.41692708333333334 0.36412037037037037 0.41770833333333335 0.36412037037037037 0.41875 0.36319444444444443 0.41953125 0.36319444444444443 0.42083333333333334 0.36226851851851855 0.421875 0.36226851851851855 0.42421875 0.3608796296296296 0.42526041666666664 0.3608796296296296 0.4265625 0.3599537037037037 0.4278645833333333 0.3594907407407407 0.4296875 0.3594907407407407 0.42994791666666665 0.3590277777777778 0.4315104166666667 0.3590277777777778 0.4317708333333333 0.35856481481481484 0.43307291666666664 0.35856481481481484 0.43333333333333335 0.35810185185185184 0.43463541666666666 0.35810185185185184 0.4359375 0.3576388888888889 0.43828125 0.35625 0.440625 0.355787037037037 0.44296875 0.35439814814814813 0.4453125 0.3539351851851852 0.446875 0.35300925925925924 0.44817708333333334 0.35300925925925924 0.44947916666666665 0.35208333333333336 0.4505208333333333 0.35208333333333336 0.45286458333333335 0.3506944444444444 0.4546875 0.3502314814814815 0.4557291666666667 0.34930555555555554 0.45651041666666664 0.34930555555555554 0.45755208333333336 0.34837962962962965 0.46041666666666664 0.3474537037037037 0.46197916666666666 0.34652777777777777 0.46328125 0.34652777777777777 0.4635416666666667 0.3460648148148148 0.46484375 0.3460648148148148 0.46510416666666665 0.3456018518518518 0.46640625 0.3456018518518518 0.4666666666666667 0.3451388888888889 0.46796875 0.3451388888888889 0.46822916666666664 0.34467592592592594 0.4705729166666667 0.34421296296296294 0.4708333333333333 0.34375 0.4752604166666667 0.3423611111111111 0.4765625 0.3414351851851852 0.48072916666666665 0.3400462962962963 0.4817708333333333 0.33912037037037035 0.4830729166666667 0.3386574074074074 0.48463541666666665 0.3386574074074074 0.48489583333333336 0.33819444444444446 0.4861979166666667 0.33819444444444446 0.4864583333333333 0.33773148148148147 0.48776041666666664 0.33773148148148147 0.4890625 0.3372685185185185 0.4903645833333333 0.3363425925925926 0.49114583333333334 0.3363425925925926 0.4934895833333333 0.3349537037037037 0.49635416666666665 0.33402777777777776 0.4986979166666667 0.33217592592592593 0.5002604166666667 0.33217592592592593 0.5005208333333333 0.331712962962963 0.50234375 0.331712962962963 0.5026041666666666 0.33125 0.5046875 0.33125 0.5049479166666667 0.33078703703703705 0.5067708333333333 0.33078703703703705 0.5091145833333334 0.32939814814814816 0.5104166666666666 0.32893518518518516 0.5122395833333333 0.32893518518518516 0.5125 0.3284722222222222 0.51484375 0.3275462962962963 0.5158854166666667 0.3266203703703704 0.51796875 0.3261574074074074 0.5221354166666666 0.32430555555555557 0.5229166666666667 0.32337962962962963 0.5252604166666667 0.3215277777777778 0.5265625 0.3215277777777778 0.5268229166666667 0.32199074074074074 0.5291666666666667 0.32199074074074074 0.53046875 0.32060185185185186 0.5317708333333333 0.32013888888888886 0.5330729166666667 0.319212962962963 0.5341145833333333 0.319212962962963 0.5354166666666667 0.31828703703703703 0.53671875 0.3178240740740741 0.53828125 0.3178240740740741 0.5385416666666667 0.3173611111111111 0.5403645833333334 0.3173611111111111 0.540625 0.31689814814814815 0.54453125 0.31689814814814815 0.5447916666666667 0.3164351851851852 0.54609375 0.3164351851851852 0.5473958333333333 0.31550925925925927 0.5486979166666667 0.31504629629629627 0.5505208333333333 0.31504629629629627 0.55078125 0.3145833333333333 0.553125 0.3145833333333333 0.5546875 0.31550925925925927 0.5559895833333334 0.31689814814814815 0.5575520833333333 0.3178240740740741 0.5587239583333333 0.3199074074074074 0.5592447916666666 0.32175925925925924 0.559765625 0.32546296296296295 0.5608072916666667 0.3287037037037037 0.561328125 0.3314814814814815 0.5615885416666667 0.3351851851851852 0.5626302083333333 0.3388888888888889 0.5626302083333333 0.3398148148148148 0.5634114583333333 0.3435185185185185 0.5634114583333333 0.3453703703703704 0.5639322916666667 0.34814814814814815 0.5639322916666667 0.35 0.564453125 0.3527777777777778 0.564453125 0.35509259259259257 0.565234375 0.3587962962962963 0.5662760416666667 0.36157407407407405 0.5670572916666666 0.36666666666666664 0.5670572916666666 0.36898148148148147 0.5673177083333333 0.36944444444444446 0.567578125 0.3731481481481482 0.5688802083333333 0.37916666666666665 0.5688802083333333 0.3814814814814815 0.569140625 0.3819444444444444 0.569140625 0.38425925925925924 0.569921875 0.3875 0.570703125 0.39166666666666666 0.5720052083333333 0.4009259259259259 0.5720052083333333 0.4023148148148148 0.5725260416666667 0.4050925925925926 0.573046875 0.4064814814814815 0.573828125 0.4125 0.574609375 0.4152777777777778 0.5751302083333333 0.41944444444444445 0.5756510416666667 0.4212962962962963 0.5759114583333333 0.4236111111111111 0.5764322916666667 0.425 0.5766927083333333 0.42777777777777776 0.5772135416666667 0.42962962962962964 0.5772135416666667 0.4310185185185185 0.5779947916666667 0.43425925925925923 0.5779947916666667 0.4356481481481482 0.578515625 0.43796296296296294 0.579296875 0.44583333333333336 0.5798177083333333 0.4476851851851852 0.5803385416666667 0.4532407407407407 0.5813802083333334 0.45740740740740743 0.5819010416666667 0.46111111111111114 0.582421875 0.46296296296296297 0.582421875 0.4648148148148148 0.5829427083333333 0.4666666666666667 0.5837239583333333 0.47129629629629627 0.583984375 0.4736111111111111 0.5845052083333333 0.475 0.586328125 0.4837962962962963 0.586328125 0.48564814814814816 0.5868489583333333 0.487962962962963 0.587109375 0.49027777777777776 0.587109375 0.4935185185185185 0.5873697916666667 0.49583333333333335 0.587890625 0.4981481481481482 0.5881510416666667 0.500462962962963 0.5899739583333333 0.5101851851851852 0.5904947916666666 0.5120370370370371 0.5912760416666667 0.5189814814814815 0.591796875 0.5208333333333334 0.5938802083333333 0.5319444444444444 0.594140625 0.5351851851851852 0.5946614583333333 0.5375 0.594921875 0.5398148148148149 0.5962239583333333 0.5476851851851852 0.5962239583333333 0.549537037037037 0.5967447916666667 0.5523148148148148 0.5975260416666667 0.5546296296296296 0.5985677083333333 0.5601851851851852 0.598828125 0.5634259259259259 0.5993489583333333 0.5652777777777778 0.5993489583333333 0.5666666666666667 0.5998697916666667 0.5685185185185185 0.6006510416666667 0.5745370370370371 0.6014322916666667 0.5777777777777777 0.601953125 0.5819444444444445 0.6029947916666667 0.586574074074074 0.6032552083333333 0.5888888888888889 0.6032552083333333 0.5912037037037037 0.603515625 0.5916666666666667 0.6037760416666667 0.5949074074074074 0.6045572916666667 0.5972222222222222 0.6045572916666667 0.5981481481481481 0.605859375 0.6037037037037037 0.605859375 0.6050925925925926 0.6063802083333333 0.6069444444444444 0.6063802083333333 0.6083333333333333 0.6069010416666667 0.6101851851851852 0.6069010416666667 0.611574074074074 0.6076822916666667 0.6157407407407407 0.608203125 0.6171296296296296 0.6087239583333334 0.6199074074074075 0.6087239583333334 0.6212962962962963 0.6092447916666667 0.6240740740740741 0.609765625 0.625462962962963 0.6102864583333333 0.6287037037037037 0.6102864583333333 0.6310185185185185 0.610546875 0.6314814814814815 0.610546875 0.6351851851851852 0.6108072916666667 0.6356481481481482 0.6110677083333333 0.6393518518518518 0.6118489583333333 0.6430555555555556 0.6118489583333333 0.6462962962962963 0.612109375 0.6486111111111111 0.6131510416666667 0.6513888888888889 0.6141927083333333 0.6550925925925926 0.6147135416666667 0.6583333333333333 0.6147135416666667 0.6601851851851852 0.615234375 0.663425925925926 0.6157552083333333 0.6648148148148149 0.6165364583333334 0.6699074074074074 0.6170572916666667 0.6712962962962963 0.6170572916666667 0.6726851851851852 0.617578125 0.674537037037037 0.6180989583333333 0.6805555555555556 0.6186197916666667 0.6824074074074075 0.619140625 0.6865740740740741 0.6194010416666667 0.6902777777777778 0.6212239583333333 0.6953703703703704 0.6217447916666666 0.6981481481481482 0.6220052083333333 0.7013888888888888 0.6225260416666667 0.7032407407407407 0.6225260416666667 0.7046296296296296 0.6233072916666667 0.7078703703703704 0.6240885416666667 0.7134259259259259 0.624609375 0.7152777777777778 0.624609375 0.7166666666666667 0.6251302083333333 0.7185185185185186 0.6251302083333333 0.7199074074074074 0.6256510416666666 0.7217592592592592 0.6259114583333333 0.725 0.626171875 0.725462962962963 0.626171875 0.7342592592592593 0.6264322916666667 0.7347222222222223 0.6264322916666667 0.7435185185185185 0.626171875 0.7439814814814815 0.626171875 0.7467592592592592 0.625390625 0.75 0.625390625 0.7509259259259259 0.6240885416666667 0.7550925925925925 0.623828125 0.7578703703703704 0.6227864583333333 0.7620370370370371 0.621484375 0.7662037037037037 0.621484375 0.7671296296296296 0.6201822916666667 0.7712962962962963 0.6196614583333333 0.7736111111111111 0.619140625 0.774537037037037 0.618359375 0.7782407407407408 0.618359375 0.7796296296296297 0.6178385416666666 0.7814814814814814 0.6178385416666666 0.7828703703703703 0.6173177083333333 0.7851851851851852 0.6173177083333333 0.7870370370370371 0.615234375 0.7967592592592593 0.6131510416666667 0.8041666666666667 0.612890625 0.8046296296296296 0.611328125 0.8106481481481481 0.6108072916666667 0.8115740740740741 0.6095052083333333 0.8166666666666667 0.6078125 0.819212962962963 0.6067708333333334 0.8201388888888889 0.6059895833333333 0.8201388888888889 0.6046875 0.8210648148148149 0.60390625 0.8210648148148149 0.6028645833333334 0.8219907407407407 0.6002604166666666 0.8229166666666666 0.59921875 0.8229166666666666 0.596875 0.8243055555555555 0.5955729166666667 0.8243055555555555 0.5953125 0.8247685185185185 0.5940104166666667 0.8247685185185185 0.59375 0.8252314814814815 0.5924479166666666 0.8252314814814815 0.5921875 0.8256944444444444 0.590625 0.8256944444444444 0.5903645833333333 0.8261574074074074 0.58828125 0.8261574074074074 0.5880208333333333 0.8266203703703704 0.5864583333333333 0.8266203703703704 0.5841145833333333 0.8280092592592593 0.5828125 0.8280092592592593 0.5825520833333333 0.8284722222222223 0.5807291666666666 0.8284722222222223 0.58046875 0.8289351851851852 0.5786458333333333 0.8289351851851852 0.5770833333333333 0.8298611111111112 0.57578125 0.8298611111111112 0.5755208333333334 0.830324074074074 0.5739583333333333 0.830324074074074 0.5736979166666667 0.830787037037037 0.5721354166666667 0.830787037037037 0.571875 0.83125 0.5705729166666667 0.83125 0.56640625 0.8331018518518518 0.5640625 0.8335648148148148 0.5638020833333334 0.8340277777777778 0.5622395833333333 0.8340277777777778 0.5619791666666667 0.8344907407407407 0.5606770833333333 0.8344907407407407 0.55546875 0.8377314814814815 0.5541666666666667 0.8377314814814815 0.5528645833333333 0.8381944444444445 0.5515625 0.8391203703703703 0.54921875 0.8395833333333333 0.5489583333333333 0.8400462962962963 0.54765625 0.8400462962962963 0.5463541666666667 0.8405092592592592 0.5453125 0.8414351851851852 0.54453125 0.8414351851851852 0.5432291666666667 0.8423611111111111 0.5419270833333333 0.8428240740740741 0.540625 0.8428240740740741 0.5393229166666667 0.84375 0.53828125 0.84375 0.53671875 0.8446759259259259 0.5333333333333333 0.8446759259259259 0.5317708333333333 0.8456018518518519 0.5299479166666666 0.8460648148148148 0.5283854166666667 0.8469907407407408 0.5270833333333333 0.8469907407407408 0.5268229166666667 0.8474537037037037 0.5255208333333333 0.8474537037037037 0.5252604166666667 0.8479166666666667 0.5236979166666667 0.8479166666666667 0.5234375 0.8483796296296297 0.5221354166666666 0.8483796296296297 0.5184895833333333 0.8506944444444444 0.5177083333333333 0.8516203703703704 0.5161458333333333 0.8520833333333333 0.5145833333333333 0.8530092592592593 0.5138020833333333 0.8539351851851852 0.5106770833333333 0.8548611111111111 0.5104166666666666 0.8553240740740741 0.5078125 0.85625 0.50703125 0.857175925925926 0.50546875 0.8581018518518518 0.5036458333333333 0.8581018518518518 0.5033854166666667 0.8585648148148148 0.5010416666666667 0.8585648148148148 0.50078125 0.8590277777777777 0.49947916666666664 0.8590277777777777 0.4979166666666667 0.8599537037037037 0.49609375 0.8599537037037037 0.49583333333333335 0.8604166666666667 0.4940104166666667 0.8604166666666667 0.49166666666666664 0.8618055555555556 0.4908854166666667 0.8618055555555556 0.48984375 0.8627314814814815 0.48671875 0.8641203703703704 0.48541666666666666 0.8650462962962963 0.48411458333333335 0.8655092592592593 0.4828125 0.8655092592592593 0.4825520833333333 0.8659722222222223 0.48072916666666665 0.8664351851851851 0.4796875 0.8673611111111111 0.4765625 0.868287037037037 0.4744791666666667 0.8692129629629629 0.47421875 0.8696759259259259 0.47265625 0.8696759259259259 0.47239583333333335 0.8701388888888889 0.4705729166666667 0.8701388888888889 0.4703125 0.8706018518518519 0.46901041666666665 0.8706018518518519 0.4661458333333333 0.8719907407407408 0.46458333333333335 0.8719907407407408 0.46432291666666664 0.8724537037037037
4 0.14524739583333332 0.506712962962963 0.29049479166666664 0.4194444444444445 0.0 0.46597222222222223 0.0018229166666666667 0.46597222222222223 0.0033854166666666668 0.4668981481481482 0.004166666666666667 0.46782407407407406 0.005729166666666666 0.46782407407407406 0.0078125 0.46875 0.008854166666666666 0.46967592592592594 0.01171875 0.4710648148148148 0.014322916666666666 0.4756944444444444 0.017447916666666667 0.47847222222222224 0.018489583333333334 0.4789351851851852 0.020052083333333335 0.4789351851851852 0.0234375 0.480787037037037 0.02421875 0.48171296296296295 0.026822916666666665 0.48171296296296295 0.029947916666666668 0.48032407407407407 0.030989583333333334 0.47939814814814813 0.03359375 0.47847222222222224 0.03723958333333333 0.47662037037037036 0.03984375 0.47152777777777777 0.040625 0.4706018518518518 0.044270833333333336 0.46782407407407406 0.044921875 0.4652777777777778 0.04544270833333333 0.46435185185185185 0.04674479166666667 0.45925925925925926 0.047526041666666664 0.45740740740740743 0.049088541666666666 0.4546296296296296 0.04986979166666667 0.45092592592592595 0.050130208333333336 0.4476851851851852 0.050390625 0.44722222222222224 0.050390625 0.4393518518518518 0.049609375 0.43657407407407406 0.04934895833333333 0.43472222222222223 0.0484375 0.4326388888888889 0.046875 0.43125 0.04505208333333333 0.42800925925925926 0.04375 0.42662037037037037 0.041796875 0.42314814814814816 0.041276041666666666 0.42083333333333334 0.039322916666666666 0.41921296296296295 0.03828125 0.41875 0.03671875 0.41875 0.036458333333333336 0.418287037037037 0.033854166666666664 0.418287037037037 0.032552083333333336 0.4173611111111111 0.031640625 0.41574074074074074 0.030859375 0.4134259259259259 0.029947916666666668 0.41180555555555554 0.027083333333333334 0.40949074074074077 0.025520833333333333 0.40671296296296294 0.02265625 0.4048611111111111 0.019270833333333334 0.40347222222222223 0.017578125 0.40046296296296297 0.017317708333333334 0.399537037037037 0.017317708333333334 0.39166666666666666 0.018098958333333335 0.38935185185185184 0.019661458333333333 0.3861111111111111 0.020442708333333334 0.38287037037037036 0.020442708333333334 0.3819444444444444 0.02109375 0.38078703703703703 0.021875 0.38078703703703703 0.022916666666666665 0.381712962962963 0.023958333333333335 0.381712962962963 0.026302083333333334 0.38263888888888886 0.029166666666666667 0.3854166666666667 0.030208333333333334 0.38680555555555557 0.031640625 0.38981481481481484 0.032421875 0.3925925925925926 0.03359375 0.39375 0.034895833333333334 0.394212962962963 0.03723958333333333 0.39652777777777776 0.039322916666666666 0.40023148148148147 0.040364583333333336 0.40162037037037035 0.041666666666666664 0.4025462962962963 0.04296875 0.4025462962962963 0.043229166666666666 0.40300925925925923 0.049479166666666664 0.40300925925925923 0.04973958333333333 0.4025462962962963 0.0515625 0.4025462962962963 0.05286458333333333 0.40208333333333335 0.055989583333333336 0.40023148148148147 0.059375 0.39699074074074076 0.059895833333333336 0.39699074074074076 0.0609375 0.39560185185185187 0.062239583333333334 0.39328703703703705 0.06354166666666666 0.39189814814814816 0.06419270833333333 0.3902777777777778 0.065625 0.38773148148148145 0.06640625 0.38680555555555557 0.06744791666666666 0.38634259259259257 0.06861979166666667 0.38425925925925924 0.069140625 0.38101851851851853 0.069921875 0.3787037037037037 0.069921875 0.37777777777777777 0.07096354166666667 0.37407407407407406 0.07200520833333333 0.37222222222222223 0.073046875 0.36666666666666664 0.073828125 0.3648148148148148 0.07526041666666666 0.36319444444444443 0.07604166666666666 0.36319444444444443 0.07942708333333333 0.36689814814814814 0.08125 0.3678240740740741 0.08307291666666666 0.3696759259259259 0.08411458333333334 0.3715277777777778 0.08567708333333333 0.3733796296296296 0.08776041666666666 0.37800925925925927 0.08984375 0.3798611111111111 0.09296875 0.38449074074074074 0.09322916666666667 0.38449074074074074 0.09583333333333334 0.3891203703703704 0.09713541666666667 0.3900462962962963 0.09765625 0.3909722222222222 0.09973958333333334 0.3923611111111111 0.10104166666666667 0.3923611111111111 0.10130208333333333 0.39282407407407405 0.10520833333333333 0.39282407407407405 0.10546875 0.3923611111111111 0.10677083333333333 0.3923611111111111 0.1078125 0.39143518518518516 0.10911458333333333 0.3891203703703704 0.11067708333333333 0.38773148148148145 0.11302083333333333 0.38634259259259257 0.115625 0.3854166666666667 0.11666666666666667 0.38449074074074074 0.11822916666666666 0.381712962962963 0.11979166666666667 0.3803240740740741 0.121875 0.3770833333333333 0.12213541666666666 0.3770833333333333 0.123828125 0.37175925925925923 0.12486979166666666 0.3680555555555556 0.126953125 0.3648148148148148 0.12747395833333333 0.36342592592592593 0.12747395833333333 0.36157407407407405 0.12799479166666666 0.3592592592592593 0.12799479166666666 0.35555555555555557 0.12747395833333333 0.3537037037037037 0.12747395833333333 0.3523148148148148 0.12604166666666666 0.3488425925925926 0.12578125 0.3488425925925926 0.12356770833333333 0.3449074074074074 0.12278645833333333 0.3425925925925926 0.12278645833333333 0.3402777777777778 0.12252604166666667 0.3398148148148148 0.12252604166666667 0.3375 0.12057291666666667 0.3363425925925926 0.11953125 0.3363425925925926 0.11692708333333333 0.33449074074074076 0.116015625 0.33287037037037037 0.11549479166666667 0.33055555555555555 0.11341145833333334 0.32685185185185184 0.11263020833333333 0.32407407407407407 0.11315104166666666 0.32175925925925924 0.115625 0.3196759259259259 0.11666666666666667 0.3196759259259259 0.11796875 0.31875 0.11927083333333334 0.31828703703703703 0.12083333333333333 0.31828703703703703 0.12109375 0.3178240740740741 0.12265625 0.3178240740740741 0.12291666666666666 0.3173611111111111 0.1265625 0.3164351851851852 0.12682291666666667 0.3159722222222222 0.12916666666666668 0.3159722222222222 0.12942708333333333 0.31550925925925927 0.13125 0.31550925925925927 0.13151041666666666 0.31504629629629627 0.1328125 0.31504629629629627 0.13307291666666668 0.3145833333333333 0.134375 0.3145833333333333 0.13463541666666667 0.3141203703703704 0.13697916666666668 0.3136574074074074 0.13854166666666667 0.3127314814814815 0.13984375 0.3127314814814815 0.14010416666666667 0.3122685185185185 0.14244791666666667 0.3122685185185185 0.14270833333333333 0.31180555555555556 0.14427083333333332 0.31180555555555556 0.14583333333333334 0.3108796296296296 0.14713541666666666 0.3108796296296296 0.14869791666666668 0.30995370370370373 0.15 0.30995370370370373 0.15026041666666667 0.30949074074074073 0.15286458333333333 0.30949074074074073 0.153125 0.3090277777777778 0.1546875 0.3090277777777778 0.15651041666666668 0.3076388888888889 0.15885416666666666 0.30671296296296297 0.16067708333333333 0.30671296296296297 0.1609375 0.30625 0.16276041666666666 0.30625 0.16302083333333334 0.305787037037037 0.16432291666666668 0.305787037037037 0.165625 0.30486111111111114 0.16848958333333333 0.30486111111111114 0.16875 0.30439814814814814 0.17057291666666666 0.30439814814814814 0.171875 0.3039351851851852 0.17317708333333334 0.30300925925925926 0.17786458333333333 0.30300925925925926 0.17890625 0.3025462962962963 0.18072916666666666 0.30115740740740743 0.18177083333333333 0.30069444444444443 0.18307291666666667 0.30069444444444443 0.18333333333333332 0.3002314814814815 0.18463541666666666 0.3002314814814815 0.18489583333333334 0.29976851851851855 0.19088541666666667 0.29976851851851855 0.19114583333333332 0.29930555555555555 0.19270833333333334 0.29930555555555555 0.19583333333333333 0.29791666666666666 0.19609375 0.2974537037037037 0.19739583333333333 0.2974537037037037 0.19765625 0.2969907407407407 0.20364583333333333 0.2969907407407407 0.20390625 0.2974537037037037 0.20520833333333333 0.2974537037037037 0.20859375 0.30069444444444443 0.210546875 0.30416666666666664 0.21158854166666666 0.30787037037037035 0.21184895833333334 0.31157407407407406 0.21263020833333332 0.31527777777777777 0.21419270833333334 0.3189814814814815 0.21783854166666666 0.32546296296296295 0.21783854166666666 0.32592592592592595 0.22669270833333333 0.3416666666666667 0.22747395833333334 0.3439814814814815 0.22838541666666667 0.3456018518518518 0.23255208333333333 0.3502314814814815 0.23502604166666666 0.35462962962962963 0.235546875 0.35648148148148145 0.23619791666666667 0.3576388888888889 0.23723958333333334 0.35856481481481484 0.23958333333333334 0.3590277777777778 0.24114583333333334 0.36041666666666666 0.24205729166666667 0.36203703703703705 0.24309895833333334 0.36574074074074076 0.24505208333333334 0.36921296296296297 0.2453125 0.36921296296296297 0.246875 0.37199074074074073 0.2484375 0.3733796296296296 0.2506510416666667 0.3773148148148148 0.2506510416666667 0.37777777777777777 0.253125 0.3821759259259259 0.25338541666666664 0.3821759259259259 0.2545572916666667 0.38425925925925924 0.2545572916666667 0.38472222222222224 0.256640625 0.38842592592592595 0.256640625 0.3888888888888889 0.25872395833333334 0.3925925925925926 0.25872395833333334 0.39305555555555555 0.26223958333333336 0.3993055555555556 0.2625 0.3993055555555556 0.265234375 0.4041666666666667 0.265234375 0.4046296296296296 0.26653645833333334 0.40694444444444444 0.26653645833333334 0.4074074074074074 0.2677083333333333 0.40902777777777777 0.269140625 0.4115740740740741 0.269921875 0.41388888888888886 0.273046875 0.41944444444444445 0.2740885416666667 0.42268518518518516 0.27578125 0.42569444444444443 0.2760416666666667 0.42569444444444443 0.278125 0.42939814814814814 0.2799479166666667 0.43125 0.2828125 0.4363425925925926 0.28359375 0.4372685185185185 0.2864583333333333 0.4372685185185185 0.2877604166666667 0.43819444444444444 0.28880208333333335 0.4395833333333333 0.2897135416666667 0.4425925925925926 0.2897135416666667 0.44814814814814813 0.290234375 0.45092592592592595 0.290234375 0.4532407407407407 0.29049479166666664 0.4537037037037037 0.29049479166666664 0.4689814814814815 0.290234375 0.46944444444444444 0.290234375 0.4726851851851852 0.28997395833333334 0.47314814814814815 0.28997395833333334 0.4791666666666667 0.2897135416666667 0.47962962962962963 0.2897135416666667 0.48564814814814816 0.289453125 0.4861111111111111 0.289453125 0.4898148148148148 0.2891927083333333 0.49027777777777776 0.2891927083333333 0.4925925925925926 0.2889322916666667 0.4930555555555556 0.2889322916666667 0.49675925925925923 0.288671875 0.49722222222222223 0.2889322916666667 0.49907407407407406 0.2889322916666667 0.5050925925925925 0.288671875 0.5055555555555555 0.288671875 0.5083333333333333 0.28736979166666665 0.5111111111111111 0.287109375 0.512962962962963 0.287109375 0.5152777777777777 0.286328125 0.5203703703703704 0.286328125 0.524074074074074 0.28606770833333334 0.524537037037037 0.28606770833333334 0.5324074074074074 0.285546875 0.5351851851851852 0.285546875 0.5370370370370371 0.2850260416666667 0.5398148148148149 0.2850260416666667 0.5416666666666666 0.28424479166666666 0.5458333333333333 0.28424479166666666 0.549074074074074 0.283984375 0.549537037037037 0.283984375 0.5523148148148148 0.28372395833333336 0.5546296296296296 0.283203125 0.5569444444444445 0.28294270833333335 0.5592592592592592 0.28294270833333335 0.5648148148148148 0.28268229166666664 0.5652777777777778 0.28268229166666664 0.5680555555555555 0.282421875 0.5685185185185185 0.282421875 0.5717592592592593 0.28216145833333334 0.5722222222222222 0.28216145833333334 0.5805555555555556 0.2819010416666667 0.5810185185185185 0.2819010416666667 0.5842592592592593 0.281640625 0.5847222222222223 0.281640625 0.5939814814814814 0.2813802083333333 0.5944444444444444 0.2811197916666667 0.5972222222222222 0.27955729166666665 0.6013888888888889 0.27955729166666665 0.6046296296296296 0.279296875 0.6050925925925926 0.279296875 0.6087962962962963 0.27903645833333335 0.6092592592592593 0.27877604166666664 0.6134259259259259 0.278515625 0.6138888888888889 0.278515625 0.6175925925925926 0.27825520833333334 0.6180555555555556 0.27825520833333334 0.6217592592592592 0.2779947916666667 0.6222222222222222 0.2779947916666667 0.6263888888888889 0.277734375 0.6268518518518519 0.277734375 0.6310185185185185 0.2774739583333333 0.6314814814814815 0.2774739583333333 0.6351851851851852 0.2772135416666667 0.6356481481481482 0.2772135416666667 0.638425925925926 0.276953125 0.6388888888888888 0.2766927083333333 0.6430555555555556 0.276171875 0.6453703703703704 0.276171875 0.6467592592592593 0.27565104166666665 0.65 0.2740885416666667 0.6555555555555556 0.273828125 0.6587962962962963 0.27252604166666666 0.662962962962963 0.2703125 0.6659722222222222 0.26796875 0.6673611111111111 0.26666666666666666 0.6673611111111111 0.26640625 0.6678240740740741 0.26484375 0.6678240740740741 0.26458333333333334 0.6682870370370371 0.2630208333333333 0.6682870370370371 0.26276041666666666 0.66875 0.2596354166666667 0.66875 0.25807291666666665 0.669675925925926 0.25729166666666664 0.6706018518518518 0.25442708333333336 0.6719907407407407 0.2526041666666667 0.6719907407407407 0.25234375 0.6724537037037037 0.25052083333333336 0.6724537037037037 0.25026041666666665 0.6729166666666667 0.24869791666666666 0.6729166666666667 0.2484375 0.6733796296296296 0.24479166666666666 0.6733796296296296 0.24453125 0.6738425925925926 0.24270833333333333 0.6738425925925926 0.24244791666666668 0.6743055555555556 0.24088541666666666 0.6743055555555556 0.240625 0.6747685185185185 0.23776041666666667 0.6747685185185185 0.2375 0.6752314814814815 0.23098958333333333 0.6752314814814815 0.23072916666666668 0.6756944444444445 0.22890625 0.6756944444444445 0.22864583333333333 0.6761574074074074 0.2265625 0.6766203703703704 0.22447916666666667 0.6780092592592593 0.22109375 0.6780092592592593 0.21979166666666666 0.6784722222222223 0.21822916666666667 0.6798611111111111 0.21666666666666667 0.680324074074074 0.21640625 0.680787037037037 0.21223958333333334 0.680787037037037 0.21197916666666666 0.68125 0.21015625 0.68125 0.20989583333333334 0.6817129629629629 0.20572916666666666 0.6817129629629629 0.20546875 0.6821759259259259 0.20390625 0.6821759259259259 0.20078125 0.6840277777777778 0.196875 0.6840277777777778 0.19348958333333333 0.6872685185185186 0.19166666666666668 0.6872685185185186 0.19140625 0.6868055555555556 0.18880208333333334 0.6868055555555556 0.18802083333333333 0.6872685185185186 0.18489583333333334 0.6900462962962963 0.18359375 0.6900462962962963 0.18333333333333332 0.6895833333333333 0.18177083333333333 0.6895833333333333 0.18151041666666667 0.6900462962962963 0.17838541666666666 0.6918981481481481 0.178125 0.6923611111111111 0.17395833333333333 0.6923611111111111 0.17369791666666667 0.6928240740740741 0.17135416666666667 0.6928240740740741 0.17109375 0.6932870370370371 0.16875 0.6932870370370371 0.16848958333333333 0.69375 0.16510416666666666 0.69375 0.16354166666666667 0.694675925925926 0.16197916666666667 0.694675925925926 0.16171875 0.6951388888888889 0.15572916666666667 0.6951388888888889 0.15546875 0.6956018518518519 0.15260416666666668 0.6956018518518519 0.15234375 0.6960648148148149 0.14973958333333334 0.6960648148148149 0.14817708333333332 0.6969907407407407 0.14739583333333334 0.6979166666666666 0.14583333333333334 0.6983796296296296 0.14557291666666666 0.6988425925925926 0.14348958333333334 0.6988425925925926 0.14322916666666666 0.6993055555555555 0.14166666666666666 0.6993055555555555 0.14036458333333332 0.6997685185185185 0.1390625 0.7006944444444444 0.13776041666666666 0.7011574074074074 0.13489583333333333 0.7011574074074074 0.13463541666666667 0.7016203703703704 0.1328125 0.7016203703703704 0.13255208333333332 0.7020833333333333 0.13072916666666667 0.7020833333333333 0.13046875 0.7025462962962963 0.12838541666666667 0.7025462962962963 0.128125 0.7030092592592593 0.121875 0.7030092592592593 0.12161458333333333 0.7034722222222223 0.1203125 0.7034722222222223 0.11875 0.7043981481481482 0.11744791666666667 0.7043981481481482 0.1171875 0.7048611111111112 0.11588541666666667 0.7048611111111112 0.11432291666666666 0.705787037037037 0.11197916666666667 0.705787037037037 0.11171875 0.70625 0.11041666666666666 0.70625 0.10911458333333333 0.7067129629629629 0.1078125 0.7076388888888889 0.10651041666666666 0.7081018518518518 0.10442708333333334 0.7081018518518518 0.10416666666666667 0.7085648148148148 0.09973958333333334 0.7085648148148148 0.09947916666666666 0.7090277777777778 0.09583333333333334 0.7090277777777778 0.09557291666666666 0.7094907407407407 0.09348958333333333 0.7099537037037037 0.09140625 0.7113425925925926 0.08932291666666667 0.7113425925925926 0.0890625 0.7118055555555556 0.08776041666666666 0.7118055555555556 0.08489583333333334 0.7145833333333333 0.084375 0.7155092592592592 0.07786458333333333 0.7155092592592592 0.07630208333333334 0.7164351851851852 0.071875 0.7164351851851852 0.07161458333333333 0.7159722222222222 0.06979166666666667 0.7159722222222222 0.06848958333333334 0.7155092592592592 0.06744791666666666 0.7145833333333333 0.06510416666666667 0.7104166666666667 0.06328125 0.7094907407407407 0.059375 0.705787037037037 0.05625 0.7039351851851852 0.053125 0.7039351851851852 0.05286458333333333 0.7034722222222223 0.04921875 0.7034722222222223 0.04583333333333333 0.7020833333333333 0.043229166666666666 0.7002314814814815 0.04088541666666667 0.6974537037037037 0.039322916666666666 0.6969907407407407 0.0390625 0.6965277777777777 0.0375 0.6965277777777777 0.03723958333333333 0.6960648148148149 0.035416666666666666 0.6960648148148149 0.03515625 0.6956018518518519 0.03359375 0.6956018518518519 0.03125 0.694675925925926 0.02890625 0.6928240740740741 0.02734375 0.6909722222222222 0.023697916666666666 0.6886574074074074 0.022395833333333334 0.6886574074074074 0.021354166666666667 0.6881944444444444 0.018489583333333334 0.6854166666666667 0.01796875 0.6844907407407408 0.013802083333333333 0.6817129629629629 0.013020833333333334 0.6817129629629629 0.011979166666666667 0.680787037037037 0.00625 0.6789351851851851 0.004427083333333333 0.6775462962962963 0.0026041666666666665 0.6752314814814815 0.0018229166666666667 0.6747685185185185 0.0 0.6747685185185185
12 0.18281250000000002 0.5921296296296297 0.26067708333333334 0.3097222222222223 0.096875 0.7469907407407408 0.09114583333333333 0.7469907407407408 0.09088541666666666 0.7465277777777778 0.08932291666666667 0.7465277777777778 0.0890625 0.7460648148148148 0.0875 0.7460648148148148 0.08619791666666667 0.7456018518518519 0.08385416666666666 0.7442129629629629 0.08307291666666666 0.7442129629629629 0.07994791666666666 0.742824074074074 0.07890625 0.7418981481481481 0.078125 0.7418981481481481 0.07604166666666666 0.7405092592592593 0.075 0.7405092592592593 0.07395833333333333 0.7395833333333334 0.07161458333333333 0.7391203703703704 0.07057291666666667 0.7381944444444445 0.06744791666666666 0.7372685185185185 0.06640625 0.7363425925925926 0.065625 0.7363425925925926 0.06354166666666666 0.7354166666666667 0.0625 0.7344907407407407 0.06171875 0.7344907407407407 0.06067708333333333 0.7335648148148148 0.059895833333333336 0.7335648148148148 0.05651041666666667 0.7307870370370371 0.054296875 0.7268518518518519 0.05325520833333333 0.7231481481481481 0.05325520833333333 0.7222222222222222 0.052473958333333334 0.7194444444444444 0.052473958333333334 0.7171296296296297 0.052994791666666666 0.7148148148148148 0.052994791666666666 0.7129629629629629 0.05377604166666667 0.7097222222222223 0.05520833333333333 0.7076388888888889 0.05703125 0.7071759259259259 0.058854166666666666 0.7085648148148148 0.05963541666666667 0.7094907407407407 0.061197916666666664 0.7122685185185185 0.06328125 0.7141203703703703 0.06484375 0.7145833333333333 0.06744791666666666 0.7164351851851852 0.06822916666666666 0.7164351851851852 0.06953125 0.7173611111111111 0.07083333333333333 0.7173611111111111 0.07109375 0.7178240740740741 0.07369791666666667 0.7178240740740741 0.07395833333333333 0.7173611111111111 0.07682291666666667 0.7173611111111111 0.07708333333333334 0.7168981481481481 0.07916666666666666 0.7168981481481481 0.07942708333333333 0.7164351851851852 0.08098958333333334 0.7164351851851852 0.08125 0.7159722222222222 0.08307291666666666 0.7159722222222222 0.08333333333333333 0.7155092592592592 0.08463541666666667 0.7155092592592592 0.08489583333333334 0.7150462962962963 0.08645833333333333 0.7150462962962963 0.08671875 0.7145833333333333 0.08828125 0.7145833333333333 0.08854166666666667 0.7141203703703703 0.09010416666666667 0.7141203703703703 0.09036458333333333 0.7136574074074075 0.09192708333333334 0.7136574074074075 0.09348958333333333 0.7127314814814815 0.09479166666666666 0.7127314814814815 0.09505208333333333 0.7122685185185185 0.09635416666666667 0.7122685185185185 0.09661458333333334 0.7118055555555556 0.0984375 0.7118055555555556 0.09869791666666666 0.7113425925925926 0.10026041666666667 0.7113425925925926 0.10182291666666667 0.7104166666666667 0.10338541666666666 0.7104166666666667 0.10364583333333334 0.7099537037037037 0.10520833333333333 0.7099537037037037 0.10546875 0.7094907407407407 0.10677083333333333 0.7094907407407407 0.10703125 0.7090277777777778 0.10833333333333334 0.7090277777777778 0.10859375 0.7085648148148148 0.11015625 0.7085648148148148 0.11041666666666666 0.7081018518518518 0.11197916666666667 0.7081018518518518 0.11223958333333334 0.7076388888888889 0.11354166666666667 0.7076388888888889 0.11380208333333333 0.7071759259259259 0.115625 0.7071759259259259 0.11588541666666667 0.7067129629629629 0.11822916666666666 0.7067129629629629 0.11848958333333333 0.70625 0.12005208333333334 0.70625 0.1203125 0.705787037037037 0.121875 0.705787037037037 0.12213541666666666 0.705324074074074 0.12369791666666667 0.705324074074074 0.12395833333333334 0.7048611111111112 0.12578125 0.7048611111111112 0.12604166666666666 0.7043981481481482 0.12760416666666666 0.7043981481481482 0.12786458333333334 0.7039351851851852 0.12916666666666668 0.7039351851851852 0.12942708333333333 0.7034722222222223 0.13098958333333333 0.7034722222222223 0.13125 0.7030092592592593 0.1328125 0.7030092592592593 0.13307291666666668 0.7025462962962963 0.134375 0.7025462962962963 0.13463541666666667 0.7020833333333333 0.13619791666666667 0.7020833333333333 0.13645833333333332 0.7016203703703704 0.13776041666666666 0.7016203703703704 0.13802083333333334 0.7011574074074074 0.13984375 0.7011574074074074 0.14010416666666667 0.7006944444444444 0.14192708333333334 0.7006944444444444 0.1421875 0.7002314814814815 0.14348958333333334 0.7002314814814815 0.14375 0.6997685185185185 0.14505208333333333 0.6997685185185185 0.1453125 0.6993055555555555 0.14739583333333334 0.6993055555555555 0.14765625 0.6988425925925926 0.14947916666666666 0.6988425925925926 0.15104166666666666 0.6979166666666666 0.15234375 0.6979166666666666 0.15390625 0.6969907407407407 0.15520833333333334 0.6969907407407407 0.15677083333333333 0.6960648148148149 0.15807291666666667 0.6960648148148149 0.15833333333333333 0.6956018518518519 0.15963541666666667 0.6956018518518519 0.15989583333333332 0.6951388888888889 0.16119791666666666 0.6951388888888889 0.16145833333333334 0.694675925925926 0.16302083333333334 0.694675925925926 0.16328125 0.694212962962963 0.16510416666666666 0.694212962962963 0.16536458333333334 0.69375 0.16692708333333334 0.69375 0.1671875 0.6932870370370371 0.16875 0.6932870370370371 0.16901041666666666 0.6928240740740741 0.17083333333333334 0.6928240740740741 0.17109375 0.6923611111111111 0.17369791666666667 0.6923611111111111 0.17395833333333333 0.6918981481481481 0.1765625 0.6918981481481481 0.17682291666666666 0.6914351851851852 0.17864583333333334 0.6914351851851852 0.17890625 0.6909722222222222 0.18020833333333333 0.6909722222222222 0.18046875 0.6905092592592592 0.18177083333333333 0.6905092592592592 0.18203125 0.6900462962962963 0.18385416666666668 0.6900462962962963 0.18411458333333333 0.6895833333333333 0.18567708333333333 0.6895833333333333 0.18723958333333332 0.6886574074074074 0.18854166666666666 0.6886574074074074 0.18880208333333334 0.6881944444444444 0.19010416666666666 0.6881944444444444 0.19036458333333334 0.6877314814814814 0.19192708333333333 0.6877314814814814 0.1921875 0.6872685185185186 0.19375 0.6872685185185186 0.19401041666666666 0.6868055555555556 0.19609375 0.6868055555555556 0.19635416666666666 0.6863425925925926 0.19791666666666666 0.6863425925925926 0.19817708333333334 0.6858796296296297 0.19973958333333333 0.6858796296296297 0.2 0.6854166666666667 0.2015625 0.6854166666666667 0.20182291666666666 0.6849537037037037 0.203125 0.6849537037037037 0.20338541666666668 0.6844907407407408 0.2046875 0.6844907407407408 0.20494791666666667 0.6840277777777778 0.20651041666666667 0.6840277777777778 0.20677083333333332 0.6835648148148148 0.20807291666666666 0.6835648148148148 0.20833333333333334 0.6831018518518519 0.20989583333333334 0.6831018518518519 0.21015625 0.6826388888888889 0.21197916666666666 0.6826388888888889 0.21223958333333334 0.6821759259259259 0.21380208333333334 0.6821759259259259 0.2140625 0.6817129629629629 0.21536458333333333 0.6817129629629629 0.215625 0.68125 0.2171875 0.68125 0.21744791666666666 0.680787037037037 0.21927083333333333 0.680787037037037 0.21953125 0.680324074074074 0.22135416666666666 0.680324074074074 0.22161458333333334 0.6798611111111111 0.22291666666666668 0.6798611111111111 0.22317708333333333 0.6793981481481481 0.22473958333333333 0.6793981481481481 0.225 0.6789351851851851 0.228125 0.6789351851851851 0.22838541666666667 0.6784722222222223 0.23020833333333332 0.6784722222222223 0.23046875 0.6780092592592593 0.23203125 0.6780092592592593 0.23229166666666667 0.6775462962962963 0.23359375 0.6775462962962963 0.23515625 0.6766203703703704 0.23671875 0.6766203703703704 0.23697916666666666 0.6761574074074074 0.23854166666666668 0.6761574074074074 0.23880208333333333 0.6756944444444445 0.240625 0.6756944444444445 0.24088541666666666 0.6752314814814815 0.2421875 0.6752314814814815 0.24244791666666668 0.6747685185185185 0.24401041666666667 0.6747685185185185 0.24427083333333333 0.6743055555555556 0.24583333333333332 0.6743055555555556 0.24609375 0.6738425925925926 0.24791666666666667 0.6738425925925926 0.24817708333333333 0.6733796296296296 0.25078125 0.6733796296296296 0.25104166666666666 0.6729166666666667 0.2526041666666667 0.6729166666666667 0.25416666666666665 0.6719907407407407 0.2557291666666667 0.6719907407407407 0.2559895833333333 0.6715277777777777 0.2578125 0.6715277777777777 0.25807291666666665 0.6710648148148148 0.259375 0.6710648148148148 0.26223958333333336 0.669675925925926 0.2635416666666667 0.669675925925926 0.2638020833333333 0.669212962962963 0.26588541666666665 0.669212962962963 0.26796875 0.6682870370370371 0.2703125 0.6655092592592593 0.2716145833333333 0.6636574074074074 0.274609375 0.6583333333333333 0.27565104166666665 0.6550925925925926 0.27565104166666665 0.6518518518518519 0.27591145833333336 0.6513888888888889 0.27591145833333336 0.6481481481481481 0.276171875 0.6476851851851851 0.276171875 0.6453703703703704 0.27643229166666666 0.6449074074074074 0.277734375 0.6347222222222222 0.277734375 0.6324074074074074 0.2779947916666667 0.6319444444444444 0.2779947916666667 0.6287037037037037 0.27825520833333334 0.6282407407407408 0.27825520833333334 0.625462962962963 0.278515625 0.625 0.278515625 0.6222222222222222 0.27877604166666664 0.6217592592592592 0.27877604166666664 0.6185185185185185 0.27903645833333335 0.6180555555555556 0.27903645833333335 0.6143518518518518 0.279296875 0.6138888888888889 0.279296875 0.6111111111111112 0.27955729166666665 0.6106481481481482 0.27955729166666665 0.6083333333333333 0.27981770833333336 0.6078703703703704 0.27981770833333336 0.6041666666666666 0.280078125 0.6037037037037037 0.280078125 0.5986111111111111 0.28033854166666666 0.5981481481481481 0.28033854166666666 0.5930555555555556 0.2805989583333333 0.5925925925925926 0.2805989583333333 0.5898148148148148 0.280859375 0.5893518518518519 0.280859375 0.586574074074074 0.2811197916666667 0.5861111111111111 0.2811197916666667 0.5833333333333334 0.2813802083333333 0.5828703703703704 0.2813802083333333 0.5805555555555556 0.281640625 0.5800925925925926 0.281640625 0.5768518518518518 0.2819010416666667 0.5763888888888888 0.2819010416666667 0.5736111111111111 0.28216145833333334 0.5731481481481482 0.28216145833333334 0.5703703703703704 0.282421875 0.5699074074074074 0.282421875 0.5675925925925925 0.28268229166666664 0.5671296296296297 0.28268229166666664 0.5648148148148148 0.28346354166666665 0.5597222222222222 0.28346354166666665 0.5569444444444445 0.28372395833333336 0.5564814814814815 0.28372395833333336 0.5523148148148148 0.283984375 0.5518518518518518 0.283984375 0.549074074074074 0.28424479166666666 0.5486111111111112 0.28424479166666666 0.5453703703703704 0.2845052083333333 0.5449074074074074 0.2845052083333333 0.5421296296296296 0.284765625 0.5416666666666666 0.284765625 0.5388888888888889 0.2850260416666667 0.538425925925926 0.2850260416666667 0.5356481481481481 0.2852864583333333 0.5351851851851852 0.2852864583333333 0.5324074074074074 0.285546875 0.5319444444444444 0.285546875 0.5296296296296297 0.28606770833333334 0.5268518518518519 0.28606770833333334 0.524537037037037 0.286328125 0.524074074074074 0.286328125 0.5208333333333334 0.28658854166666664 0.5203703703703704 0.28658854166666664 0.5166666666666667 0.28684895833333335 0.5162037037037037 0.28684895833333335 0.513425925925926 0.287109375 0.512962962962963 0.287109375 0.5101851851851852 0.28736979166666665 0.5097222222222222 0.28736979166666665 0.5060185185185185 0.28763020833333336 0.5055555555555555 0.28763020833333336 0.5013888888888889 0.287890625 0.5009259259259259 0.287890625 0.4981481481481482 0.28815104166666666 0.4976851851851852 0.28815104166666666 0.4949074074074074 0.2884114583333333 0.49444444444444446 0.2884114583333333 0.49166666666666664 0.288671875 0.4912037037037037 0.288671875 0.487962962962963 0.2889322916666667 0.4875 0.2889322916666667 0.4842592592592593 0.2891927083333333 0.4837962962962963 0.2891927083333333 0.48148148148148145 0.289453125 0.4810185185185185 0.289453125 0.4787037037037037 0.28997395833333334 0.4759259259259259 0.28997395833333334 0.47314814814814815 0.290234375 0.4726851851851852 0.290234375 0.46944444444444444 0.29049479166666664 0.4689814814814815 0.29049479166666664 0.4666666666666667 0.29075520833333335 0.46620370370370373 0.29075520833333335 0.4634259259259259 0.291015625 0.46296296296296297 0.291015625 0.4583333333333333 0.29127604166666665 0.45787037037037037 0.29127604166666665 0.4486111111111111 0.291015625 0.44814814814814813 0.291015625 0.4449074074074074 0.29049479166666664 0.4425925925925926 0.28997395833333334 0.44166666666666665 0.2897135416666667 0.4393518518518518 0.290625 0.4372685185185185 0.2942708333333333 0.4372685185185185 0.2953125 0.43819444444444444 0.29609375 0.4395833333333333 0.2984375 0.4409722222222222 0.3001302083333333 0.4439814814814815 0.301171875 0.44675925925925924 0.30638020833333335 0.45601851851851855 0.30638020833333335 0.4564814814814815 0.3087239583333333 0.46064814814814814 0.3087239583333333 0.46111111111111114 0.31002604166666664 0.4634259259259259 0.31002604166666664 0.4638888888888889 0.3123697916666667 0.46805555555555556 0.312890625 0.46944444444444444 0.312890625 0.47175925925925927 0.3131510416666667 0.4722222222222222 0.3131510416666667 0.47962962962962963 0.312890625 0.48009259259259257 0.312890625 0.4847222222222222 0.3126302083333333 0.48518518518518516 0.3126302083333333 0.4898148148148148 0.3123697916666667 0.49027777777777776 0.3123697916666667 0.4925925925925926 0.312109375 0.4930555555555556 0.312109375 0.4962962962962963 0.3118489583333333 0.49675925925925923 0.3118489583333333 0.5023148148148148 0.31158854166666666 0.5027777777777778 0.31158854166666666 0.5055555555555555 0.311328125 0.5060185185185185 0.311328125 0.5092592592592593 0.31106770833333336 0.5097222222222222 0.31106770833333336 0.513425925925926 0.31080729166666665 0.5138888888888888 0.31080729166666665 0.5166666666666667 0.310546875 0.5171296296296296 0.310546875 0.5208333333333334 0.31028645833333335 0.5212962962962963 0.31028645833333335 0.5259259259259259 0.31002604166666664 0.5263888888888889 0.31002604166666664 0.5310185185185186 0.309765625 0.5314814814814814 0.309765625 0.5351851851851852 0.30950520833333334 0.5356481481481481 0.30950520833333334 0.5398148148148149 0.3092447916666667 0.5402777777777777 0.3092447916666667 0.5435185185185185 0.308984375 0.5439814814814815 0.308984375 0.5481481481481482 0.3087239583333333 0.5486111111111112 0.3087239583333333 0.5532407407407407 0.3084635416666667 0.5537037037037037 0.3084635416666667 0.5574074074074075 0.308203125 0.5578703703703703 0.308203125 0.5611111111111111 0.3079427083333333 0.5615740740740741 0.3079427083333333 0.5648148148148148 0.30768229166666666 0.5652777777777778 0.30768229166666666 0.5689814814814815 0.307421875 0.5694444444444444 0.307421875 0.5740740740740741 0.30716145833333336 0.5745370370370371 0.30716145833333336 0.5791666666666667 0.30690104166666665 0.5796296296296296 0.30690104166666665 0.5824074074074074 0.306640625 0.5828703703703704 0.306640625 0.5856481481481481 0.30638020833333335 0.5861111111111111 0.30638020833333335 0.5898148148148148 0.30611979166666664 0.5902777777777778 0.30611979166666664 0.5939814814814814 0.305859375 0.5944444444444444 0.305859375 0.5972222222222222 0.30559895833333334 0.5976851851851852 0.30559895833333334 0.600462962962963 0.3053385416666667 0.600925925925926 0.3053385416666667 0.6046296296296296 0.305078125 0.6050925925925926 0.305078125 0.6092592592592593 0.3048177083333333 0.6097222222222223 0.3048177083333333 0.6143518518518518 0.3045572916666667 0.6148148148148148 0.3045572916666667 0.6175925925925926 0.304296875 0.6180555555555556 0.304296875 0.6212962962962963 0.3040364583333333 0.6217592592592592 0.3040364583333333 0.6268518518518519 0.30377604166666666 0.6273148148148148 0.30377604166666666 0.6305555555555555 0.303515625 0.6310185185185185 0.303515625 0.6333333333333333 0.30325520833333336 0.6337962962962963 0.30325520833333336 0.6375 0.30299479166666665 0.637962962962963 0.30299479166666665 0.6407407407407407 0.302734375 0.6412037037037037 0.302734375 0.6449074074074074 0.30247395833333335 0.6453703703703704 0.30247395833333335 0.649537037037037 0.30221354166666664 0.65 0.30221354166666664 0.6537037037037037 0.301953125 0.6541666666666667 0.301953125 0.6569444444444444 0.30169270833333334 0.6574074074074074 0.30169270833333334 0.6601851851851852 0.3014322916666667 0.6606481481481481 0.3014322916666667 0.6643518518518519 0.301171875 0.6648148148148149 0.301171875 0.6675925925925926 0.3009114583333333 0.6680555555555555 0.3009114583333333 0.6708333333333333 0.3006510416666667 0.6712962962962963 0.3006510416666667 0.674074074074074 0.300390625 0.674537037037037 0.300390625 0.6768518518518518 0.29986979166666666 0.6796296296296296 0.29856770833333335 0.6837962962962963 0.2953125 0.6895833333333333 0.2950520833333333 0.6895833333333333 0.29322916666666665 0.6928240740740741 0.2921875 0.694212962962963 0.28984375 0.6965277777777777 0.28671875 0.6979166666666666 0.28541666666666665 0.6979166666666666 0.2838541666666667 0.6988425925925926 0.28229166666666666 0.6988425925925926 0.28203125 0.6993055555555555 0.28072916666666664 0.6993055555555555 0.28046875 0.6997685185185185 0.2791666666666667 0.6997685185185185 0.27890625 0.7002314814814815 0.27708333333333335 0.7002314814814815 0.27682291666666664 0.7006944444444444 0.2752604166666667 0.7006944444444444 0.275 0.7011574074074074 0.27369791666666665 0.7011574074074074 0.2734375 0.7016203703703704 0.2721354166666667 0.7016203703703704 0.271875 0.7020833333333333 0.2703125 0.7020833333333333 0.27005208333333336 0.7025462962962963 0.26848958333333334 0.7025462962962963 0.2682291666666667 0.7030092592592593 0.2669270833333333 0.7030092592592593 0.26666666666666666 0.7034722222222223 0.26536458333333335 0.7034722222222223 0.26510416666666664 0.7039351851851852 0.26328125 0.7039351851851852 0.2630208333333333 0.7043981481481482 0.26119791666666664 0.7043981481481482 0.2609375 0.7048611111111112 0.259375 0.7048611111111112 0.2578125 0.705787037037037 0.2559895833333333 0.705787037037037 0.2557291666666667 0.70625 0.25390625 0.70625 0.25364583333333335 0.7067129629629629 0.2520833333333333 0.7067129629629629 0.2518229166666667 0.7071759259259259 0.25 0.7071759259259259 0.24973958333333332 0.7076388888888889 0.24765625 0.7076388888888889 0.24739583333333334 0.7081018518518518 0.24557291666666667 0.7081018518518518 0.2453125 0.7085648148148148 0.24375 0.7085648148148148 0.24348958333333334 0.7090277777777778 0.24192708333333332 0.7090277777777778 0.24166666666666667 0.7094907407407407 0.24036458333333333 0.7094907407407407 0.24010416666666667 0.7099537037037037 0.23854166666666668 0.7099537037037037 0.23828125 0.7104166666666667 0.23671875 0.7104166666666667 0.23645833333333333 0.7108796296296296 0.23489583333333333 0.7108796296296296 0.23463541666666668 0.7113425925925926 0.23333333333333334 0.7113425925925926 0.23307291666666666 0.7118055555555556 0.23151041666666666 0.7118055555555556 0.23125 0.7122685185185185 0.22994791666666667 0.7122685185185185 0.2296875 0.7127314814814815 0.22760416666666666 0.7127314814814815 0.22734375 0.7131944444444445 0.22552083333333334 0.7131944444444445 0.22526041666666666 0.7136574074074075 0.22395833333333334 0.7136574074074075 0.22369791666666666 0.7141203703703703 0.22239583333333332 0.7141203703703703 0.22083333333333333 0.7150462962962963 0.21927083333333333 0.7150462962962963 0.21901041666666668 0.7155092592592592 0.21770833333333334 0.7155092592592592 0.21744791666666666 0.7159722222222222 0.21588541666666666 0.7159722222222222 0.215625 0.7164351851851852 0.2140625 0.7164351851851852 0.21380208333333334 0.7168981481481481 0.21223958333333334 0.7168981481481481 0.21197916666666666 0.7173611111111111 0.21041666666666667 0.7173611111111111 0.21015625 0.7178240740740741 0.20833333333333334 0.7178240740740741 0.20807291666666666 0.718287037037037 0.20651041666666667 0.718287037037037 0.20625 0.71875 0.20494791666666667 0.71875 0.20338541666666668 0.7196759259259259 0.2015625 0.7196759259259259 0.20130208333333333 0.7201388888888889 0.19973958333333333 0.7201388888888889 0.19947916666666668 0.7206018518518519 0.19817708333333334 0.7206018518518519 0.19791666666666666 0.7210648148148148 0.19661458333333334 0.7210648148148148 0.19635416666666666 0.7215277777777778 0.19479166666666667 0.7215277777777778 0.19453125 0.7219907407407408 0.19322916666666667 0.7219907407407408 0.19296875 0.7224537037037037 0.19114583333333332 0.7224537037037037 0.19088541666666667 0.7229166666666667 0.18958333333333333 0.7229166666666667 0.18932291666666667 0.7233796296296297 0.18802083333333333 0.7233796296296297 0.18776041666666668 0.7238425925925925 0.18645833333333334 0.7238425925925925 0.18489583333333334 0.7247685185185185 0.18229166666666666 0.7247685185185185 0.18203125 0.7252314814814815 0.17994791666666668 0.7252314814814815 0.1796875 0.7256944444444444 0.178125 0.7256944444444444 0.17786458333333333 0.7261574074074074 0.17630208333333333 0.7261574074074074 0.17604166666666668 0.7266203703703704 0.17421875 0.7266203703703704 0.17395833333333333 0.7270833333333333 0.17213541666666668 0.7270833333333333 0.171875 0.7275462962962963 0.17005208333333333 0.7275462962962963 0.16979166666666667 0.7280092592592593 0.16822916666666668 0.7280092592592593 0.16796875 0.7284722222222222 0.16640625 0.7284722222222222 0.16614583333333333 0.7289351851851852 0.16484375 0.7289351851851852 0.16354166666666667 0.7298611111111111 0.16223958333333333 0.7303240740740741 0.16067708333333333 0.7303240740740741 0.16041666666666668 0.7307870370370371 0.15859375 0.7307870370370371 0.15833333333333333 0.73125 0.15677083333333333 0.73125 0.15651041666666668 0.731712962962963 0.15442708333333333 0.731712962962963 0.15416666666666667 0.732175925925926 0.15182291666666667 0.732175925925926 0.1515625 0.7326388888888888 0.15 0.7326388888888888 0.14869791666666668 0.7335648148148148 0.14739583333333334 0.7335648148148148 0.14713541666666666 0.7340277777777777 0.14557291666666666 0.7340277777777777 0.1453125 0.7344907407407407 0.14401041666666667 0.7344907407407407 0.14244791666666667 0.7354166666666667 0.14036458333333332 0.7354166666666667 0.14010416666666667 0.7358796296296296 0.13776041666666666 0.7358796296296296 0.1375 0.7363425925925926 0.1359375 0.7363425925925926 0.13567708333333334 0.7368055555555556 0.134375 0.7368055555555556 0.13411458333333334 0.7372685185185185 0.1328125 0.7372685185185185 0.13125 0.7381944444444445 0.12994791666666666 0.7381944444444445 0.1296875 0.7386574074074074 0.12786458333333334 0.7386574074074074 0.12760416666666666 0.7391203703703704 0.12604166666666666 0.7391203703703704 0.12578125 0.7395833333333334 0.12421875 0.7395833333333334 0.12395833333333334 0.7400462962962963 0.12265625 0.7400462962962963 0.12239583333333333 0.7405092592592593 0.12057291666666667 0.7405092592592593 0.1203125 0.7409722222222223 0.11848958333333333 0.7409722222222223 0.11822916666666666 0.7414351851851851 0.11666666666666667 0.7414351851851851 0.11640625 0.7418981481481481 0.11510416666666666 0.7418981481481481 0.11484375 0.7423611111111111 0.11354166666666667 0.7423611111111111 0.11197916666666667 0.743287037037037 0.11067708333333333 0.743287037037037 0.11041666666666666 0.74375 0.10859375 0.74375 0.10833333333333334 0.7442129629629629 0.10651041666666666 0.7442129629629629 0.10625 0.7446759259259259 0.10442708333333334 0.7446759259259259 0.10416666666666667 0.7451388888888889 0.10260416666666666 0.7451388888888889 0.10234375 0.7456018518518519 0.10104166666666667 0.7456018518518519 0.10078125 0.7460648148148148 0.09921875 0.7460648148148148 0.09895833333333333 0.7465277777777778 0.09713541666666667 0.7465277777777778 0.096875 0.7469907407407408
12 0.14296875 0.9190972222222222 0.2825520833333333 0.16087962962962954 0.004557291666666667 0.999537037037037 0.004427083333333333 0.9988425925925926 0.002864583333333333 0.9979166666666667 0.0016927083333333334 0.9953703703703703 0.0016927083333333334 0.9893518518518518 0.0024739583333333332 0.9842592592592593 0.0024739583333333332 0.9819444444444444 0.003515625 0.975462962962963 0.004296875 0.9731481481481481 0.004296875 0.9722222222222222 0.005078125 0.9694444444444444 0.005338541666666667 0.9675925925925926 0.005338541666666667 0.9648148148148148 0.005598958333333333 0.9643518518518519 0.005598958333333333 0.9606481481481481 0.005859375 0.9601851851851851 0.005859375 0.9574074074074074 0.006119791666666667 0.9569444444444445 0.006119791666666667 0.9541666666666667 0.0069010416666666664 0.950925925925926 0.0069010416666666664 0.9495370370370371 0.007682291666666666 0.9467592592592593 0.007942708333333333 0.9444444444444444 0.008463541666666666 0.9425925925925925 0.008463541666666666 0.9412037037037037 0.008984375 0.9393518518518519 0.008984375 0.937962962962963 0.009765625 0.9351851851851852 0.010026041666666667 0.9314814814814815 0.010546875 0.9296296296296296 0.010546875 0.9282407407407407 0.011067708333333334 0.9263888888888889 0.011328125 0.924074074074074 0.011848958333333333 0.9226851851851852 0.012369791666666666 0.9189814814814815 0.012890625 0.9171296296296296 0.012890625 0.9157407407407407 0.013411458333333333 0.912962962962963 0.014973958333333334 0.9069444444444444 0.016536458333333334 0.9032407407407408 0.0203125 0.8965277777777778 0.020572916666666666 0.8965277777777778 0.0234375 0.8923611111111112 0.025 0.8905092592592593 0.026302083333333334 0.8895833333333333 0.027083333333333334 0.8895833333333333 0.028125 0.8886574074074074 0.029427083333333333 0.8881944444444444 0.031510416666666666 0.8881944444444444 0.03177083333333333 0.8877314814814815 0.033854166666666664 0.8877314814814815 0.03411458333333333 0.8872685185185185 0.0359375 0.8872685185185185 0.03619791666666667 0.8868055555555555 0.03828125 0.8868055555555555 0.03854166666666667 0.8863425925925926 0.040625 0.8863425925925926 0.04088541666666667 0.8858796296296296 0.042708333333333334 0.8858796296296296 0.04296875 0.8854166666666666 0.04479166666666667 0.8854166666666666 0.04505208333333333 0.8849537037037037 0.04765625 0.8849537037037037 0.04791666666666667 0.8844907407407407 0.05026041666666667 0.8844907407407407 0.050520833333333334 0.8840277777777777 0.053125 0.8840277777777777 0.053385416666666664 0.8835648148148149 0.05520833333333333 0.8835648148148149 0.05546875 0.8831018518518519 0.05703125 0.8831018518518519 0.057291666666666664 0.8826388888888889 0.058854166666666666 0.8826388888888889 0.05911458333333333 0.882175925925926 0.06067708333333333 0.882175925925926 0.0609375 0.881712962962963 0.06302083333333333 0.881712962962963 0.06328125 0.88125 0.06536458333333334 0.88125 0.065625 0.8807870370370371 0.06744791666666666 0.8807870370370371 0.06770833333333333 0.8803240740740741 0.06979166666666667 0.8803240740740741 0.07005208333333333 0.8798611111111111 0.07239583333333334 0.8798611111111111 0.07265625 0.8793981481481481 0.07447916666666667 0.8793981481481481 0.07473958333333333 0.8789351851851852 0.07682291666666667 0.8789351851851852 0.07708333333333334 0.8784722222222222 0.07942708333333333 0.8784722222222222 0.0796875 0.8780092592592592 0.08098958333333334 0.8780092592592592 0.08255208333333333 0.8770833333333333 0.08385416666666666 0.8770833333333333 0.08411458333333334 0.8766203703703703 0.08619791666666667 0.8766203703703703 0.08645833333333333 0.8761574074074074 0.08828125 0.8761574074074074 0.08854166666666667 0.8756944444444444 0.09036458333333333 0.8756944444444444 0.090625 0.8752314814814814 0.0921875 0.8752314814814814 0.09244791666666667 0.8747685185185186 0.09401041666666667 0.8747685185185186 0.09427083333333333 0.8743055555555556 0.09609375 0.8743055555555556 0.09635416666666667 0.8738425925925926 0.09791666666666667 0.8738425925925926 0.09817708333333333 0.8733796296296297 0.1 0.8733796296296297 0.10026041666666667 0.8729166666666667 0.10208333333333333 0.8729166666666667 0.10234375 0.8724537037037037 0.10442708333333334 0.8724537037037037 0.1046875 0.8719907407407408 0.10677083333333333 0.8719907407407408 0.10703125 0.8715277777777778 0.10885416666666667 0.8715277777777778 0.10911458333333333 0.8710648148148148 0.1109375 0.8710648148148148 0.11119791666666666 0.8706018518518519 0.11276041666666667 0.8706018518518519 0.11302083333333333 0.8701388888888889 0.11484375 0.8701388888888889 0.11510416666666666 0.8696759259259259 0.1171875 0.8696759259259259 0.11744791666666667 0.8692129629629629 0.11901041666666666 0.8692129629629629 0.11927083333333334 0.86875 0.12083333333333333 0.86875 0.12109375 0.868287037037037 0.12265625 0.868287037037037 0.12291666666666666 0.867824074074074 0.12473958333333333 0.867824074074074 0.125 0.8673611111111111 0.12708333333333333 0.8673611111111111 0.12734375 0.8668981481481481 0.12890625 0.8668981481481481 0.12916666666666668 0.8664351851851851 0.13046875 0.8664351851851851 0.13072916666666667 0.8659722222222223 0.13229166666666667 0.8659722222222223 0.13255208333333332 0.8655092592592593 0.13411458333333334 0.8655092592592593 0.134375 0.8650462962962963 0.13671875 0.8650462962962963 0.13697916666666668 0.8645833333333334 0.1390625 0.8645833333333334 0.13932291666666666 0.8641203703703704 0.14166666666666666 0.8641203703703704 0.14192708333333334 0.8636574074074074 0.14348958333333334 0.8636574074074074 0.14375 0.8631944444444445 0.1453125 0.8631944444444445 0.14557291666666666 0.8627314814814815 0.14713541666666666 0.8627314814814815 0.14739583333333334 0.8622685185185185 0.14921875 0.8622685185185185 0.14947916666666666 0.8618055555555556 0.15078125 0.8618055555555556 0.15104166666666666 0.8613425925925926 0.15234375 0.8613425925925926 0.15260416666666668 0.8608796296296296 0.15390625 0.8608796296296296 0.15416666666666667 0.8604166666666667 0.15572916666666667 0.8604166666666667 0.15598958333333332 0.8599537037037037 0.15755208333333334 0.8599537037037037 0.1578125 0.8594907407407407 0.15989583333333332 0.8594907407407407 0.16015625 0.8590277777777777 0.16197916666666667 0.8590277777777777 0.16223958333333333 0.8585648148148148 0.16432291666666668 0.8585648148148148 0.16458333333333333 0.8581018518518518 0.16666666666666666 0.8581018518518518 0.16692708333333334 0.8576388888888888 0.16875 0.8576388888888888 0.16901041666666666 0.857175925925926 0.1703125 0.857175925925926 0.17057291666666666 0.856712962962963 0.17239583333333333 0.856712962962963 0.17265625 0.85625 0.17526041666666667 0.85625 0.17552083333333332 0.8557870370370371 0.17760416666666667 0.8557870370370371 0.17786458333333333 0.8553240740740741 0.17942708333333332 0.8553240740740741 0.1796875 0.8548611111111111 0.18125 0.8548611111111111 0.18151041666666667 0.8543981481481482 0.18333333333333332 0.8543981481481482 0.18359375 0.8539351851851852 0.18515625 0.8539351851851852 0.18541666666666667 0.8534722222222222 0.1875 0.8534722222222222 0.18776041666666668 0.8530092592592593 0.18984375 0.8530092592592593 0.19010416666666666 0.8525462962962963 0.19192708333333333 0.8525462962962963 0.1921875 0.8520833333333333 0.19375 0.8520833333333333 0.19401041666666666 0.8516203703703704 0.19583333333333333 0.8516203703703704 0.19609375 0.8511574074074074 0.19791666666666666 0.8511574074074074 0.19817708333333334 0.8506944444444444 0.2 0.8506944444444444 0.20026041666666666 0.8502314814814815 0.20182291666666666 0.8502314814814815 0.20208333333333334 0.8497685185185185 0.20390625 0.8497685185185185 0.20416666666666666 0.8493055555555555 0.20598958333333334 0.8493055555555555 0.20625 0.8488425925925925 0.20755208333333333 0.8488425925925925 0.2078125 0.8483796296296297 0.209375 0.8483796296296297 0.20963541666666666 0.8479166666666667 0.21145833333333333 0.8479166666666667 0.21171875 0.8474537037037037 0.21328125 0.8474537037037037 0.21354166666666666 0.8469907407407408 0.21510416666666668 0.8469907407407408 0.21536458333333333 0.8465277777777778 0.21692708333333333 0.8465277777777778 0.2171875 0.8460648148148148 0.21901041666666668 0.8460648148148148 0.21927083333333333 0.8456018518518519 0.22109375 0.8456018518518519 0.22135416666666666 0.8451388888888889 0.22291666666666668 0.8451388888888889 0.22317708333333333 0.8446759259259259 0.22473958333333333 0.8446759259259259 0.225 0.844212962962963 0.2265625 0.844212962962963 0.22682291666666668 0.84375 0.22864583333333333 0.84375 0.22890625 0.843287037037037 0.23098958333333333 0.843287037037037 0.23125 0.8428240740740741 0.2328125 0.8428240740740741 0.23307291666666666 0.8423611111111111 0.23489583333333333 0.8423611111111111 0.23515625 0.8418981481481481 0.23697916666666666 0.8418981481481481 0.23723958333333334 0.8414351851851852 0.23880208333333333 0.8414351851851852 0.2390625 0.8409722222222222 0.24088541666666666 0.8409722222222222 0.24114583333333334 0.8405092592592592 0.24296875 0.8405092592592592 0.24322916666666666 0.8400462962962963 0.24505208333333334 0.8400462962962963 0.2453125 0.8395833333333333 0.24713541666666666 0.8395833333333333 0.24739583333333334 0.8391203703703703 0.24921875 0.8391203703703703 0.24947916666666667 0.8386574074074075 0.25729166666666664 0.8386574074074075 0.25859375 0.8391203703703703 0.2598958333333333 0.8400462962962963 0.2609375 0.8400462962962963 0.26223958333333336 0.8409722222222222 0.2671875 0.8423611111111111 0.26927083333333335 0.84375 0.27005208333333336 0.84375 0.27109375 0.8446759259259259 0.271875 0.8446759259259259 0.27447916666666666 0.8465277777777778 0.27578125 0.8469907407407408 0.27734375 0.8488425925925925 0.278125 0.8493055555555555 0.2794270833333333 0.8511574074074074 0.28033854166666666 0.8532407407407407 0.282421875 0.8569444444444444 0.28294270833333335 0.8587962962962963 0.28346354166666665 0.8625 0.283984375 0.8638888888888889 0.283984375 0.8662037037037037 0.28424479166666666 0.8666666666666667 0.28424479166666666 0.8726851851851852 0.283984375 0.8731481481481481 0.283984375 0.875462962962963 0.28372395833333336 0.8759259259259259 0.28372395833333336 0.8782407407407408 0.28346354166666665 0.8787037037037037 0.28346354166666665 0.8861111111111111 0.283203125 0.8865740740740741 0.283203125 0.8907407407407407 0.28294270833333335 0.8912037037037037 0.28294270833333335 0.899537037037037 0.28268229166666664 0.9 0.28268229166666664 0.9023148148148148 0.282421875 0.9027777777777778 0.282421875 0.9050925925925926 0.28216145833333334 0.9055555555555556 0.28216145833333334 0.9087962962962963 0.2819010416666667 0.9092592592592592 0.2819010416666667 0.9125 0.281640625 0.912962962962963 0.281640625 0.9162037037037037 0.2813802083333333 0.9166666666666666 0.2813802083333333 0.9199074074074074 0.2811197916666667 0.9203703703703704 0.2811197916666667 0.924074074074074 0.280859375 0.924537037037037 0.280859375 0.9277777777777778 0.2805989583333333 0.9282407407407407 0.2805989583333333 0.9310185185185185 0.28033854166666666 0.9314814814814815 0.28033854166666666 0.9337962962962963 0.280078125 0.9342592592592592 0.280078125 0.9365740740740741 0.27981770833333336 0.937037037037037 0.27981770833333336 0.9393518518518519 0.27955729166666665 0.9398148148148148 0.27955729166666665 0.9421296296296297 0.279296875 0.9425925925925925 0.279296875 0.9453703703703704 0.27903645833333335 0.9458333333333333 0.27903645833333335 0.9495370370370371 0.27877604166666664 0.95 0.27877604166666664 0.9541666666666667 0.278515625 0.9546296296296296 0.278515625 0.9578703703703704 0.27825520833333334 0.9583333333333334 0.27825520833333334 0.9611111111111111 0.2779947916666667 0.961574074074074 0.2779947916666667 0.9643518518518519 0.277734375 0.9648148148148148 0.277734375 0.9675925925925926 0.2774739583333333 0.9680555555555556 0.2774739583333333 0.9703703703703703 0.276953125 0.9731481481481481 0.276953125 0.975462962962963 0.2766927083333333 0.975925925925926 0.2766927083333333 0.9791666666666666 0.27643229166666666 0.9796296296296296 0.27643229166666666 0.9824074074074074 0.27591145833333336 0.9861111111111112 0.27565104166666665 0.986574074074074 0.27513020833333335 0.9902777777777778 0.27513020833333335 0.9930555555555556 0.27486979166666664 0.9953703703703703 0.27434895833333334 0.9972222222222222 0.27317708333333335 0.9983796296296297 0.2721354166666667 0.9988425925925926 0.2677083333333333 0.9988425925925926 0.2674479166666667 0.9983796296296297 0.25390625 0.9983796296296297 0.25364583333333335 0.9979166666666667 0.24583333333333332 0.9979166666666667 0.24557291666666667 0.9983796296296297 0.23489583333333333 0.9983796296296297 0.23463541666666668 0.9979166666666667 0.2171875 0.9979166666666667 0.21692708333333333 0.9974537037037037 0.21354166666666666 0.9974537037037037 0.21223958333333334 0.9979166666666667 0.21197916666666666 0.9974537037037037 0.103125 0.9974537037037037 0.10286458333333333 0.9979166666666667 0.0796875 0.9979166666666667 0.07942708333333333 0.9983796296296297 0.07708333333333334 0.9983796296296297 0.07682291666666667 0.9988425925925926 0.07317708333333334 0.9988425925925926 0.073046875 0.999537037037037
0 0.09622395833333333 0.3472222222222222 0.06562499999999999 0.08935185185185185 0.10416666666666667 0.39189814814814816 0.10260416666666666 0.39189814814814816 0.10234375 0.39143518518518516 0.09921875 0.3905092592592593 0.09791666666666667 0.38958333333333334 0.09505208333333333 0.38680555555555557 0.09348958333333333 0.3840277777777778 0.09140625 0.381712962962963 0.0890625 0.37754629629629627 0.08880208333333334 0.37754629629629627 0.08645833333333333 0.3738425925925926 0.08515625 0.37245370370370373 0.08385416666666666 0.37060185185185185 0.08177083333333333 0.36689814814814814 0.07864583333333333 0.36319444444444443 0.07708333333333334 0.36041666666666666 0.07473958333333333 0.3576388888888889 0.0734375 0.35532407407407407 0.07083333333333333 0.3525462962962963 0.06927083333333334 0.34976851851851853 0.06744791666666666 0.34791666666666665 0.06471354166666667 0.34305555555555556 0.063671875 0.33935185185185185 0.06341145833333334 0.3375 0.06341145833333334 0.3351851851851852 0.063671875 0.3347222222222222 0.06393229166666667 0.33055555555555555 0.064453125 0.3287037037037037 0.06549479166666666 0.3263888888888889 0.06731770833333334 0.32083333333333336 0.06953125 0.31689814814814815 0.06979166666666667 0.31689814814814815 0.07109375 0.3145833333333333 0.07213541666666666 0.3136574074074074 0.07291666666666667 0.3122685185185185 0.07395833333333333 0.3113425925925926 0.07526041666666666 0.30949074074074073 0.0765625 0.30810185185185185 0.07760416666666667 0.3076388888888889 0.07916666666666666 0.30625 0.08333333333333333 0.3034722222222222 0.08463541666666667 0.30300925925925926 0.0859375 0.30300925925925926 0.08619791666666667 0.3025462962962963 0.09270833333333334 0.3025462962962963 0.09296875 0.30300925925925926 0.09479166666666666 0.3034722222222222 0.096875 0.305787037037037 0.09713541666666667 0.305787037037037 0.09921875 0.30949074074074073 0.10052083333333334 0.3113425925925926 0.10182291666666667 0.3127314814814815 0.10572916666666667 0.31828703703703703 0.10807291666666667 0.32060185185185186 0.11145833333333334 0.3266203703703704 0.11276041666666667 0.3284722222222222 0.1140625 0.3298611111111111 0.11536458333333334 0.33217592592592593 0.115625 0.33217592592592593 0.11692708333333333 0.33449074074074076 0.11979166666666667 0.33819444444444446 0.121875 0.3400462962962963 0.12473958333333333 0.34375 0.12747395833333333 0.3486111111111111 0.128515625 0.35185185185185186 0.12877604166666667 0.3537037037037037 0.12877604166666667 0.3560185185185185 0.12903645833333333 0.3574074074074074 0.12877604166666667 0.3597222222222222 0.12799479166666666 0.3625 0.12799479166666666 0.36342592592592593 0.12669270833333332 0.36666666666666664 0.125390625 0.37037037037037035 0.11927083333333334 0.38125 0.11744791666666667 0.38310185185185186 0.115625 0.3854166666666667 0.1140625 0.38634259259259257 0.11276041666666667 0.38773148148148145 0.10989583333333333 0.38958333333333334 0.10911458333333333 0.38958333333333334 0.10807291666666667 0.3905092592592593 0.10572916666666667 0.39143518518518516 0.10442708333333334 0.39143518518518516 0.10416666666666667 0.39189814814814816
0 0.03919270833333333 0.35810185185185184 0.0671875 0.08703703703703702 0.04973958333333333 0.40162037037037035 0.04375 0.40162037037037035 0.04348958333333333 0.4011574074074074 0.04114583333333333 0.40069444444444446 0.0390625 0.3988425925925926 0.0375 0.39699074074074076 0.035416666666666666 0.39328703703703705 0.03515625 0.39328703703703705 0.03177083333333333 0.3872685185185185 0.031510416666666666 0.3872685185185185 0.029947916666666668 0.3849537037037037 0.029166666666666667 0.38449074074074074 0.027864583333333335 0.38263888888888886 0.026822916666666665 0.381712962962963 0.025520833333333333 0.3798611111111111 0.024739583333333332 0.37939814814814815 0.0234375 0.37754629629629627 0.02265625 0.3770833333333333 0.01953125 0.3738425925925926 0.01796875 0.3710648148148148 0.016927083333333332 0.3696759259259259 0.016145833333333335 0.36921296296296297 0.014583333333333334 0.36689814814814814 0.014322916666666666 0.36689814814814814 0.0109375 0.3608796296296296 0.009895833333333333 0.3599537037037037 0.007161458333333333 0.35509259259259257 0.005859375 0.35138888888888886 0.005598958333333333 0.3490740740740741 0.005859375 0.3486111111111111 0.005859375 0.34444444444444444 0.006380208333333333 0.3421296296296296 0.008723958333333334 0.3365740740740741 0.008723958333333334 0.33611111111111114 0.01328125 0.3280092592592593 0.013541666666666667 0.3280092592592593 0.016666666666666666 0.32337962962962963 0.01796875 0.32199074074074074 0.019270833333333334 0.3210648148148148 0.021614583333333333 0.31875 0.023697916666666666 0.3178240740740741 0.024479166666666666 0.31689814814814815 0.026302083333333334 0.3159722222222222 0.02734375 0.3159722222222222 0.029427083333333333 0.31504629629629627 0.0296875 0.3145833333333333 0.03463541666666667 0.3145833333333333 0.0375 0.3164351851851852 0.038802083333333334 0.31828703703703703 0.040625 0.3196759259259259 0.04140625 0.32060185185185186 0.042708333333333334 0.3229166666666667 0.04375 0.32430555555555557 0.0453125 0.32569444444444445 0.046614583333333334 0.3280092592592593 0.04765625 0.32893518518518516 0.05 0.33217592592592593 0.051041666666666666 0.33402777777777776 0.05260416666666667 0.33587962962962964 0.053385416666666664 0.3363425925925926 0.054947916666666666 0.33819444444444446 0.05963541666666667 0.34467592592592594 0.0625 0.3474537037037037 0.06341145833333334 0.34953703703703703 0.06484375 0.35208333333333336 0.06875 0.35532407407407407 0.06953125 0.35625 0.07200520833333333 0.36064814814814816 0.07278645833333333 0.36342592592592593 0.07278645833333333 0.37175925925925923 0.07200520833333333 0.37407407407407406 0.07200520833333333 0.375 0.07096354166666667 0.37777777777777777 0.070703125 0.37916666666666665 0.06966145833333333 0.38101851851851853 0.06888020833333333 0.38333333333333336 0.06666666666666667 0.3872685185185185 0.06640625 0.3872685185185185 0.06484375 0.3900462962962963 0.0640625 0.3909722222222222 0.06145833333333333 0.39328703703703705 0.0609375 0.394212962962963 0.05911458333333333 0.3960648148148148 0.05859375 0.39699074074074076 0.05677083333333333 0.39837962962962964 0.055989583333333336 0.3993055555555556 0.05520833333333333 0.3993055555555556 0.053125 0.40069444444444446 0.05182291666666667 0.40069444444444446 0.0515625 0.4011574074074074 0.05 0.4011574074074074 0.04973958333333333 0.40162037037037035
0 0.025716145833333332 0.4372685185185185 0.051432291666666664 0.0888888888888889 0.0 0.39375 0.002864583333333333 0.39375 0.003125 0.39328703703703705 0.0046875 0.39328703703703705 0.0049479166666666664 0.39282407407407405 0.0067708333333333336 0.39282407407407405 0.00703125 0.39328703703703705 0.008854166666666666 0.39328703703703705 0.009114583333333334 0.39375 0.010677083333333334 0.394212962962963 0.012760416666666666 0.3960648148148148 0.01484375 0.3997685185185185 0.016666666666666666 0.40069444444444446 0.018229166666666668 0.40208333333333335 0.020052083333333335 0.4043981481481482 0.020572916666666666 0.4043981481481482 0.023177083333333334 0.40671296296296294 0.023697916666666666 0.4076388888888889 0.026041666666666668 0.40949074074074077 0.0265625 0.41041666666666665 0.027864583333333335 0.4113425925925926 0.030729166666666665 0.41458333333333336 0.03177083333333333 0.4150462962962963 0.033854166666666664 0.41689814814814813 0.0359375 0.41921296296296295 0.03828125 0.42106481481481484 0.04192708333333333 0.42430555555555555 0.04244791666666667 0.42430555555555555 0.045572916666666664 0.4270833333333333 0.047135416666666666 0.4289351851851852 0.050390625 0.43472222222222223 0.051432291666666664 0.4393518518518518 0.051432291666666664 0.44675925925925924 0.051171875 0.4486111111111111 0.05065104166666667 0.45 0.049609375 0.4546296296296296 0.049088541666666666 0.45601851851851855 0.04778645833333333 0.4583333333333333 0.04674479166666667 0.46064814814814814 0.04596354166666667 0.46296296296296297 0.04440104166666667 0.46574074074074073 0.04348958333333333 0.46782407407407406 0.043229166666666666 0.46782407407407406 0.04192708333333333 0.4701388888888889 0.041666666666666664 0.4701388888888889 0.03958333333333333 0.47337962962962965 0.03802083333333333 0.4752314814814815 0.036458333333333336 0.47662037037037036 0.034895833333333334 0.4775462962962963 0.03046875 0.480787037037037 0.029427083333333333 0.48125 0.028125 0.48125 0.027864583333333335 0.48171296296296295 0.0234375 0.48171296296296295 0.023177083333333334 0.48125 0.021875 0.48125 0.0203125 0.48032407407407407 0.019010416666666665 0.4789351851851852 0.016666666666666666 0.47708333333333336 0.015364583333333333 0.4752314814814815 0.01328125 0.47337962962962965 0.011979166666666667 0.47152777777777777 0.009895833333333333 0.46967592592592594 0.009375 0.46967592592592594 0.007552083333333333 0.46782407407407406 0.005208333333333333 0.4664351851851852 0.004166666666666667 0.4650462962962963 0.0033854166666666668 0.46458333333333335 0.0026041666666666665 0.46319444444444446 0.0015625 0.4622685185185185 0.0 0.4622685185185185
2 0.4286458333333333 0.48194444444444445 0.05182291666666666 0.09305555555555556 0.4283854166666667 0.5284722222222222 0.4270833333333333 0.5284722222222222 0.42682291666666666 0.5280092592592592 0.42552083333333335 0.5280092592592592 0.42526041666666664 0.5275462962962963 0.4239583333333333 0.5275462962962963 0.42161458333333335 0.5261574074074075 0.4200520833333333 0.5256944444444445 0.41770833333333335 0.5233796296296296 0.4171875 0.5233796296296296 0.4153645833333333 0.5215277777777778 0.412109375 0.5157407407407407 0.4102864583333333 0.5106481481481482 0.40768229166666664 0.5027777777777778 0.4069010416666667 0.49953703703703706 0.4063802083333333 0.4986111111111111 0.40455729166666665 0.4925925925925926 0.40455729166666665 0.49166666666666664 0.40377604166666664 0.48935185185185187 0.403515625 0.4861111111111111 0.4029947916666667 0.4837962962962963 0.4029947916666667 0.4810185185185185 0.402734375 0.48055555555555557 0.402734375 0.4740740740740741 0.40325520833333334 0.46944444444444444 0.40377604166666664 0.4675925925925926 0.405078125 0.46064814814814814 0.4061197916666667 0.4583333333333333 0.406640625 0.4564814814814815 0.40846354166666665 0.45231481481481484 0.4109375 0.4479166666666667 0.4125 0.4460648148148148 0.41354166666666664 0.444212962962963 0.41458333333333336 0.44328703703703703 0.4153645833333333 0.44189814814814815 0.41770833333333335 0.44004629629629627 0.41875 0.4386574074074074 0.4203125 0.4377314814814815 0.42109375 0.4377314814814815 0.42239583333333336 0.43680555555555556 0.42473958333333334 0.4363425925925926 0.425 0.4358796296296296 0.42630208333333336 0.4358796296296296 0.4265625 0.4354166666666667 0.4317708333333333 0.4354166666666667 0.43307291666666664 0.4363425925925926 0.43385416666666665 0.4363425925925926 0.4348958333333333 0.4372685185185185 0.43697916666666664 0.4377314814814815 0.43802083333333336 0.4386574074074074 0.4388020833333333 0.4386574074074074 0.440625 0.4414351851851852 0.4421875 0.44328703703703703 0.44622395833333334 0.45046296296296295 0.44700520833333335 0.45231481481481484 0.448046875 0.45601851851851855 0.4485677083333333 0.45694444444444443 0.4490885416666667 0.45925925925925926 0.45013020833333334 0.462037037037037 0.45013020833333334 0.46296296296296297 0.451171875 0.46620370370370373 0.4524739583333333 0.4708333333333333 0.4524739583333333 0.47175925925925927 0.4532552083333333 0.4740740740740741 0.454296875 0.48055555555555557 0.45455729166666664 0.4828703703703704 0.45455729166666664 0.48935185185185187 0.45403645833333334 0.49398148148148147 0.453515625 0.49583333333333335 0.4532552083333333 0.4981481481481482 0.451953125 0.5023148148148148 0.451171875 0.5055555555555555 0.449609375 0.5092592592592593 0.4479166666666667 0.5122685185185185 0.44765625 0.5122685185185185 0.44557291666666665 0.5159722222222223 0.4440104166666667 0.517824074074074 0.4427083333333333 0.5201388888888889 0.44036458333333334 0.5229166666666667 0.43802083333333336 0.5243055555555556 0.4359375 0.5261574074074075 0.43411458333333336 0.5270833333333333 0.4328125 0.5270833333333333 0.43255208333333334 0.5275462962962963 0.43072916666666666 0.5275462962962963 0.43046875 0.5280092592592592 0.42864583333333334 0.5280092592592592 0.4283854166666667 0.5284722222222222
2 0.4940104166666667 0.5710648148148149 0.05286458333333327 0.09907407407407409 0.49713541666666666 0.6206018518518519 0.49322916666666666 0.6206018518518519 0.49296875 0.6201388888888889 0.49114583333333334 0.6201388888888889 0.4908854166666667 0.6196759259259259 0.4895833333333333 0.6196759259259259 0.48854166666666665 0.61875 0.48776041666666664 0.61875 0.4856770833333333 0.6168981481481481 0.48515625 0.6168981481481481 0.48333333333333334 0.6150462962962963 0.4817708333333333 0.6141203703703704 0.48125 0.6131944444444445 0.47942708333333334 0.6113425925925926 0.475390625 0.6041666666666666 0.4733072916666667 0.5972222222222222 0.4727864583333333 0.5962962962962963 0.47174479166666666 0.5925925925925926 0.470703125 0.5879629629629629 0.47044270833333335 0.5856481481481481 0.469921875 0.5842592592592593 0.46966145833333334 0.5819444444444445 0.4686197916666667 0.5773148148148148 0.4686197916666667 0.575925925925926 0.46783854166666666 0.5722222222222222 0.46783854166666666 0.5685185185185185 0.467578125 0.5680555555555555 0.467578125 0.5634259259259259 0.46783854166666666 0.562962962962963 0.46783854166666666 0.5592592592592592 0.4680989583333333 0.5569444444444445 0.4686197916666667 0.5546296296296296 0.4686197916666667 0.5527777777777778 0.4694010416666667 0.55 0.4694010416666667 0.549074074074074 0.47044270833333335 0.5458333333333333 0.47096354166666665 0.5435185185185185 0.471484375 0.5425925925925926 0.4725260416666667 0.5393518518518519 0.4733072916666667 0.5375 0.47578125 0.5331018518518519 0.47708333333333336 0.531712962962963 0.4778645833333333 0.5303240740740741 0.4796875 0.5284722222222222 0.48098958333333336 0.5266203703703703 0.4825520833333333 0.5252314814814815 0.48541666666666666 0.5238425925925926 0.4864583333333333 0.5229166666666667 0.48880208333333336 0.5219907407407407 0.4903645833333333 0.5219907407407407 0.490625 0.5215277777777778 0.49765625 0.5215277777777778 0.4979166666666667 0.5219907407407407 0.5005208333333333 0.5229166666666667 0.5015625 0.5229166666666667 0.5044270833333333 0.5247685185185185 0.5072916666666667 0.5275462962962963 0.5096354166666667 0.530787037037037 0.5098958333333333 0.530787037037037 0.5131510416666667 0.5365740740740741 0.5157552083333333 0.5439814814814815 0.516015625 0.5458333333333333 0.5165364583333333 0.5472222222222223 0.5170572916666667 0.5504629629629629 0.517578125 0.5518518518518518 0.5178385416666667 0.5550925925925926 0.5180989583333333 0.5555555555555556 0.518359375 0.5587962962962963 0.5188802083333334 0.5606481481481481 0.5188802083333334 0.562037037037037 0.5196614583333333 0.5657407407407408 0.5196614583333333 0.5675925925925925 0.5201822916666666 0.5722222222222222 0.5204427083333333 0.5726851851851852 0.5204427083333333 0.5828703703703704 0.5201822916666666 0.5833333333333334 0.5201822916666666 0.5861111111111111 0.5194010416666667 0.5893518518518519 0.5188802083333334 0.5930555555555556 0.5173177083333333 0.5981481481481481 0.5170572916666667 0.5995370370370371 0.5162760416666666 0.6013888888888889 0.5149739583333334 0.6037037037037037 0.5149739583333334 0.6041666666666666 0.5125 0.6085648148148148 0.5122395833333333 0.6085648148148148 0.5109375 0.6108796296296296 0.5106770833333333 0.6108796296296296 0.5091145833333334 0.6131944444444445 0.5072916666666667 0.6145833333333334 0.5052083333333334 0.6168981481481481 0.50390625 0.6173611111111111 0.503125 0.618287037037037 0.5005208333333333 0.6192129629629629 0.49895833333333334 0.6201388888888889 0.4973958333333333 0.6201388888888889 0.49713541666666666 0.6206018518518519
2 0.4419270833333333 0.7118055555555556 0.05911458333333336 0.10925925925925928 0.44557291666666665 0.7664351851851852 0.44114583333333335 0.7664351851851852 0.44088541666666664 0.7659722222222223 0.43828125 0.7659722222222223 0.43802083333333336 0.7655092592592593 0.43671875 0.7655092592592593 0.4356770833333333 0.7650462962962963 0.43411458333333336 0.7636574074074074 0.43359375 0.7636574074074074 0.43072916666666666 0.7613425925925926 0.43020833333333336 0.7604166666666666 0.42890625 0.7594907407407407 0.42734375 0.7576388888888889 0.42434895833333336 0.7523148148148148 0.42434895833333336 0.7518518518518519 0.4217447916666667 0.7472222222222222 0.4217447916666667 0.7467592592592592 0.4178385416666667 0.7398148148148148 0.4173177083333333 0.7379629629629629 0.416015625 0.7351851851851852 0.415234375 0.7328703703703704 0.4147135416666667 0.7305555555555555 0.4134114583333333 0.725925925925926 0.412890625 0.7203703703703703 0.41263020833333336 0.7199074074074074 0.41263020833333336 0.7171296296296297 0.41236979166666665 0.7166666666666667 0.41236979166666665 0.7046296296296296 0.41263020833333336 0.7041666666666667 0.41263020833333336 0.7018518518518518 0.412890625 0.7013888888888888 0.412890625 0.6990740740740741 0.41315104166666666 0.6986111111111111 0.413671875 0.6944444444444444 0.4147135416666667 0.6907407407407408 0.4147135416666667 0.6898148148148148 0.416015625 0.6856481481481481 0.41627604166666665 0.6837962962962963 0.417578125 0.6805555555555556 0.41888020833333334 0.6782407407407407 0.419921875 0.6754629629629629 0.4236979166666667 0.66875 0.425 0.6673611111111111 0.42734375 0.6641203703703704 0.43046875 0.6613425925925925 0.4322916666666667 0.6604166666666667 0.43515625 0.6581018518518519 0.43645833333333334 0.6576388888888889 0.43828125 0.6576388888888889 0.43854166666666666 0.6571759259259259 0.4453125 0.6571759259259259 0.44557291666666665 0.6576388888888889 0.446875 0.6576388888888889 0.4479166666666667 0.6581018518518519 0.44869791666666664 0.6590277777777778 0.45 0.6594907407407408 0.4513020833333333 0.6604166666666667 0.4552083333333333 0.6641203703703704 0.45598958333333334 0.6645833333333333 0.45807291666666666 0.6673611111111111 0.462109375 0.674537037037037 0.462109375 0.675 0.46341145833333336 0.6773148148148148 0.46393229166666666 0.6791666666666667 0.46653645833333335 0.6847222222222222 0.466796875 0.6861111111111111 0.468359375 0.6898148148148148 0.4694010416666667 0.6949074074074074 0.47018229166666664 0.6976851851851852 0.47044270833333335 0.700925925925926 0.47096354166666665 0.7032407407407407 0.47122395833333336 0.7055555555555556 0.47122395833333336 0.7097222222222223 0.471484375 0.7101851851851851 0.471484375 0.7180555555555556 0.47122395833333336 0.7185185185185186 0.47122395833333336 0.7212962962962963 0.47096354166666665 0.7217592592592592 0.47096354166666665 0.7240740740740741 0.47018229166666664 0.7310185185185185 0.469921875 0.7314814814814815 0.4688802083333333 0.7379629629629629 0.46783854166666666 0.7416666666666667 0.46653645833333335 0.7472222222222222 0.4641927083333333 0.7513888888888889 0.4641927083333333 0.7518518518518519 0.4627604166666667 0.7543981481481481 0.46067708333333335 0.756712962962963 0.4591145833333333 0.7594907407407407 0.45703125 0.7608796296296296 0.4549479166666667 0.7618055555555555 0.45416666666666666 0.7627314814814815 0.45260416666666664 0.7636574074074074 0.4518229166666667 0.7636574074074074 0.45 0.7650462962962963 0.44921875 0.7650462962962963 0.4479166666666667 0.7659722222222223 0.44583333333333336 0.7659722222222223 0.44557291666666665 0.7664351851851852
1 0.438671875 0.5988425925925926 0.048958333333333326 0.08703703703703713 0.43984375 0.6423611111111112 0.4359375 0.6423611111111112 0.4356770833333333 0.6418981481481482 0.43411458333333336 0.6418981481481482 0.43203125 0.6409722222222223 0.42994791666666665 0.6391203703703704 0.42942708333333335 0.6381944444444444 0.42526041666666664 0.6340277777777777 0.4225260416666667 0.6291666666666667 0.4225260416666667 0.6287037037037037 0.420703125 0.625462962962963 0.419921875 0.6231481481481481 0.418359375 0.6194444444444445 0.4178385416666667 0.6175925925925926 0.416796875 0.6152777777777778 0.41497395833333334 0.6083333333333333 0.414453125 0.6041666666666666 0.414453125 0.6018518518518519 0.4141927083333333 0.6013888888888889 0.4141927083333333 0.5935185185185186 0.414453125 0.5912037037037037 0.41497395833333334 0.5888888888888889 0.41497395833333334 0.5875 0.41549479166666664 0.5847222222222223 0.416796875 0.5791666666666667 0.419140625 0.5731481481481482 0.42018229166666665 0.5708333333333333 0.4231770833333333 0.5655092592592592 0.42526041666666664 0.5631944444444444 0.4265625 0.5613425925925926 0.428125 0.5599537037037037 0.42942708333333335 0.5594907407407408 0.43072916666666666 0.5581018518518519 0.43515625 0.555787037037037 0.4354166666666667 0.555324074074074 0.44166666666666665 0.555324074074074 0.44192708333333336 0.555787037037037 0.44375 0.555787037037037 0.4440104166666667 0.55625 0.44583333333333336 0.5567129629629629 0.446875 0.5576388888888889 0.44765625 0.5576388888888889 0.45078125 0.5604166666666667 0.4515625 0.5613425925925926 0.45286458333333335 0.5636574074074074 0.453125 0.5636574074074074 0.45533854166666665 0.5675925925925925 0.455859375 0.5694444444444444 0.4571614583333333 0.5722222222222222 0.45846354166666664 0.5773148148148148 0.4615885416666667 0.5884259259259259 0.4615885416666667 0.5893518518518519 0.46236979166666664 0.5916666666666667 0.462890625 0.5949074074074074 0.462890625 0.5976851851851852 0.46315104166666665 0.5981481481481481 0.46315104166666665 0.6041666666666666 0.462890625 0.6046296296296296 0.462890625 0.6078703703703704 0.46236979166666664 0.6097222222222223 0.46236979166666664 0.6111111111111112 0.4615885416666667 0.6143518518518518 0.4615885416666667 0.6152777777777778 0.45950520833333336 0.6222222222222222 0.4544270833333333 0.63125 0.453125 0.6326388888888889 0.4515625 0.6349537037037037 0.4466145833333333 0.6391203703703704 0.44557291666666665 0.6405092592592593 0.44505208333333335 0.6405092592592593 0.4434895833333333 0.6418981481481482 0.4401041666666667 0.6418981481481482 0.43984375 0.6423611111111112
1 0.5385416666666667 0.4537037037037037 0.043489583333333304 0.08101851851851855 0.5377604166666666 0.49421296296296297 0.53671875 0.49375 0.534375 0.49375 0.5330729166666667 0.493287037037037 0.5317708333333333 0.49236111111111114 0.5294270833333333 0.4914351851851852 0.528125 0.49050925925925926 0.5270833333333333 0.48912037037037037 0.52578125 0.48819444444444443 0.5247395833333334 0.48680555555555555 0.5212239583333333 0.48055555555555557 0.520703125 0.4787037037037037 0.5196614583333333 0.47638888888888886 0.518359375 0.4703703703703704 0.5180989583333333 0.4666666666666667 0.5178385416666667 0.46620370370370373 0.5178385416666667 0.4638888888888889 0.517578125 0.4634259259259259 0.517578125 0.4601851851851852 0.5173177083333333 0.4597222222222222 0.5173177083333333 0.4564814814814815 0.5170572916666667 0.45601851851851855 0.5170572916666667 0.45185185185185184 0.516796875 0.4513888888888889 0.516796875 0.44583333333333336 0.5170572916666667 0.44537037037037036 0.5170572916666667 0.4425925925925926 0.5173177083333333 0.44027777777777777 0.518359375 0.4361111111111111 0.518359375 0.43472222222222223 0.5204427083333333 0.4287037037037037 0.521484375 0.4263888888888889 0.52265625 0.42476851851851855 0.52421875 0.4219907407407407 0.5265625 0.41921296296296295 0.5278645833333333 0.418287037037037 0.5291666666666667 0.41689814814814813 0.5296875 0.41689814814814813 0.5333333333333333 0.41458333333333336 0.534375 0.41458333333333336 0.5359375 0.4136574074074074 0.5372395833333333 0.4136574074074074 0.5375 0.4131944444444444 0.54140625 0.4131944444444444 0.5416666666666666 0.4136574074074074 0.54296875 0.4136574074074074 0.54453125 0.41458333333333336 0.5455729166666666 0.41458333333333336 0.546875 0.41550925925925924 0.5484375 0.41597222222222224 0.55 0.4173611111111111 0.5520833333333334 0.4201388888888889 0.5528645833333333 0.42060185185185184 0.5541666666666667 0.4224537037037037 0.556640625 0.42685185185185187 0.5579427083333334 0.4305555555555556 0.558984375 0.43287037037037035 0.5600260416666667 0.4393518518518518 0.5600260416666667 0.44212962962962965 0.5602864583333333 0.4425925925925926 0.5602864583333333 0.4638888888888889 0.5600260416666667 0.46435185185185185 0.5600260416666667 0.4671296296296296 0.559765625 0.4675925925925926 0.5595052083333333 0.4703703703703704 0.558984375 0.47175925925925927 0.558203125 0.475 0.557421875 0.47638888888888886 0.5561197916666667 0.48009259259259257 0.5541666666666667 0.48356481481481484 0.5520833333333334 0.4863425925925926 0.55078125 0.48726851851851855 0.5502604166666667 0.48819444444444443 0.5463541666666667 0.49189814814814814 0.5447916666666667 0.49236111111111114 0.5432291666666667 0.493287037037037 0.54140625 0.493287037037037 0.5411458333333333 0.49375 0.5380208333333333 0.49375 0.5377604166666666 0.49421296296296297
2 0.5511718750000001 0.5467592592592593 0.05208333333333337 0.10046296296296298 0.5528645833333333 0.5969907407407408 0.5515625 0.5969907407407408 0.5513020833333333 0.5965277777777778 0.5481770833333334 0.5965277777777778 0.5479166666666667 0.5960648148148148 0.5463541666666667 0.5960648148148148 0.5440104166666667 0.5951388888888889 0.5421875 0.59375 0.53984375 0.5923611111111111 0.5393229166666667 0.5914351851851852 0.5364583333333334 0.5881944444444445 0.5361979166666667 0.5881944444444445 0.5348958333333333 0.5858796296296296 0.5346354166666667 0.5858796296296296 0.533203125 0.5833333333333334 0.533203125 0.5828703703703704 0.5319010416666666 0.5805555555555556 0.5298177083333333 0.575 0.5295572916666667 0.5731481481481482 0.5290364583333333 0.5717592592592593 0.528515625 0.5680555555555555 0.5279947916666666 0.5662037037037037 0.527734375 0.5638888888888889 0.5272135416666667 0.562037037037037 0.5264322916666667 0.5560185185185185 0.5259114583333333 0.5537037037037037 0.5256510416666667 0.5513888888888889 0.5256510416666667 0.5486111111111112 0.525390625 0.5481481481481482 0.525390625 0.5453703703703704 0.5251302083333333 0.5449074074074074 0.5251302083333333 0.5347222222222222 0.525390625 0.5342592592592592 0.525390625 0.5310185185185186 0.526171875 0.5254629629629629 0.5266927083333334 0.5231481481481481 0.5272135416666667 0.5222222222222223 0.527734375 0.5199074074074074 0.5282552083333333 0.5189814814814815 0.529296875 0.5152777777777777 0.5305989583333334 0.512962962962963 0.5305989583333334 0.5125 0.5325520833333334 0.5090277777777777 0.5328125 0.5090277777777777 0.5341145833333333 0.506712962962963 0.53671875 0.5034722222222222 0.5401041666666667 0.5002314814814814 0.54140625 0.49930555555555556 0.5440104166666667 0.4979166666666667 0.5453125 0.49745370370370373 0.5471354166666667 0.49745370370370373 0.5473958333333333 0.49699074074074073 0.5486979166666667 0.49699074074074073 0.5489583333333333 0.4965277777777778 0.553125 0.4965277777777778 0.5546875 0.49745370370370373 0.5559895833333334 0.49745370370370373 0.55703125 0.4979166666666667 0.5588541666666667 0.49930555555555556 0.56015625 0.4997685185185185 0.5622395833333333 0.5016203703703703 0.5627604166666667 0.5016203703703703 0.5651041666666666 0.5039351851851852 0.5658854166666667 0.5043981481481481 0.5684895833333333 0.5076388888888889 0.5712239583333333 0.5125 0.5733072916666667 0.5175925925925926 0.573828125 0.5199074074074074 0.5743489583333333 0.5208333333333334 0.575390625 0.525 0.575390625 0.5263888888888889 0.576171875 0.5296296296296297 0.576171875 0.5310185185185186 0.5766927083333333 0.5333333333333333 0.576953125 0.5356481481481481 0.576953125 0.5472222222222223 0.5772135416666667 0.5476851851851852 0.5772135416666667 0.5518518518518518 0.576953125 0.5523148148148148 0.576953125 0.5583333333333333 0.5766927083333333 0.5587962962962963 0.5766927083333333 0.562037037037037 0.576171875 0.5648148148148148 0.5759114583333333 0.5675925925925925 0.5751302083333333 0.5699074074074074 0.5740885416666667 0.5745370370370371 0.5735677083333334 0.575462962962963 0.5727864583333333 0.5782407407407407 0.56875 0.5854166666666667 0.5674479166666667 0.5868055555555556 0.5666666666666667 0.5881944444444445 0.5645833333333333 0.5905092592592592 0.5614583333333333 0.593287037037037 0.5606770833333333 0.594212962962963 0.5591145833333333 0.5946759259259259 0.5578125 0.5956018518518519 0.5565104166666667 0.5960648148148148 0.5552083333333333 0.5960648148148148 0.5549479166666667 0.5965277777777778 0.553125 0.5965277777777778 0.5528645833333333 0.5969907407407408
1 0.5071614583333334 0.6972222222222222 0.05104166666666671 0.09583333333333333 0.5109375 0.7451388888888889 0.5059895833333333 0.7451388888888889 0.5057291666666667 0.7446759259259259 0.5041666666666667 0.7446759259259259 0.50390625 0.7442129629629629 0.5026041666666666 0.7442129629629629 0.5015625 0.74375 0.49973958333333335 0.7423611111111111 0.4984375 0.7418981481481481 0.49635416666666665 0.7400462962962963 0.49583333333333335 0.7391203703703704 0.49453125 0.7381944444444445 0.4934895833333333 0.7368055555555556 0.490234375 0.7310185185185185 0.4876302083333333 0.725 0.487109375 0.7226851851851852 0.48658854166666665 0.7217592592592592 0.48528645833333334 0.7175925925925926 0.48528645833333334 0.7166666666666667 0.4837239583333333 0.711574074074074 0.48346354166666666 0.7092592592592593 0.48294270833333336 0.7078703703703704 0.48268229166666665 0.7050925925925926 0.48216145833333335 0.7023148148148148 0.48216145833333335 0.7 0.48190104166666664 0.6995370370370371 0.48190104166666664 0.6939814814814815 0.481640625 0.6916666666666667 0.48190104166666664 0.6912037037037037 0.48190104166666664 0.6875 0.48216145833333335 0.687037037037037 0.48216145833333335 0.6842592592592592 0.482421875 0.6819444444444445 0.48294270833333336 0.6796296296296296 0.483203125 0.6773148148148148 0.4837239583333333 0.6759259259259259 0.4850260416666667 0.6708333333333333 0.48606770833333335 0.6680555555555555 0.48736979166666666 0.6657407407407407 0.48736979166666666 0.6652777777777777 0.4889322916666667 0.6625 0.4889322916666667 0.6620370370370371 0.4901041666666667 0.6604166666666667 0.49140625 0.6581018518518519 0.49166666666666664 0.6581018518518519 0.49322916666666666 0.655787037037037 0.49635416666666665 0.6530092592592592 0.49895833333333334 0.6511574074074075 0.49973958333333335 0.6511574074074075 0.5018229166666667 0.6497685185185185 0.50390625 0.6497685185185185 0.5041666666666667 0.6493055555555556 0.51015625 0.6493055555555556 0.5127604166666667 0.6502314814814815 0.5140625 0.6511574074074075 0.5153645833333333 0.6516203703703703 0.5166666666666667 0.6525462962962963 0.5182291666666666 0.6543981481481481 0.51953125 0.6553240740740741 0.521875 0.6581018518518519 0.5256510416666667 0.6648148148148149 0.5264322916666667 0.6671296296296296 0.5274739583333333 0.6689814814814815 0.5282552083333333 0.6712962962962963 0.5282552083333333 0.6722222222222223 0.529296875 0.6754629629629629 0.5298177083333333 0.6777777777777778 0.530078125 0.6800925925925926 0.5311197916666667 0.6847222222222222 0.5311197916666667 0.6861111111111111 0.5319010416666666 0.6921296296296297 0.5321614583333333 0.6925925925925925 0.5321614583333333 0.6953703703703704 0.532421875 0.6958333333333333 0.532421875 0.7018518518518518 0.5326822916666667 0.7023148148148148 0.5326822916666667 0.7046296296296296 0.532421875 0.7050925925925926 0.532421875 0.7074074074074074 0.5319010416666666 0.7101851851851851 0.5303385416666667 0.7199074074074074 0.5282552083333333 0.725925925925926 0.5272135416666667 0.7277777777777777 0.526171875 0.7305555555555555 0.5236979166666667 0.7349537037037037 0.5234375 0.7349537037037037 0.5221354166666666 0.7372685185185185 0.5203125 0.7391203703703704 0.5192708333333333 0.7395833333333334 0.5169270833333334 0.7418981481481481 0.51640625 0.7418981481481481 0.5151041666666667 0.743287037037037 0.5145833333333333 0.743287037037037 0.5130208333333334 0.7446759259259259 0.5111979166666667 0.7446759259259259 0.5109375 0.7451388888888889
2 0.8395833333333333 0.3856481481481482 0.06744791666666661 0.09675925925925927 0.8395833333333333 0.4340277777777778 0.8348958333333333 0.4340277777777778 0.8346354166666666 0.4335648148148148 0.83203125 0.4335648148148148 0.8317708333333333 0.43310185185185185 0.8302083333333333 0.43310185185185185 0.8299479166666667 0.4326388888888889 0.8286458333333333 0.4326388888888889 0.82734375 0.4321759259259259 0.8260416666666667 0.43125 0.8247395833333333 0.430787037037037 0.8239583333333333 0.42986111111111114 0.82265625 0.42939814814814814 0.8205729166666667 0.4275462962962963 0.8200520833333333 0.42662037037037037 0.8177083333333334 0.42476851851851855 0.8161458333333333 0.4224537037037037 0.8158854166666667 0.4224537037037037 0.8145833333333333 0.4201388888888889 0.8143229166666667 0.4201388888888889 0.808984375 0.41064814814814815 0.808984375 0.4101851851851852 0.8076822916666667 0.4074074074074074 0.8069010416666667 0.4046296296296296 0.806640625 0.4023148148148148 0.805859375 0.39861111111111114 0.805859375 0.3875 0.8061197916666667 0.3851851851851852 0.8071614583333333 0.3814814814814815 0.8084635416666667 0.37777777777777777 0.8084635416666667 0.3773148148148148 0.812109375 0.37083333333333335 0.8126302083333333 0.36898148148148147 0.813671875 0.36666666666666664 0.8149739583333333 0.36435185185185187 0.816015625 0.36203703703703705 0.8165364583333333 0.36018518518518516 0.8173177083333333 0.3587962962962963 0.8186197916666667 0.3537037037037037 0.8203125 0.3506944444444444 0.8213541666666667 0.34976851851851853 0.8223958333333333 0.34791666666666665 0.8260416666666667 0.34421296296296294 0.82734375 0.34375 0.8294270833333334 0.3418981481481482 0.8325520833333333 0.3400462962962963 0.83359375 0.3400462962962963 0.83515625 0.33912037037037035 0.8364583333333333 0.33912037037037035 0.8380208333333333 0.33819444444444446 0.8401041666666667 0.33819444444444446 0.8403645833333333 0.33773148148148147 0.8434895833333333 0.33773148148148147 0.84375 0.3372685185185185 0.8455729166666667 0.3372685185185185 0.846875 0.33773148148148147 0.84921875 0.33912037037037035 0.8505208333333333 0.33912037037037035 0.8536458333333333 0.34050925925925923 0.8552083333333333 0.34282407407407406 0.85703125 0.34467592592592594 0.8591145833333333 0.3451388888888889 0.86171875 0.34652777777777777 0.8630208333333333 0.34791666666666665 0.8653645833333333 0.35208333333333336 0.865625 0.35208333333333336 0.8669270833333333 0.35439814814814813 0.8671875 0.35439814814814813 0.8688802083333333 0.3574074074074074 0.8696614583333333 0.3592592592592593 0.869921875 0.36064814814814816 0.8709635416666667 0.362962962962963 0.8720052083333333 0.36666666666666664 0.8720052083333333 0.3675925925925926 0.8727864583333333 0.37083333333333335 0.8727864583333333 0.3731481481481482 0.873046875 0.3736111111111111 0.873046875 0.37592592592592594 0.8733072916666667 0.3763888888888889 0.8733072916666667 0.3814814814814815 0.873046875 0.3819444444444444 0.873046875 0.38564814814814813 0.8725260416666667 0.38842592592592595 0.8720052083333333 0.38981481481481484 0.8717447916666666 0.3921296296296296 0.8709635416666667 0.39444444444444443 0.8701822916666667 0.3958333333333333 0.8696614583333333 0.3976851851851852 0.860546875 0.41388888888888886 0.860546875 0.41435185185185186 0.85546875 0.4233796296296296 0.8536458333333333 0.42569444444444443 0.85234375 0.42662037037037037 0.8518229166666667 0.4275462962962963 0.8505208333333333 0.4284722222222222 0.8489583333333334 0.4303240740740741 0.84765625 0.43125 0.8450520833333334 0.4326388888888889 0.84375 0.4326388888888889 0.8421875 0.4335648148148148 0.83984375 0.4335648148148148 0.8395833333333333 0.4340277777777778
2 0.9737630208333333 0.19050925925925927 0.051953125000000044 0.08981481481481482 0.9997395833333333 0.2224537037037037 0.9984375 0.2224537037037037 0.997265625 0.22407407407407406 0.9958333333333333 0.22662037037037036 0.9942708333333333 0.22847222222222222 0.9927083333333333 0.23078703703703704 0.98984375 0.23310185185185187 0.98671875 0.23449074074074075 0.98515625 0.23449074074074075 0.9848958333333333 0.2349537037037037 0.98203125 0.2349537037037037 0.9817708333333334 0.23541666666666666 0.9783854166666667 0.23541666666666666 0.978125 0.2349537037037037 0.97578125 0.2349537037037037 0.9755208333333333 0.23449074074074075 0.9731770833333333 0.23449074074074075 0.9729166666666667 0.23402777777777778 0.97109375 0.23402777777777778 0.96953125 0.23310185185185187 0.9671875 0.2326388888888889 0.9661458333333334 0.23171296296296295 0.9653645833333333 0.23171296296296295 0.9645833333333333 0.23078703703703704 0.9627604166666667 0.22939814814814816 0.9611979166666667 0.2275462962962963 0.9604166666666667 0.22615740740740742 0.959375 0.22569444444444445 0.9588541666666667 0.2247685185185185 0.95703125 0.22337962962962962 0.95625 0.2224537037037037 0.9546875 0.2196759259259259 0.9520833333333333 0.21689814814814815 0.950390625 0.21388888888888888 0.950390625 0.21342592592592594 0.948828125 0.21064814814814814 0.948046875 0.20787037037037037 0.9477864583333333 0.20601851851851852 0.9477864583333333 0.19814814814814816 0.948046875 0.19583333333333333 0.9485677083333334 0.19398148148148148 0.948828125 0.1912037037037037 0.9498697916666666 0.1875 0.9514322916666667 0.1837962962962963 0.9516927083333333 0.1824074074074074 0.9524739583333334 0.18101851851851852 0.9532552083333333 0.1787037037037037 0.9555989583333333 0.17453703703703705 0.9555989583333333 0.17407407407407408 0.9569010416666667 0.17175925925925925 0.9579427083333333 0.16898148148148148 0.959765625 0.1648148148148148 0.9602864583333334 0.16296296296296298 0.9622395833333334 0.15949074074074074 0.96328125 0.15856481481481483 0.9658854166666667 0.15393518518518517 0.9674479166666666 0.1525462962962963 0.9708333333333333 0.14884259259259258 0.9721354166666667 0.14791666666666667 0.9739583333333334 0.1474537037037037 0.9755208333333333 0.14652777777777778 0.9768229166666667 0.14652777777777778 0.9770833333333333 0.14606481481481481 0.9791666666666666 0.14606481481481481 0.9794270833333333 0.14560185185185184 0.9859375 0.14560185185185184 0.9861979166666667 0.14606481481481481 0.9893229166666667 0.14606481481481481 0.9895833333333334 0.14652777777777778 0.9908854166666666 0.14652777777777778 0.9911458333333333 0.14699074074074073 0.9924479166666667 0.14699074074074073 0.9927083333333333 0.1474537037037037 0.9950520833333333 0.14791666666666667 0.99765625 0.14976851851851852 0.9997395833333333 0.14976851851851852
11 0.8361328125 0.5722222222222222 0.3272135416666667 0.8486111111111111 0.9997395833333333 0.9956018518518519 0.9963541666666667 0.9956018518518519 0.99609375 0.9960648148148148 0.9924479166666667 0.9960648148148148 0.9921875 0.9956018518518519 0.9723958333333333 0.9956018518518519 0.9721354166666667 0.9960648148148148 0.96484375 0.9960648148148148 0.9645833333333333 0.9956018518518519 0.9463541666666667 0.9956018518518519 0.9450520833333333 0.9946759259259259 0.94375 0.9946759259259259 0.9427083333333334 0.99375 0.9404947916666667 0.9898148148148148 0.9397135416666667 0.987037037037037 0.9384114583333333 0.9842592592592593 0.9368489583333334 0.9773148148148149 0.9368489583333334 0.975925925925926 0.936328125 0.9745370370370371 0.9360677083333333 0.9726851851851852 0.9350260416666667 0.9703703703703703 0.933203125 0.9638888888888889 0.9326822916666667 0.961574074074074 0.932421875 0.9592592592592593 0.9319010416666667 0.9578703703703704 0.9298177083333333 0.95 0.9295572916666667 0.9476851851851852 0.928515625 0.9430555555555555 0.926953125 0.937962962962963 0.9259114583333333 0.9333333333333333 0.924609375 0.9291666666666667 0.9243489583333333 0.9277777777777778 0.9233072916666667 0.924537037037037 0.922265625 0.9189814814814815 0.919921875 0.9111111111111111 0.919921875 0.9101851851851852 0.9188802083333333 0.9069444444444444 0.918359375 0.9037037037037037 0.917578125 0.9013888888888889 0.917578125 0.9004629629629629 0.916796875 0.8981481481481481 0.916796875 0.8972222222222223 0.916015625 0.8944444444444445 0.9154947916666667 0.8935185185185185 0.9141927083333333 0.887962962962963 0.9134114583333334 0.8856481481481482 0.9118489583333333 0.8777777777777778 0.910546875 0.8740740740740741 0.908984375 0.8685185185185185 0.9079427083333333 0.8643518518518518 0.9071614583333333 0.862037037037037 0.9055989583333334 0.8564814814814815 0.9053385416666667 0.8541666666666666 0.9048177083333333 0.8518518518518519 0.9029947916666666 0.8453703703703703 0.9029947916666666 0.8444444444444444 0.9022135416666667 0.8421296296296297 0.901171875 0.8375 0.8993489583333333 0.8314814814814815 0.8993489583333333 0.8305555555555556 0.8985677083333333 0.8273148148148148 0.898046875 0.825925925925926 0.8977864583333334 0.8236111111111111 0.8967447916666667 0.8185185185185185 0.8954427083333333 0.8143518518518519 0.8938802083333334 0.8106481481481481 0.8928385416666667 0.8069444444444445 0.891796875 0.8046296296296296 0.890234375 0.7986111111111112 0.889453125 0.7935185185185185 0.888671875 0.7912037037037037 0.888671875 0.7902777777777777 0.8868489583333333 0.7837962962962963 0.8858072916666667 0.7805555555555556 0.8858072916666667 0.7791666666666667 0.8852864583333333 0.7773148148148148 0.8850260416666667 0.775 0.8821614583333334 0.7648148148148148 0.8821614583333334 0.7638888888888888 0.880859375 0.7597222222222222 0.8805989583333333 0.7574074074074074 0.8790364583333333 0.7513888888888889 0.878515625 0.750462962962963 0.877734375 0.7476851851851852 0.8765625 0.7456018518518519 0.8744791666666667 0.7465277777777778 0.8734375 0.7465277777777778 0.8723958333333334 0.7474537037037037 0.8703125 0.7483796296296297 0.8692708333333333 0.7483796296296297 0.8677083333333333 0.7493055555555556 0.86640625 0.7493055555555556 0.8661458333333333 0.7497685185185186 0.86484375 0.7497685185185186 0.8645833333333334 0.7502314814814814 0.86171875 0.7502314814814814 0.8614583333333333 0.7506944444444444 0.8575520833333333 0.7506944444444444 0.8572916666666667 0.7511574074074074 0.85390625 0.7511574074074074 0.8536458333333333 0.7516203703703703 0.85234375 0.7516203703703703 0.85078125 0.7525462962962963 0.8489583333333334 0.7525462962962963 0.8486979166666667 0.7530092592592592 0.8466145833333333 0.7530092592592592 0.8463541666666666 0.7534722222222222 0.8424479166666666 0.7534722222222222 0.8421875 0.7539351851851852 0.8403645833333333 0.7539351851851852 0.8401041666666667 0.7543981481481481 0.8377604166666667 0.7543981481481481 0.8375 0.7548611111111111 0.8356770833333333 0.7548611111111111 0.8354166666666667 0.7553240740740741 0.8333333333333334 0.7553240740740741 0.8330729166666667 0.7557870370370371 0.8263020833333333 0.7557870370370371 0.8260416666666667 0.75625 0.8236979166666667 0.75625 0.8234375 0.756712962962963 0.8197916666666667 0.756712962962963 0.81953125 0.757175925925926 0.81328125 0.757175925925926 0.8130208333333333 0.7576388888888889 0.8083333333333333 0.7576388888888889 0.8080729166666667 0.7581018518518519 0.8057291666666667 0.7581018518518519 0.8036458333333333 0.7594907407407407 0.7986979166666667 0.7594907407407407 0.7971354166666667 0.7608796296296296 0.7955729166666666 0.7618055555555555 0.7908854166666667 0.7618055555555555 0.790625 0.7622685185185185 0.7893229166666667 0.7622685185185185 0.7890625 0.7627314814814815 0.7877604166666666 0.7627314814814815 0.78515625 0.7636574074074074 0.7822916666666667 0.7650462962962963 0.7794270833333333 0.767824074074074 0.7770833333333333 0.7715277777777778 0.7755208333333333 0.7729166666666667 0.7744791666666667 0.7743055555555556 0.773828125 0.7759259259259259 0.77265625 0.7780092592592592 0.77109375 0.7798611111111111 0.769921875 0.7819444444444444 0.7694010416666667 0.7851851851851852 0.7694010416666667 0.788425925925926 0.7701822916666666 0.7907407407407407 0.770703125 0.7935185185185185 0.7712239583333333 0.7976851851851852 0.7717447916666667 0.799537037037037 0.7720052083333333 0.8018518518518518 0.773828125 0.8078703703703703 0.7743489583333333 0.8106481481481481 0.7743489583333333 0.8125 0.7748697916666667 0.8162037037037037 0.7756510416666667 0.8185185185185185 0.7756510416666667 0.8194444444444444 0.7764322916666667 0.8212962962962963 0.7766927083333334 0.8236111111111111 0.7774739583333333 0.8268518518518518 0.7779947916666666 0.8305555555555556 0.7798177083333333 0.836574074074074 0.7803385416666667 0.8388888888888889 0.780859375 0.8430555555555556 0.7811197916666667 0.8435185185185186 0.781640625 0.8476851851851852 0.7821614583333333 0.8495370370370371 0.7821614583333333 0.8518518518518519 0.782421875 0.8523148148148149 0.782421875 0.8564814814814815 0.7834635416666667 0.8601851851851852 0.7845052083333334 0.862037037037037 0.7852864583333333 0.8657407407407407 0.7858072916666666 0.8671296296296296 0.786328125 0.8699074074074075 0.786328125 0.8712962962962963 0.7868489583333333 0.8731481481481481 0.7873697916666667 0.8768518518518519 0.7881510416666667 0.8800925925925925 0.7889322916666667 0.8851851851851852 0.790234375 0.8898148148148148 0.7912760416666667 0.8925925925925926 0.7915364583333333 0.8962962962962963 0.7923177083333334 0.9004629629629629 0.7928385416666667 0.9013888888888889 0.793359375 0.9041666666666667 0.7938802083333333 0.9055555555555556 0.7938802083333333 0.9069444444444444 0.7944010416666667 0.9092592592592592 0.7944010416666667 0.9106481481481481 0.794921875 0.913425925925926 0.795703125 0.9157407407407407 0.795703125 0.9166666666666666 0.7967447916666667 0.9199074074074074 0.7970052083333333 0.9226851851851852 0.7975260416666666 0.925 0.7975260416666666 0.9268518518518518 0.798046875 0.9291666666666667 0.798046875 0.9305555555555556 0.798828125 0.9328703703703703 0.7990885416666667 0.9351851851851852 0.7998697916666667 0.9393518518518519 0.801171875 0.9425925925925925 0.8024739583333333 0.9476851851851852 0.8024739583333333 0.9486111111111111 0.8032552083333333 0.9518518518518518 0.8037760416666667 0.9555555555555556 0.804296875 0.9569444444444445 0.8053385416666666 0.9625 0.8053385416666666 0.9643518518518519 0.805859375 0.9666666666666667 0.805859375 0.9685185185185186 0.8063802083333333 0.9708333333333333 0.8076822916666667 0.9736111111111111 0.8087239583333333 0.9768518518518519 0.8087239583333333 0.9782407407407407 0.8092447916666666 0.9805555555555555 0.8095052083333333 0.9847222222222223 0.8100260416666667 0.9875 0.8100260416666667 0.9907407407407407 0.808984375 0.9949074074074075 0.8072916666666666 0.9965277777777778 0.803125 0.9965277777777778 0.8028645833333333 0.9960648148148148 0.7955729166666666 0.9960648148148148 0.7953125 0.9965277777777778 0.7940104166666667 0.9965277777777778 0.79375 0.9960648148148148 0.7888020833333333 0.9960648148148148 0.7885416666666667 0.9956018518518519 0.7864583333333334 0.9956018518518519 0.7861979166666667 0.9951388888888889 0.7848958333333333 0.9951388888888889 0.7846354166666667 0.9946759259259259 0.7833333333333333 0.9946759259259259 0.7825520833333334 0.9942129629629629 0.7802083333333333 0.9918981481481481 0.7790364583333333 0.9898148148148148 0.7782552083333333 0.987037037037037 0.7779947916666666 0.9847222222222223 0.7774739583333333 0.9828703703703704 0.7772135416666667 0.9796296296296296 0.7766927083333334 0.9768518518518519 0.7756510416666667 0.9736111111111111 0.7756510416666667 0.9726851851851852 0.7748697916666667 0.9703703703703703 0.7743489583333333 0.9675925925925926 0.7743489583333333 0.9662037037037037 0.773828125 0.9643518518518519 0.7735677083333333 0.9611111111111111 0.773046875 0.9592592592592593 0.7727864583333334 0.9569444444444445 0.772265625 0.9555555555555556 0.771484375 0.9495370370370371 0.770703125 0.9462962962962963 0.769921875 0.9412037037037037 0.7694010416666667 0.9393518518518519 0.7694010416666667 0.937962962962963 0.7686197916666667 0.9351851851851852 0.7680989583333333 0.9314814814814815 0.7673177083333333 0.9291666666666667 0.7662760416666666 0.924074074074074 0.766015625 0.9208333333333333 0.7654947916666667 0.9189814814814815 0.7654947916666667 0.9175925925925926 0.7641927083333333 0.9125 0.7634114583333333 0.9074074074074074 0.7626302083333333 0.9046296296296297 0.7626302083333333 0.9032407407407408 0.7615885416666667 0.8986111111111111 0.761328125 0.8953703703703704 0.7600260416666667 0.8902777777777777 0.7600260416666667 0.8888888888888888 0.7592447916666667 0.8856481481481482 0.7587239583333333 0.8814814814814815 0.758203125 0.8796296296296297 0.758203125 0.8782407407407408 0.7576822916666667 0.8763888888888889 0.757421875 0.8740740740740741 0.7569010416666667 0.8726851851851852 0.7561197916666667 0.8666666666666667 0.755859375 0.8662037037037037 0.7555989583333333 0.8634259259259259 0.755078125 0.862037037037037 0.755078125 0.8606481481481482 0.7540364583333333 0.8560185185185185 0.7540364583333333 0.8546296296296296 0.7532552083333334 0.8513888888888889 0.752734375 0.8481481481481481 0.751171875 0.8430555555555556 0.7509114583333333 0.8398148148148148 0.750390625 0.8379629629629629 0.7501302083333333 0.8347222222222223 0.749609375 0.8328703703703704 0.7493489583333334 0.8305555555555556 0.7483072916666667 0.8263888888888888 0.747265625 0.8212962962962963 0.7470052083333333 0.8185185185185185 0.746484375 0.8171296296296297 0.7462239583333333 0.8138888888888889 0.745703125 0.812037037037037 0.7454427083333334 0.8097222222222222 0.7444010416666667 0.8064814814814815 0.7438802083333333 0.8041666666666667 0.7430989583333333 0.799074074074074 0.742578125 0.7925925925925926 0.7415364583333334 0.787962962962963 0.7412760416666667 0.7837962962962963 0.741015625 0.7819444444444444 0.740234375 0.7787037037037037 0.740234375 0.7777777777777778 0.739453125 0.7754629629629629 0.7391927083333333 0.7726851851851851 0.738671875 0.7699074074074074 0.738671875 0.7680555555555556 0.7373697916666667 0.7611111111111111 0.7365885416666667 0.7597222222222222 0.7360677083333333 0.7560185185185185 0.735546875 0.7546296296296297 0.7352864583333333 0.7523148148148148 0.733984375 0.7481481481481481 0.733203125 0.7449074074074075 0.7329427083333333 0.7425925925925926 0.732421875 0.7407407407407407 0.731640625 0.736574074074074 0.731640625 0.7351851851851852 0.7311197916666666 0.7333333333333333 0.7311197916666666 0.7319444444444444 0.7305989583333333 0.7296296296296296 0.7298177083333334 0.7236111111111111 0.7295572916666667 0.7231481481481481 0.729296875 0.7203703703703703 0.7287760416666667 0.7189814814814814 0.7287760416666667 0.7175925925925926 0.727734375 0.7138888888888889 0.7274739583333333 0.7111111111111111 0.7266927083333333 0.7078703703703704 0.7264322916666667 0.7055555555555556 0.7259114583333334 0.7037037037037037 0.7259114583333334 0.7013888888888888 0.725390625 0.6990740740740741 0.7251302083333333 0.6967592592592593 0.724609375 0.6949074074074074 0.7243489583333333 0.6925925925925925 0.723828125 0.6912037037037037 0.723828125 0.6898148148148148 0.7233072916666666 0.687962962962963 0.7233072916666666 0.6865740740740741 0.7227864583333333 0.6847222222222222 0.7227864583333333 0.6833333333333333 0.722265625 0.6810185185185185 0.722265625 0.6796296296296296 0.7217447916666667 0.6773148148148148 0.720703125 0.674074074074074 0.7204427083333333 0.6717592592592593 0.719921875 0.6703703703703704 0.719140625 0.6648148148148149 0.7186197916666667 0.662962962962963 0.718359375 0.6597222222222222 0.7178385416666667 0.6569444444444444 0.716796875 0.6537037037037037 0.7157552083333333 0.649074074074074 0.7157552083333333 0.6476851851851851 0.715234375 0.6458333333333334 0.715234375 0.6444444444444445 0.7147135416666667 0.6425925925925926 0.714453125 0.6388888888888888 0.7141927083333334 0.638425925925926 0.7139322916666667 0.6347222222222222 0.712890625 0.6314814814814815 0.712890625 0.6305555555555555 0.712109375 0.6282407407407408 0.7115885416666666 0.624537037037037 0.7110677083333333 0.6231481481481481 0.710546875 0.6203703703703703 0.7102864583333334 0.6162037037037037 0.7095052083333333 0.6125 0.7092447916666667 0.6101851851851852 0.708203125 0.6064814814814815 0.7079427083333333 0.6037037037037037 0.7071614583333333 0.600462962962963 0.7069010416666667 0.5972222222222222 0.7063802083333334 0.5953703703703703 0.7061197916666667 0.5930555555555556 0.7053385416666667 0.5907407407407408 0.705078125 0.5884259259259259 0.704296875 0.5861111111111111 0.7040364583333333 0.5837962962962963 0.702734375 0.5787037037037037 0.7024739583333334 0.5745370370370371 0.7022135416666667 0.5726851851851852 0.7016927083333333 0.5712962962962963 0.7014322916666667 0.5689814814814815 0.700390625 0.5652777777777778 0.700390625 0.5638888888888889 0.6998697916666666 0.562037037037037 0.6998697916666666 0.5606481481481481 0.6990885416666667 0.5569444444444445 0.6990885416666667 0.5550925925925926 0.6985677083333334 0.5527777777777778 0.6983072916666667 0.55 0.6975260416666667 0.5476851851851852 0.6970052083333333 0.5444444444444444 0.696484375 0.5430555555555555 0.6962239583333333 0.5407407407407407 0.6954427083333333 0.537962962962963 0.6954427083333333 0.5365740740740741 0.694921875 0.5342592592592592 0.694921875 0.5324074074074074 0.6938802083333333 0.5259259259259259 0.6928385416666667 0.5222222222222223 0.692578125 0.5199074074074074 0.6920572916666666 0.5180555555555556 0.6920572916666666 0.5166666666666667 0.6915364583333333 0.512962962962963 0.6904947916666667 0.5083333333333333 0.6904947916666667 0.5069444444444444 0.6897135416666667 0.5046296296296297 0.6897135416666667 0.5037037037037037 0.688671875 0.500462962962963 0.6881510416666666 0.4976851851851852 0.687109375 0.48935185185185187 0.686328125 0.4861111111111111 0.686328125 0.48518518518518516 0.684765625 0.4791666666666667 0.6845052083333333 0.47685185185185186 0.683984375 0.475 0.683984375 0.4736111111111111 0.683203125 0.46805555555555556 0.6826822916666667 0.4652777777777778 0.6819010416666667 0.46296296296296297 0.681640625 0.46064814814814814 0.680859375 0.4583333333333333 0.6803385416666666 0.45601851851851855 0.6798177083333333 0.4513888888888889 0.679296875 0.449537037037037 0.6787760416666667 0.44537037037037036 0.6787760416666667 0.44351851851851853 0.6779947916666667 0.44074074074074077 0.677734375 0.43842592592592594 0.676953125 0.4361111111111111 0.676953125 0.43472222222222223 0.6764322916666666 0.43287037037037035 0.6764322916666666 0.43148148148148147 0.675390625 0.42685185185185187 0.6748697916666667 0.42314814814814816 0.673828125 0.41759259259259257 0.6735677083333333 0.4152777777777778 0.673046875 0.41388888888888886 0.6727864583333333 0.4115740740740741 0.6727864583333333 0.4078703703703704 0.6725260416666666 0.4074074074074074 0.6725260416666666 0.399537037037037 0.6727864583333333 0.3990740740740741 0.673046875 0.3958333333333333 0.6735677083333333 0.39444444444444443 0.673828125 0.3925925925925926 0.675 0.3905092592592593 0.678125 0.38819444444444445 0.6794270833333333 0.38819444444444445 0.6796875 0.38773148148148145 0.6809895833333334 0.38773148148148145 0.68125 0.3872685185185185 0.6830729166666667 0.3872685185185185 0.6833333333333333 0.38680555555555557 0.68515625 0.38680555555555557 0.6854166666666667 0.38634259259259257 0.68671875 0.38634259259259257 0.6869791666666667 0.38587962962962963 0.6885416666666667 0.38587962962962963 0.6888020833333334 0.3854166666666667 0.6903645833333333 0.3854166666666667 0.690625 0.3849537037037037 0.6919270833333333 0.3849537037037037 0.6921875 0.38449074074074074 0.69375 0.38449074074074074 0.6940104166666666 0.3840277777777778 0.696875 0.3840277777777778 0.6971354166666667 0.3835648148148148 0.6989583333333333 0.3835648148148148 0.69921875 0.38310185185185186 0.70546875 0.38310185185185186 0.7057291666666666 0.3835648148148148 0.7072916666666667 0.3840277777777778 0.70859375 0.38587962962962963 0.709375 0.38587962962962963 0.7104166666666667 0.38449074074074074 0.7122395833333334 0.38310185185185186 0.7134114583333333 0.38055555555555554 0.7139322916666667 0.37824074074074077 0.714453125 0.3773148148148148 0.715234375 0.37453703703703706 0.7154947916666666 0.37222222222222223 0.716015625 0.3699074074074074 0.7170572916666667 0.36666666666666664 0.717578125 0.36342592592592593 0.718359375 0.3611111111111111 0.7186197916666667 0.3587962962962963 0.7196614583333333 0.3541666666666667 0.720703125 0.3509259259259259 0.720703125 0.35 0.721484375 0.34814814814814815 0.722265625 0.3435185185185185 0.723046875 0.34120370370370373 0.723828125 0.33796296296296297 0.7243489583333333 0.337037037037037 0.7256510416666667 0.33240740740740743 0.7259114583333334 0.3300925925925926 0.7272135416666666 0.32592592592592595 0.7279947916666667 0.32175925925925924 0.7279947916666667 0.3143518518518518 0.7272135416666666 0.3101851851851852 0.726953125 0.30787037037037035 0.726953125 0.3 0.727734375 0.2949074074074074 0.7287760416666667 0.2916666666666667 0.7295572916666667 0.2875 0.7313802083333333 0.28379629629629627 0.7313802083333333 0.2833333333333333 0.7328125 0.28078703703703706 0.7364583333333333 0.27662037037037035 0.7385416666666667 0.27569444444444446 0.7403645833333333 0.2738425925925926 0.7411458333333333 0.27337962962962964 0.7420572916666667 0.27037037037037037 0.7420572916666667 0.2671296296296296 0.7423177083333333 0.26666666666666666 0.7423177083333333 0.2625 0.742578125 0.262037037037037 0.742578125 0.25925925925925924 0.7430989583333333 0.25787037037037036 0.7436197916666667 0.2550925925925926 0.7455729166666667 0.2516203703703704 0.746875 0.2502314814814815 0.7505208333333333 0.24699074074074073 0.7518229166666667 0.24560185185185185 0.7546875 0.24467592592592594 0.7549479166666667 0.24421296296296297 0.7565104166666666 0.24421296296296297 0.7567708333333333 0.24375 0.759375 0.24375 0.7604166666666666 0.24328703703703702 0.7630208333333334 0.2414351851851852 0.7643229166666666 0.24097222222222223 0.7669270833333334 0.24097222222222223 0.7671875 0.24050925925925926 0.76875 0.24050925925925926 0.7700520833333333 0.24004629629629629 0.7713541666666667 0.23912037037037037 0.7723958333333333 0.23912037037037037 0.7736979166666667 0.23819444444444443 0.775 0.2377314814814815 0.7765625 0.2377314814814815 0.7768229166666667 0.23726851851851852 0.7786458333333334 0.23726851851851852 0.77890625 0.23680555555555555 0.7802083333333333 0.23680555555555555 0.78046875 0.2363425925925926 0.7822916666666667 0.2363425925925926 0.7825520833333334 0.23587962962962963 0.7841145833333333 0.23587962962962963 0.784375 0.23541666666666666 0.7856770833333333 0.23541666666666666 0.7859375 0.2349537037037037 0.7872395833333333 0.2349537037037037 0.7875 0.23449074074074075 0.7888020833333333 0.23449074074074075 0.7901041666666667 0.23402777777777778 0.79140625 0.23310185185185187 0.7927083333333333 0.23310185185185187 0.79296875 0.2326388888888889 0.7942708333333334 0.2326388888888889 0.7963541666666667 0.23125 0.79765625 0.23125 0.7979166666666667 0.23078703703703704 0.79921875 0.23078703703703704 0.7994791666666666 0.23032407407407407 0.80078125 0.23032407407407407 0.8010416666666667 0.2298611111111111 0.80234375 0.2298611111111111 0.80390625 0.22893518518518519 0.8052083333333333 0.22893518518518519 0.80546875 0.22847222222222222 0.8067708333333333 0.22847222222222222 0.80703125 0.22800925925925927 0.8088541666666667 0.22800925925925927 0.8091145833333333 0.2275462962962963 0.8106770833333333 0.2275462962962963 0.8109375 0.22708333333333333 0.8125 0.22708333333333333 0.8127604166666667 0.22662037037037036 0.8140625 0.22662037037037036 0.8169270833333333 0.22523148148148148 0.8200520833333333 0.22430555555555556 0.8216145833333334 0.22337962962962962 0.8229166666666666 0.22337962962962962 0.8231770833333333 0.22291666666666668 0.8247395833333333 0.22291666666666668 0.825 0.2224537037037037 0.8263020833333333 0.2224537037037037 0.8265625 0.22199074074074074 0.8278645833333333 0.22199074074074074 0.828125 0.22152777777777777 0.8296875 0.22152777777777777 0.8299479166666667 0.22106481481481483 0.8315104166666667 0.22106481481481483 0.8317708333333333 0.22060185185185185 0.8333333333333334 0.22060185185185185 0.83359375 0.22013888888888888 0.83515625 0.22013888888888888 0.8354166666666667 0.2196759259259259 0.83671875 0.2196759259259259 0.8369791666666667 0.21921296296296297 0.8385416666666666 0.21921296296296297 0.8388020833333333 0.21875 0.8401041666666667 0.21875 0.8427083333333333 0.2178240740740741 0.84296875 0.21736111111111112 0.84453125 0.21736111111111112 0.8447916666666667 0.21689814814814815 0.8466145833333333 0.21689814814814815 0.846875 0.21643518518518517 0.8481770833333333 0.21643518518518517 0.8484375 0.21597222222222223 0.85 0.21597222222222223 0.8502604166666666 0.21550925925925926 0.8515625 0.21550925925925926 0.853125 0.21458333333333332 0.8546875 0.21458333333333332 0.8549479166666667 0.21412037037037038 0.85625 0.21412037037037038 0.8565104166666667 0.2136574074074074 0.8588541666666667 0.2136574074074074 0.8591145833333333 0.21319444444444444 0.8606770833333334 0.21319444444444444 0.86171875 0.21226851851851852 0.8640625 0.21180555555555555 0.8653645833333333 0.21087962962962964 0.8666666666666667 0.21041666666666667 0.8684895833333334 0.21041666666666667 0.86875 0.2099537037037037 0.87109375 0.2099537037037037 0.8713541666666667 0.20949074074074073 0.8731770833333333 0.20949074074074073 0.8755208333333333 0.20856481481481481 0.8765625 0.2076388888888889 0.8778645833333333 0.20717592592592593 0.8791666666666667 0.20717592592592593 0.8794270833333333 0.20671296296296296 0.8807291666666667 0.20671296296296296 0.88203125 0.20625 0.8833333333333333 0.20532407407407408 0.8856770833333333 0.2048611111111111 0.8869791666666667 0.2039351851851852 0.890625 0.20300925925925925 0.8921875 0.20208333333333334 0.8934895833333333 0.20208333333333334 0.89375 0.20162037037037037 0.8950520833333333 0.20162037037037037 0.8953125 0.2011574074074074 0.8966145833333333 0.2011574074074074 0.896875 0.20069444444444445 0.8981770833333333 0.20069444444444445 0.8984375 0.20023148148148148 0.8997395833333334 0.20023148148148148 0.9 0.1997685185185185 0.9018229166666667 0.1997685185185185 0.9020833333333333 0.19930555555555557 0.90390625 0.19930555555555557 0.9041666666666667 0.1988425925925926 0.90546875 0.1988425925925926 0.9057291666666667 0.19837962962962963 0.90703125 0.19837962962962963 0.9083333333333333 0.19791666666666666 0.9096354166666667 0.19699074074074074 0.9122395833333333 0.1960648148148148 0.9135416666666667 0.1960648148148148 0.9138020833333333 0.19560185185185186 0.9151041666666667 0.19560185185185186 0.9153645833333334 0.1951388888888889 0.9169270833333333 0.1951388888888889 0.9171875 0.19467592592592592 0.9184895833333333 0.19467592592592592 0.91875 0.19421296296296298 0.9203125 0.19421296296296298 0.9205729166666666 0.19375 0.921875 0.19375 0.9221354166666667 0.19328703703703703 0.9234375 0.19328703703703703 0.9236979166666667 0.19282407407407406 0.9252604166666667 0.19282407407407406 0.9255208333333333 0.19236111111111112 0.9270833333333334 0.19236111111111112 0.92734375 0.19189814814814815 0.9286458333333333 0.19189814814814815 0.92890625 0.19143518518518518 0.9302083333333333 0.19143518518518518 0.93046875 0.1909722222222222 0.93203125 0.1909722222222222 0.9322916666666666 0.19050925925925927 0.93359375 0.19050925925925927 0.93515625 0.18958333333333333 0.93671875 0.18958333333333333 0.9369791666666667 0.18912037037037038 0.9388020833333334 0.18912037037037038 0.9390625 0.1886574074074074 0.9403645833333333 0.1886574074074074 0.940625 0.18819444444444444 0.9419270833333333 0.18819444444444444 0.9421875 0.18773148148148147 0.9442708333333333 0.18773148148148147 0.9453125 0.18819444444444444 0.94765625 0.19050925925925927 0.9494791666666667 0.1900462962962963 0.9510416666666667 0.18912037037037038 0.9522135416666667 0.18703703703703703 0.952734375 0.18472222222222223 0.9540364583333333 0.18194444444444444 0.955078125 0.17916666666666667 0.955859375 0.1763888888888889 0.959375 0.1701388888888889 0.9596354166666666 0.1701388888888889 0.9608072916666667 0.16805555555555557 0.961328125 0.16574074074074074 0.9623697916666667 0.1625 0.9640625 0.15949074074074074 0.9643229166666667 0.15949074074074074 0.9661458333333334 0.15578703703703703 0.96796875 0.15439814814814815 0.96875 0.15439814814814815 0.9700520833333334 0.15300925925925926 0.971875 0.1525462962962963 0.9736979166666667 0.1511574074074074 0.9744791666666667 0.14976851851851852 0.9765625 0.14930555555555555 0.9778645833333334 0.14837962962962964 0.98203125 0.14837962962962964 0.9822916666666667 0.14791666666666667 0.98828125 0.14791666666666667 0.9895833333333334 0.14837962962962964 0.99140625 0.14976851851851852 0.9921875 0.14976851851851852 0.9934895833333334 0.1511574074074074 0.9940104166666667 0.1511574074074074 0.9953125 0.1525462962962963 0.9958333333333333 0.1525462962962963 0.9973958333333334 0.15393518518518517 0.9997395833333333 0.15393518518518517
3 0.26067708333333334 0.14270833333333333 0.25026041666666665 0.28541666666666665 0.347265625 0.0 0.347265625 0.0023148148148148147 0.34869791666666666 0.004861111111111111 0.34986979166666665 0.006481481481481481 0.3509114583333333 0.009722222222222222 0.3509114583333333 0.010648148148148148 0.351953125 0.013888888888888888 0.35247395833333334 0.016203703703703703 0.352734375 0.01898148148148148 0.35325520833333335 0.020370370370370372 0.35403645833333336 0.02361111111111111 0.35455729166666666 0.025 0.355859375 0.027314814814814816 0.356640625 0.02962962962962963 0.358203125 0.032407407407407406 0.359765625 0.03657407407407407 0.36028645833333334 0.03888888888888889 0.36028645833333334 0.04027777777777778 0.361328125 0.04351851851851852 0.361328125 0.044444444444444446 0.36236979166666666 0.04722222222222222 0.362890625 0.04953703703703704 0.3631510416666667 0.05277777777777778 0.3639322916666667 0.05555555555555555 0.36419270833333334 0.05787037037037037 0.36497395833333335 0.06018518518518518 0.365234375 0.062037037037037036 0.36575520833333336 0.06296296296296296 0.366796875 0.06759259259259259 0.366796875 0.06851851851851852 0.3678385416666667 0.07175925925925926 0.3678385416666667 0.07268518518518519 0.36888020833333335 0.07824074074074074 0.36966145833333336 0.08055555555555556 0.36966145833333336 0.08148148148148149 0.3712239583333333 0.08657407407407407 0.3712239583333333 0.0875 0.372265625 0.0912037037037037 0.37252604166666664 0.09351851851851851 0.37356770833333336 0.09675925925925925 0.373828125 0.09907407407407408 0.3748697916666667 0.10277777777777777 0.37591145833333334 0.10787037037037037 0.37591145833333334 0.10972222222222222 0.37643229166666664 0.1125 0.37721354166666665 0.11527777777777778 0.377734375 0.1162037037037037 0.379296875 0.12407407407407407 0.38059895833333335 0.12824074074074074 0.38059895833333335 0.12916666666666668 0.38138020833333336 0.13240740740740742 0.38138020833333336 0.13425925925925927 0.383203125 0.1425925925925926 0.383984375 0.1476851851851852 0.38502604166666665 0.15138888888888888 0.385546875 0.15648148148148147 0.38580729166666666 0.15694444444444444 0.38580729166666666 0.1638888888888889 0.385546875 0.16435185185185186 0.38450520833333335 0.16898148148148148 0.38372395833333334 0.1712962962962963 0.3821614583333333 0.17731481481481481 0.38138020833333336 0.17962962962962964 0.379296875 0.18472222222222223 0.378515625 0.18611111111111112 0.37747395833333336 0.18935185185185185 0.375390625 0.19305555555555556 0.373828125 0.19722222222222222 0.372265625 0.20324074074074075 0.3712239583333333 0.20601851851851852 0.36966145833333336 0.20879629629629629 0.36861979166666664 0.2111111111111111 0.3670572916666667 0.2162037037037037 0.3665364583333333 0.21712962962962962 0.36575520833333336 0.22037037037037038 0.36497395833333335 0.2222222222222222 0.36380208333333336 0.22430555555555556 0.36354166666666665 0.22430555555555556 0.36158854166666665 0.22777777777777777 0.360546875 0.2324074074074074 0.359765625 0.2351851851851852 0.3587239583333333 0.2375 0.35690104166666664 0.24259259259259258 0.35638020833333334 0.24537037037037038 0.3555989583333333 0.24768518518518517 0.35455729166666666 0.25 0.35377604166666665 0.2523148148148148 0.3514322916666667 0.2601851851851852 0.350390625 0.2625 0.35013020833333336 0.2638888888888889 0.34934895833333335 0.2652777777777778 0.3483072916666667 0.26851851851851855 0.3475260416666667 0.26990740740740743 0.346484375 0.27314814814814814 0.345703125 0.275 0.34453125 0.27708333333333335 0.34427083333333336 0.27708333333333335 0.342578125 0.2800925925925926 0.342578125 0.28055555555555556 0.340625 0.2835648148148148 0.33828125 0.28541666666666665 0.3333333333333333 0.28541666666666665 0.33307291666666666 0.2849537037037037 0.32864583333333336 0.2831018518518518 0.3268229166666667 0.28171296296296294 0.32395833333333335 0.28078703703703706 0.3216145833333333 0.2793981481481482 0.3203125 0.2793981481481482 0.32005208333333335 0.2789351851851852 0.3182291666666667 0.2789351851851852 0.31692708333333336 0.27800925925925923 0.315625 0.2775462962962963 0.3138020833333333 0.27569444444444446 0.31302083333333336 0.27523148148148147 0.31171875 0.27523148148148147 0.31015625 0.2743055555555556 0.30911458333333336 0.2743055555555556 0.30755208333333334 0.27337962962962964 0.30625 0.27337962962962964 0.3059895833333333 0.27291666666666664 0.3046875 0.27291666666666664 0.30442708333333335 0.2724537037037037 0.3028645833333333 0.2724537037037037 0.30078125 0.27152777777777776 0.29973958333333334 0.27060185185185187 0.2989583333333333 0.27060185185185187 0.29791666666666666 0.26967592592592593 0.29713541666666665 0.26967592592592593 0.29609375 0.26875 0.2953125 0.26875 0.2921875 0.2673611111111111 0.2908854166666667 0.26643518518518516 0.29010416666666666 0.26643518518518516 0.28802083333333334 0.2650462962962963 0.2869791666666667 0.2650462962962963 0.28463541666666664 0.2636574074074074 0.28359375 0.2636574074074074 0.28229166666666666 0.26273148148148145 0.2791666666666667 0.26134259259259257 0.278125 0.26134259259259257 0.27708333333333335 0.2604166666666667 0.2747395833333333 0.25949074074074074 0.27317708333333335 0.25949074074074074 0.27291666666666664 0.2590277777777778 0.2716145833333333 0.2590277777777778 0.2713541666666667 0.2585648148148148 0.26953125 0.25810185185185186 0.26848958333333334 0.2571759259259259 0.26536458333333335 0.25578703703703703 0.26328125 0.2539351851851852 0.2625 0.2539351851851852 0.26145833333333335 0.25300925925925927 0.25807291666666665 0.2520833333333333 0.2578125 0.2516203703703704 0.25625 0.2516203703703704 0.2559895833333333 0.2511574074074074 0.2546875 0.2511574074074074 0.25442708333333336 0.25069444444444444 0.2526041666666667 0.2502314814814815 0.2513020833333333 0.24930555555555556 0.24947916666666667 0.2488425925925926 0.2484375 0.24791666666666667 0.24765625 0.24791666666666667 0.24635416666666668 0.24699074074074073 0.24453125 0.2465277777777778 0.24427083333333333 0.24606481481481482 0.24270833333333333 0.24606481481481482 0.24244791666666668 0.24560185185185185 0.24036458333333333 0.24560185185185185 0.2390625 0.24467592592592594 0.23723958333333334 0.24421296296296297 0.23619791666666667 0.24328703703703702 0.23541666666666666 0.24328703703703702 0.234375 0.2423611111111111 0.23359375 0.2423611111111111 0.23229166666666667 0.2414351851851852 0.22994791666666667 0.24097222222222223 0.22864583333333333 0.24004629629629629 0.22786458333333334 0.24004629629629629 0.22682291666666668 0.23912037037037037 0.22604166666666667 0.23912037037037037 0.22473958333333333 0.23819444444444443 0.2234375 0.2377314814814815 0.22005208333333334 0.23449074074074075 0.21796875 0.23125 0.21666666666666667 0.2298611111111111 0.21497395833333333 0.2263888888888889 0.21393229166666666 0.2222222222222222 0.21223958333333334 0.21921296296296297 0.21197916666666666 0.21921296296296297 0.21080729166666667 0.21712962962962962 0.20950520833333333 0.21342592592592594 0.20859375 0.21180555555555555 0.20703125 0.21041666666666667 0.205078125 0.20694444444444443 0.20377604166666666 0.20277777777777778 0.20299479166666667 0.2013888888888889 0.20169270833333333 0.19722222222222222 0.198828125 0.19074074074074074 0.19752604166666668 0.1884259259259259 0.196484375 0.18611111111111112 0.19518229166666667 0.1824074074074074 0.19427083333333334 0.18078703703703702 0.19296875 0.17939814814814814 0.19153645833333333 0.17685185185185184 0.19075520833333334 0.17453703703703705 0.18815104166666666 0.16898148148148148 0.18815104166666666 0.1685185185185185 0.18684895833333334 0.16620370370370371 0.18684895833333334 0.16574074074074074 0.18346354166666667 0.1597222222222222 0.18346354166666667 0.15925925925925927 0.18216145833333333 0.15694444444444444 0.18216145833333333 0.15648148148148147 0.180859375 0.15416666666666667 0.180859375 0.1537037037037037 0.17591145833333333 0.1449074074074074 0.17513020833333334 0.14305555555555555 0.17408854166666668 0.13935185185185187 0.17278645833333334 0.13703703703703704 0.17174479166666667 0.13333333333333333 0.17057291666666666 0.13078703703703703 0.1703125 0.13078703703703703 0.16627604166666668 0.12361111111111112 0.16627604166666668 0.12314814814814815 0.16458333333333333 0.12013888888888889 0.16432291666666668 0.12013888888888889 0.16236979166666668 0.1162037037037037 0.16184895833333332 0.11435185185185186 0.16080729166666666 0.1125 0.16028645833333333 0.11064814814814815 0.15950520833333334 0.10925925925925926 0.15872395833333333 0.10648148148148148 0.155078125 0.1 0.155078125 0.09953703703703703 0.15299479166666666 0.09583333333333334 0.15221354166666667 0.09398148148148149 0.15143229166666666 0.0912037037037037 0.14830729166666667 0.08564814814814815 0.14830729166666667 0.08518518518518518 0.14700520833333333 0.08287037037037037 0.146484375 0.08101851851851852 0.143359375 0.07546296296296297 0.143359375 0.075 0.14140625 0.07152777777777777 0.14114583333333333 0.07152777777777777 0.13997395833333334 0.06944444444444445 0.13997395833333334 0.06898148148148148 0.13841145833333332 0.06527777777777778 0.13684895833333333 0.0625 0.13580729166666666 0.05925925925925926 0.13580729166666666 0.05648148148148148 0.135546875 0.056018518518518516 0.135546875 0.052314814814814814 0.136328125 0.04953703703703704 0.13919270833333333 0.044444444444444446 0.13919270833333333 0.04398148148148148 0.14036458333333332 0.04189814814814815 0.140625 0.04189814814814815 0.14192708333333334 0.03958333333333333 0.14322916666666666 0.03819444444444445 0.14635416666666667 0.03263888888888889 0.14661458333333333 0.03263888888888889 0.14778645833333334 0.030555555555555555 0.14778645833333334 0.03009259259259259 0.15078125 0.02476851851851852 0.15208333333333332 0.02337962962962963 0.15338541666666666 0.021064814814814814 0.15364583333333334 0.021064814814814814 0.15559895833333334 0.017592592592592594 0.15559895833333334 0.01712962962962963 0.15859375 0.011805555555555555 0.15885416666666666 0.011805555555555555 0.16015625 0.00949074074074074 0.16145833333333334 0.008101851851851851 0.16328125 0.005324074074074074 0.16510416666666666 0.003935185185185185 0.16588541666666667 0.0030092592592592593 0.16731770833333334 0.0023148148148148147 0.16731770833333334 0.0
3 0.5088541666666667 0.5935185185185186 0.23515625 0.5578703703703703 0.46432291666666664 0.8724537037037037 0.46171875 0.8724537037037037 0.46041666666666664 0.8715277777777778 0.45859375 0.8710648148148148 0.45755208333333336 0.8696759259259259 0.4549479166666667 0.867824074074074 0.45286458333333335 0.8659722222222223 0.4515625 0.8655092592592593 0.44947916666666665 0.8627314814814815 0.4479166666666667 0.8613425925925926 0.44635416666666666 0.8604166666666667 0.44505208333333335 0.8590277777777777 0.44375 0.8581018518518518 0.44244791666666666 0.856712962962963 0.44166666666666665 0.8553240740740741 0.4388020833333333 0.8525462962962963 0.4375 0.8506944444444444 0.4354166666666667 0.8488425925925925 0.4348958333333333 0.8488425925925925 0.43359375 0.8474537037037037 0.4322916666666667 0.8469907407407408 0.4309895833333333 0.8460648148148148 0.42864583333333334 0.84375 0.42734375 0.8428240740740741 0.4265625 0.8414351851851852 0.425 0.8395833333333333 0.42291666666666666 0.8377314814814815 0.42109375 0.8344907407407407 0.41953125 0.8326388888888889 0.41640625 0.830324074074074 0.4158854166666667 0.830324074074074 0.41354166666666664 0.8284722222222223 0.41302083333333334 0.8284722222222223 0.40989583333333335 0.8252314814814815 0.407421875 0.8208333333333333 0.40716145833333334 0.8194444444444444 0.4061197916666667 0.8162037037037037 0.405859375 0.8148148148148148 0.405859375 0.8125 0.4055989583333333 0.812037037037037 0.4055989583333333 0.8097222222222222 0.40533854166666666 0.8092592592592592 0.40533854166666666 0.8060185185185185 0.405078125 0.8055555555555556 0.405078125 0.8013888888888889 0.40481770833333336 0.8009259259259259 0.40481770833333336 0.7967592592592593 0.40455729166666665 0.7962962962962963 0.40455729166666665 0.7888888888888889 0.404296875 0.788425925925926 0.404296875 0.7814814814814814 0.40403645833333335 0.7810185185185186 0.40403645833333335 0.7708333333333334 0.40377604166666664 0.7703703703703704 0.40377604166666664 0.7638888888888888 0.403515625 0.763425925925926 0.403515625 0.7564814814814815 0.40325520833333334 0.7560185185185185 0.40325520833333334 0.7490740740740741 0.4029947916666667 0.7486111111111111 0.4029947916666667 0.7388888888888889 0.402734375 0.7384259259259259 0.402734375 0.7319444444444444 0.4024739583333333 0.7314814814814815 0.4024739583333333 0.7236111111111111 0.4022135416666667 0.7231481481481481 0.4022135416666667 0.7101851851851851 0.401953125 0.7097222222222223 0.401953125 0.7060185185185185 0.4016927083333333 0.7055555555555556 0.4016927083333333 0.6939814814814815 0.40143229166666666 0.6935185185185185 0.40143229166666666 0.6796296296296296 0.401171875 0.6791666666666667 0.401171875 0.674537037037037 0.40091145833333336 0.674074074074074 0.40091145833333336 0.6703703703703704 0.40065104166666665 0.6699074074074074 0.40065104166666665 0.6657407407407407 0.40091145833333336 0.6652777777777777 0.40065104166666665 0.662962962962963 0.40065104166666665 0.6578703703703703 0.400390625 0.6574074074074074 0.400390625 0.6532407407407408 0.40013020833333335 0.6527777777777778 0.40013020833333335 0.649537037037037 0.39986979166666664 0.649074074074074 0.39986979166666664 0.6458333333333334 0.399609375 0.6453703703703704 0.399609375 0.6398148148148148 0.39934895833333334 0.6393518518518518 0.39934895833333334 0.6314814814814815 0.3990885416666667 0.6310185185185185 0.3990885416666667 0.6259259259259259 0.398828125 0.625462962962963 0.398828125 0.6208333333333333 0.3985677083333333 0.6203703703703703 0.3985677083333333 0.6111111111111112 0.3983072916666667 0.6106481481481482 0.3983072916666667 0.6013888888888889 0.398046875 0.600925925925926 0.398046875 0.5962962962962963 0.3977864583333333 0.5958333333333333 0.3977864583333333 0.5879629629629629 0.39752604166666666 0.5875 0.39752604166666666 0.5763888888888888 0.397265625 0.575925925925926 0.397265625 0.5680555555555555 0.39700520833333336 0.5675925925925925 0.39700520833333336 0.5587962962962963 0.39674479166666665 0.5583333333333333 0.39674479166666665 0.5476851851851852 0.396484375 0.5472222222222223 0.396484375 0.5407407407407407 0.39622395833333335 0.5402777777777777 0.39622395833333335 0.5324074074074074 0.39596354166666664 0.5319444444444444 0.39596354166666664 0.5222222222222223 0.395703125 0.5217592592592593 0.395703125 0.5171296296296296 0.39544270833333334 0.5166666666666667 0.39544270833333334 0.5101851851851852 0.3951822916666667 0.5097222222222222 0.3951822916666667 0.49675925925925923 0.394921875 0.4962962962962963 0.394921875 0.49074074074074076 0.3946614583333333 0.49027777777777776 0.3946614583333333 0.48657407407407405 0.3944010416666667 0.4861111111111111 0.3944010416666667 0.48194444444444445 0.394140625 0.48148148148148145 0.394140625 0.47453703703703703 0.3938802083333333 0.4740740740740741 0.3938802083333333 0.4708333333333333 0.39361979166666666 0.4703703703703704 0.39361979166666666 0.45925925925925926 0.393359375 0.4587962962962963 0.393359375 0.45046296296296295 0.39309895833333336 0.45 0.39309895833333336 0.4398148148148148 0.39283854166666665 0.4393518518518518 0.39283854166666665 0.4324074074074074 0.392578125 0.43194444444444446 0.392578125 0.42685185185185187 0.39231770833333335 0.4263888888888889 0.39231770833333335 0.4185185185185185 0.39205729166666664 0.41805555555555557 0.39205729166666664 0.4125 0.391796875 0.41203703703703703 0.391796875 0.4041666666666667 0.39153645833333334 0.40370370370370373 0.39153645833333334 0.39861111111111114 0.3912760416666667 0.39814814814814814 0.3912760416666667 0.38425925925925924 0.392578125 0.37824074074074077 0.39453125 0.3747685185185185 0.3958333333333333 0.3733796296296296 0.39739583333333334 0.37245370370370373 0.39817708333333335 0.37245370370370373 0.39921875 0.3715277777777778 0.4010416666666667 0.3710648148148148 0.40208333333333335 0.3701388888888889 0.403125 0.3701388888888889 0.4041666666666667 0.36921296296296297 0.4049479166666667 0.36921296296296297 0.40625 0.368287037037037 0.409375 0.36689814814814814 0.41041666666666665 0.36689814814814814 0.41171875 0.3659722222222222 0.41302083333333334 0.36550925925925926 0.41432291666666665 0.36550925925925926 0.415625 0.3650462962962963 0.41692708333333334 0.36412037037037037 0.41770833333333335 0.36412037037037037 0.41875 0.36319444444444443 0.41953125 0.36319444444444443 0.42083333333333334 0.36226851851851855 0.421875 0.36226851851851855 0.42421875 0.3608796296296296 0.42526041666666664 0.3608796296296296 0.4265625 0.3599537037037037 0.4278645833333333 0.3594907407407407 0.4296875 0.3594907407407407 0.42994791666666665 0.3590277777777778 0.4315104166666667 0.3590277777777778 0.4317708333333333 0.35856481481481484 0.43307291666666664 0.35856481481481484 0.43333333333333335 0.35810185185185184 0.43463541666666666 0.35810185185185184 0.4359375 0.3576388888888889 0.43828125 0.35625 0.440625 0.355787037037037 0.44296875 0.35439814814814813 0.4453125 0.3539351851851852 0.446875 0.35300925925925924 0.44817708333333334 0.35300925925925924 0.44947916666666665 0.35208333333333336 0.4505208333333333 0.35208333333333336 0.45286458333333335 0.3506944444444444 0.4546875 0.3502314814814815 0.4557291666666667 0.34930555555555554 0.45651041666666664 0.34930555555555554 0.45755208333333336 0.34837962962962965 0.46041666666666664 0.3474537037037037 0.46197916666666666 0.34652777777777777 0.46328125 0.34652777777777777 0.4635416666666667 0.3460648148148148 0.46484375 0.3460648148148148 0.46510416666666665 0.3456018518518518 0.46640625 0.3456018518518518 0.4666666666666667 0.3451388888888889 0.46796875 0.3451388888888889 0.46822916666666664 0.34467592592592594 0.4705729166666667 0.34421296296296294 0.4708333333333333 0.34375 0.4752604166666667 0.3423611111111111 0.4765625 0.3414351851851852 0.48072916666666665 0.3400462962962963 0.4817708333333333 0.33912037037037035 0.4830729166666667 0.3386574074074074 0.48463541666666665 0.3386574074074074 0.48489583333333336 0.33819444444444446 0.4861979166666667 0.33819444444444446 0.4864583333333333 0.33773148148148147 0.48776041666666664 0.33773148148148147 0.4890625 0.3372685185185185 0.4903645833333333 0.3363425925925926 0.49114583333333334 0.3363425925925926 0.4934895833333333 0.3349537037037037 0.49635416666666665 0.33402777777777776 0.4986979166666667 0.33217592592592593 0.5002604166666667 0.33217592592592593 0.5005208333333333 0.331712962962963 0.50234375 0.331712962962963 0.5026041666666666 0.33125 0.5046875 0.33125 0.5049479166666667 0.33078703703703705 0.5067708333333333 0.33078703703703705 0.5091145833333334 0.32939814814814816 0.5104166666666666 0.32893518518518516 0.5122395833333333 0.32893518518518516 0.5125 0.3284722222222222 0.51484375 0.3275462962962963 0.5158854166666667 0.3266203703703704 0.51796875 0.3261574074074074 0.5221354166666666 0.32430555555555557 0.5229166666666667 0.32337962962962963 0.5252604166666667 0.3215277777777778 0.5265625 0.3215277777777778 0.5268229166666667 0.32199074074074074 0.5291666666666667 0.32199074074074074 0.53046875 0.32060185185185186 0.5317708333333333 0.32013888888888886 0.5330729166666667 0.319212962962963 0.5341145833333333 0.319212962962963 0.5354166666666667 0.31828703703703703 0.53671875 0.3178240740740741 0.53828125 0.3178240740740741 0.5385416666666667 0.3173611111111111 0.5403645833333334 0.3173611111111111 0.540625 0.31689814814814815 0.54453125 0.31689814814814815 0.5447916666666667 0.3164351851851852 0.54609375 0.3164351851851852 0.5473958333333333 0.31550925925925927 0.5486979166666667 0.31504629629629627 0.5505208333333333 0.31504629629629627 0.55078125 0.3145833333333333 0.553125 0.3145833333333333 0.5546875 0.31550925925925927 0.5559895833333334 0.31689814814814815 0.5575520833333333 0.3178240740740741 0.5587239583333333 0.3199074074074074 0.5592447916666666 0.32175925925925924 0.559765625 0.32546296296296295 0.5608072916666667 0.3287037037037037 0.561328125 0.3314814814814815 0.5615885416666667 0.3351851851851852 0.5626302083333333 0.3388888888888889 0.5626302083333333 0.3398148148148148 0.5634114583333333 0.3435185185185185 0.5634114583333333 0.3453703703703704 0.5639322916666667 0.34814814814814815 0.5639322916666667 0.35 0.564453125 0.3527777777777778 0.564453125 0.35509259259259257 0.565234375 0.3587962962962963 0.5662760416666667 0.36157407407407405 0.5670572916666666 0.36666666666666664 0.5670572916666666 0.36898148148148147 0.5673177083333333 0.36944444444444446 0.567578125 0.3731481481481482 0.5688802083333333 0.37916666666666665 0.5688802083333333 0.3814814814814815 0.569140625 0.3819444444444444 0.569140625 0.38425925925925924 0.569921875 0.3875 0.570703125 0.39166666666666666 0.5720052083333333 0.4009259259259259 0.5720052083333333 0.4023148148148148 0.5725260416666667 0.4050925925925926 0.573046875 0.4064814814814815 0.573828125 0.4125 0.574609375 0.4152777777777778 0.5751302083333333 0.41944444444444445 0.5756510416666667 0.4212962962962963 0.5759114583333333 0.4236111111111111 0.5764322916666667 0.425 0.5766927083333333 0.42777777777777776 0.5772135416666667 0.42962962962962964 0.5772135416666667 0.4310185185185185 0.5779947916666667 0.43425925925925923 0.5779947916666667 0.4356481481481482 0.578515625 0.43796296296296294 0.579296875 0.44583333333333336 0.5798177083333333 0.4476851851851852 0.5803385416666667 0.4532407407407407 0.5813802083333334 0.45740740740740743 0.5819010416666667 0.46111111111111114 0.582421875 0.46296296296296297 0.582421875 0.4648148148148148 0.5829427083333333 0.4666666666666667 0.5837239583333333 0.47129629629629627 0.583984375 0.4736111111111111 0.5845052083333333 0.475 0.586328125 0.4837962962962963 0.586328125 0.48564814814814816 0.5868489583333333 0.487962962962963 0.587109375 0.49027777777777776 0.587109375 0.4935185185185185 0.5873697916666667 0.49583333333333335 0.587890625 0.4981481481481482 0.5881510416666667 0.500462962962963 0.5899739583333333 0.5101851851851852 0.5904947916666666 0.5120370370370371 0.5912760416666667 0.5189814814814815 0.591796875 0.5208333333333334 0.5938802083333333 0.5319444444444444 0.594140625 0.5351851851851852 0.5946614583333333 0.5375 0.594921875 0.5398148148148149 0.5962239583333333 0.5476851851851852 0.5962239583333333 0.549537037037037 0.5967447916666667 0.5523148148148148 0.5975260416666667 0.5546296296296296 0.5985677083333333 0.5601851851851852 0.598828125 0.5634259259259259 0.5993489583333333 0.5652777777777778 0.5993489583333333 0.5666666666666667 0.5998697916666667 0.5685185185185185 0.6006510416666667 0.5745370370370371 0.6014322916666667 0.5777777777777777 0.601953125 0.5819444444444445 0.6029947916666667 0.586574074074074 0.6032552083333333 0.5888888888888889 0.6032552083333333 0.5912037037037037 0.603515625 0.5916666666666667 0.6037760416666667 0.5949074074074074 0.6045572916666667 0.5972222222222222 0.6045572916666667 0.5981481481481481 0.605859375 0.6037037037037037 0.605859375 0.6050925925925926 0.6063802083333333 0.6069444444444444 0.6063802083333333 0.6083333333333333 0.6069010416666667 0.6101851851851852 0.6069010416666667 0.611574074074074 0.6076822916666667 0.6157407407407407 0.608203125 0.6171296296296296 0.6087239583333334 0.6199074074074075 0.6087239583333334 0.6212962962962963 0.6092447916666667 0.6240740740740741 0.609765625 0.625462962962963 0.6102864583333333 0.6287037037037037 0.6102864583333333 0.6310185185185185 0.610546875 0.6314814814814815 0.610546875 0.6351851851851852 0.6108072916666667 0.6356481481481482 0.6110677083333333 0.6393518518518518 0.6118489583333333 0.6430555555555556 0.6118489583333333 0.6462962962962963 0.612109375 0.6486111111111111 0.6131510416666667 0.6513888888888889 0.6141927083333333 0.6550925925925926 0.6147135416666667 0.6583333333333333 0.6147135416666667 0.6601851851851852 0.615234375 0.663425925925926 0.6157552083333333 0.6648148148148149 0.6165364583333334 0.6699074074074074 0.6170572916666667 0.6712962962962963 0.6170572916666667 0.6726851851851852 0.617578125 0.674537037037037 0.6180989583333333 0.6805555555555556 0.6186197916666667 0.6824074074074075 0.619140625 0.6865740740740741 0.6194010416666667 0.6902777777777778 0.6212239583333333 0.6953703703703704 0.6217447916666666 0.6981481481481482 0.6220052083333333 0.7013888888888888 0.6225260416666667 0.7032407407407407 0.6225260416666667 0.7046296296296296 0.6233072916666667 0.7078703703703704 0.6240885416666667 0.7134259259259259 0.624609375 0.7152777777777778 0.624609375 0.7166666666666667 0.6251302083333333 0.7185185185185186 0.6251302083333333 0.7199074074074074 0.6256510416666666 0.7217592592592592 0.6259114583333333 0.725 0.626171875 0.725462962962963 0.626171875 0.7342592592592593 0.6264322916666667 0.7347222222222223 0.6264322916666667 0.7435185185185185 0.626171875 0.7439814814814815 0.626171875 0.7467592592592592 0.625390625 0.75 0.625390625 0.7509259259259259 0.6240885416666667 0.7550925925925925 0.623828125 0.7578703703703704 0.6227864583333333 0.7620370370370371 0.621484375 0.7662037037037037 0.621484375 0.7671296296296296 0.6201822916666667 0.7712962962962963 0.6196614583333333 0.7736111111111111 0.619140625 0.774537037037037 0.618359375 0.7782407407407408 0.618359375 0.7796296296296297 0.6178385416666666 0.7814814814814814 0.6178385416666666 0.7828703703703703 0.6173177083333333 0.7851851851851852 0.6173177083333333 0.7870370370370371 0.615234375 0.7967592592592593 0.6131510416666667 0.8041666666666667 0.612890625 0.8046296296296296 0.611328125 0.8106481481481481 0.6108072916666667 0.8115740740740741 0.6095052083333333 0.8166666666666667 0.6078125 0.819212962962963 0.6067708333333334 0.8201388888888889 0.6059895833333333 0.8201388888888889 0.6046875 0.8210648148148149 0.60390625 0.8210648148148149 0.6028645833333334 0.8219907407407407 0.6002604166666666 0.8229166666666666 0.59921875 0.8229166666666666 0.596875 0.8243055555555555 0.5955729166666667 0.8243055555555555 0.5953125 0.8247685185185185 0.5940104166666667 0.8247685185185185 0.59375 0.8252314814814815 0.5924479166666666 0.8252314814814815 0.5921875 0.8256944444444444 0.590625 0.8256944444444444 0.5903645833333333 0.8261574074074074 0.58828125 0.8261574074074074 0.5880208333333333 0.8266203703703704 0.5864583333333333 0.8266203703703704 0.5841145833333333 0.8280092592592593 0.5828125 0.8280092592592593 0.5825520833333333 0.8284722222222223 0.5807291666666666 0.8284722222222223 0.58046875 0.8289351851851852 0.5786458333333333 0.8289351851851852 0.5770833333333333 0.8298611111111112 0.57578125 0.8298611111111112 0.5755208333333334 0.830324074074074 0.5739583333333333 0.830324074074074 0.5736979166666667 0.830787037037037 0.5721354166666667 0.830787037037037 0.571875 0.83125 0.5705729166666667 0.83125 0.56640625 0.8331018518518518 0.5640625 0.8335648148148148 0.5638020833333334 0.8340277777777778 0.5622395833333333 0.8340277777777778 0.5619791666666667 0.8344907407407407 0.5606770833333333 0.8344907407407407 0.55546875 0.8377314814814815 0.5541666666666667 0.8377314814814815 0.5528645833333333 0.8381944444444445 0.5515625 0.8391203703703703 0.54921875 0.8395833333333333 0.5489583333333333 0.8400462962962963 0.54765625 0.8400462962962963 0.5463541666666667 0.8405092592592592 0.5453125 0.8414351851851852 0.54453125 0.8414351851851852 0.5432291666666667 0.8423611111111111 0.5419270833333333 0.8428240740740741 0.540625 0.8428240740740741 0.5393229166666667 0.84375 0.53828125 0.84375 0.53671875 0.8446759259259259 0.5333333333333333 0.8446759259259259 0.5317708333333333 0.8456018518518519 0.5299479166666666 0.8460648148148148 0.5283854166666667 0.8469907407407408 0.5270833333333333 0.8469907407407408 0.5268229166666667 0.8474537037037037 0.5255208333333333 0.8474537037037037 0.5252604166666667 0.8479166666666667 0.5236979166666667 0.8479166666666667 0.5234375 0.8483796296296297 0.5221354166666666 0.8483796296296297 0.5184895833333333 0.8506944444444444 0.5177083333333333 0.8516203703703704 0.5161458333333333 0.8520833333333333 0.5145833333333333 0.8530092592592593 0.5138020833333333 0.8539351851851852 0.5106770833333333 0.8548611111111111 0.5104166666666666 0.8553240740740741 0.5078125 0.85625 0.50703125 0.857175925925926 0.50546875 0.8581018518518518 0.5036458333333333 0.8581018518518518 0.5033854166666667 0.8585648148148148 0.5010416666666667 0.8585648148148148 0.50078125 0.8590277777777777 0.49947916666666664 0.8590277777777777 0.4979166666666667 0.8599537037037037 0.49609375 0.8599537037037037 0.49583333333333335 0.8604166666666667 0.4940104166666667 0.8604166666666667 0.49166666666666664 0.8618055555555556 0.4908854166666667 0.8618055555555556 0.48984375 0.8627314814814815 0.48671875 0.8641203703703704 0.48541666666666666 0.8650462962962963 0.48411458333333335 0.8655092592592593 0.4828125 0.8655092592592593 0.4825520833333333 0.8659722222222223 0.48072916666666665 0.8664351851851851 0.4796875 0.8673611111111111 0.4765625 0.868287037037037 0.4744791666666667 0.8692129629629629 0.47421875 0.8696759259259259 0.47265625 0.8696759259259259 0.47239583333333335 0.8701388888888889 0.4705729166666667 0.8701388888888889 0.4703125 0.8706018518518519 0.46901041666666665 0.8706018518518519 0.4661458333333333 0.8719907407407408 0.46458333333333335 0.8719907407407408 0.46432291666666664 0.8724537037037037
4 0.14524739583333332 0.506712962962963 0.29049479166666664 0.4194444444444445 0.0 0.46597222222222223 0.0018229166666666667 0.46597222222222223 0.0033854166666666668 0.4668981481481482 0.004166666666666667 0.46782407407407406 0.005729166666666666 0.46782407407407406 0.0078125 0.46875 0.008854166666666666 0.46967592592592594 0.01171875 0.4710648148148148 0.014322916666666666 0.4756944444444444 0.017447916666666667 0.47847222222222224 0.018489583333333334 0.4789351851851852 0.020052083333333335 0.4789351851851852 0.0234375 0.480787037037037 0.02421875 0.48171296296296295 0.026822916666666665 0.48171296296296295 0.029947916666666668 0.48032407407407407 0.030989583333333334 0.47939814814814813 0.03359375 0.47847222222222224 0.03723958333333333 0.47662037037037036 0.03984375 0.47152777777777777 0.040625 0.4706018518518518 0.044270833333333336 0.46782407407407406 0.044921875 0.4652777777777778 0.04544270833333333 0.46435185185185185 0.04674479166666667 0.45925925925925926 0.047526041666666664 0.45740740740740743 0.049088541666666666 0.4546296296296296 0.04986979166666667 0.45092592592592595 0.050130208333333336 0.4476851851851852 0.050390625 0.44722222222222224 0.050390625 0.4393518518518518 0.049609375 0.43657407407407406 0.04934895833333333 0.43472222222222223 0.0484375 0.4326388888888889 0.046875 0.43125 0.04505208333333333 0.42800925925925926 0.04375 0.42662037037037037 0.041796875 0.42314814814814816 0.041276041666666666 0.42083333333333334 0.039322916666666666 0.41921296296296295 0.03828125 0.41875 0.03671875 0.41875 0.036458333333333336 0.418287037037037 0.033854166666666664 0.418287037037037 0.032552083333333336 0.4173611111111111 0.031640625 0.41574074074074074 0.030859375 0.4134259259259259 0.029947916666666668 0.41180555555555554 0.027083333333333334 0.40949074074074077 0.025520833333333333 0.40671296296296294 0.02265625 0.4048611111111111 0.019270833333333334 0.40347222222222223 0.017578125 0.40046296296296297 0.017317708333333334 0.399537037037037 0.017317708333333334 0.39166666666666666 0.018098958333333335 0.38935185185185184 0.019661458333333333 0.3861111111111111 0.020442708333333334 0.38287037037037036 0.020442708333333334 0.3819444444444444 0.02109375 0.38078703703703703 0.021875 0.38078703703703703 0.022916666666666665 0.381712962962963 0.023958333333333335 0.381712962962963 0.026302083333333334 0.38263888888888886 0.029166666666666667 0.3854166666666667 0.030208333333333334 0.38680555555555557 0.031640625 0.38981481481481484 0.032421875 0.3925925925925926 0.03359375 0.39375 0.034895833333333334 0.394212962962963 0.03723958333333333 0.39652777777777776 0.039322916666666666 0.40023148148148147 0.040364583333333336 0.40162037037037035 0.041666666666666664 0.4025462962962963 0.04296875 0.4025462962962963 0.043229166666666666 0.40300925925925923 0.049479166666666664 0.40300925925925923 0.04973958333333333 0.4025462962962963 0.0515625 0.4025462962962963 0.05286458333333333 0.40208333333333335 0.055989583333333336 0.40023148148148147 0.059375 0.39699074074074076 0.059895833333333336 0.39699074074074076 0.0609375 0.39560185185185187 0.062239583333333334 0.39328703703703705 0.06354166666666666 0.39189814814814816 0.06419270833333333 0.3902777777777778 0.065625 0.38773148148148145 0.06640625 0.38680555555555557 0.06744791666666666 0.38634259259259257 0.06861979166666667 0.38425925925925924 0.069140625 0.38101851851851853 0.069921875 0.3787037037037037 0.069921875 0.37777777777777777 0.07096354166666667 0.37407407407407406 0.07200520833333333 0.37222222222222223 0.073046875 0.36666666666666664 0.073828125 0.3648148148148148 0.07526041666666666 0.36319444444444443 0.07604166666666666 0.36319444444444443 0.07942708333333333 0.36689814814814814 0.08125 0.3678240740740741 0.08307291666666666 0.3696759259259259 0.08411458333333334 0.3715277777777778 0.08567708333333333 0.3733796296296296 0.08776041666666666 0.37800925925925927 0.08984375 0.3798611111111111 0.09296875 0.38449074074074074 0.09322916666666667 0.38449074074074074 0.09583333333333334 0.3891203703703704 0.09713541666666667 0.3900462962962963 0.09765625 0.3909722222222222 0.09973958333333334 0.3923611111111111 0.10104166666666667 0.3923611111111111 0.10130208333333333 0.39282407407407405 0.10520833333333333 0.39282407407407405 0.10546875 0.3923611111111111 0.10677083333333333 0.3923611111111111 0.1078125 0.39143518518518516 0.10911458333333333 0.3891203703703704 0.11067708333333333 0.38773148148148145 0.11302083333333333 0.38634259259259257 0.115625 0.3854166666666667 0.11666666666666667 0.38449074074074074 0.11822916666666666 0.381712962962963 0.11979166666666667 0.3803240740740741 0.121875 0.3770833333333333 0.12213541666666666 0.3770833333333333 0.123828125 0.37175925925925923 0.12486979166666666 0.3680555555555556 0.126953125 0.3648148148148148 0.12747395833333333 0.36342592592592593 0.12747395833333333 0.36157407407407405 0.12799479166666666 0.3592592592592593 0.12799479166666666 0.35555555555555557 0.12747395833333333 0.3537037037037037 0.12747395833333333 0.3523148148148148 0.12604166666666666 0.3488425925925926 0.12578125 0.3488425925925926 0.12356770833333333 0.3449074074074074 0.12278645833333333 0.3425925925925926 0.12278645833333333 0.3402777777777778 0.12252604166666667 0.3398148148148148 0.12252604166666667 0.3375 0.12057291666666667 0.3363425925925926 0.11953125 0.3363425925925926 0.11692708333333333 0.33449074074074076 0.116015625 0.33287037037037037 0.11549479166666667 0.33055555555555555 0.11341145833333334 0.32685185185185184 0.11263020833333333 0.32407407407407407 0.11315104166666666 0.32175925925925924 0.115625 0.3196759259259259 0.11666666666666667 0.3196759259259259 0.11796875 0.31875 0.11927083333333334 0.31828703703703703 0.12083333333333333 0.31828703703703703 0.12109375 0.3178240740740741 0.12265625 0.3178240740740741 0.12291666666666666 0.3173611111111111 0.1265625 0.3164351851851852 0.12682291666666667 0.3159722222222222 0.12916666666666668 0.3159722222222222 0.12942708333333333 0.31550925925925927 0.13125 0.31550925925925927 0.13151041666666666 0.31504629629629627 0.1328125 0.31504629629629627 0.13307291666666668 0.3145833333333333 0.134375 0.3145833333333333 0.13463541666666667 0.3141203703703704 0.13697916666666668 0.3136574074074074 0.13854166666666667 0.3127314814814815 0.13984375 0.3127314814814815 0.14010416666666667 0.3122685185185185 0.14244791666666667 0.3122685185185185 0.14270833333333333 0.31180555555555556 0.14427083333333332 0.31180555555555556 0.14583333333333334 0.3108796296296296 0.14713541666666666 0.3108796296296296 0.14869791666666668 0.30995370370370373 0.15 0.30995370370370373 0.15026041666666667 0.30949074074074073 0.15286458333333333 0.30949074074074073 0.153125 0.3090277777777778 0.1546875 0.3090277777777778 0.15651041666666668 0.3076388888888889 0.15885416666666666 0.30671296296296297 0.16067708333333333 0.30671296296296297 0.1609375 0.30625 0.16276041666666666 0.30625 0.16302083333333334 0.305787037037037 0.16432291666666668 0.305787037037037 0.165625 0.30486111111111114 0.16848958333333333 0.30486111111111114 0.16875 0.30439814814814814 0.17057291666666666 0.30439814814814814 0.171875 0.3039351851851852 0.17317708333333334 0.30300925925925926 0.17786458333333333 0.30300925925925926 0.17890625 0.3025462962962963 0.18072916666666666 0.30115740740740743 0.18177083333333333 0.30069444444444443 0.18307291666666667 0.30069444444444443 0.18333333333333332 0.3002314814814815 0.18463541666666666 0.3002314814814815 0.18489583333333334 0.29976851851851855 0.19088541666666667 0.29976851851851855 0.19114583333333332 0.29930555555555555 0.19270833333333334 0.29930555555555555 0.19583333333333333 0.29791666666666666 0.19609375 0.2974537037037037 0.19739583333333333 0.2974537037037037 0.19765625 0.2969907407407407 0.20364583333333333 0.2969907407407407 0.20390625 0.2974537037037037 0.20520833333333333 0.2974537037037037 0.20859375 0.30069444444444443 0.210546875 0.30416666666666664 0.21158854166666666 0.30787037037037035 0.21184895833333334 0.31157407407407406 0.21263020833333332 0.31527777777777777 0.21419270833333334 0.3189814814814815 0.21783854166666666 0.32546296296296295 0.21783854166666666 0.32592592592592595 0.22669270833333333 0.3416666666666667 0.22747395833333334 0.3439814814814815 0.22838541666666667 0.3456018518518518 0.23255208333333333 0.3502314814814815 0.23502604166666666 0.35462962962962963 0.235546875 0.35648148148148145 0.23619791666666667 0.3576388888888889 0.23723958333333334 0.35856481481481484 0.23958333333333334 0.3590277777777778 0.24114583333333334 0.36041666666666666 0.24205729166666667 0.36203703703703705 0.24309895833333334 0.36574074074074076 0.24505208333333334 0.36921296296296297 0.2453125 0.36921296296296297 0.246875 0.37199074074074073 0.2484375 0.3733796296296296 0.2506510416666667 0.3773148148148148 0.2506510416666667 0.37777777777777777 0.253125 0.3821759259259259 0.25338541666666664 0.3821759259259259 0.2545572916666667 0.38425925925925924 0.2545572916666667 0.38472222222222224 0.256640625 0.38842592592592595 0.256640625 0.3888888888888889 0.25872395833333334 0.3925925925925926 0.25872395833333334 0.39305555555555555 0.26223958333333336 0.3993055555555556 0.2625 0.3993055555555556 0.265234375 0.4041666666666667 0.265234375 0.4046296296296296 0.26653645833333334 0.40694444444444444 0.26653645833333334 0.4074074074074074 0.2677083333333333 0.40902777777777777 0.269140625 0.4115740740740741 0.269921875 0.41388888888888886 0.273046875 0.41944444444444445 0.2740885416666667 0.42268518518518516 0.27578125 0.42569444444444443 0.2760416666666667 0.42569444444444443 0.278125 0.42939814814814814 0.2799479166666667 0.43125 0.2828125 0.4363425925925926 0.28359375 0.4372685185185185 0.2864583333333333 0.4372685185185185 0.2877604166666667 0.43819444444444444 0.28880208333333335 0.4395833333333333 0.2897135416666667 0.4425925925925926 0.2897135416666667 0.44814814814814813 0.290234375 0.45092592592592595 0.290234375 0.4532407407407407 0.29049479166666664 0.4537037037037037 0.29049479166666664 0.4689814814814815 0.290234375 0.46944444444444444 0.290234375 0.4726851851851852 0.28997395833333334 0.47314814814814815 0.28997395833333334 0.4791666666666667 0.2897135416666667 0.47962962962962963 0.2897135416666667 0.48564814814814816 0.289453125 0.4861111111111111 0.289453125 0.4898148148148148 0.2891927083333333 0.49027777777777776 0.2891927083333333 0.4925925925925926 0.2889322916666667 0.4930555555555556 0.2889322916666667 0.49675925925925923 0.288671875 0.49722222222222223 0.2889322916666667 0.49907407407407406 0.2889322916666667 0.5050925925925925 0.288671875 0.5055555555555555 0.288671875 0.5083333333333333 0.28736979166666665 0.5111111111111111 0.287109375 0.512962962962963 0.287109375 0.5152777777777777 0.286328125 0.5203703703703704 0.286328125 0.524074074074074 0.28606770833333334 0.524537037037037 0.28606770833333334 0.5324074074074074 0.285546875 0.5351851851851852 0.285546875 0.5370370370370371 0.2850260416666667 0.5398148148148149 0.2850260416666667 0.5416666666666666 0.28424479166666666 0.5458333333333333 0.28424479166666666 0.549074074074074 0.283984375 0.549537037037037 0.283984375 0.5523148148148148 0.28372395833333336 0.5546296296296296 0.283203125 0.5569444444444445 0.28294270833333335 0.5592592592592592 0.28294270833333335 0.5648148148148148 0.28268229166666664 0.5652777777777778 0.28268229166666664 0.5680555555555555 0.282421875 0.5685185185185185 0.282421875 0.5717592592592593 0.28216145833333334 0.5722222222222222 0.28216145833333334 0.5805555555555556 0.2819010416666667 0.5810185185185185 0.2819010416666667 0.5842592592592593 0.281640625 0.5847222222222223 0.281640625 0.5939814814814814 0.2813802083333333 0.5944444444444444 0.2811197916666667 0.5972222222222222 0.27955729166666665 0.6013888888888889 0.27955729166666665 0.6046296296296296 0.279296875 0.6050925925925926 0.279296875 0.6087962962962963 0.27903645833333335 0.6092592592592593 0.27877604166666664 0.6134259259259259 0.278515625 0.6138888888888889 0.278515625 0.6175925925925926 0.27825520833333334 0.6180555555555556 0.27825520833333334 0.6217592592592592 0.2779947916666667 0.6222222222222222 0.2779947916666667 0.6263888888888889 0.277734375 0.6268518518518519 0.277734375 0.6310185185185185 0.2774739583333333 0.6314814814814815 0.2774739583333333 0.6351851851851852 0.2772135416666667 0.6356481481481482 0.2772135416666667 0.638425925925926 0.276953125 0.6388888888888888 0.2766927083333333 0.6430555555555556 0.276171875 0.6453703703703704 0.276171875 0.6467592592592593 0.27565104166666665 0.65 0.2740885416666667 0.6555555555555556 0.273828125 0.6587962962962963 0.27252604166666666 0.662962962962963 0.2703125 0.6659722222222222 0.26796875 0.6673611111111111 0.26666666666666666 0.6673611111111111 0.26640625 0.6678240740740741 0.26484375 0.6678240740740741 0.26458333333333334 0.6682870370370371 0.2630208333333333 0.6682870370370371 0.26276041666666666 0.66875 0.2596354166666667 0.66875 0.25807291666666665 0.669675925925926 0.25729166666666664 0.6706018518518518 0.25442708333333336 0.6719907407407407 0.2526041666666667 0.6719907407407407 0.25234375 0.6724537037037037 0.25052083333333336 0.6724537037037037 0.25026041666666665 0.6729166666666667 0.24869791666666666 0.6729166666666667 0.2484375 0.6733796296296296 0.24479166666666666 0.6733796296296296 0.24453125 0.6738425925925926 0.24270833333333333 0.6738425925925926 0.24244791666666668 0.6743055555555556 0.24088541666666666 0.6743055555555556 0.240625 0.6747685185185185 0.23776041666666667 0.6747685185185185 0.2375 0.6752314814814815 0.23098958333333333 0.6752314814814815 0.23072916666666668 0.6756944444444445 0.22890625 0.6756944444444445 0.22864583333333333 0.6761574074074074 0.2265625 0.6766203703703704 0.22447916666666667 0.6780092592592593 0.22109375 0.6780092592592593 0.21979166666666666 0.6784722222222223 0.21822916666666667 0.6798611111111111 0.21666666666666667 0.680324074074074 0.21640625 0.680787037037037 0.21223958333333334 0.680787037037037 0.21197916666666666 0.68125 0.21015625 0.68125 0.20989583333333334 0.6817129629629629 0.20572916666666666 0.6817129629629629 0.20546875 0.6821759259259259 0.20390625 0.6821759259259259 0.20078125 0.6840277777777778 0.196875 0.6840277777777778 0.19348958333333333 0.6872685185185186 0.19166666666666668 0.6872685185185186 0.19140625 0.6868055555555556 0.18880208333333334 0.6868055555555556 0.18802083333333333 0.6872685185185186 0.18489583333333334 0.6900462962962963 0.18359375 0.6900462962962963 0.18333333333333332 0.6895833333333333 0.18177083333333333 0.6895833333333333 0.18151041666666667 0.6900462962962963 0.17838541666666666 0.6918981481481481 0.178125 0.6923611111111111 0.17395833333333333 0.6923611111111111 0.17369791666666667 0.6928240740740741 0.17135416666666667 0.6928240740740741 0.17109375 0.6932870370370371 0.16875 0.6932870370370371 0.16848958333333333 0.69375 0.16510416666666666 0.69375 0.16354166666666667 0.694675925925926 0.16197916666666667 0.694675925925926 0.16171875 0.6951388888888889 0.15572916666666667 0.6951388888888889 0.15546875 0.6956018518518519 0.15260416666666668 0.6956018518518519 0.15234375 0.6960648148148149 0.14973958333333334 0.6960648148148149 0.14817708333333332 0.6969907407407407 0.14739583333333334 0.6979166666666666 0.14583333333333334 0.6983796296296296 0.14557291666666666 0.6988425925925926 0.14348958333333334 0.6988425925925926 0.14322916666666666 0.6993055555555555 0.14166666666666666 0.6993055555555555 0.14036458333333332 0.6997685185185185 0.1390625 0.7006944444444444 0.13776041666666666 0.7011574074074074 0.13489583333333333 0.7011574074074074 0.13463541666666667 0.7016203703703704 0.1328125 0.7016203703703704 0.13255208333333332 0.7020833333333333 0.13072916666666667 0.7020833333333333 0.13046875 0.7025462962962963 0.12838541666666667 0.7025462962962963 0.128125 0.7030092592592593 0.121875 0.7030092592592593 0.12161458333333333 0.7034722222222223 0.1203125 0.7034722222222223 0.11875 0.7043981481481482 0.11744791666666667 0.7043981481481482 0.1171875 0.7048611111111112 0.11588541666666667 0.7048611111111112 0.11432291666666666 0.705787037037037 0.11197916666666667 0.705787037037037 0.11171875 0.70625 0.11041666666666666 0.70625 0.10911458333333333 0.7067129629629629 0.1078125 0.7076388888888889 0.10651041666666666 0.7081018518518518 0.10442708333333334 0.7081018518518518 0.10416666666666667 0.7085648148148148 0.09973958333333334 0.7085648148148148 0.09947916666666666 0.7090277777777778 0.09583333333333334 0.7090277777777778 0.09557291666666666 0.7094907407407407 0.09348958333333333 0.7099537037037037 0.09140625 0.7113425925925926 0.08932291666666667 0.7113425925925926 0.0890625 0.7118055555555556 0.08776041666666666 0.7118055555555556 0.08489583333333334 0.7145833333333333 0.084375 0.7155092592592592 0.07786458333333333 0.7155092592592592 0.07630208333333334 0.7164351851851852 0.071875 0.7164351851851852 0.07161458333333333 0.7159722222222222 0.06979166666666667 0.7159722222222222 0.06848958333333334 0.7155092592592592 0.06744791666666666 0.7145833333333333 0.06510416666666667 0.7104166666666667 0.06328125 0.7094907407407407 0.059375 0.705787037037037 0.05625 0.7039351851851852 0.053125 0.7039351851851852 0.05286458333333333 0.7034722222222223 0.04921875 0.7034722222222223 0.04583333333333333 0.7020833333333333 0.043229166666666666 0.7002314814814815 0.04088541666666667 0.6974537037037037 0.039322916666666666 0.6969907407407407 0.0390625 0.6965277777777777 0.0375 0.6965277777777777 0.03723958333333333 0.6960648148148149 0.035416666666666666 0.6960648148148149 0.03515625 0.6956018518518519 0.03359375 0.6956018518518519 0.03125 0.694675925925926 0.02890625 0.6928240740740741 0.02734375 0.6909722222222222 0.023697916666666666 0.6886574074074074 0.022395833333333334 0.6886574074074074 0.021354166666666667 0.6881944444444444 0.018489583333333334 0.6854166666666667 0.01796875 0.6844907407407408 0.013802083333333333 0.6817129629629629 0.013020833333333334 0.6817129629629629 0.011979166666666667 0.680787037037037 0.00625 0.6789351851851851 0.004427083333333333 0.6775462962962963 0.0026041666666666665 0.6752314814814815 0.0018229166666666667 0.6747685185185185 0.0 0.6747685185185185
12 0.18281250000000002 0.5921296296296297 0.26067708333333334 0.3097222222222223 0.096875 0.7469907407407408 0.09114583333333333 0.7469907407407408 0.09088541666666666 0.7465277777777778 0.08932291666666667 0.7465277777777778 0.0890625 0.7460648148148148 0.0875 0.7460648148148148 0.08619791666666667 0.7456018518518519 0.08385416666666666 0.7442129629629629 0.08307291666666666 0.7442129629629629 0.07994791666666666 0.742824074074074 0.07890625 0.7418981481481481 0.078125 0.7418981481481481 0.07604166666666666 0.7405092592592593 0.075 0.7405092592592593 0.07395833333333333 0.7395833333333334 0.07161458333333333 0.7391203703703704 0.07057291666666667 0.7381944444444445 0.06744791666666666 0.7372685185185185 0.06640625 0.7363425925925926 0.065625 0.7363425925925926 0.06354166666666666 0.7354166666666667 0.0625 0.7344907407407407 0.06171875 0.7344907407407407 0.06067708333333333 0.7335648148148148 0.059895833333333336 0.7335648148148148 0.05651041666666667 0.7307870370370371 0.054296875 0.7268518518518519 0.05325520833333333 0.7231481481481481 0.05325520833333333 0.7222222222222222 0.052473958333333334 0.7194444444444444 0.052473958333333334 0.7171296296296297 0.052994791666666666 0.7148148148148148 0.052994791666666666 0.7129629629629629 0.05377604166666667 0.7097222222222223 0.05520833333333333 0.7076388888888889 0.05703125 0.7071759259259259 0.058854166666666666 0.7085648148148148 0.05963541666666667 0.7094907407407407 0.061197916666666664 0.7122685185185185 0.06328125 0.7141203703703703 0.06484375 0.7145833333333333 0.06744791666666666 0.7164351851851852 0.06822916666666666 0.7164351851851852 0.06953125 0.7173611111111111 0.07083333333333333 0.7173611111111111 0.07109375 0.7178240740740741 0.07369791666666667 0.7178240740740741 0.07395833333333333 0.7173611111111111 0.07682291666666667 0.7173611111111111 0.07708333333333334 0.7168981481481481 0.07916666666666666 0.7168981481481481 0.07942708333333333 0.7164351851851852 0.08098958333333334 0.7164351851851852 0.08125 0.7159722222222222 0.08307291666666666 0.7159722222222222 0.08333333333333333 0.7155092592592592 0.08463541666666667 0.7155092592592592 0.08489583333333334 0.7150462962962963 0.08645833333333333 0.7150462962962963 0.08671875 0.7145833333333333 0.08828125 0.7145833333333333 0.08854166666666667 0.7141203703703703 0.09010416666666667 0.7141203703703703 0.09036458333333333 0.7136574074074075 0.09192708333333334 0.7136574074074075 0.09348958333333333 0.7127314814814815 0.09479166666666666 0.7127314814814815 0.09505208333333333 0.7122685185185185 0.09635416666666667 0.7122685185185185 0.09661458333333334 0.7118055555555556 0.0984375 0.7118055555555556 0.09869791666666666 0.7113425925925926 0.10026041666666667 0.7113425925925926 0.10182291666666667 0.7104166666666667 0.10338541666666666 0.7104166666666667 0.10364583333333334 0.7099537037037037 0.10520833333333333 0.7099537037037037 0.10546875 0.7094907407407407 0.10677083333333333 0.7094907407407407 0.10703125 0.7090277777777778 0.10833333333333334 0.7090277777777778 0.10859375 0.7085648148148148 0.11015625 0.7085648148148148 0.11041666666666666 0.7081018518518518 0.11197916666666667 0.7081018518518518 0.11223958333333334 0.7076388888888889 0.11354166666666667 0.7076388888888889 0.11380208333333333 0.7071759259259259 0.115625 0.7071759259259259 0.11588541666666667 0.7067129629629629 0.11822916666666666 0.7067129629629629 0.11848958333333333 0.70625 0.12005208333333334 0.70625 0.1203125 0.705787037037037 0.121875 0.705787037037037 0.12213541666666666 0.705324074074074 0.12369791666666667 0.705324074074074 0.12395833333333334 0.7048611111111112 0.12578125 0.7048611111111112 0.12604166666666666 0.7043981481481482 0.12760416666666666 0.7043981481481482 0.12786458333333334 0.7039351851851852 0.12916666666666668 0.7039351851851852 0.12942708333333333 0.7034722222222223 0.13098958333333333 0.7034722222222223 0.13125 0.7030092592592593 0.1328125 0.7030092592592593 0.13307291666666668 0.7025462962962963 0.134375 0.7025462962962963 0.13463541666666667 0.7020833333333333 0.13619791666666667 0.7020833333333333 0.13645833333333332 0.7016203703703704 0.13776041666666666 0.7016203703703704 0.13802083333333334 0.7011574074074074 0.13984375 0.7011574074074074 0.14010416666666667 0.7006944444444444 0.14192708333333334 0.7006944444444444 0.1421875 0.7002314814814815 0.14348958333333334 0.7002314814814815 0.14375 0.6997685185185185 0.14505208333333333 0.6997685185185185 0.1453125 0.6993055555555555 0.14739583333333334 0.6993055555555555 0.14765625 0.6988425925925926 0.14947916666666666 0.6988425925925926 0.15104166666666666 0.6979166666666666 0.15234375 0.6979166666666666 0.15390625 0.6969907407407407 0.15520833333333334 0.6969907407407407 0.15677083333333333 0.6960648148148149 0.15807291666666667 0.6960648148148149 0.15833333333333333 0.6956018518518519 0.15963541666666667 0.6956018518518519 0.15989583333333332 0.6951388888888889 0.16119791666666666 0.6951388888888889 0.16145833333333334 0.694675925925926 0.16302083333333334 0.694675925925926 0.16328125 0.694212962962963 0.16510416666666666 0.694212962962963 0.16536458333333334 0.69375 0.16692708333333334 0.69375 0.1671875 0.6932870370370371 0.16875 0.6932870370370371 0.16901041666666666 0.6928240740740741 0.17083333333333334 0.6928240740740741 0.17109375 0.6923611111111111 0.17369791666666667 0.6923611111111111 0.17395833333333333 0.6918981481481481 0.1765625 0.6918981481481481 0.17682291666666666 0.6914351851851852 0.17864583333333334 0.6914351851851852 0.17890625 0.6909722222222222 0.18020833333333333 0.6909722222222222 0.18046875 0.6905092592592592 0.18177083333333333 0.6905092592592592 0.18203125 0.6900462962962963 0.18385416666666668 0.6900462962962963 0.18411458333333333 0.6895833333333333 0.18567708333333333 0.6895833333333333 0.18723958333333332 0.6886574074074074 0.18854166666666666 0.6886574074074074 0.18880208333333334 0.6881944444444444 0.19010416666666666 0.6881944444444444 0.19036458333333334 0.6877314814814814 0.19192708333333333 0.6877314814814814 0.1921875 0.6872685185185186 0.19375 0.6872685185185186 0.19401041666666666 0.6868055555555556 0.19609375 0.6868055555555556 0.19635416666666666 0.6863425925925926 0.19791666666666666 0.6863425925925926 0.19817708333333334 0.6858796296296297 0.19973958333333333 0.6858796296296297 0.2 0.6854166666666667 0.2015625 0.6854166666666667 0.20182291666666666 0.6849537037037037 0.203125 0.6849537037037037 0.20338541666666668 0.6844907407407408 0.2046875 0.6844907407407408 0.20494791666666667 0.6840277777777778 0.20651041666666667 0.6840277777777778 0.20677083333333332 0.6835648148148148 0.20807291666666666 0.6835648148148148 0.20833333333333334 0.6831018518518519 0.20989583333333334 0.6831018518518519 0.21015625 0.6826388888888889 0.21197916666666666 0.6826388888888889 0.21223958333333334 0.6821759259259259 0.21380208333333334 0.6821759259259259 0.2140625 0.6817129629629629 0.21536458333333333 0.6817129629629629 0.215625 0.68125 0.2171875 0.68125 0.21744791666666666 0.680787037037037 0.21927083333333333 0.680787037037037 0.21953125 0.680324074074074 0.22135416666666666 0.680324074074074 0.22161458333333334 0.6798611111111111 0.22291666666666668 0.6798611111111111 0.22317708333333333 0.6793981481481481 0.22473958333333333 0.6793981481481481 0.225 0.6789351851851851 0.228125 0.6789351851851851 0.22838541666666667 0.6784722222222223 0.23020833333333332 0.6784722222222223 0.23046875 0.6780092592592593 0.23203125 0.6780092592592593 0.23229166666666667 0.6775462962962963 0.23359375 0.6775462962962963 0.23515625 0.6766203703703704 0.23671875 0.6766203703703704 0.23697916666666666 0.6761574074074074 0.23854166666666668 0.6761574074074074 0.23880208333333333 0.6756944444444445 0.240625 0.6756944444444445 0.24088541666666666 0.6752314814814815 0.2421875 0.6752314814814815 0.24244791666666668 0.6747685185185185 0.24401041666666667 0.6747685185185185 0.24427083333333333 0.6743055555555556 0.24583333333333332 0.6743055555555556 0.24609375 0.6738425925925926 0.24791666666666667 0.6738425925925926 0.24817708333333333 0.6733796296296296 0.25078125 0.6733796296296296 0.25104166666666666 0.6729166666666667 0.2526041666666667 0.6729166666666667 0.25416666666666665 0.6719907407407407 0.2557291666666667 0.6719907407407407 0.2559895833333333 0.6715277777777777 0.2578125 0.6715277777777777 0.25807291666666665 0.6710648148148148 0.259375 0.6710648148148148 0.26223958333333336 0.669675925925926 0.2635416666666667 0.669675925925926 0.2638020833333333 0.669212962962963 0.26588541666666665 0.669212962962963 0.26796875 0.6682870370370371 0.2703125 0.6655092592592593 0.2716145833333333 0.6636574074074074 0.274609375 0.6583333333333333 0.27565104166666665 0.6550925925925926 0.27565104166666665 0.6518518518518519 0.27591145833333336 0.6513888888888889 0.27591145833333336 0.6481481481481481 0.276171875 0.6476851851851851 0.276171875 0.6453703703703704 0.27643229166666666 0.6449074074074074 0.277734375 0.6347222222222222 0.277734375 0.6324074074074074 0.2779947916666667 0.6319444444444444 0.2779947916666667 0.6287037037037037 0.27825520833333334 0.6282407407407408 0.27825520833333334 0.625462962962963 0.278515625 0.625 0.278515625 0.6222222222222222 0.27877604166666664 0.6217592592592592 0.27877604166666664 0.6185185185185185 0.27903645833333335 0.6180555555555556 0.27903645833333335 0.6143518518518518 0.279296875 0.6138888888888889 0.279296875 0.6111111111111112 0.27955729166666665 0.6106481481481482 0.27955729166666665 0.6083333333333333 0.27981770833333336 0.6078703703703704 0.27981770833333336 0.6041666666666666 0.280078125 0.6037037037037037 0.280078125 0.5986111111111111 0.28033854166666666 0.5981481481481481 0.28033854166666666 0.5930555555555556 0.2805989583333333 0.5925925925925926 0.2805989583333333 0.5898148148148148 0.280859375 0.5893518518518519 0.280859375 0.586574074074074 0.2811197916666667 0.5861111111111111 0.2811197916666667 0.5833333333333334 0.2813802083333333 0.5828703703703704 0.2813802083333333 0.5805555555555556 0.281640625 0.5800925925925926 0.281640625 0.5768518518518518 0.2819010416666667 0.5763888888888888 0.2819010416666667 0.5736111111111111 0.28216145833333334 0.5731481481481482 0.28216145833333334 0.5703703703703704 0.282421875 0.5699074074074074 0.282421875 0.5675925925925925 0.28268229166666664 0.5671296296296297 0.28268229166666664 0.5648148148148148 0.28346354166666665 0.5597222222222222 0.28346354166666665 0.5569444444444445 0.28372395833333336 0.5564814814814815 0.28372395833333336 0.5523148148148148 0.283984375 0.5518518518518518 0.283984375 0.549074074074074 0.28424479166666666 0.5486111111111112 0.28424479166666666 0.5453703703703704 0.2845052083333333 0.5449074074074074 0.2845052083333333 0.5421296296296296 0.284765625 0.5416666666666666 0.284765625 0.5388888888888889 0.2850260416666667 0.538425925925926 0.2850260416666667 0.5356481481481481 0.2852864583333333 0.5351851851851852 0.2852864583333333 0.5324074074074074 0.285546875 0.5319444444444444 0.285546875 0.5296296296296297 0.28606770833333334 0.5268518518518519 0.28606770833333334 0.524537037037037 0.286328125 0.524074074074074 0.286328125 0.5208333333333334 0.28658854166666664 0.5203703703703704 0.28658854166666664 0.5166666666666667 0.28684895833333335 0.5162037037037037 0.28684895833333335 0.513425925925926 0.287109375 0.512962962962963 0.287109375 0.5101851851851852 0.28736979166666665 0.5097222222222222 0.28736979166666665 0.5060185185185185 0.28763020833333336 0.5055555555555555 0.28763020833333336 0.5013888888888889 0.287890625 0.5009259259259259 0.287890625 0.4981481481481482 0.28815104166666666 0.4976851851851852 0.28815104166666666 0.4949074074074074 0.2884114583333333 0.49444444444444446 0.2884114583333333 0.49166666666666664 0.288671875 0.4912037037037037 0.288671875 0.487962962962963 0.2889322916666667 0.4875 0.2889322916666667 0.4842592592592593 0.2891927083333333 0.4837962962962963 0.2891927083333333 0.48148148148148145 0.289453125 0.4810185185185185 0.289453125 0.4787037037037037 0.28997395833333334 0.4759259259259259 0.28997395833333334 0.47314814814814815 0.290234375 0.4726851851851852 0.290234375 0.46944444444444444 0.29049479166666664 0.4689814814814815 0.29049479166666664 0.4666666666666667 0.29075520833333335 0.46620370370370373 0.29075520833333335 0.4634259259259259 0.291015625 0.46296296296296297 0.291015625 0.4583333333333333 0.29127604166666665 0.45787037037037037 0.29127604166666665 0.4486111111111111 0.291015625 0.44814814814814813 0.291015625 0.4449074074074074 0.29049479166666664 0.4425925925925926 0.28997395833333334 0.44166666666666665 0.2897135416666667 0.4393518518518518 0.290625 0.4372685185185185 0.2942708333333333 0.4372685185185185 0.2953125 0.43819444444444444 0.29609375 0.4395833333333333 0.2984375 0.4409722222222222 0.3001302083333333 0.4439814814814815 0.301171875 0.44675925925925924 0.30638020833333335 0.45601851851851855 0.30638020833333335 0.4564814814814815 0.3087239583333333 0.46064814814814814 0.3087239583333333 0.46111111111111114 0.31002604166666664 0.4634259259259259 0.31002604166666664 0.4638888888888889 0.3123697916666667 0.46805555555555556 0.312890625 0.46944444444444444 0.312890625 0.47175925925925927 0.3131510416666667 0.4722222222222222 0.3131510416666667 0.47962962962962963 0.312890625 0.48009259259259257 0.312890625 0.4847222222222222 0.3126302083333333 0.48518518518518516 0.3126302083333333 0.4898148148148148 0.3123697916666667 0.49027777777777776 0.3123697916666667 0.4925925925925926 0.312109375 0.4930555555555556 0.312109375 0.4962962962962963 0.3118489583333333 0.49675925925925923 0.3118489583333333 0.5023148148148148 0.31158854166666666 0.5027777777777778 0.31158854166666666 0.5055555555555555 0.311328125 0.5060185185185185 0.311328125 0.5092592592592593 0.31106770833333336 0.5097222222222222 0.31106770833333336 0.513425925925926 0.31080729166666665 0.5138888888888888 0.31080729166666665 0.5166666666666667 0.310546875 0.5171296296296296 0.310546875 0.5208333333333334 0.31028645833333335 0.5212962962962963 0.31028645833333335 0.5259259259259259 0.31002604166666664 0.5263888888888889 0.31002604166666664 0.5310185185185186 0.309765625 0.5314814814814814 0.309765625 0.5351851851851852 0.30950520833333334 0.5356481481481481 0.30950520833333334 0.5398148148148149 0.3092447916666667 0.5402777777777777 0.3092447916666667 0.5435185185185185 0.308984375 0.5439814814814815 0.308984375 0.5481481481481482 0.3087239583333333 0.5486111111111112 0.3087239583333333 0.5532407407407407 0.3084635416666667 0.5537037037037037 0.3084635416666667 0.5574074074074075 0.308203125 0.5578703703703703 0.308203125 0.5611111111111111 0.3079427083333333 0.5615740740740741 0.3079427083333333 0.5648148148148148 0.30768229166666666 0.5652777777777778 0.30768229166666666 0.5689814814814815 0.307421875 0.5694444444444444 0.307421875 0.5740740740740741 0.30716145833333336 0.5745370370370371 0.30716145833333336 0.5791666666666667 0.30690104166666665 0.5796296296296296 0.30690104166666665 0.5824074074074074 0.306640625 0.5828703703703704 0.306640625 0.5856481481481481 0.30638020833333335 0.5861111111111111 0.30638020833333335 0.5898148148148148 0.30611979166666664 0.5902777777777778 0.30611979166666664 0.5939814814814814 0.305859375 0.5944444444444444 0.305859375 0.5972222222222222 0.30559895833333334 0.5976851851851852 0.30559895833333334 0.600462962962963 0.3053385416666667 0.600925925925926 0.3053385416666667 0.6046296296296296 0.305078125 0.6050925925925926 0.305078125 0.6092592592592593 0.3048177083333333 0.6097222222222223 0.3048177083333333 0.6143518518518518 0.3045572916666667 0.6148148148148148 0.3045572916666667 0.6175925925925926 0.304296875 0.6180555555555556 0.304296875 0.6212962962962963 0.3040364583333333 0.6217592592592592 0.3040364583333333 0.6268518518518519 0.30377604166666666 0.6273148148148148 0.30377604166666666 0.6305555555555555 0.303515625 0.6310185185185185 0.303515625 0.6333333333333333 0.30325520833333336 0.6337962962962963 0.30325520833333336 0.6375 0.30299479166666665 0.637962962962963 0.30299479166666665 0.6407407407407407 0.302734375 0.6412037037037037 0.302734375 0.6449074074074074 0.30247395833333335 0.6453703703703704 0.30247395833333335 0.649537037037037 0.30221354166666664 0.65 0.30221354166666664 0.6537037037037037 0.301953125 0.6541666666666667 0.301953125 0.6569444444444444 0.30169270833333334 0.6574074074074074 0.30169270833333334 0.6601851851851852 0.3014322916666667 0.6606481481481481 0.3014322916666667 0.6643518518518519 0.301171875 0.6648148148148149 0.301171875 0.6675925925925926 0.3009114583333333 0.6680555555555555 0.3009114583333333 0.6708333333333333 0.3006510416666667 0.6712962962962963 0.3006510416666667 0.674074074074074 0.300390625 0.674537037037037 0.300390625 0.6768518518518518 0.29986979166666666 0.6796296296296296 0.29856770833333335 0.6837962962962963 0.2953125 0.6895833333333333 0.2950520833333333 0.6895833333333333 0.29322916666666665 0.6928240740740741 0.2921875 0.694212962962963 0.28984375 0.6965277777777777 0.28671875 0.6979166666666666 0.28541666666666665 0.6979166666666666 0.2838541666666667 0.6988425925925926 0.28229166666666666 0.6988425925925926 0.28203125 0.6993055555555555 0.28072916666666664 0.6993055555555555 0.28046875 0.6997685185185185 0.2791666666666667 0.6997685185185185 0.27890625 0.7002314814814815 0.27708333333333335 0.7002314814814815 0.27682291666666664 0.7006944444444444 0.2752604166666667 0.7006944444444444 0.275 0.7011574074074074 0.27369791666666665 0.7011574074074074 0.2734375 0.7016203703703704 0.2721354166666667 0.7016203703703704 0.271875 0.7020833333333333 0.2703125 0.7020833333333333 0.27005208333333336 0.7025462962962963 0.26848958333333334 0.7025462962962963 0.2682291666666667 0.7030092592592593 0.2669270833333333 0.7030092592592593 0.26666666666666666 0.7034722222222223 0.26536458333333335 0.7034722222222223 0.26510416666666664 0.7039351851851852 0.26328125 0.7039351851851852 0.2630208333333333 0.7043981481481482 0.26119791666666664 0.7043981481481482 0.2609375 0.7048611111111112 0.259375 0.7048611111111112 0.2578125 0.705787037037037 0.2559895833333333 0.705787037037037 0.2557291666666667 0.70625 0.25390625 0.70625 0.25364583333333335 0.7067129629629629 0.2520833333333333 0.7067129629629629 0.2518229166666667 0.7071759259259259 0.25 0.7071759259259259 0.24973958333333332 0.7076388888888889 0.24765625 0.7076388888888889 0.24739583333333334 0.7081018518518518 0.24557291666666667 0.7081018518518518 0.2453125 0.7085648148148148 0.24375 0.7085648148148148 0.24348958333333334 0.7090277777777778 0.24192708333333332 0.7090277777777778 0.24166666666666667 0.7094907407407407 0.24036458333333333 0.7094907407407407 0.24010416666666667 0.7099537037037037 0.23854166666666668 0.7099537037037037 0.23828125 0.7104166666666667 0.23671875 0.7104166666666667 0.23645833333333333 0.7108796296296296 0.23489583333333333 0.7108796296296296 0.23463541666666668 0.7113425925925926 0.23333333333333334 0.7113425925925926 0.23307291666666666 0.7118055555555556 0.23151041666666666 0.7118055555555556 0.23125 0.7122685185185185 0.22994791666666667 0.7122685185185185 0.2296875 0.7127314814814815 0.22760416666666666 0.7127314814814815 0.22734375 0.7131944444444445 0.22552083333333334 0.7131944444444445 0.22526041666666666 0.7136574074074075 0.22395833333333334 0.7136574074074075 0.22369791666666666 0.7141203703703703 0.22239583333333332 0.7141203703703703 0.22083333333333333 0.7150462962962963 0.21927083333333333 0.7150462962962963 0.21901041666666668 0.7155092592592592 0.21770833333333334 0.7155092592592592 0.21744791666666666 0.7159722222222222 0.21588541666666666 0.7159722222222222 0.215625 0.7164351851851852 0.2140625 0.7164351851851852 0.21380208333333334 0.7168981481481481 0.21223958333333334 0.7168981481481481 0.21197916666666666 0.7173611111111111 0.21041666666666667 0.7173611111111111 0.21015625 0.7178240740740741 0.20833333333333334 0.7178240740740741 0.20807291666666666 0.718287037037037 0.20651041666666667 0.718287037037037 0.20625 0.71875 0.20494791666666667 0.71875 0.20338541666666668 0.7196759259259259 0.2015625 0.7196759259259259 0.20130208333333333 0.7201388888888889 0.19973958333333333 0.7201388888888889 0.19947916666666668 0.7206018518518519 0.19817708333333334 0.7206018518518519 0.19791666666666666 0.7210648148148148 0.19661458333333334 0.7210648148148148 0.19635416666666666 0.7215277777777778 0.19479166666666667 0.7215277777777778 0.19453125 0.7219907407407408 0.19322916666666667 0.7219907407407408 0.19296875 0.7224537037037037 0.19114583333333332 0.7224537037037037 0.19088541666666667 0.7229166666666667 0.18958333333333333 0.7229166666666667 0.18932291666666667 0.7233796296296297 0.18802083333333333 0.7233796296296297 0.18776041666666668 0.7238425925925925 0.18645833333333334 0.7238425925925925 0.18489583333333334 0.7247685185185185 0.18229166666666666 0.7247685185185185 0.18203125 0.7252314814814815 0.17994791666666668 0.7252314814814815 0.1796875 0.7256944444444444 0.178125 0.7256944444444444 0.17786458333333333 0.7261574074074074 0.17630208333333333 0.7261574074074074 0.17604166666666668 0.7266203703703704 0.17421875 0.7266203703703704 0.17395833333333333 0.7270833333333333 0.17213541666666668 0.7270833333333333 0.171875 0.7275462962962963 0.17005208333333333 0.7275462962962963 0.16979166666666667 0.7280092592592593 0.16822916666666668 0.7280092592592593 0.16796875 0.7284722222222222 0.16640625 0.7284722222222222 0.16614583333333333 0.7289351851851852 0.16484375 0.7289351851851852 0.16354166666666667 0.7298611111111111 0.16223958333333333 0.7303240740740741 0.16067708333333333 0.7303240740740741 0.16041666666666668 0.7307870370370371 0.15859375 0.7307870370370371 0.15833333333333333 0.73125 0.15677083333333333 0.73125 0.15651041666666668 0.731712962962963 0.15442708333333333 0.731712962962963 0.15416666666666667 0.732175925925926 0.15182291666666667 0.732175925925926 0.1515625 0.7326388888888888 0.15 0.7326388888888888 0.14869791666666668 0.7335648148148148 0.14739583333333334 0.7335648148148148 0.14713541666666666 0.7340277777777777 0.14557291666666666 0.7340277777777777 0.1453125 0.7344907407407407 0.14401041666666667 0.7344907407407407 0.14244791666666667 0.7354166666666667 0.14036458333333332 0.7354166666666667 0.14010416666666667 0.7358796296296296 0.13776041666666666 0.7358796296296296 0.1375 0.7363425925925926 0.1359375 0.7363425925925926 0.13567708333333334 0.7368055555555556 0.134375 0.7368055555555556 0.13411458333333334 0.7372685185185185 0.1328125 0.7372685185185185 0.13125 0.7381944444444445 0.12994791666666666 0.7381944444444445 0.1296875 0.7386574074074074 0.12786458333333334 0.7386574074074074 0.12760416666666666 0.7391203703703704 0.12604166666666666 0.7391203703703704 0.12578125 0.7395833333333334 0.12421875 0.7395833333333334 0.12395833333333334 0.7400462962962963 0.12265625 0.7400462962962963 0.12239583333333333 0.7405092592592593 0.12057291666666667 0.7405092592592593 0.1203125 0.7409722222222223 0.11848958333333333 0.7409722222222223 0.11822916666666666 0.7414351851851851 0.11666666666666667 0.7414351851851851 0.11640625 0.7418981481481481 0.11510416666666666 0.7418981481481481 0.11484375 0.7423611111111111 0.11354166666666667 0.7423611111111111 0.11197916666666667 0.743287037037037 0.11067708333333333 0.743287037037037 0.11041666666666666 0.74375 0.10859375 0.74375 0.10833333333333334 0.7442129629629629 0.10651041666666666 0.7442129629629629 0.10625 0.7446759259259259 0.10442708333333334 0.7446759259259259 0.10416666666666667 0.7451388888888889 0.10260416666666666 0.7451388888888889 0.10234375 0.7456018518518519 0.10104166666666667 0.7456018518518519 0.10078125 0.7460648148148148 0.09921875 0.7460648148148148 0.09895833333333333 0.7465277777777778 0.09713541666666667 0.7465277777777778 0.096875 0.7469907407407408
12 0.14296875 0.9190972222222222 0.2825520833333333 0.16087962962962954 0.004557291666666667 0.999537037037037 0.004427083333333333 0.9988425925925926 0.002864583333333333 0.9979166666666667 0.0016927083333333334 0.9953703703703703 0.0016927083333333334 0.9893518518518518 0.0024739583333333332 0.9842592592592593 0.0024739583333333332 0.9819444444444444 0.003515625 0.975462962962963 0.004296875 0.9731481481481481 0.004296875 0.9722222222222222 0.005078125 0.9694444444444444 0.005338541666666667 0.9675925925925926 0.005338541666666667 0.9648148148148148 0.005598958333333333 0.9643518518518519 0.005598958333333333 0.9606481481481481 0.005859375 0.9601851851851851 0.005859375 0.9574074074074074 0.006119791666666667 0.9569444444444445 0.006119791666666667 0.9541666666666667 0.0069010416666666664 0.950925925925926 0.0069010416666666664 0.9495370370370371 0.007682291666666666 0.9467592592592593 0.007942708333333333 0.9444444444444444 0.008463541666666666 0.9425925925925925 0.008463541666666666 0.9412037037037037 0.008984375 0.9393518518518519 0.008984375 0.937962962962963 0.009765625 0.9351851851851852 0.010026041666666667 0.9314814814814815 0.010546875 0.9296296296296296 0.010546875 0.9282407407407407 0.011067708333333334 0.9263888888888889 0.011328125 0.924074074074074 0.011848958333333333 0.9226851851851852 0.012369791666666666 0.9189814814814815 0.012890625 0.9171296296296296 0.012890625 0.9157407407407407 0.013411458333333333 0.912962962962963 0.014973958333333334 0.9069444444444444 0.016536458333333334 0.9032407407407408 0.0203125 0.8965277777777778 0.020572916666666666 0.8965277777777778 0.0234375 0.8923611111111112 0.025 0.8905092592592593 0.026302083333333334 0.8895833333333333 0.027083333333333334 0.8895833333333333 0.028125 0.8886574074074074 0.029427083333333333 0.8881944444444444 0.031510416666666666 0.8881944444444444 0.03177083333333333 0.8877314814814815 0.033854166666666664 0.8877314814814815 0.03411458333333333 0.8872685185185185 0.0359375 0.8872685185185185 0.03619791666666667 0.8868055555555555 0.03828125 0.8868055555555555 0.03854166666666667 0.8863425925925926 0.040625 0.8863425925925926 0.04088541666666667 0.8858796296296296 0.042708333333333334 0.8858796296296296 0.04296875 0.8854166666666666 0.04479166666666667 0.8854166666666666 0.04505208333333333 0.8849537037037037 0.04765625 0.8849537037037037 0.04791666666666667 0.8844907407407407 0.05026041666666667 0.8844907407407407 0.050520833333333334 0.8840277777777777 0.053125 0.8840277777777777 0.053385416666666664 0.8835648148148149 0.05520833333333333 0.8835648148148149 0.05546875 0.8831018518518519 0.05703125 0.8831018518518519 0.057291666666666664 0.8826388888888889 0.058854166666666666 0.8826388888888889 0.05911458333333333 0.882175925925926 0.06067708333333333 0.882175925925926 0.0609375 0.881712962962963 0.06302083333333333 0.881712962962963 0.06328125 0.88125 0.06536458333333334 0.88125 0.065625 0.8807870370370371 0.06744791666666666 0.8807870370370371 0.06770833333333333 0.8803240740740741 0.06979166666666667 0.8803240740740741 0.07005208333333333 0.8798611111111111 0.07239583333333334 0.8798611111111111 0.07265625 0.8793981481481481 0.07447916666666667 0.8793981481481481 0.07473958333333333 0.8789351851851852 0.07682291666666667 0.8789351851851852 0.07708333333333334 0.8784722222222222 0.07942708333333333 0.8784722222222222 0.0796875 0.8780092592592592 0.08098958333333334 0.8780092592592592 0.08255208333333333 0.8770833333333333 0.08385416666666666 0.8770833333333333 0.08411458333333334 0.8766203703703703 0.08619791666666667 0.8766203703703703 0.08645833333333333 0.8761574074074074 0.08828125 0.8761574074074074 0.08854166666666667 0.8756944444444444 0.09036458333333333 0.8756944444444444 0.090625 0.8752314814814814 0.0921875 0.8752314814814814 0.09244791666666667 0.8747685185185186 0.09401041666666667 0.8747685185185186 0.09427083333333333 0.8743055555555556 0.09609375 0.8743055555555556 0.09635416666666667 0.8738425925925926 0.09791666666666667 0.8738425925925926 0.09817708333333333 0.8733796296296297 0.1 0.8733796296296297 0.10026041666666667 0.8729166666666667 0.10208333333333333 0.8729166666666667 0.10234375 0.8724537037037037 0.10442708333333334 0.8724537037037037 0.1046875 0.8719907407407408 0.10677083333333333 0.8719907407407408 0.10703125 0.8715277777777778 0.10885416666666667 0.8715277777777778 0.10911458333333333 0.8710648148148148 0.1109375 0.8710648148148148 0.11119791666666666 0.8706018518518519 0.11276041666666667 0.8706018518518519 0.11302083333333333 0.8701388888888889 0.11484375 0.8701388888888889 0.11510416666666666 0.8696759259259259 0.1171875 0.8696759259259259 0.11744791666666667 0.8692129629629629 0.11901041666666666 0.8692129629629629 0.11927083333333334 0.86875 0.12083333333333333 0.86875 0.12109375 0.868287037037037 0.12265625 0.868287037037037 0.12291666666666666 0.867824074074074 0.12473958333333333 0.867824074074074 0.125 0.8673611111111111 0.12708333333333333 0.8673611111111111 0.12734375 0.8668981481481481 0.12890625 0.8668981481481481 0.12916666666666668 0.8664351851851851 0.13046875 0.8664351851851851 0.13072916666666667 0.8659722222222223 0.13229166666666667 0.8659722222222223 0.13255208333333332 0.8655092592592593 0.13411458333333334 0.8655092592592593 0.134375 0.8650462962962963 0.13671875 0.8650462962962963 0.13697916666666668 0.8645833333333334 0.1390625 0.8645833333333334 0.13932291666666666 0.8641203703703704 0.14166666666666666 0.8641203703703704 0.14192708333333334 0.8636574074074074 0.14348958333333334 0.8636574074074074 0.14375 0.8631944444444445 0.1453125 0.8631944444444445 0.14557291666666666 0.8627314814814815 0.14713541666666666 0.8627314814814815 0.14739583333333334 0.8622685185185185 0.14921875 0.8622685185185185 0.14947916666666666 0.8618055555555556 0.15078125 0.8618055555555556 0.15104166666666666 0.8613425925925926 0.15234375 0.8613425925925926 0.15260416666666668 0.8608796296296296 0.15390625 0.8608796296296296 0.15416666666666667 0.8604166666666667 0.15572916666666667 0.8604166666666667 0.15598958333333332 0.8599537037037037 0.15755208333333334 0.8599537037037037 0.1578125 0.8594907407407407 0.15989583333333332 0.8594907407407407 0.16015625 0.8590277777777777 0.16197916666666667 0.8590277777777777 0.16223958333333333 0.8585648148148148 0.16432291666666668 0.8585648148148148 0.16458333333333333 0.8581018518518518 0.16666666666666666 0.8581018518518518 0.16692708333333334 0.8576388888888888 0.16875 0.8576388888888888 0.16901041666666666 0.857175925925926 0.1703125 0.857175925925926 0.17057291666666666 0.856712962962963 0.17239583333333333 0.856712962962963 0.17265625 0.85625 0.17526041666666667 0.85625 0.17552083333333332 0.8557870370370371 0.17760416666666667 0.8557870370370371 0.17786458333333333 0.8553240740740741 0.17942708333333332 0.8553240740740741 0.1796875 0.8548611111111111 0.18125 0.8548611111111111 0.18151041666666667 0.8543981481481482 0.18333333333333332 0.8543981481481482 0.18359375 0.8539351851851852 0.18515625 0.8539351851851852 0.18541666666666667 0.8534722222222222 0.1875 0.8534722222222222 0.18776041666666668 0.8530092592592593 0.18984375 0.8530092592592593 0.19010416666666666 0.8525462962962963 0.19192708333333333 0.8525462962962963 0.1921875 0.8520833333333333 0.19375 0.8520833333333333 0.19401041666666666 0.8516203703703704 0.19583333333333333 0.8516203703703704 0.19609375 0.8511574074074074 0.19791666666666666 0.8511574074074074 0.19817708333333334 0.8506944444444444 0.2 0.8506944444444444 0.20026041666666666 0.8502314814814815 0.20182291666666666 0.8502314814814815 0.20208333333333334 0.8497685185185185 0.20390625 0.8497685185185185 0.20416666666666666 0.8493055555555555 0.20598958333333334 0.8493055555555555 0.20625 0.8488425925925925 0.20755208333333333 0.8488425925925925 0.2078125 0.8483796296296297 0.209375 0.8483796296296297 0.20963541666666666 0.8479166666666667 0.21145833333333333 0.8479166666666667 0.21171875 0.8474537037037037 0.21328125 0.8474537037037037 0.21354166666666666 0.8469907407407408 0.21510416666666668 0.8469907407407408 0.21536458333333333 0.8465277777777778 0.21692708333333333 0.8465277777777778 0.2171875 0.8460648148148148 0.21901041666666668 0.8460648148148148 0.21927083333333333 0.8456018518518519 0.22109375 0.8456018518518519 0.22135416666666666 0.8451388888888889 0.22291666666666668 0.8451388888888889 0.22317708333333333 0.8446759259259259 0.22473958333333333 0.8446759259259259 0.225 0.844212962962963 0.2265625 0.844212962962963 0.22682291666666668 0.84375 0.22864583333333333 0.84375 0.22890625 0.843287037037037 0.23098958333333333 0.843287037037037 0.23125 0.8428240740740741 0.2328125 0.8428240740740741 0.23307291666666666 0.8423611111111111 0.23489583333333333 0.8423611111111111 0.23515625 0.8418981481481481 0.23697916666666666 0.8418981481481481 0.23723958333333334 0.8414351851851852 0.23880208333333333 0.8414351851851852 0.2390625 0.8409722222222222 0.24088541666666666 0.8409722222222222 0.24114583333333334 0.8405092592592592 0.24296875 0.8405092592592592 0.24322916666666666 0.8400462962962963 0.24505208333333334 0.8400462962962963 0.2453125 0.8395833333333333 0.24713541666666666 0.8395833333333333 0.24739583333333334 0.8391203703703703 0.24921875 0.8391203703703703 0.24947916666666667 0.8386574074074075 0.25729166666666664 0.8386574074074075 0.25859375 0.8391203703703703 0.2598958333333333 0.8400462962962963 0.2609375 0.8400462962962963 0.26223958333333336 0.8409722222222222 0.2671875 0.8423611111111111 0.26927083333333335 0.84375 0.27005208333333336 0.84375 0.27109375 0.8446759259259259 0.271875 0.8446759259259259 0.27447916666666666 0.8465277777777778 0.27578125 0.8469907407407408 0.27734375 0.8488425925925925 0.278125 0.8493055555555555 0.2794270833333333 0.8511574074074074 0.28033854166666666 0.8532407407407407 0.282421875 0.8569444444444444 0.28294270833333335 0.8587962962962963 0.28346354166666665 0.8625 0.283984375 0.8638888888888889 0.283984375 0.8662037037037037 0.28424479166666666 0.8666666666666667 0.28424479166666666 0.8726851851851852 0.283984375 0.8731481481481481 0.283984375 0.875462962962963 0.28372395833333336 0.8759259259259259 0.28372395833333336 0.8782407407407408 0.28346354166666665 0.8787037037037037 0.28346354166666665 0.8861111111111111 0.283203125 0.8865740740740741 0.283203125 0.8907407407407407 0.28294270833333335 0.8912037037037037 0.28294270833333335 0.899537037037037 0.28268229166666664 0.9 0.28268229166666664 0.9023148148148148 0.282421875 0.9027777777777778 0.282421875 0.9050925925925926 0.28216145833333334 0.9055555555555556 0.28216145833333334 0.9087962962962963 0.2819010416666667 0.9092592592592592 0.2819010416666667 0.9125 0.281640625 0.912962962962963 0.281640625 0.9162037037037037 0.2813802083333333 0.9166666666666666 0.2813802083333333 0.9199074074074074 0.2811197916666667 0.9203703703703704 0.2811197916666667 0.924074074074074 0.280859375 0.924537037037037 0.280859375 0.9277777777777778 0.2805989583333333 0.9282407407407407 0.2805989583333333 0.9310185185185185 0.28033854166666666 0.9314814814814815 0.28033854166666666 0.9337962962962963 0.280078125 0.9342592592592592 0.280078125 0.9365740740740741 0.27981770833333336 0.937037037037037 0.27981770833333336 0.9393518518518519 0.27955729166666665 0.9398148148148148 0.27955729166666665 0.9421296296296297 0.279296875 0.9425925925925925 0.279296875 0.9453703703703704 0.27903645833333335 0.9458333333333333 0.27903645833333335 0.9495370370370371 0.27877604166666664 0.95 0.27877604166666664 0.9541666666666667 0.278515625 0.9546296296296296 0.278515625 0.9578703703703704 0.27825520833333334 0.9583333333333334 0.27825520833333334 0.9611111111111111 0.2779947916666667 0.961574074074074 0.2779947916666667 0.9643518518518519 0.277734375 0.9648148148148148 0.277734375 0.9675925925925926 0.2774739583333333 0.9680555555555556 0.2774739583333333 0.9703703703703703 0.276953125 0.9731481481481481 0.276953125 0.975462962962963 0.2766927083333333 0.975925925925926 0.2766927083333333 0.9791666666666666 0.27643229166666666 0.9796296296296296 0.27643229166666666 0.9824074074074074 0.27591145833333336 0.9861111111111112 0.27565104166666665 0.986574074074074 0.27513020833333335 0.9902777777777778 0.27513020833333335 0.9930555555555556 0.27486979166666664 0.9953703703703703 0.27434895833333334 0.9972222222222222 0.27317708333333335 0.9983796296296297 0.2721354166666667 0.9988425925925926 0.2677083333333333 0.9988425925925926 0.2674479166666667 0.9983796296296297 0.25390625 0.9983796296296297 0.25364583333333335 0.9979166666666667 0.24583333333333332 0.9979166666666667 0.24557291666666667 0.9983796296296297 0.23489583333333333 0.9983796296296297 0.23463541666666668 0.9979166666666667 0.2171875 0.9979166666666667 0.21692708333333333 0.9974537037037037 0.21354166666666666 0.9974537037037037 0.21223958333333334 0.9979166666666667 0.21197916666666666 0.9974537037037037 0.103125 0.9974537037037037 0.10286458333333333 0.9979166666666667 0.0796875 0.9979166666666667 0.07942708333333333 0.9983796296296297 0.07708333333333334 0.9983796296296297 0.07682291666666667 0.9988425925925926 0.07317708333333334 0.9988425925925926 0.073046875 0.999537037037037
0 0.09622395833333333 0.3472222222222222 0.06562499999999999 0.08935185185185185 0.10416666666666667 0.39189814814814816 0.10260416666666666 0.39189814814814816 0.10234375 0.39143518518518516 0.09921875 0.3905092592592593 0.09791666666666667 0.38958333333333334 0.09505208333333333 0.38680555555555557 0.09348958333333333 0.3840277777777778 0.09140625 0.381712962962963 0.0890625 0.37754629629629627 0.08880208333333334 0.37754629629629627 0.08645833333333333 0.3738425925925926 0.08515625 0.37245370370370373 0.08385416666666666 0.37060185185185185 0.08177083333333333 0.36689814814814814 0.07864583333333333 0.36319444444444443 0.07708333333333334 0.36041666666666666 0.07473958333333333 0.3576388888888889 0.0734375 0.35532407407407407 0.07083333333333333 0.3525462962962963 0.06927083333333334 0.34976851851851853 0.06744791666666666 0.34791666666666665 0.06471354166666667 0.34305555555555556 0.063671875 0.33935185185185185 0.06341145833333334 0.3375 0.06341145833333334 0.3351851851851852 0.063671875 0.3347222222222222 0.06393229166666667 0.33055555555555555 0.064453125 0.3287037037037037 0.06549479166666666 0.3263888888888889 0.06731770833333334 0.32083333333333336 0.06953125 0.31689814814814815 0.06979166666666667 0.31689814814814815 0.07109375 0.3145833333333333 0.07213541666666666 0.3136574074074074 0.07291666666666667 0.3122685185185185 0.07395833333333333 0.3113425925925926 0.07526041666666666 0.30949074074074073 0.0765625 0.30810185185185185 0.07760416666666667 0.3076388888888889 0.07916666666666666 0.30625 0.08333333333333333 0.3034722222222222 0.08463541666666667 0.30300925925925926 0.0859375 0.30300925925925926 0.08619791666666667 0.3025462962962963 0.09270833333333334 0.3025462962962963 0.09296875 0.30300925925925926 0.09479166666666666 0.3034722222222222 0.096875 0.305787037037037 0.09713541666666667 0.305787037037037 0.09921875 0.30949074074074073 0.10052083333333334 0.3113425925925926 0.10182291666666667 0.3127314814814815 0.10572916666666667 0.31828703703703703 0.10807291666666667 0.32060185185185186 0.11145833333333334 0.3266203703703704 0.11276041666666667 0.3284722222222222 0.1140625 0.3298611111111111 0.11536458333333334 0.33217592592592593 0.115625 0.33217592592592593 0.11692708333333333 0.33449074074074076 0.11979166666666667 0.33819444444444446 0.121875 0.3400462962962963 0.12473958333333333 0.34375 0.12747395833333333 0.3486111111111111 0.128515625 0.35185185185185186 0.12877604166666667 0.3537037037037037 0.12877604166666667 0.3560185185185185 0.12903645833333333 0.3574074074074074 0.12877604166666667 0.3597222222222222 0.12799479166666666 0.3625 0.12799479166666666 0.36342592592592593 0.12669270833333332 0.36666666666666664 0.125390625 0.37037037037037035 0.11927083333333334 0.38125 0.11744791666666667 0.38310185185185186 0.115625 0.3854166666666667 0.1140625 0.38634259259259257 0.11276041666666667 0.38773148148148145 0.10989583333333333 0.38958333333333334 0.10911458333333333 0.38958333333333334 0.10807291666666667 0.3905092592592593 0.10572916666666667 0.39143518518518516 0.10442708333333334 0.39143518518518516 0.10416666666666667 0.39189814814814816
0 0.03919270833333333 0.35810185185185184 0.0671875 0.08703703703703702 0.04973958333333333 0.40162037037037035 0.04375 0.40162037037037035 0.04348958333333333 0.4011574074074074 0.04114583333333333 0.40069444444444446 0.0390625 0.3988425925925926 0.0375 0.39699074074074076 0.035416666666666666 0.39328703703703705 0.03515625 0.39328703703703705 0.03177083333333333 0.3872685185185185 0.031510416666666666 0.3872685185185185 0.029947916666666668 0.3849537037037037 0.029166666666666667 0.38449074074074074 0.027864583333333335 0.38263888888888886 0.026822916666666665 0.381712962962963 0.025520833333333333 0.3798611111111111 0.024739583333333332 0.37939814814814815 0.0234375 0.37754629629629627 0.02265625 0.3770833333333333 0.01953125 0.3738425925925926 0.01796875 0.3710648148148148 0.016927083333333332 0.3696759259259259 0.016145833333333335 0.36921296296296297 0.014583333333333334 0.36689814814814814 0.014322916666666666 0.36689814814814814 0.0109375 0.3608796296296296 0.009895833333333333 0.3599537037037037 0.007161458333333333 0.35509259259259257 0.005859375 0.35138888888888886 0.005598958333333333 0.3490740740740741 0.005859375 0.3486111111111111 0.005859375 0.34444444444444444 0.006380208333333333 0.3421296296296296 0.008723958333333334 0.3365740740740741 0.008723958333333334 0.33611111111111114 0.01328125 0.3280092592592593 0.013541666666666667 0.3280092592592593 0.016666666666666666 0.32337962962962963 0.01796875 0.32199074074074074 0.019270833333333334 0.3210648148148148 0.021614583333333333 0.31875 0.023697916666666666 0.3178240740740741 0.024479166666666666 0.31689814814814815 0.026302083333333334 0.3159722222222222 0.02734375 0.3159722222222222 0.029427083333333333 0.31504629629629627 0.0296875 0.3145833333333333 0.03463541666666667 0.3145833333333333 0.0375 0.3164351851851852 0.038802083333333334 0.31828703703703703 0.040625 0.3196759259259259 0.04140625 0.32060185185185186 0.042708333333333334 0.3229166666666667 0.04375 0.32430555555555557 0.0453125 0.32569444444444445 0.046614583333333334 0.3280092592592593 0.04765625 0.32893518518518516 0.05 0.33217592592592593 0.051041666666666666 0.33402777777777776 0.05260416666666667 0.33587962962962964 0.053385416666666664 0.3363425925925926 0.054947916666666666 0.33819444444444446 0.05963541666666667 0.34467592592592594 0.0625 0.3474537037037037 0.06341145833333334 0.34953703703703703 0.06484375 0.35208333333333336 0.06875 0.35532407407407407 0.06953125 0.35625 0.07200520833333333 0.36064814814814816 0.07278645833333333 0.36342592592592593 0.07278645833333333 0.37175925925925923 0.07200520833333333 0.37407407407407406 0.07200520833333333 0.375 0.07096354166666667 0.37777777777777777 0.070703125 0.37916666666666665 0.06966145833333333 0.38101851851851853 0.06888020833333333 0.38333333333333336 0.06666666666666667 0.3872685185185185 0.06640625 0.3872685185185185 0.06484375 0.3900462962962963 0.0640625 0.3909722222222222 0.06145833333333333 0.39328703703703705 0.0609375 0.394212962962963 0.05911458333333333 0.3960648148148148 0.05859375 0.39699074074074076 0.05677083333333333 0.39837962962962964 0.055989583333333336 0.3993055555555556 0.05520833333333333 0.3993055555555556 0.053125 0.40069444444444446 0.05182291666666667 0.40069444444444446 0.0515625 0.4011574074074074 0.05 0.4011574074074074 0.04973958333333333 0.40162037037037035
0 0.025716145833333332 0.4372685185185185 0.051432291666666664 0.0888888888888889 0.0 0.39375 0.002864583333333333 0.39375 0.003125 0.39328703703703705 0.0046875 0.39328703703703705 0.0049479166666666664 0.39282407407407405 0.0067708333333333336 0.39282407407407405 0.00703125 0.39328703703703705 0.008854166666666666 0.39328703703703705 0.009114583333333334 0.39375 0.010677083333333334 0.394212962962963 0.012760416666666666 0.3960648148148148 0.01484375 0.3997685185185185 0.016666666666666666 0.40069444444444446 0.018229166666666668 0.40208333333333335 0.020052083333333335 0.4043981481481482 0.020572916666666666 0.4043981481481482 0.023177083333333334 0.40671296296296294 0.023697916666666666 0.4076388888888889 0.026041666666666668 0.40949074074074077 0.0265625 0.41041666666666665 0.027864583333333335 0.4113425925925926 0.030729166666666665 0.41458333333333336 0.03177083333333333 0.4150462962962963 0.033854166666666664 0.41689814814814813 0.0359375 0.41921296296296295 0.03828125 0.42106481481481484 0.04192708333333333 0.42430555555555555 0.04244791666666667 0.42430555555555555 0.045572916666666664 0.4270833333333333 0.047135416666666666 0.4289351851851852 0.050390625 0.43472222222222223 0.051432291666666664 0.4393518518518518 0.051432291666666664 0.44675925925925924 0.051171875 0.4486111111111111 0.05065104166666667 0.45 0.049609375 0.4546296296296296 0.049088541666666666 0.45601851851851855 0.04778645833333333 0.4583333333333333 0.04674479166666667 0.46064814814814814 0.04596354166666667 0.46296296296296297 0.04440104166666667 0.46574074074074073 0.04348958333333333 0.46782407407407406 0.043229166666666666 0.46782407407407406 0.04192708333333333 0.4701388888888889 0.041666666666666664 0.4701388888888889 0.03958333333333333 0.47337962962962965 0.03802083333333333 0.4752314814814815 0.036458333333333336 0.47662037037037036 0.034895833333333334 0.4775462962962963 0.03046875 0.480787037037037 0.029427083333333333 0.48125 0.028125 0.48125 0.027864583333333335 0.48171296296296295 0.0234375 0.48171296296296295 0.023177083333333334 0.48125 0.021875 0.48125 0.0203125 0.48032407407407407 0.019010416666666665 0.4789351851851852 0.016666666666666666 0.47708333333333336 0.015364583333333333 0.4752314814814815 0.01328125 0.47337962962962965 0.011979166666666667 0.47152777777777777 0.009895833333333333 0.46967592592592594 0.009375 0.46967592592592594 0.007552083333333333 0.46782407407407406 0.005208333333333333 0.4664351851851852 0.004166666666666667 0.4650462962962963 0.0033854166666666668 0.46458333333333335 0.0026041666666666665 0.46319444444444446 0.0015625 0.4622685185185185 0.0 0.4622685185185185
2 0.4286458333333333 0.48194444444444445 0.05182291666666666 0.09305555555555556 0.4283854166666667 0.5284722222222222 0.4270833333333333 0.5284722222222222 0.42682291666666666 0.5280092592592592 0.42552083333333335 0.5280092592592592 0.42526041666666664 0.5275462962962963 0.4239583333333333 0.5275462962962963 0.42161458333333335 0.5261574074074075 0.4200520833333333 0.5256944444444445 0.41770833333333335 0.5233796296296296 0.4171875 0.5233796296296296 0.4153645833333333 0.5215277777777778 0.412109375 0.5157407407407407 0.4102864583333333 0.5106481481481482 0.40768229166666664 0.5027777777777778 0.4069010416666667 0.49953703703703706 0.4063802083333333 0.4986111111111111 0.40455729166666665 0.4925925925925926 0.40455729166666665 0.49166666666666664 0.40377604166666664 0.48935185185185187 0.403515625 0.4861111111111111 0.4029947916666667 0.4837962962962963 0.4029947916666667 0.4810185185185185 0.402734375 0.48055555555555557 0.402734375 0.4740740740740741 0.40325520833333334 0.46944444444444444 0.40377604166666664 0.4675925925925926 0.405078125 0.46064814814814814 0.4061197916666667 0.4583333333333333 0.406640625 0.4564814814814815 0.40846354166666665 0.45231481481481484 0.4109375 0.4479166666666667 0.4125 0.4460648148148148 0.41354166666666664 0.444212962962963 0.41458333333333336 0.44328703703703703 0.4153645833333333 0.44189814814814815 0.41770833333333335 0.44004629629629627 0.41875 0.4386574074074074 0.4203125 0.4377314814814815 0.42109375 0.4377314814814815 0.42239583333333336 0.43680555555555556 0.42473958333333334 0.4363425925925926 0.425 0.4358796296296296 0.42630208333333336 0.4358796296296296 0.4265625 0.4354166666666667 0.4317708333333333 0.4354166666666667 0.43307291666666664 0.4363425925925926 0.43385416666666665 0.4363425925925926 0.4348958333333333 0.4372685185185185 0.43697916666666664 0.4377314814814815 0.43802083333333336 0.4386574074074074 0.4388020833333333 0.4386574074074074 0.440625 0.4414351851851852 0.4421875 0.44328703703703703 0.44622395833333334 0.45046296296296295 0.44700520833333335 0.45231481481481484 0.448046875 0.45601851851851855 0.4485677083333333 0.45694444444444443 0.4490885416666667 0.45925925925925926 0.45013020833333334 0.462037037037037 0.45013020833333334 0.46296296296296297 0.451171875 0.46620370370370373 0.4524739583333333 0.4708333333333333 0.4524739583333333 0.47175925925925927 0.4532552083333333 0.4740740740740741 0.454296875 0.48055555555555557 0.45455729166666664 0.4828703703703704 0.45455729166666664 0.48935185185185187 0.45403645833333334 0.49398148148148147 0.453515625 0.49583333333333335 0.4532552083333333 0.4981481481481482 0.451953125 0.5023148148148148 0.451171875 0.5055555555555555 0.449609375 0.5092592592592593 0.4479166666666667 0.5122685185185185 0.44765625 0.5122685185185185 0.44557291666666665 0.5159722222222223 0.4440104166666667 0.517824074074074 0.4427083333333333 0.5201388888888889 0.44036458333333334 0.5229166666666667 0.43802083333333336 0.5243055555555556 0.4359375 0.5261574074074075 0.43411458333333336 0.5270833333333333 0.4328125 0.5270833333333333 0.43255208333333334 0.5275462962962963 0.43072916666666666 0.5275462962962963 0.43046875 0.5280092592592592 0.42864583333333334 0.5280092592592592 0.4283854166666667 0.5284722222222222
2 0.4940104166666667 0.5710648148148149 0.05286458333333327 0.09907407407407409 0.49713541666666666 0.6206018518518519 0.49322916666666666 0.6206018518518519 0.49296875 0.6201388888888889 0.49114583333333334 0.6201388888888889 0.4908854166666667 0.6196759259259259 0.4895833333333333 0.6196759259259259 0.48854166666666665 0.61875 0.48776041666666664 0.61875 0.4856770833333333 0.6168981481481481 0.48515625 0.6168981481481481 0.48333333333333334 0.6150462962962963 0.4817708333333333 0.6141203703703704 0.48125 0.6131944444444445 0.47942708333333334 0.6113425925925926 0.475390625 0.6041666666666666 0.4733072916666667 0.5972222222222222 0.4727864583333333 0.5962962962962963 0.47174479166666666 0.5925925925925926 0.470703125 0.5879629629629629 0.47044270833333335 0.5856481481481481 0.469921875 0.5842592592592593 0.46966145833333334 0.5819444444444445 0.4686197916666667 0.5773148148148148 0.4686197916666667 0.575925925925926 0.46783854166666666 0.5722222222222222 0.46783854166666666 0.5685185185185185 0.467578125 0.5680555555555555 0.467578125 0.5634259259259259 0.46783854166666666 0.562962962962963 0.46783854166666666 0.5592592592592592 0.4680989583333333 0.5569444444444445 0.4686197916666667 0.5546296296296296 0.4686197916666667 0.5527777777777778 0.4694010416666667 0.55 0.4694010416666667 0.549074074074074 0.47044270833333335 0.5458333333333333 0.47096354166666665 0.5435185185185185 0.471484375 0.5425925925925926 0.4725260416666667 0.5393518518518519 0.4733072916666667 0.5375 0.47578125 0.5331018518518519 0.47708333333333336 0.531712962962963 0.4778645833333333 0.5303240740740741 0.4796875 0.5284722222222222 0.48098958333333336 0.5266203703703703 0.4825520833333333 0.5252314814814815 0.48541666666666666 0.5238425925925926 0.4864583333333333 0.5229166666666667 0.48880208333333336 0.5219907407407407 0.4903645833333333 0.5219907407407407 0.490625 0.5215277777777778 0.49765625 0.5215277777777778 0.4979166666666667 0.5219907407407407 0.5005208333333333 0.5229166666666667 0.5015625 0.5229166666666667 0.5044270833333333 0.5247685185185185 0.5072916666666667 0.5275462962962963 0.5096354166666667 0.530787037037037 0.5098958333333333 0.530787037037037 0.5131510416666667 0.5365740740740741 0.5157552083333333 0.5439814814814815 0.516015625 0.5458333333333333 0.5165364583333333 0.5472222222222223 0.5170572916666667 0.5504629629629629 0.517578125 0.5518518518518518 0.5178385416666667 0.5550925925925926 0.5180989583333333 0.5555555555555556 0.518359375 0.5587962962962963 0.5188802083333334 0.5606481481481481 0.5188802083333334 0.562037037037037 0.5196614583333333 0.5657407407407408 0.5196614583333333 0.5675925925925925 0.5201822916666666 0.5722222222222222 0.5204427083333333 0.5726851851851852 0.5204427083333333 0.5828703703703704 0.5201822916666666 0.5833333333333334 0.5201822916666666 0.5861111111111111 0.5194010416666667 0.5893518518518519 0.5188802083333334 0.5930555555555556 0.5173177083333333 0.5981481481481481 0.5170572916666667 0.5995370370370371 0.5162760416666666 0.6013888888888889 0.5149739583333334 0.6037037037037037 0.5149739583333334 0.6041666666666666 0.5125 0.6085648148148148 0.5122395833333333 0.6085648148148148 0.5109375 0.6108796296296296 0.5106770833333333 0.6108796296296296 0.5091145833333334 0.6131944444444445 0.5072916666666667 0.6145833333333334 0.5052083333333334 0.6168981481481481 0.50390625 0.6173611111111111 0.503125 0.618287037037037 0.5005208333333333 0.6192129629629629 0.49895833333333334 0.6201388888888889 0.4973958333333333 0.6201388888888889 0.49713541666666666 0.6206018518518519
2 0.4419270833333333 0.7118055555555556 0.05911458333333336 0.10925925925925928 0.44557291666666665 0.7664351851851852 0.44114583333333335 0.7664351851851852 0.44088541666666664 0.7659722222222223 0.43828125 0.7659722222222223 0.43802083333333336 0.7655092592592593 0.43671875 0.7655092592592593 0.4356770833333333 0.7650462962962963 0.43411458333333336 0.7636574074074074 0.43359375 0.7636574074074074 0.43072916666666666 0.7613425925925926 0.43020833333333336 0.7604166666666666 0.42890625 0.7594907407407407 0.42734375 0.7576388888888889 0.42434895833333336 0.7523148148148148 0.42434895833333336 0.7518518518518519 0.4217447916666667 0.7472222222222222 0.4217447916666667 0.7467592592592592 0.4178385416666667 0.7398148148148148 0.4173177083333333 0.7379629629629629 0.416015625 0.7351851851851852 0.415234375 0.7328703703703704 0.4147135416666667 0.7305555555555555 0.4134114583333333 0.725925925925926 0.412890625 0.7203703703703703 0.41263020833333336 0.7199074074074074 0.41263020833333336 0.7171296296296297 0.41236979166666665 0.7166666666666667 0.41236979166666665 0.7046296296296296 0.41263020833333336 0.7041666666666667 0.41263020833333336 0.7018518518518518 0.412890625 0.7013888888888888 0.412890625 0.6990740740740741 0.41315104166666666 0.6986111111111111 0.413671875 0.6944444444444444 0.4147135416666667 0.6907407407407408 0.4147135416666667 0.6898148148148148 0.416015625 0.6856481481481481 0.41627604166666665 0.6837962962962963 0.417578125 0.6805555555555556 0.41888020833333334 0.6782407407407407 0.419921875 0.6754629629629629 0.4236979166666667 0.66875 0.425 0.6673611111111111 0.42734375 0.6641203703703704 0.43046875 0.6613425925925925 0.4322916666666667 0.6604166666666667 0.43515625 0.6581018518518519 0.43645833333333334 0.6576388888888889 0.43828125 0.6576388888888889 0.43854166666666666 0.6571759259259259 0.4453125 0.6571759259259259 0.44557291666666665 0.6576388888888889 0.446875 0.6576388888888889 0.4479166666666667 0.6581018518518519 0.44869791666666664 0.6590277777777778 0.45 0.6594907407407408 0.4513020833333333 0.6604166666666667 0.4552083333333333 0.6641203703703704 0.45598958333333334 0.6645833333333333 0.45807291666666666 0.6673611111111111 0.462109375 0.674537037037037 0.462109375 0.675 0.46341145833333336 0.6773148148148148 0.46393229166666666 0.6791666666666667 0.46653645833333335 0.6847222222222222 0.466796875 0.6861111111111111 0.468359375 0.6898148148148148 0.4694010416666667 0.6949074074074074 0.47018229166666664 0.6976851851851852 0.47044270833333335 0.700925925925926 0.47096354166666665 0.7032407407407407 0.47122395833333336 0.7055555555555556 0.47122395833333336 0.7097222222222223 0.471484375 0.7101851851851851 0.471484375 0.7180555555555556 0.47122395833333336 0.7185185185185186 0.47122395833333336 0.7212962962962963 0.47096354166666665 0.7217592592592592 0.47096354166666665 0.7240740740740741 0.47018229166666664 0.7310185185185185 0.469921875 0.7314814814814815 0.4688802083333333 0.7379629629629629 0.46783854166666666 0.7416666666666667 0.46653645833333335 0.7472222222222222 0.4641927083333333 0.7513888888888889 0.4641927083333333 0.7518518518518519 0.4627604166666667 0.7543981481481481 0.46067708333333335 0.756712962962963 0.4591145833333333 0.7594907407407407 0.45703125 0.7608796296296296 0.4549479166666667 0.7618055555555555 0.45416666666666666 0.7627314814814815 0.45260416666666664 0.7636574074074074 0.4518229166666667 0.7636574074074074 0.45 0.7650462962962963 0.44921875 0.7650462962962963 0.4479166666666667 0.7659722222222223 0.44583333333333336 0.7659722222222223 0.44557291666666665 0.7664351851851852
1 0.438671875 0.5988425925925926 0.048958333333333326 0.08703703703703713 0.43984375 0.6423611111111112 0.4359375 0.6423611111111112 0.4356770833333333 0.6418981481481482 0.43411458333333336 0.6418981481481482 0.43203125 0.6409722222222223 0.42994791666666665 0.6391203703703704 0.42942708333333335 0.6381944444444444 0.42526041666666664 0.6340277777777777 0.4225260416666667 0.6291666666666667 0.4225260416666667 0.6287037037037037 0.420703125 0.625462962962963 0.419921875 0.6231481481481481 0.418359375 0.6194444444444445 0.4178385416666667 0.6175925925925926 0.416796875 0.6152777777777778 0.41497395833333334 0.6083333333333333 0.414453125 0.6041666666666666 0.414453125 0.6018518518518519 0.4141927083333333 0.6013888888888889 0.4141927083333333 0.5935185185185186 0.414453125 0.5912037037037037 0.41497395833333334 0.5888888888888889 0.41497395833333334 0.5875 0.41549479166666664 0.5847222222222223 0.416796875 0.5791666666666667 0.419140625 0.5731481481481482 0.42018229166666665 0.5708333333333333 0.4231770833333333 0.5655092592592592 0.42526041666666664 0.5631944444444444 0.4265625 0.5613425925925926 0.428125 0.5599537037037037 0.42942708333333335 0.5594907407407408 0.43072916666666666 0.5581018518518519 0.43515625 0.555787037037037 0.4354166666666667 0.555324074074074 0.44166666666666665 0.555324074074074 0.44192708333333336 0.555787037037037 0.44375 0.555787037037037 0.4440104166666667 0.55625 0.44583333333333336 0.5567129629629629 0.446875 0.5576388888888889 0.44765625 0.5576388888888889 0.45078125 0.5604166666666667 0.4515625 0.5613425925925926 0.45286458333333335 0.5636574074074074 0.453125 0.5636574074074074 0.45533854166666665 0.5675925925925925 0.455859375 0.5694444444444444 0.4571614583333333 0.5722222222222222 0.45846354166666664 0.5773148148148148 0.4615885416666667 0.5884259259259259 0.4615885416666667 0.5893518518518519 0.46236979166666664 0.5916666666666667 0.462890625 0.5949074074074074 0.462890625 0.5976851851851852 0.46315104166666665 0.5981481481481481 0.46315104166666665 0.6041666666666666 0.462890625 0.6046296296296296 0.462890625 0.6078703703703704 0.46236979166666664 0.6097222222222223 0.46236979166666664 0.6111111111111112 0.4615885416666667 0.6143518518518518 0.4615885416666667 0.6152777777777778 0.45950520833333336 0.6222222222222222 0.4544270833333333 0.63125 0.453125 0.6326388888888889 0.4515625 0.6349537037037037 0.4466145833333333 0.6391203703703704 0.44557291666666665 0.6405092592592593 0.44505208333333335 0.6405092592592593 0.4434895833333333 0.6418981481481482 0.4401041666666667 0.6418981481481482 0.43984375 0.6423611111111112
1 0.5385416666666667 0.4537037037037037 0.043489583333333304 0.08101851851851855 0.5377604166666666 0.49421296296296297 0.53671875 0.49375 0.534375 0.49375 0.5330729166666667 0.493287037037037 0.5317708333333333 0.49236111111111114 0.5294270833333333 0.4914351851851852 0.528125 0.49050925925925926 0.5270833333333333 0.48912037037037037 0.52578125 0.48819444444444443 0.5247395833333334 0.48680555555555555 0.5212239583333333 0.48055555555555557 0.520703125 0.4787037037037037 0.5196614583333333 0.47638888888888886 0.518359375 0.4703703703703704 0.5180989583333333 0.4666666666666667 0.5178385416666667 0.46620370370370373 0.5178385416666667 0.4638888888888889 0.517578125 0.4634259259259259 0.517578125 0.4601851851851852 0.5173177083333333 0.4597222222222222 0.5173177083333333 0.4564814814814815 0.5170572916666667 0.45601851851851855 0.5170572916666667 0.45185185185185184 0.516796875 0.4513888888888889 0.516796875 0.44583333333333336 0.5170572916666667 0.44537037037037036 0.5170572916666667 0.4425925925925926 0.5173177083333333 0.44027777777777777 0.518359375 0.4361111111111111 0.518359375 0.43472222222222223 0.5204427083333333 0.4287037037037037 0.521484375 0.4263888888888889 0.52265625 0.42476851851851855 0.52421875 0.4219907407407407 0.5265625 0.41921296296296295 0.5278645833333333 0.418287037037037 0.5291666666666667 0.41689814814814813 0.5296875 0.41689814814814813 0.5333333333333333 0.41458333333333336 0.534375 0.41458333333333336 0.5359375 0.4136574074074074 0.5372395833333333 0.4136574074074074 0.5375 0.4131944444444444 0.54140625 0.4131944444444444 0.5416666666666666 0.4136574074074074 0.54296875 0.4136574074074074 0.54453125 0.41458333333333336 0.5455729166666666 0.41458333333333336 0.546875 0.41550925925925924 0.5484375 0.41597222222222224 0.55 0.4173611111111111 0.5520833333333334 0.4201388888888889 0.5528645833333333 0.42060185185185184 0.5541666666666667 0.4224537037037037 0.556640625 0.42685185185185187 0.5579427083333334 0.4305555555555556 0.558984375 0.43287037037037035 0.5600260416666667 0.4393518518518518 0.5600260416666667 0.44212962962962965 0.5602864583333333 0.4425925925925926 0.5602864583333333 0.4638888888888889 0.5600260416666667 0.46435185185185185 0.5600260416666667 0.4671296296296296 0.559765625 0.4675925925925926 0.5595052083333333 0.4703703703703704 0.558984375 0.47175925925925927 0.558203125 0.475 0.557421875 0.47638888888888886 0.5561197916666667 0.48009259259259257 0.5541666666666667 0.48356481481481484 0.5520833333333334 0.4863425925925926 0.55078125 0.48726851851851855 0.5502604166666667 0.48819444444444443 0.5463541666666667 0.49189814814814814 0.5447916666666667 0.49236111111111114 0.5432291666666667 0.493287037037037 0.54140625 0.493287037037037 0.5411458333333333 0.49375 0.5380208333333333 0.49375 0.5377604166666666 0.49421296296296297
2 0.5511718750000001 0.5467592592592593 0.05208333333333337 0.10046296296296298 0.5528645833333333 0.5969907407407408 0.5515625 0.5969907407407408 0.5513020833333333 0.5965277777777778 0.5481770833333334 0.5965277777777778 0.5479166666666667 0.5960648148148148 0.5463541666666667 0.5960648148148148 0.5440104166666667 0.5951388888888889 0.5421875 0.59375 0.53984375 0.5923611111111111 0.5393229166666667 0.5914351851851852 0.5364583333333334 0.5881944444444445 0.5361979166666667 0.5881944444444445 0.5348958333333333 0.5858796296296296 0.5346354166666667 0.5858796296296296 0.533203125 0.5833333333333334 0.533203125 0.5828703703703704 0.5319010416666666 0.5805555555555556 0.5298177083333333 0.575 0.5295572916666667 0.5731481481481482 0.5290364583333333 0.5717592592592593 0.528515625 0.5680555555555555 0.5279947916666666 0.5662037037037037 0.527734375 0.5638888888888889 0.5272135416666667 0.562037037037037 0.5264322916666667 0.5560185185185185 0.5259114583333333 0.5537037037037037 0.5256510416666667 0.5513888888888889 0.5256510416666667 0.5486111111111112 0.525390625 0.5481481481481482 0.525390625 0.5453703703703704 0.5251302083333333 0.5449074074074074 0.5251302083333333 0.5347222222222222 0.525390625 0.5342592592592592 0.525390625 0.5310185185185186 0.526171875 0.5254629629629629 0.5266927083333334 0.5231481481481481 0.5272135416666667 0.5222222222222223 0.527734375 0.5199074074074074 0.5282552083333333 0.5189814814814815 0.529296875 0.5152777777777777 0.5305989583333334 0.512962962962963 0.5305989583333334 0.5125 0.5325520833333334 0.5090277777777777 0.5328125 0.5090277777777777 0.5341145833333333 0.506712962962963 0.53671875 0.5034722222222222 0.5401041666666667 0.5002314814814814 0.54140625 0.49930555555555556 0.5440104166666667 0.4979166666666667 0.5453125 0.49745370370370373 0.5471354166666667 0.49745370370370373 0.5473958333333333 0.49699074074074073 0.5486979166666667 0.49699074074074073 0.5489583333333333 0.4965277777777778 0.553125 0.4965277777777778 0.5546875 0.49745370370370373 0.5559895833333334 0.49745370370370373 0.55703125 0.4979166666666667 0.5588541666666667 0.49930555555555556 0.56015625 0.4997685185185185 0.5622395833333333 0.5016203703703703 0.5627604166666667 0.5016203703703703 0.5651041666666666 0.5039351851851852 0.5658854166666667 0.5043981481481481 0.5684895833333333 0.5076388888888889 0.5712239583333333 0.5125 0.5733072916666667 0.5175925925925926 0.573828125 0.5199074074074074 0.5743489583333333 0.5208333333333334 0.575390625 0.525 0.575390625 0.5263888888888889 0.576171875 0.5296296296296297 0.576171875 0.5310185185185186 0.5766927083333333 0.5333333333333333 0.576953125 0.5356481481481481 0.576953125 0.5472222222222223 0.5772135416666667 0.5476851851851852 0.5772135416666667 0.5518518518518518 0.576953125 0.5523148148148148 0.576953125 0.5583333333333333 0.5766927083333333 0.5587962962962963 0.5766927083333333 0.562037037037037 0.576171875 0.5648148148148148 0.5759114583333333 0.5675925925925925 0.5751302083333333 0.5699074074074074 0.5740885416666667 0.5745370370370371 0.5735677083333334 0.575462962962963 0.5727864583333333 0.5782407407407407 0.56875 0.5854166666666667 0.5674479166666667 0.5868055555555556 0.5666666666666667 0.5881944444444445 0.5645833333333333 0.5905092592592592 0.5614583333333333 0.593287037037037 0.5606770833333333 0.594212962962963 0.5591145833333333 0.5946759259259259 0.5578125 0.5956018518518519 0.5565104166666667 0.5960648148148148 0.5552083333333333 0.5960648148148148 0.5549479166666667 0.5965277777777778 0.553125 0.5965277777777778 0.5528645833333333 0.5969907407407408
1 0.5071614583333334 0.6972222222222222 0.05104166666666671 0.09583333333333333 0.5109375 0.7451388888888889 0.5059895833333333 0.7451388888888889 0.5057291666666667 0.7446759259259259 0.5041666666666667 0.7446759259259259 0.50390625 0.7442129629629629 0.5026041666666666 0.7442129629629629 0.5015625 0.74375 0.49973958333333335 0.7423611111111111 0.4984375 0.7418981481481481 0.49635416666666665 0.7400462962962963 0.49583333333333335 0.7391203703703704 0.49453125 0.7381944444444445 0.4934895833333333 0.7368055555555556 0.490234375 0.7310185185185185 0.4876302083333333 0.725 0.487109375 0.7226851851851852 0.48658854166666665 0.7217592592592592 0.48528645833333334 0.7175925925925926 0.48528645833333334 0.7166666666666667 0.4837239583333333 0.711574074074074 0.48346354166666666 0.7092592592592593 0.48294270833333336 0.7078703703703704 0.48268229166666665 0.7050925925925926 0.48216145833333335 0.7023148148148148 0.48216145833333335 0.7 0.48190104166666664 0.6995370370370371 0.48190104166666664 0.6939814814814815 0.481640625 0.6916666666666667 0.48190104166666664 0.6912037037037037 0.48190104166666664 0.6875 0.48216145833333335 0.687037037037037 0.48216145833333335 0.6842592592592592 0.482421875 0.6819444444444445 0.48294270833333336 0.6796296296296296 0.483203125 0.6773148148148148 0.4837239583333333 0.6759259259259259 0.4850260416666667 0.6708333333333333 0.48606770833333335 0.6680555555555555 0.48736979166666666 0.6657407407407407 0.48736979166666666 0.6652777777777777 0.4889322916666667 0.6625 0.4889322916666667 0.6620370370370371 0.4901041666666667 0.6604166666666667 0.49140625 0.6581018518518519 0.49166666666666664 0.6581018518518519 0.49322916666666666 0.655787037037037 0.49635416666666665 0.6530092592592592 0.49895833333333334 0.6511574074074075 0.49973958333333335 0.6511574074074075 0.5018229166666667 0.6497685185185185 0.50390625 0.6497685185185185 0.5041666666666667 0.6493055555555556 0.51015625 0.6493055555555556 0.5127604166666667 0.6502314814814815 0.5140625 0.6511574074074075 0.5153645833333333 0.6516203703703703 0.5166666666666667 0.6525462962962963 0.5182291666666666 0.6543981481481481 0.51953125 0.6553240740740741 0.521875 0.6581018518518519 0.5256510416666667 0.6648148148148149 0.5264322916666667 0.6671296296296296 0.5274739583333333 0.6689814814814815 0.5282552083333333 0.6712962962962963 0.5282552083333333 0.6722222222222223 0.529296875 0.6754629629629629 0.5298177083333333 0.6777777777777778 0.530078125 0.6800925925925926 0.5311197916666667 0.6847222222222222 0.5311197916666667 0.6861111111111111 0.5319010416666666 0.6921296296296297 0.5321614583333333 0.6925925925925925 0.5321614583333333 0.6953703703703704 0.532421875 0.6958333333333333 0.532421875 0.7018518518518518 0.5326822916666667 0.7023148148148148 0.5326822916666667 0.7046296296296296 0.532421875 0.7050925925925926 0.532421875 0.7074074074074074 0.5319010416666666 0.7101851851851851 0.5303385416666667 0.7199074074074074 0.5282552083333333 0.725925925925926 0.5272135416666667 0.7277777777777777 0.526171875 0.7305555555555555 0.5236979166666667 0.7349537037037037 0.5234375 0.7349537037037037 0.5221354166666666 0.7372685185185185 0.5203125 0.7391203703703704 0.5192708333333333 0.7395833333333334 0.5169270833333334 0.7418981481481481 0.51640625 0.7418981481481481 0.5151041666666667 0.743287037037037 0.5145833333333333 0.743287037037037 0.5130208333333334 0.7446759259259259 0.5111979166666667 0.7446759259259259 0.5109375 0.7451388888888889
2 0.8395833333333333 0.3856481481481482 0.06744791666666661 0.09675925925925927 0.8395833333333333 0.4340277777777778 0.8348958333333333 0.4340277777777778 0.8346354166666666 0.4335648148148148 0.83203125 0.4335648148148148 0.8317708333333333 0.43310185185185185 0.8302083333333333 0.43310185185185185 0.8299479166666667 0.4326388888888889 0.8286458333333333 0.4326388888888889 0.82734375 0.4321759259259259 0.8260416666666667 0.43125 0.8247395833333333 0.430787037037037 0.8239583333333333 0.42986111111111114 0.82265625 0.42939814814814814 0.8205729166666667 0.4275462962962963 0.8200520833333333 0.42662037037037037 0.8177083333333334 0.42476851851851855 0.8161458333333333 0.4224537037037037 0.8158854166666667 0.4224537037037037 0.8145833333333333 0.4201388888888889 0.8143229166666667 0.4201388888888889 0.808984375 0.41064814814814815 0.808984375 0.4101851851851852 0.8076822916666667 0.4074074074074074 0.8069010416666667 0.4046296296296296 0.806640625 0.4023148148148148 0.805859375 0.39861111111111114 0.805859375 0.3875 0.8061197916666667 0.3851851851851852 0.8071614583333333 0.3814814814814815 0.8084635416666667 0.37777777777777777 0.8084635416666667 0.3773148148148148 0.812109375 0.37083333333333335 0.8126302083333333 0.36898148148148147 0.813671875 0.36666666666666664 0.8149739583333333 0.36435185185185187 0.816015625 0.36203703703703705 0.8165364583333333 0.36018518518518516 0.8173177083333333 0.3587962962962963 0.8186197916666667 0.3537037037037037 0.8203125 0.3506944444444444 0.8213541666666667 0.34976851851851853 0.8223958333333333 0.34791666666666665 0.8260416666666667 0.34421296296296294 0.82734375 0.34375 0.8294270833333334 0.3418981481481482 0.8325520833333333 0.3400462962962963 0.83359375 0.3400462962962963 0.83515625 0.33912037037037035 0.8364583333333333 0.33912037037037035 0.8380208333333333 0.33819444444444446 0.8401041666666667 0.33819444444444446 0.8403645833333333 0.33773148148148147 0.8434895833333333 0.33773148148148147 0.84375 0.3372685185185185 0.8455729166666667 0.3372685185185185 0.846875 0.33773148148148147 0.84921875 0.33912037037037035 0.8505208333333333 0.33912037037037035 0.8536458333333333 0.34050925925925923 0.8552083333333333 0.34282407407407406 0.85703125 0.34467592592592594 0.8591145833333333 0.3451388888888889 0.86171875 0.34652777777777777 0.8630208333333333 0.34791666666666665 0.8653645833333333 0.35208333333333336 0.865625 0.35208333333333336 0.8669270833333333 0.35439814814814813 0.8671875 0.35439814814814813 0.8688802083333333 0.3574074074074074 0.8696614583333333 0.3592592592592593 0.869921875 0.36064814814814816 0.8709635416666667 0.362962962962963 0.8720052083333333 0.36666666666666664 0.8720052083333333 0.3675925925925926 0.8727864583333333 0.37083333333333335 0.8727864583333333 0.3731481481481482 0.873046875 0.3736111111111111 0.873046875 0.37592592592592594 0.8733072916666667 0.3763888888888889 0.8733072916666667 0.3814814814814815 0.873046875 0.3819444444444444 0.873046875 0.38564814814814813 0.8725260416666667 0.38842592592592595 0.8720052083333333 0.38981481481481484 0.8717447916666666 0.3921296296296296 0.8709635416666667 0.39444444444444443 0.8701822916666667 0.3958333333333333 0.8696614583333333 0.3976851851851852 0.860546875 0.41388888888888886 0.860546875 0.41435185185185186 0.85546875 0.4233796296296296 0.8536458333333333 0.42569444444444443 0.85234375 0.42662037037037037 0.8518229166666667 0.4275462962962963 0.8505208333333333 0.4284722222222222 0.8489583333333334 0.4303240740740741 0.84765625 0.43125 0.8450520833333334 0.4326388888888889 0.84375 0.4326388888888889 0.8421875 0.4335648148148148 0.83984375 0.4335648148148148 0.8395833333333333 0.4340277777777778
2 0.9737630208333333 0.19050925925925927 0.051953125000000044 0.08981481481481482 0.9997395833333333 0.2224537037037037 0.9984375 0.2224537037037037 0.997265625 0.22407407407407406 0.9958333333333333 0.22662037037037036 0.9942708333333333 0.22847222222222222 0.9927083333333333 0.23078703703703704 0.98984375 0.23310185185185187 0.98671875 0.23449074074074075 0.98515625 0.23449074074074075 0.9848958333333333 0.2349537037037037 0.98203125 0.2349537037037037 0.9817708333333334 0.23541666666666666 0.9783854166666667 0.23541666666666666 0.978125 0.2349537037037037 0.97578125 0.2349537037037037 0.9755208333333333 0.23449074074074075 0.9731770833333333 0.23449074074074075 0.9729166666666667 0.23402777777777778 0.97109375 0.23402777777777778 0.96953125 0.23310185185185187 0.9671875 0.2326388888888889 0.9661458333333334 0.23171296296296295 0.9653645833333333 0.23171296296296295 0.9645833333333333 0.23078703703703704 0.9627604166666667 0.22939814814814816 0.9611979166666667 0.2275462962962963 0.9604166666666667 0.22615740740740742 0.959375 0.22569444444444445 0.9588541666666667 0.2247685185185185 0.95703125 0.22337962962962962 0.95625 0.2224537037037037 0.9546875 0.2196759259259259 0.9520833333333333 0.21689814814814815 0.950390625 0.21388888888888888 0.950390625 0.21342592592592594 0.948828125 0.21064814814814814 0.948046875 0.20787037037037037 0.9477864583333333 0.20601851851851852 0.9477864583333333 0.19814814814814816 0.948046875 0.19583333333333333 0.9485677083333334 0.19398148148148148 0.948828125 0.1912037037037037 0.9498697916666666 0.1875 0.9514322916666667 0.1837962962962963 0.9516927083333333 0.1824074074074074 0.9524739583333334 0.18101851851851852 0.9532552083333333 0.1787037037037037 0.9555989583333333 0.17453703703703705 0.9555989583333333 0.17407407407407408 0.9569010416666667 0.17175925925925925 0.9579427083333333 0.16898148148148148 0.959765625 0.1648148148148148 0.9602864583333334 0.16296296296296298 0.9622395833333334 0.15949074074074074 0.96328125 0.15856481481481483 0.9658854166666667 0.15393518518518517 0.9674479166666666 0.1525462962962963 0.9708333333333333 0.14884259259259258 0.9721354166666667 0.14791666666666667 0.9739583333333334 0.1474537037037037 0.9755208333333333 0.14652777777777778 0.9768229166666667 0.14652777777777778 0.9770833333333333 0.14606481481481481 0.9791666666666666 0.14606481481481481 0.9794270833333333 0.14560185185185184 0.9859375 0.14560185185185184 0.9861979166666667 0.14606481481481481 0.9893229166666667 0.14606481481481481 0.9895833333333334 0.14652777777777778 0.9908854166666666 0.14652777777777778 0.9911458333333333 0.14699074074074073 0.9924479166666667 0.14699074074074073 0.9927083333333333 0.1474537037037037 0.9950520833333333 0.14791666666666667 0.99765625 0.14976851851851852 0.9997395833333333 0.14976851851851852
11 0.8361328125 0.5722222222222222 0.3272135416666667 0.8486111111111111 0.9997395833333333 0.9956018518518519 0.9963541666666667 0.9956018518518519 0.99609375 0.9960648148148148 0.9924479166666667 0.9960648148148148 0.9921875 0.9956018518518519 0.9723958333333333 0.9956018518518519 0.9721354166666667 0.9960648148148148 0.96484375 0.9960648148148148 0.9645833333333333 0.9956018518518519 0.9463541666666667 0.9956018518518519 0.9450520833333333 0.9946759259259259 0.94375 0.9946759259259259 0.9427083333333334 0.99375 0.9404947916666667 0.9898148148148148 0.9397135416666667 0.987037037037037 0.9384114583333333 0.9842592592592593 0.9368489583333334 0.9773148148148149 0.9368489583333334 0.975925925925926 0.936328125 0.9745370370370371 0.9360677083333333 0.9726851851851852 0.9350260416666667 0.9703703703703703 0.933203125 0.9638888888888889 0.9326822916666667 0.961574074074074 0.932421875 0.9592592592592593 0.9319010416666667 0.9578703703703704 0.9298177083333333 0.95 0.9295572916666667 0.9476851851851852 0.928515625 0.9430555555555555 0.926953125 0.937962962962963 0.9259114583333333 0.9333333333333333 0.924609375 0.9291666666666667 0.9243489583333333 0.9277777777777778 0.9233072916666667 0.924537037037037 0.922265625 0.9189814814814815 0.919921875 0.9111111111111111 0.919921875 0.9101851851851852 0.9188802083333333 0.9069444444444444 0.918359375 0.9037037037037037 0.917578125 0.9013888888888889 0.917578125 0.9004629629629629 0.916796875 0.8981481481481481 0.916796875 0.8972222222222223 0.916015625 0.8944444444444445 0.9154947916666667 0.8935185185185185 0.9141927083333333 0.887962962962963 0.9134114583333334 0.8856481481481482 0.9118489583333333 0.8777777777777778 0.910546875 0.8740740740740741 0.908984375 0.8685185185185185 0.9079427083333333 0.8643518518518518 0.9071614583333333 0.862037037037037 0.9055989583333334 0.8564814814814815 0.9053385416666667 0.8541666666666666 0.9048177083333333 0.8518518518518519 0.9029947916666666 0.8453703703703703 0.9029947916666666 0.8444444444444444 0.9022135416666667 0.8421296296296297 0.901171875 0.8375 0.8993489583333333 0.8314814814814815 0.8993489583333333 0.8305555555555556 0.8985677083333333 0.8273148148148148 0.898046875 0.825925925925926 0.8977864583333334 0.8236111111111111 0.8967447916666667 0.8185185185185185 0.8954427083333333 0.8143518518518519 0.8938802083333334 0.8106481481481481 0.8928385416666667 0.8069444444444445 0.891796875 0.8046296296296296 0.890234375 0.7986111111111112 0.889453125 0.7935185185185185 0.888671875 0.7912037037037037 0.888671875 0.7902777777777777 0.8868489583333333 0.7837962962962963 0.8858072916666667 0.7805555555555556 0.8858072916666667 0.7791666666666667 0.8852864583333333 0.7773148148148148 0.8850260416666667 0.775 0.8821614583333334 0.7648148148148148 0.8821614583333334 0.7638888888888888 0.880859375 0.7597222222222222 0.8805989583333333 0.7574074074074074 0.8790364583333333 0.7513888888888889 0.878515625 0.750462962962963 0.877734375 0.7476851851851852 0.8765625 0.7456018518518519 0.8744791666666667 0.7465277777777778 0.8734375 0.7465277777777778 0.8723958333333334 0.7474537037037037 0.8703125 0.7483796296296297 0.8692708333333333 0.7483796296296297 0.8677083333333333 0.7493055555555556 0.86640625 0.7493055555555556 0.8661458333333333 0.7497685185185186 0.86484375 0.7497685185185186 0.8645833333333334 0.7502314814814814 0.86171875 0.7502314814814814 0.8614583333333333 0.7506944444444444 0.8575520833333333 0.7506944444444444 0.8572916666666667 0.7511574074074074 0.85390625 0.7511574074074074 0.8536458333333333 0.7516203703703703 0.85234375 0.7516203703703703 0.85078125 0.7525462962962963 0.8489583333333334 0.7525462962962963 0.8486979166666667 0.7530092592592592 0.8466145833333333 0.7530092592592592 0.8463541666666666 0.7534722222222222 0.8424479166666666 0.7534722222222222 0.8421875 0.7539351851851852 0.8403645833333333 0.7539351851851852 0.8401041666666667 0.7543981481481481 0.8377604166666667 0.7543981481481481 0.8375 0.7548611111111111 0.8356770833333333 0.7548611111111111 0.8354166666666667 0.7553240740740741 0.8333333333333334 0.7553240740740741 0.8330729166666667 0.7557870370370371 0.8263020833333333 0.7557870370370371 0.8260416666666667 0.75625 0.8236979166666667 0.75625 0.8234375 0.756712962962963 0.8197916666666667 0.756712962962963 0.81953125 0.757175925925926 0.81328125 0.757175925925926 0.8130208333333333 0.7576388888888889 0.8083333333333333 0.7576388888888889 0.8080729166666667 0.7581018518518519 0.8057291666666667 0.7581018518518519 0.8036458333333333 0.7594907407407407 0.7986979166666667 0.7594907407407407 0.7971354166666667 0.7608796296296296 0.7955729166666666 0.7618055555555555 0.7908854166666667 0.7618055555555555 0.790625 0.7622685185185185 0.7893229166666667 0.7622685185185185 0.7890625 0.7627314814814815 0.7877604166666666 0.7627314814814815 0.78515625 0.7636574074074074 0.7822916666666667 0.7650462962962963 0.7794270833333333 0.767824074074074 0.7770833333333333 0.7715277777777778 0.7755208333333333 0.7729166666666667 0.7744791666666667 0.7743055555555556 0.773828125 0.7759259259259259 0.77265625 0.7780092592592592 0.77109375 0.7798611111111111 0.769921875 0.7819444444444444 0.7694010416666667 0.7851851851851852 0.7694010416666667 0.788425925925926 0.7701822916666666 0.7907407407407407 0.770703125 0.7935185185185185 0.7712239583333333 0.7976851851851852 0.7717447916666667 0.799537037037037 0.7720052083333333 0.8018518518518518 0.773828125 0.8078703703703703 0.7743489583333333 0.8106481481481481 0.7743489583333333 0.8125 0.7748697916666667 0.8162037037037037 0.7756510416666667 0.8185185185185185 0.7756510416666667 0.8194444444444444 0.7764322916666667 0.8212962962962963 0.7766927083333334 0.8236111111111111 0.7774739583333333 0.8268518518518518 0.7779947916666666 0.8305555555555556 0.7798177083333333 0.836574074074074 0.7803385416666667 0.8388888888888889 0.780859375 0.8430555555555556 0.7811197916666667 0.8435185185185186 0.781640625 0.8476851851851852 0.7821614583333333 0.8495370370370371 0.7821614583333333 0.8518518518518519 0.782421875 0.8523148148148149 0.782421875 0.8564814814814815 0.7834635416666667 0.8601851851851852 0.7845052083333334 0.862037037037037 0.7852864583333333 0.8657407407407407 0.7858072916666666 0.8671296296296296 0.786328125 0.8699074074074075 0.786328125 0.8712962962962963 0.7868489583333333 0.8731481481481481 0.7873697916666667 0.8768518518518519 0.7881510416666667 0.8800925925925925 0.7889322916666667 0.8851851851851852 0.790234375 0.8898148148148148 0.7912760416666667 0.8925925925925926 0.7915364583333333 0.8962962962962963 0.7923177083333334 0.9004629629629629 0.7928385416666667 0.9013888888888889 0.793359375 0.9041666666666667 0.7938802083333333 0.9055555555555556 0.7938802083333333 0.9069444444444444 0.7944010416666667 0.9092592592592592 0.7944010416666667 0.9106481481481481 0.794921875 0.913425925925926 0.795703125 0.9157407407407407 0.795703125 0.9166666666666666 0.7967447916666667 0.9199074074074074 0.7970052083333333 0.9226851851851852 0.7975260416666666 0.925 0.7975260416666666 0.9268518518518518 0.798046875 0.9291666666666667 0.798046875 0.9305555555555556 0.798828125 0.9328703703703703 0.7990885416666667 0.9351851851851852 0.7998697916666667 0.9393518518518519 0.801171875 0.9425925925925925 0.8024739583333333 0.9476851851851852 0.8024739583333333 0.9486111111111111 0.8032552083333333 0.9518518518518518 0.8037760416666667 0.9555555555555556 0.804296875 0.9569444444444445 0.8053385416666666 0.9625 0.8053385416666666 0.9643518518518519 0.805859375 0.9666666666666667 0.805859375 0.9685185185185186 0.8063802083333333 0.9708333333333333 0.8076822916666667 0.9736111111111111 0.8087239583333333 0.9768518518518519 0.8087239583333333 0.9782407407407407 0.8092447916666666 0.9805555555555555 0.8095052083333333 0.9847222222222223 0.8100260416666667 0.9875 0.8100260416666667 0.9907407407407407 0.808984375 0.9949074074074075 0.8072916666666666 0.9965277777777778 0.803125 0.9965277777777778 0.8028645833333333 0.9960648148148148 0.7955729166666666 0.9960648148148148 0.7953125 0.9965277777777778 0.7940104166666667 0.9965277777777778 0.79375 0.9960648148148148 0.7888020833333333 0.9960648148148148 0.7885416666666667 0.9956018518518519 0.7864583333333334 0.9956018518518519 0.7861979166666667 0.9951388888888889 0.7848958333333333 0.9951388888888889 0.7846354166666667 0.9946759259259259 0.7833333333333333 0.9946759259259259 0.7825520833333334 0.9942129629629629 0.7802083333333333 0.9918981481481481 0.7790364583333333 0.9898148148148148 0.7782552083333333 0.987037037037037 0.7779947916666666 0.9847222222222223 0.7774739583333333 0.9828703703703704 0.7772135416666667 0.9796296296296296 0.7766927083333334 0.9768518518518519 0.7756510416666667 0.9736111111111111 0.7756510416666667 0.9726851851851852 0.7748697916666667 0.9703703703703703 0.7743489583333333 0.9675925925925926 0.7743489583333333 0.9662037037037037 0.773828125 0.9643518518518519 0.7735677083333333 0.9611111111111111 0.773046875 0.9592592592592593 0.7727864583333334 0.9569444444444445 0.772265625 0.9555555555555556 0.771484375 0.9495370370370371 0.770703125 0.9462962962962963 0.769921875 0.9412037037037037 0.7694010416666667 0.9393518518518519 0.7694010416666667 0.937962962962963 0.7686197916666667 0.9351851851851852 0.7680989583333333 0.9314814814814815 0.7673177083333333 0.9291666666666667 0.7662760416666666 0.924074074074074 0.766015625 0.9208333333333333 0.7654947916666667 0.9189814814814815 0.7654947916666667 0.9175925925925926 0.7641927083333333 0.9125 0.7634114583333333 0.9074074074074074 0.7626302083333333 0.9046296296296297 0.7626302083333333 0.9032407407407408 0.7615885416666667 0.8986111111111111 0.761328125 0.8953703703703704 0.7600260416666667 0.8902777777777777 0.7600260416666667 0.8888888888888888 0.7592447916666667 0.8856481481481482 0.7587239583333333 0.8814814814814815 0.758203125 0.8796296296296297 0.758203125 0.8782407407407408 0.7576822916666667 0.8763888888888889 0.757421875 0.8740740740740741 0.7569010416666667 0.8726851851851852 0.7561197916666667 0.8666666666666667 0.755859375 0.8662037037037037 0.7555989583333333 0.8634259259259259 0.755078125 0.862037037037037 0.755078125 0.8606481481481482 0.7540364583333333 0.8560185185185185 0.7540364583333333 0.8546296296296296 0.7532552083333334 0.8513888888888889 0.752734375 0.8481481481481481 0.751171875 0.8430555555555556 0.7509114583333333 0.8398148148148148 0.750390625 0.8379629629629629 0.7501302083333333 0.8347222222222223 0.749609375 0.8328703703703704 0.7493489583333334 0.8305555555555556 0.7483072916666667 0.8263888888888888 0.747265625 0.8212962962962963 0.7470052083333333 0.8185185185185185 0.746484375 0.8171296296296297 0.7462239583333333 0.8138888888888889 0.745703125 0.812037037037037 0.7454427083333334 0.8097222222222222 0.7444010416666667 0.8064814814814815 0.7438802083333333 0.8041666666666667 0.7430989583333333 0.799074074074074 0.742578125 0.7925925925925926 0.7415364583333334 0.787962962962963 0.7412760416666667 0.7837962962962963 0.741015625 0.7819444444444444 0.740234375 0.7787037037037037 0.740234375 0.7777777777777778 0.739453125 0.7754629629629629 0.7391927083333333 0.7726851851851851 0.738671875 0.7699074074074074 0.738671875 0.7680555555555556 0.7373697916666667 0.7611111111111111 0.7365885416666667 0.7597222222222222 0.7360677083333333 0.7560185185185185 0.735546875 0.7546296296296297 0.7352864583333333 0.7523148148148148 0.733984375 0.7481481481481481 0.733203125 0.7449074074074075 0.7329427083333333 0.7425925925925926 0.732421875 0.7407407407407407 0.731640625 0.736574074074074 0.731640625 0.7351851851851852 0.7311197916666666 0.7333333333333333 0.7311197916666666 0.7319444444444444 0.7305989583333333 0.7296296296296296 0.7298177083333334 0.7236111111111111 0.7295572916666667 0.7231481481481481 0.729296875 0.7203703703703703 0.7287760416666667 0.7189814814814814 0.7287760416666667 0.7175925925925926 0.727734375 0.7138888888888889 0.7274739583333333 0.7111111111111111 0.7266927083333333 0.7078703703703704 0.7264322916666667 0.7055555555555556 0.7259114583333334 0.7037037037037037 0.7259114583333334 0.7013888888888888 0.725390625 0.6990740740740741 0.7251302083333333 0.6967592592592593 0.724609375 0.6949074074074074 0.7243489583333333 0.6925925925925925 0.723828125 0.6912037037037037 0.723828125 0.6898148148148148 0.7233072916666666 0.687962962962963 0.7233072916666666 0.6865740740740741 0.7227864583333333 0.6847222222222222 0.7227864583333333 0.6833333333333333 0.722265625 0.6810185185185185 0.722265625 0.6796296296296296 0.7217447916666667 0.6773148148148148 0.720703125 0.674074074074074 0.7204427083333333 0.6717592592592593 0.719921875 0.6703703703703704 0.719140625 0.6648148148148149 0.7186197916666667 0.662962962962963 0.718359375 0.6597222222222222 0.7178385416666667 0.6569444444444444 0.716796875 0.6537037037037037 0.7157552083333333 0.649074074074074 0.7157552083333333 0.6476851851851851 0.715234375 0.6458333333333334 0.715234375 0.6444444444444445 0.7147135416666667 0.6425925925925926 0.714453125 0.6388888888888888 0.7141927083333334 0.638425925925926 0.7139322916666667 0.6347222222222222 0.712890625 0.6314814814814815 0.712890625 0.6305555555555555 0.712109375 0.6282407407407408 0.7115885416666666 0.624537037037037 0.7110677083333333 0.6231481481481481 0.710546875 0.6203703703703703 0.7102864583333334 0.6162037037037037 0.7095052083333333 0.6125 0.7092447916666667 0.6101851851851852 0.708203125 0.6064814814814815 0.7079427083333333 0.6037037037037037 0.7071614583333333 0.600462962962963 0.7069010416666667 0.5972222222222222 0.7063802083333334 0.5953703703703703 0.7061197916666667 0.5930555555555556 0.7053385416666667 0.5907407407407408 0.705078125 0.5884259259259259 0.704296875 0.5861111111111111 0.7040364583333333 0.5837962962962963 0.702734375 0.5787037037037037 0.7024739583333334 0.5745370370370371 0.7022135416666667 0.5726851851851852 0.7016927083333333 0.5712962962962963 0.7014322916666667 0.5689814814814815 0.700390625 0.5652777777777778 0.700390625 0.5638888888888889 0.6998697916666666 0.562037037037037 0.6998697916666666 0.5606481481481481 0.6990885416666667 0.5569444444444445 0.6990885416666667 0.5550925925925926 0.6985677083333334 0.5527777777777778 0.6983072916666667 0.55 0.6975260416666667 0.5476851851851852 0.6970052083333333 0.5444444444444444 0.696484375 0.5430555555555555 0.6962239583333333 0.5407407407407407 0.6954427083333333 0.537962962962963 0.6954427083333333 0.5365740740740741 0.694921875 0.5342592592592592 0.694921875 0.5324074074074074 0.6938802083333333 0.5259259259259259 0.6928385416666667 0.5222222222222223 0.692578125 0.5199074074074074 0.6920572916666666 0.5180555555555556 0.6920572916666666 0.5166666666666667 0.6915364583333333 0.512962962962963 0.6904947916666667 0.5083333333333333 0.6904947916666667 0.5069444444444444 0.6897135416666667 0.5046296296296297 0.6897135416666667 0.5037037037037037 0.688671875 0.500462962962963 0.6881510416666666 0.4976851851851852 0.687109375 0.48935185185185187 0.686328125 0.4861111111111111 0.686328125 0.48518518518518516 0.684765625 0.4791666666666667 0.6845052083333333 0.47685185185185186 0.683984375 0.475 0.683984375 0.4736111111111111 0.683203125 0.46805555555555556 0.6826822916666667 0.4652777777777778 0.6819010416666667 0.46296296296296297 0.681640625 0.46064814814814814 0.680859375 0.4583333333333333 0.6803385416666666 0.45601851851851855 0.6798177083333333 0.4513888888888889 0.679296875 0.449537037037037 0.6787760416666667 0.44537037037037036 0.6787760416666667 0.44351851851851853 0.6779947916666667 0.44074074074074077 0.677734375 0.43842592592592594 0.676953125 0.4361111111111111 0.676953125 0.43472222222222223 0.6764322916666666 0.43287037037037035 0.6764322916666666 0.43148148148148147 0.675390625 0.42685185185185187 0.6748697916666667 0.42314814814814816 0.673828125 0.41759259259259257 0.6735677083333333 0.4152777777777778 0.673046875 0.41388888888888886 0.6727864583333333 0.4115740740740741 0.6727864583333333 0.4078703703703704 0.6725260416666666 0.4074074074074074 0.6725260416666666 0.399537037037037 0.6727864583333333 0.3990740740740741 0.673046875 0.3958333333333333 0.6735677083333333 0.39444444444444443 0.673828125 0.3925925925925926 0.675 0.3905092592592593 0.678125 0.38819444444444445 0.6794270833333333 0.38819444444444445 0.6796875 0.38773148148148145 0.6809895833333334 0.38773148148148145 0.68125 0.3872685185185185 0.6830729166666667 0.3872685185185185 0.6833333333333333 0.38680555555555557 0.68515625 0.38680555555555557 0.6854166666666667 0.38634259259259257 0.68671875 0.38634259259259257 0.6869791666666667 0.38587962962962963 0.6885416666666667 0.38587962962962963 0.6888020833333334 0.3854166666666667 0.6903645833333333 0.3854166666666667 0.690625 0.3849537037037037 0.6919270833333333 0.3849537037037037 0.6921875 0.38449074074074074 0.69375 0.38449074074074074 0.6940104166666666 0.3840277777777778 0.696875 0.3840277777777778 0.6971354166666667 0.3835648148148148 0.6989583333333333 0.3835648148148148 0.69921875 0.38310185185185186 0.70546875 0.38310185185185186 0.7057291666666666 0.3835648148148148 0.7072916666666667 0.3840277777777778 0.70859375 0.38587962962962963 0.709375 0.38587962962962963 0.7104166666666667 0.38449074074074074 0.7122395833333334 0.38310185185185186 0.7134114583333333 0.38055555555555554 0.7139322916666667 0.37824074074074077 0.714453125 0.3773148148148148 0.715234375 0.37453703703703706 0.7154947916666666 0.37222222222222223 0.716015625 0.3699074074074074 0.7170572916666667 0.36666666666666664 0.717578125 0.36342592592592593 0.718359375 0.3611111111111111 0.7186197916666667 0.3587962962962963 0.7196614583333333 0.3541666666666667 0.720703125 0.3509259259259259 0.720703125 0.35 0.721484375 0.34814814814814815 0.722265625 0.3435185185185185 0.723046875 0.34120370370370373 0.723828125 0.33796296296296297 0.7243489583333333 0.337037037037037 0.7256510416666667 0.33240740740740743 0.7259114583333334 0.3300925925925926 0.7272135416666666 0.32592592592592595 0.7279947916666667 0.32175925925925924 0.7279947916666667 0.3143518518518518 0.7272135416666666 0.3101851851851852 0.726953125 0.30787037037037035 0.726953125 0.3 0.727734375 0.2949074074074074 0.7287760416666667 0.2916666666666667 0.7295572916666667 0.2875 0.7313802083333333 0.28379629629629627 0.7313802083333333 0.2833333333333333 0.7328125 0.28078703703703706 0.7364583333333333 0.27662037037037035 0.7385416666666667 0.27569444444444446 0.7403645833333333 0.2738425925925926 0.7411458333333333 0.27337962962962964 0.7420572916666667 0.27037037037037037 0.7420572916666667 0.2671296296296296 0.7423177083333333 0.26666666666666666 0.7423177083333333 0.2625 0.742578125 0.262037037037037 0.742578125 0.25925925925925924 0.7430989583333333 0.25787037037037036 0.7436197916666667 0.2550925925925926 0.7455729166666667 0.2516203703703704 0.746875 0.2502314814814815 0.7505208333333333 0.24699074074074073 0.7518229166666667 0.24560185185185185 0.7546875 0.24467592592592594 0.7549479166666667 0.24421296296296297 0.7565104166666666 0.24421296296296297 0.7567708333333333 0.24375 0.759375 0.24375 0.7604166666666666 0.24328703703703702 0.7630208333333334 0.2414351851851852 0.7643229166666666 0.24097222222222223 0.7669270833333334 0.24097222222222223 0.7671875 0.24050925925925926 0.76875 0.24050925925925926 0.7700520833333333 0.24004629629629629 0.7713541666666667 0.23912037037037037 0.7723958333333333 0.23912037037037037 0.7736979166666667 0.23819444444444443 0.775 0.2377314814814815 0.7765625 0.2377314814814815 0.7768229166666667 0.23726851851851852 0.7786458333333334 0.23726851851851852 0.77890625 0.23680555555555555 0.7802083333333333 0.23680555555555555 0.78046875 0.2363425925925926 0.7822916666666667 0.2363425925925926 0.7825520833333334 0.23587962962962963 0.7841145833333333 0.23587962962962963 0.784375 0.23541666666666666 0.7856770833333333 0.23541666666666666 0.7859375 0.2349537037037037 0.7872395833333333 0.2349537037037037 0.7875 0.23449074074074075 0.7888020833333333 0.23449074074074075 0.7901041666666667 0.23402777777777778 0.79140625 0.23310185185185187 0.7927083333333333 0.23310185185185187 0.79296875 0.2326388888888889 0.7942708333333334 0.2326388888888889 0.7963541666666667 0.23125 0.79765625 0.23125 0.7979166666666667 0.23078703703703704 0.79921875 0.23078703703703704 0.7994791666666666 0.23032407407407407 0.80078125 0.23032407407407407 0.8010416666666667 0.2298611111111111 0.80234375 0.2298611111111111 0.80390625 0.22893518518518519 0.8052083333333333 0.22893518518518519 0.80546875 0.22847222222222222 0.8067708333333333 0.22847222222222222 0.80703125 0.22800925925925927 0.8088541666666667 0.22800925925925927 0.8091145833333333 0.2275462962962963 0.8106770833333333 0.2275462962962963 0.8109375 0.22708333333333333 0.8125 0.22708333333333333 0.8127604166666667 0.22662037037037036 0.8140625 0.22662037037037036 0.8169270833333333 0.22523148148148148 0.8200520833333333 0.22430555555555556 0.8216145833333334 0.22337962962962962 0.8229166666666666 0.22337962962962962 0.8231770833333333 0.22291666666666668 0.8247395833333333 0.22291666666666668 0.825 0.2224537037037037 0.8263020833333333 0.2224537037037037 0.8265625 0.22199074074074074 0.8278645833333333 0.22199074074074074 0.828125 0.22152777777777777 0.8296875 0.22152777777777777 0.8299479166666667 0.22106481481481483 0.8315104166666667 0.22106481481481483 0.8317708333333333 0.22060185185185185 0.8333333333333334 0.22060185185185185 0.83359375 0.22013888888888888 0.83515625 0.22013888888888888 0.8354166666666667 0.2196759259259259 0.83671875 0.2196759259259259 0.8369791666666667 0.21921296296296297 0.8385416666666666 0.21921296296296297 0.8388020833333333 0.21875 0.8401041666666667 0.21875 0.8427083333333333 0.2178240740740741 0.84296875 0.21736111111111112 0.84453125 0.21736111111111112 0.8447916666666667 0.21689814814814815 0.8466145833333333 0.21689814814814815 0.846875 0.21643518518518517 0.8481770833333333 0.21643518518518517 0.8484375 0.21597222222222223 0.85 0.21597222222222223 0.8502604166666666 0.21550925925925926 0.8515625 0.21550925925925926 0.853125 0.21458333333333332 0.8546875 0.21458333333333332 0.8549479166666667 0.21412037037037038 0.85625 0.21412037037037038 0.8565104166666667 0.2136574074074074 0.8588541666666667 0.2136574074074074 0.8591145833333333 0.21319444444444444 0.8606770833333334 0.21319444444444444 0.86171875 0.21226851851851852 0.8640625 0.21180555555555555 0.8653645833333333 0.21087962962962964 0.8666666666666667 0.21041666666666667 0.8684895833333334 0.21041666666666667 0.86875 0.2099537037037037 0.87109375 0.2099537037037037 0.8713541666666667 0.20949074074074073 0.8731770833333333 0.20949074074074073 0.8755208333333333 0.20856481481481481 0.8765625 0.2076388888888889 0.8778645833333333 0.20717592592592593 0.8791666666666667 0.20717592592592593 0.8794270833333333 0.20671296296296296 0.8807291666666667 0.20671296296296296 0.88203125 0.20625 0.8833333333333333 0.20532407407407408 0.8856770833333333 0.2048611111111111 0.8869791666666667 0.2039351851851852 0.890625 0.20300925925925925 0.8921875 0.20208333333333334 0.8934895833333333 0.20208333333333334 0.89375 0.20162037037037037 0.8950520833333333 0.20162037037037037 0.8953125 0.2011574074074074 0.8966145833333333 0.2011574074074074 0.896875 0.20069444444444445 0.8981770833333333 0.20069444444444445 0.8984375 0.20023148148148148 0.8997395833333334 0.20023148148148148 0.9 0.1997685185185185 0.9018229166666667 0.1997685185185185 0.9020833333333333 0.19930555555555557 0.90390625 0.19930555555555557 0.9041666666666667 0.1988425925925926 0.90546875 0.1988425925925926 0.9057291666666667 0.19837962962962963 0.90703125 0.19837962962962963 0.9083333333333333 0.19791666666666666 0.9096354166666667 0.19699074074074074 0.9122395833333333 0.1960648148148148 0.9135416666666667 0.1960648148148148 0.9138020833333333 0.19560185185185186 0.9151041666666667 0.19560185185185186 0.9153645833333334 0.1951388888888889 0.9169270833333333 0.1951388888888889 0.9171875 0.19467592592592592 0.9184895833333333 0.19467592592592592 0.91875 0.19421296296296298 0.9203125 0.19421296296296298 0.9205729166666666 0.19375 0.921875 0.19375 0.9221354166666667 0.19328703703703703 0.9234375 0.19328703703703703 0.9236979166666667 0.19282407407407406 0.9252604166666667 0.19282407407407406 0.9255208333333333 0.19236111111111112 0.9270833333333334 0.19236111111111112 0.92734375 0.19189814814814815 0.9286458333333333 0.19189814814814815 0.92890625 0.19143518518518518 0.9302083333333333 0.19143518518518518 0.93046875 0.1909722222222222 0.93203125 0.1909722222222222 0.9322916666666666 0.19050925925925927 0.93359375 0.19050925925925927 0.93515625 0.18958333333333333 0.93671875 0.18958333333333333 0.9369791666666667 0.18912037037037038 0.9388020833333334 0.18912037037037038 0.9390625 0.1886574074074074 0.9403645833333333 0.1886574074074074 0.940625 0.18819444444444444 0.9419270833333333 0.18819444444444444 0.9421875 0.18773148148148147 0.9442708333333333 0.18773148148148147 0.9453125 0.18819444444444444 0.94765625 0.19050925925925927 0.9494791666666667 0.1900462962962963 0.9510416666666667 0.18912037037037038 0.9522135416666667 0.18703703703703703 0.952734375 0.18472222222222223 0.9540364583333333 0.18194444444444444 0.955078125 0.17916666666666667 0.955859375 0.1763888888888889 0.959375 0.1701388888888889 0.9596354166666666 0.1701388888888889 0.9608072916666667 0.16805555555555557 0.961328125 0.16574074074074074 0.9623697916666667 0.1625 0.9640625 0.15949074074074074 0.9643229166666667 0.15949074074074074 0.9661458333333334 0.15578703703703703 0.96796875 0.15439814814814815 0.96875 0.15439814814814815 0.9700520833333334 0.15300925925925926 0.971875 0.1525462962962963 0.9736979166666667 0.1511574074074074 0.9744791666666667 0.14976851851851852 0.9765625 0.14930555555555555 0.9778645833333334 0.14837962962962964 0.98203125 0.14837962962962964 0.9822916666666667 0.14791666666666667 0.98828125 0.14791666666666667 0.9895833333333334 0.14837962962962964 0.99140625 0.14976851851851852 0.9921875 0.14976851851851852 0.9934895833333334 0.1511574074074074 0.9940104166666667 0.1511574074074074 0.9953125 0.1525462962962963 0.9958333333333333 0.1525462962962963 0.9973958333333334 0.15393518518518517 0.9997395833333333 0.15393518518518517
3 0.26067708333333334 0.14270833333333333 0.25026041666666665 0.28541666666666665 0.347265625 0.0 0.347265625 0.0023148148148148147 0.34869791666666666 0.004861111111111111 0.34986979166666665 0.006481481481481481 0.3509114583333333 0.009722222222222222 0.3509114583333333 0.010648148148148148 0.351953125 0.013888888888888888 0.35247395833333334 0.016203703703703703 0.352734375 0.01898148148148148 0.35325520833333335 0.020370370370370372 0.35403645833333336 0.02361111111111111 0.35455729166666666 0.025 0.355859375 0.027314814814814816 0.356640625 0.02962962962962963 0.358203125 0.032407407407407406 0.359765625 0.03657407407407407 0.36028645833333334 0.03888888888888889 0.36028645833333334 0.04027777777777778 0.361328125 0.04351851851851852 0.361328125 0.044444444444444446 0.36236979166666666 0.04722222222222222 0.362890625 0.04953703703703704 0.3631510416666667 0.05277777777777778 0.3639322916666667 0.05555555555555555 0.36419270833333334 0.05787037037037037 0.36497395833333335 0.06018518518518518 0.365234375 0.062037037037037036 0.36575520833333336 0.06296296296296296 0.366796875 0.06759259259259259 0.366796875 0.06851851851851852 0.3678385416666667 0.07175925925925926 0.3678385416666667 0.07268518518518519 0.36888020833333335 0.07824074074074074 0.36966145833333336 0.08055555555555556 0.36966145833333336 0.08148148148148149 0.3712239583333333 0.08657407407407407 0.3712239583333333 0.0875 0.372265625 0.0912037037037037 0.37252604166666664 0.09351851851851851 0.37356770833333336 0.09675925925925925 0.373828125 0.09907407407407408 0.3748697916666667 0.10277777777777777 0.37591145833333334 0.10787037037037037 0.37591145833333334 0.10972222222222222 0.37643229166666664 0.1125 0.37721354166666665 0.11527777777777778 0.377734375 0.1162037037037037 0.379296875 0.12407407407407407 0.38059895833333335 0.12824074074074074 0.38059895833333335 0.12916666666666668 0.38138020833333336 0.13240740740740742 0.38138020833333336 0.13425925925925927 0.383203125 0.1425925925925926 0.383984375 0.1476851851851852 0.38502604166666665 0.15138888888888888 0.385546875 0.15648148148148147 0.38580729166666666 0.15694444444444444 0.38580729166666666 0.1638888888888889 0.385546875 0.16435185185185186 0.38450520833333335 0.16898148148148148 0.38372395833333334 0.1712962962962963 0.3821614583333333 0.17731481481481481 0.38138020833333336 0.17962962962962964 0.379296875 0.18472222222222223 0.378515625 0.18611111111111112 0.37747395833333336 0.18935185185185185 0.375390625 0.19305555555555556 0.373828125 0.19722222222222222 0.372265625 0.20324074074074075 0.3712239583333333 0.20601851851851852 0.36966145833333336 0.20879629629629629 0.36861979166666664 0.2111111111111111 0.3670572916666667 0.2162037037037037 0.3665364583333333 0.21712962962962962 0.36575520833333336 0.22037037037037038 0.36497395833333335 0.2222222222222222 0.36380208333333336 0.22430555555555556 0.36354166666666665 0.22430555555555556 0.36158854166666665 0.22777777777777777 0.360546875 0.2324074074074074 0.359765625 0.2351851851851852 0.3587239583333333 0.2375 0.35690104166666664 0.24259259259259258 0.35638020833333334 0.24537037037037038 0.3555989583333333 0.24768518518518517 0.35455729166666666 0.25 0.35377604166666665 0.2523148148148148 0.3514322916666667 0.2601851851851852 0.350390625 0.2625 0.35013020833333336 0.2638888888888889 0.34934895833333335 0.2652777777777778 0.3483072916666667 0.26851851851851855 0.3475260416666667 0.26990740740740743 0.346484375 0.27314814814814814 0.345703125 0.275 0.34453125 0.27708333333333335 0.34427083333333336 0.27708333333333335 0.342578125 0.2800925925925926 0.342578125 0.28055555555555556 0.340625 0.2835648148148148 0.33828125 0.28541666666666665 0.3333333333333333 0.28541666666666665 0.33307291666666666 0.2849537037037037 0.32864583333333336 0.2831018518518518 0.3268229166666667 0.28171296296296294 0.32395833333333335 0.28078703703703706 0.3216145833333333 0.2793981481481482 0.3203125 0.2793981481481482 0.32005208333333335 0.2789351851851852 0.3182291666666667 0.2789351851851852 0.31692708333333336 0.27800925925925923 0.315625 0.2775462962962963 0.3138020833333333 0.27569444444444446 0.31302083333333336 0.27523148148148147 0.31171875 0.27523148148148147 0.31015625 0.2743055555555556 0.30911458333333336 0.2743055555555556 0.30755208333333334 0.27337962962962964 0.30625 0.27337962962962964 0.3059895833333333 0.27291666666666664 0.3046875 0.27291666666666664 0.30442708333333335 0.2724537037037037 0.3028645833333333 0.2724537037037037 0.30078125 0.27152777777777776 0.29973958333333334 0.27060185185185187 0.2989583333333333 0.27060185185185187 0.29791666666666666 0.26967592592592593 0.29713541666666665 0.26967592592592593 0.29609375 0.26875 0.2953125 0.26875 0.2921875 0.2673611111111111 0.2908854166666667 0.26643518518518516 0.29010416666666666 0.26643518518518516 0.28802083333333334 0.2650462962962963 0.2869791666666667 0.2650462962962963 0.28463541666666664 0.2636574074074074 0.28359375 0.2636574074074074 0.28229166666666666 0.26273148148148145 0.2791666666666667 0.26134259259259257 0.278125 0.26134259259259257 0.27708333333333335 0.2604166666666667 0.2747395833333333 0.25949074074074074 0.27317708333333335 0.25949074074074074 0.27291666666666664 0.2590277777777778 0.2716145833333333 0.2590277777777778 0.2713541666666667 0.2585648148148148 0.26953125 0.25810185185185186 0.26848958333333334 0.2571759259259259 0.26536458333333335 0.25578703703703703 0.26328125 0.2539351851851852 0.2625 0.2539351851851852 0.26145833333333335 0.25300925925925927 0.25807291666666665 0.2520833333333333 0.2578125 0.2516203703703704 0.25625 0.2516203703703704 0.2559895833333333 0.2511574074074074 0.2546875 0.2511574074074074 0.25442708333333336 0.25069444444444444 0.2526041666666667 0.2502314814814815 0.2513020833333333 0.24930555555555556 0.24947916666666667 0.2488425925925926 0.2484375 0.24791666666666667 0.24765625 0.24791666666666667 0.24635416666666668 0.24699074074074073 0.24453125 0.2465277777777778 0.24427083333333333 0.24606481481481482 0.24270833333333333 0.24606481481481482 0.24244791666666668 0.24560185185185185 0.24036458333333333 0.24560185185185185 0.2390625 0.24467592592592594 0.23723958333333334 0.24421296296296297 0.23619791666666667 0.24328703703703702 0.23541666666666666 0.24328703703703702 0.234375 0.2423611111111111 0.23359375 0.2423611111111111 0.23229166666666667 0.2414351851851852 0.22994791666666667 0.24097222222222223 0.22864583333333333 0.24004629629629629 0.22786458333333334 0.24004629629629629 0.22682291666666668 0.23912037037037037 0.22604166666666667 0.23912037037037037 0.22473958333333333 0.23819444444444443 0.2234375 0.2377314814814815 0.22005208333333334 0.23449074074074075 0.21796875 0.23125 0.21666666666666667 0.2298611111111111 0.21497395833333333 0.2263888888888889 0.21393229166666666 0.2222222222222222 0.21223958333333334 0.21921296296296297 0.21197916666666666 0.21921296296296297 0.21080729166666667 0.21712962962962962 0.20950520833333333 0.21342592592592594 0.20859375 0.21180555555555555 0.20703125 0.21041666666666667 0.205078125 0.20694444444444443 0.20377604166666666 0.20277777777777778 0.20299479166666667 0.2013888888888889 0.20169270833333333 0.19722222222222222 0.198828125 0.19074074074074074 0.19752604166666668 0.1884259259259259 0.196484375 0.18611111111111112 0.19518229166666667 0.1824074074074074 0.19427083333333334 0.18078703703703702 0.19296875 0.17939814814814814 0.19153645833333333 0.17685185185185184 0.19075520833333334 0.17453703703703705 0.18815104166666666 0.16898148148148148 0.18815104166666666 0.1685185185185185 0.18684895833333334 0.16620370370370371 0.18684895833333334 0.16574074074074074 0.18346354166666667 0.1597222222222222 0.18346354166666667 0.15925925925925927 0.18216145833333333 0.15694444444444444 0.18216145833333333 0.15648148148148147 0.180859375 0.15416666666666667 0.180859375 0.1537037037037037 0.17591145833333333 0.1449074074074074 0.17513020833333334 0.14305555555555555 0.17408854166666668 0.13935185185185187 0.17278645833333334 0.13703703703703704 0.17174479166666667 0.13333333333333333 0.17057291666666666 0.13078703703703703 0.1703125 0.13078703703703703 0.16627604166666668 0.12361111111111112 0.16627604166666668 0.12314814814814815 0.16458333333333333 0.12013888888888889 0.16432291666666668 0.12013888888888889 0.16236979166666668 0.1162037037037037 0.16184895833333332 0.11435185185185186 0.16080729166666666 0.1125 0.16028645833333333 0.11064814814814815 0.15950520833333334 0.10925925925925926 0.15872395833333333 0.10648148148148148 0.155078125 0.1 0.155078125 0.09953703703703703 0.15299479166666666 0.09583333333333334 0.15221354166666667 0.09398148148148149 0.15143229166666666 0.0912037037037037 0.14830729166666667 0.08564814814814815 0.14830729166666667 0.08518518518518518 0.14700520833333333 0.08287037037037037 0.146484375 0.08101851851851852 0.143359375 0.07546296296296297 0.143359375 0.075 0.14140625 0.07152777777777777 0.14114583333333333 0.07152777777777777 0.13997395833333334 0.06944444444444445 0.13997395833333334 0.06898148148148148 0.13841145833333332 0.06527777777777778 0.13684895833333333 0.0625 0.13580729166666666 0.05925925925925926 0.13580729166666666 0.05648148148148148 0.135546875 0.056018518518518516 0.135546875 0.052314814814814814 0.136328125 0.04953703703703704 0.13919270833333333 0.044444444444444446 0.13919270833333333 0.04398148148148148 0.14036458333333332 0.04189814814814815 0.140625 0.04189814814814815 0.14192708333333334 0.03958333333333333 0.14322916666666666 0.03819444444444445 0.14635416666666667 0.03263888888888889 0.14661458333333333 0.03263888888888889 0.14778645833333334 0.030555555555555555 0.14778645833333334 0.03009259259259259 0.15078125 0.02476851851851852 0.15208333333333332 0.02337962962962963 0.15338541666666666 0.021064814814814814 0.15364583333333334 0.021064814814814814 0.15559895833333334 0.017592592592592594 0.15559895833333334 0.01712962962962963 0.15859375 0.011805555555555555 0.15885416666666666 0.011805555555555555 0.16015625 0.00949074074074074 0.16145833333333334 0.008101851851851851 0.16328125 0.005324074074074074 0.16510416666666666 0.003935185185185185 0.16588541666666667 0.0030092592592592593 0.16731770833333334 0.0023148148148148147 0.16731770833333334 0.0
3 0.5088541666666667 0.5935185185185186 0.23515625 0.5578703703703703 0.46432291666666664 0.8724537037037037 0.46171875 0.8724537037037037 0.46041666666666664 0.8715277777777778 0.45859375 0.8710648148148148 0.45755208333333336 0.8696759259259259 0.4549479166666667 0.867824074074074 0.45286458333333335 0.8659722222222223 0.4515625 0.8655092592592593 0.44947916666666665 0.8627314814814815 0.4479166666666667 0.8613425925925926 0.44635416666666666 0.8604166666666667 0.44505208333333335 0.8590277777777777 0.44375 0.8581018518518518 0.44244791666666666 0.856712962962963 0.44166666666666665 0.8553240740740741 0.4388020833333333 0.8525462962962963 0.4375 0.8506944444444444 0.4354166666666667 0.8488425925925925 0.4348958333333333 0.8488425925925925 0.43359375 0.8474537037037037 0.4322916666666667 0.8469907407407408 0.4309895833333333 0.8460648148148148 0.42864583333333334 0.84375 0.42734375 0.8428240740740741 0.4265625 0.8414351851851852 0.425 0.8395833333333333 0.42291666666666666 0.8377314814814815 0.42109375 0.8344907407407407 0.41953125 0.8326388888888889 0.41640625 0.830324074074074 0.4158854166666667 0.830324074074074 0.41354166666666664 0.8284722222222223 0.41302083333333334 0.8284722222222223 0.40989583333333335 0.8252314814814815 0.407421875 0.8208333333333333 0.40716145833333334 0.8194444444444444 0.4061197916666667 0.8162037037037037 0.405859375 0.8148148148148148 0.405859375 0.8125 0.4055989583333333 0.812037037037037 0.4055989583333333 0.8097222222222222 0.40533854166666666 0.8092592592592592 0.40533854166666666 0.8060185185185185 0.405078125 0.8055555555555556 0.405078125 0.8013888888888889 0.40481770833333336 0.8009259259259259 0.40481770833333336 0.7967592592592593 0.40455729166666665 0.7962962962962963 0.40455729166666665 0.7888888888888889 0.404296875 0.788425925925926 0.404296875 0.7814814814814814 0.40403645833333335 0.7810185185185186 0.40403645833333335 0.7708333333333334 0.40377604166666664 0.7703703703703704 0.40377604166666664 0.7638888888888888 0.403515625 0.763425925925926 0.403515625 0.7564814814814815 0.40325520833333334 0.7560185185185185 0.40325520833333334 0.7490740740740741 0.4029947916666667 0.7486111111111111 0.4029947916666667 0.7388888888888889 0.402734375 0.7384259259259259 0.402734375 0.7319444444444444 0.4024739583333333 0.7314814814814815 0.4024739583333333 0.7236111111111111 0.4022135416666667 0.7231481481481481 0.4022135416666667 0.7101851851851851 0.401953125 0.7097222222222223 0.401953125 0.7060185185185185 0.4016927083333333 0.7055555555555556 0.4016927083333333 0.6939814814814815 0.40143229166666666 0.6935185185185185 0.40143229166666666 0.6796296296296296 0.401171875 0.6791666666666667 0.401171875 0.674537037037037 0.40091145833333336 0.674074074074074 0.40091145833333336 0.6703703703703704 0.40065104166666665 0.6699074074074074 0.40065104166666665 0.6657407407407407 0.40091145833333336 0.6652777777777777 0.40065104166666665 0.662962962962963 0.40065104166666665 0.6578703703703703 0.400390625 0.6574074074074074 0.400390625 0.6532407407407408 0.40013020833333335 0.6527777777777778 0.40013020833333335 0.649537037037037 0.39986979166666664 0.649074074074074 0.39986979166666664 0.6458333333333334 0.399609375 0.6453703703703704 0.399609375 0.6398148148148148 0.39934895833333334 0.6393518518518518 0.39934895833333334 0.6314814814814815 0.3990885416666667 0.6310185185185185 0.3990885416666667 0.6259259259259259 0.398828125 0.625462962962963 0.398828125 0.6208333333333333 0.3985677083333333 0.6203703703703703 0.3985677083333333 0.6111111111111112 0.3983072916666667 0.6106481481481482 0.3983072916666667 0.6013888888888889 0.398046875 0.600925925925926 0.398046875 0.5962962962962963 0.3977864583333333 0.5958333333333333 0.3977864583333333 0.5879629629629629 0.39752604166666666 0.5875 0.39752604166666666 0.5763888888888888 0.397265625 0.575925925925926 0.397265625 0.5680555555555555 0.39700520833333336 0.5675925925925925 0.39700520833333336 0.5587962962962963 0.39674479166666665 0.5583333333333333 0.39674479166666665 0.5476851851851852 0.396484375 0.5472222222222223 0.396484375 0.5407407407407407 0.39622395833333335 0.5402777777777777 0.39622395833333335 0.5324074074074074 0.39596354166666664 0.5319444444444444 0.39596354166666664 0.5222222222222223 0.395703125 0.5217592592592593 0.395703125 0.5171296296296296 0.39544270833333334 0.5166666666666667 0.39544270833333334 0.5101851851851852 0.3951822916666667 0.5097222222222222 0.3951822916666667 0.49675925925925923 0.394921875 0.4962962962962963 0.394921875 0.49074074074074076 0.3946614583333333 0.49027777777777776 0.3946614583333333 0.48657407407407405 0.3944010416666667 0.4861111111111111 0.3944010416666667 0.48194444444444445 0.394140625 0.48148148148148145 0.394140625 0.47453703703703703 0.3938802083333333 0.4740740740740741 0.3938802083333333 0.4708333333333333 0.39361979166666666 0.4703703703703704 0.39361979166666666 0.45925925925925926 0.393359375 0.4587962962962963 0.393359375 0.45046296296296295 0.39309895833333336 0.45 0.39309895833333336 0.4398148148148148 0.39283854166666665 0.4393518518518518 0.39283854166666665 0.4324074074074074 0.392578125 0.43194444444444446 0.392578125 0.42685185185185187 0.39231770833333335 0.4263888888888889 0.39231770833333335 0.4185185185185185 0.39205729166666664 0.41805555555555557 0.39205729166666664 0.4125 0.391796875 0.41203703703703703 0.391796875 0.4041666666666667 0.39153645833333334 0.40370370370370373 0.39153645833333334 0.39861111111111114 0.3912760416666667 0.39814814814814814 0.3912760416666667 0.38425925925925924 0.392578125 0.37824074074074077 0.39453125 0.3747685185185185 0.3958333333333333 0.3733796296296296 0.39739583333333334 0.37245370370370373 0.39817708333333335 0.37245370370370373 0.39921875 0.3715277777777778 0.4010416666666667 0.3710648148148148 0.40208333333333335 0.3701388888888889 0.403125 0.3701388888888889 0.4041666666666667 0.36921296296296297 0.4049479166666667 0.36921296296296297 0.40625 0.368287037037037 0.409375 0.36689814814814814 0.41041666666666665 0.36689814814814814 0.41171875 0.3659722222222222 0.41302083333333334 0.36550925925925926 0.41432291666666665 0.36550925925925926 0.415625 0.3650462962962963 0.41692708333333334 0.36412037037037037 0.41770833333333335 0.36412037037037037 0.41875 0.36319444444444443 0.41953125 0.36319444444444443 0.42083333333333334 0.36226851851851855 0.421875 0.36226851851851855 0.42421875 0.3608796296296296 0.42526041666666664 0.3608796296296296 0.4265625 0.3599537037037037 0.4278645833333333 0.3594907407407407 0.4296875 0.3594907407407407 0.42994791666666665 0.3590277777777778 0.4315104166666667 0.3590277777777778 0.4317708333333333 0.35856481481481484 0.43307291666666664 0.35856481481481484 0.43333333333333335 0.35810185185185184 0.43463541666666666 0.35810185185185184 0.4359375 0.3576388888888889 0.43828125 0.35625 0.440625 0.355787037037037 0.44296875 0.35439814814814813 0.4453125 0.3539351851851852 0.446875 0.35300925925925924 0.44817708333333334 0.35300925925925924 0.44947916666666665 0.35208333333333336 0.4505208333333333 0.35208333333333336 0.45286458333333335 0.3506944444444444 0.4546875 0.3502314814814815 0.4557291666666667 0.34930555555555554 0.45651041666666664 0.34930555555555554 0.45755208333333336 0.34837962962962965 0.46041666666666664 0.3474537037037037 0.46197916666666666 0.34652777777777777 0.46328125 0.34652777777777777 0.4635416666666667 0.3460648148148148 0.46484375 0.3460648148148148 0.46510416666666665 0.3456018518518518 0.46640625 0.3456018518518518 0.4666666666666667 0.3451388888888889 0.46796875 0.3451388888888889 0.46822916666666664 0.34467592592592594 0.4705729166666667 0.34421296296296294 0.4708333333333333 0.34375 0.4752604166666667 0.3423611111111111 0.4765625 0.3414351851851852 0.48072916666666665 0.3400462962962963 0.4817708333333333 0.33912037037037035 0.4830729166666667 0.3386574074074074 0.48463541666666665 0.3386574074074074 0.48489583333333336 0.33819444444444446 0.4861979166666667 0.33819444444444446 0.4864583333333333 0.33773148148148147 0.48776041666666664 0.33773148148148147 0.4890625 0.3372685185185185 0.4903645833333333 0.3363425925925926 0.49114583333333334 0.3363425925925926 0.4934895833333333 0.3349537037037037 0.49635416666666665 0.33402777777777776 0.4986979166666667 0.33217592592592593 0.5002604166666667 0.33217592592592593 0.5005208333333333 0.331712962962963 0.50234375 0.331712962962963 0.5026041666666666 0.33125 0.5046875 0.33125 0.5049479166666667 0.33078703703703705 0.5067708333333333 0.33078703703703705 0.5091145833333334 0.32939814814814816 0.5104166666666666 0.32893518518518516 0.5122395833333333 0.32893518518518516 0.5125 0.3284722222222222 0.51484375 0.3275462962962963 0.5158854166666667 0.3266203703703704 0.51796875 0.3261574074074074 0.5221354166666666 0.32430555555555557 0.5229166666666667 0.32337962962962963 0.5252604166666667 0.3215277777777778 0.5265625 0.3215277777777778 0.5268229166666667 0.32199074074074074 0.5291666666666667 0.32199074074074074 0.53046875 0.32060185185185186 0.5317708333333333 0.32013888888888886 0.5330729166666667 0.319212962962963 0.5341145833333333 0.319212962962963 0.5354166666666667 0.31828703703703703 0.53671875 0.3178240740740741 0.53828125 0.3178240740740741 0.5385416666666667 0.3173611111111111 0.5403645833333334 0.3173611111111111 0.540625 0.31689814814814815 0.54453125 0.31689814814814815 0.5447916666666667 0.3164351851851852 0.54609375 0.3164351851851852 0.5473958333333333 0.31550925925925927 0.5486979166666667 0.31504629629629627 0.5505208333333333 0.31504629629629627 0.55078125 0.3145833333333333 0.553125 0.3145833333333333 0.5546875 0.31550925925925927 0.5559895833333334 0.31689814814814815 0.5575520833333333 0.3178240740740741 0.5587239583333333 0.3199074074074074 0.5592447916666666 0.32175925925925924 0.559765625 0.32546296296296295 0.5608072916666667 0.3287037037037037 0.561328125 0.3314814814814815 0.5615885416666667 0.3351851851851852 0.5626302083333333 0.3388888888888889 0.5626302083333333 0.3398148148148148 0.5634114583333333 0.3435185185185185 0.5634114583333333 0.3453703703703704 0.5639322916666667 0.34814814814814815 0.5639322916666667 0.35 0.564453125 0.3527777777777778 0.564453125 0.35509259259259257 0.565234375 0.3587962962962963 0.5662760416666667 0.36157407407407405 0.5670572916666666 0.36666666666666664 0.5670572916666666 0.36898148148148147 0.5673177083333333 0.36944444444444446 0.567578125 0.3731481481481482 0.5688802083333333 0.37916666666666665 0.5688802083333333 0.3814814814814815 0.569140625 0.3819444444444444 0.569140625 0.38425925925925924 0.569921875 0.3875 0.570703125 0.39166666666666666 0.5720052083333333 0.4009259259259259 0.5720052083333333 0.4023148148148148 0.5725260416666667 0.4050925925925926 0.573046875 0.4064814814814815 0.573828125 0.4125 0.574609375 0.4152777777777778 0.5751302083333333 0.41944444444444445 0.5756510416666667 0.4212962962962963 0.5759114583333333 0.4236111111111111 0.5764322916666667 0.425 0.5766927083333333 0.42777777777777776 0.5772135416666667 0.42962962962962964 0.5772135416666667 0.4310185185185185 0.5779947916666667 0.43425925925925923 0.5779947916666667 0.4356481481481482 0.578515625 0.43796296296296294 0.579296875 0.44583333333333336 0.5798177083333333 0.4476851851851852 0.5803385416666667 0.4532407407407407 0.5813802083333334 0.45740740740740743 0.5819010416666667 0.46111111111111114 0.582421875 0.46296296296296297 0.582421875 0.4648148148148148 0.5829427083333333 0.4666666666666667 0.5837239583333333 0.47129629629629627 0.583984375 0.4736111111111111 0.5845052083333333 0.475 0.586328125 0.4837962962962963 0.586328125 0.48564814814814816 0.5868489583333333 0.487962962962963 0.587109375 0.49027777777777776 0.587109375 0.4935185185185185 0.5873697916666667 0.49583333333333335 0.587890625 0.4981481481481482 0.5881510416666667 0.500462962962963 0.5899739583333333 0.5101851851851852 0.5904947916666666 0.5120370370370371 0.5912760416666667 0.5189814814814815 0.591796875 0.5208333333333334 0.5938802083333333 0.5319444444444444 0.594140625 0.5351851851851852 0.5946614583333333 0.5375 0.594921875 0.5398148148148149 0.5962239583333333 0.5476851851851852 0.5962239583333333 0.549537037037037 0.5967447916666667 0.5523148148148148 0.5975260416666667 0.5546296296296296 0.5985677083333333 0.5601851851851852 0.598828125 0.5634259259259259 0.5993489583333333 0.5652777777777778 0.5993489583333333 0.5666666666666667 0.5998697916666667 0.5685185185185185 0.6006510416666667 0.5745370370370371 0.6014322916666667 0.5777777777777777 0.601953125 0.5819444444444445 0.6029947916666667 0.586574074074074 0.6032552083333333 0.5888888888888889 0.6032552083333333 0.5912037037037037 0.603515625 0.5916666666666667 0.6037760416666667 0.5949074074074074 0.6045572916666667 0.5972222222222222 0.6045572916666667 0.5981481481481481 0.605859375 0.6037037037037037 0.605859375 0.6050925925925926 0.6063802083333333 0.6069444444444444 0.6063802083333333 0.6083333333333333 0.6069010416666667 0.6101851851851852 0.6069010416666667 0.611574074074074 0.6076822916666667 0.6157407407407407 0.608203125 0.6171296296296296 0.6087239583333334 0.6199074074074075 0.6087239583333334 0.6212962962962963 0.6092447916666667 0.6240740740740741 0.609765625 0.625462962962963 0.6102864583333333 0.6287037037037037 0.6102864583333333 0.6310185185185185 0.610546875 0.6314814814814815 0.610546875 0.6351851851851852 0.6108072916666667 0.6356481481481482 0.6110677083333333 0.6393518518518518 0.6118489583333333 0.6430555555555556 0.6118489583333333 0.6462962962962963 0.612109375 0.6486111111111111 0.6131510416666667 0.6513888888888889 0.6141927083333333 0.6550925925925926 0.6147135416666667 0.6583333333333333 0.6147135416666667 0.6601851851851852 0.615234375 0.663425925925926 0.6157552083333333 0.6648148148148149 0.6165364583333334 0.6699074074074074 0.6170572916666667 0.6712962962962963 0.6170572916666667 0.6726851851851852 0.617578125 0.674537037037037 0.6180989583333333 0.6805555555555556 0.6186197916666667 0.6824074074074075 0.619140625 0.6865740740740741 0.6194010416666667 0.6902777777777778 0.6212239583333333 0.6953703703703704 0.6217447916666666 0.6981481481481482 0.6220052083333333 0.7013888888888888 0.6225260416666667 0.7032407407407407 0.6225260416666667 0.7046296296296296 0.6233072916666667 0.7078703703703704 0.6240885416666667 0.7134259259259259 0.624609375 0.7152777777777778 0.624609375 0.7166666666666667 0.6251302083333333 0.7185185185185186 0.6251302083333333 0.7199074074074074 0.6256510416666666 0.7217592592592592 0.6259114583333333 0.725 0.626171875 0.725462962962963 0.626171875 0.7342592592592593 0.6264322916666667 0.7347222222222223 0.6264322916666667 0.7435185185185185 0.626171875 0.7439814814814815 0.626171875 0.7467592592592592 0.625390625 0.75 0.625390625 0.7509259259259259 0.6240885416666667 0.7550925925925925 0.623828125 0.7578703703703704 0.6227864583333333 0.7620370370370371 0.621484375 0.7662037037037037 0.621484375 0.7671296296296296 0.6201822916666667 0.7712962962962963 0.6196614583333333 0.7736111111111111 0.619140625 0.774537037037037 0.618359375 0.7782407407407408 0.618359375 0.7796296296296297 0.6178385416666666 0.7814814814814814 0.6178385416666666 0.7828703703703703 0.6173177083333333 0.7851851851851852 0.6173177083333333 0.7870370370370371 0.615234375 0.7967592592592593 0.6131510416666667 0.8041666666666667 0.612890625 0.8046296296296296 0.611328125 0.8106481481481481 0.6108072916666667 0.8115740740740741 0.6095052083333333 0.8166666666666667 0.6078125 0.819212962962963 0.6067708333333334 0.8201388888888889 0.6059895833333333 0.8201388888888889 0.6046875 0.8210648148148149 0.60390625 0.8210648148148149 0.6028645833333334 0.8219907407407407 0.6002604166666666 0.8229166666666666 0.59921875 0.8229166666666666 0.596875 0.8243055555555555 0.5955729166666667 0.8243055555555555 0.5953125 0.8247685185185185 0.5940104166666667 0.8247685185185185 0.59375 0.8252314814814815 0.5924479166666666 0.8252314814814815 0.5921875 0.8256944444444444 0.590625 0.8256944444444444 0.5903645833333333 0.8261574074074074 0.58828125 0.8261574074074074 0.5880208333333333 0.8266203703703704 0.5864583333333333 0.8266203703703704 0.5841145833333333 0.8280092592592593 0.5828125 0.8280092592592593 0.5825520833333333 0.8284722222222223 0.5807291666666666 0.8284722222222223 0.58046875 0.8289351851851852 0.5786458333333333 0.8289351851851852 0.5770833333333333 0.8298611111111112 0.57578125 0.8298611111111112 0.5755208333333334 0.830324074074074 0.5739583333333333 0.830324074074074 0.5736979166666667 0.830787037037037 0.5721354166666667 0.830787037037037 0.571875 0.83125 0.5705729166666667 0.83125 0.56640625 0.8331018518518518 0.5640625 0.8335648148148148 0.5638020833333334 0.8340277777777778 0.5622395833333333 0.8340277777777778 0.5619791666666667 0.8344907407407407 0.5606770833333333 0.8344907407407407 0.55546875 0.8377314814814815 0.5541666666666667 0.8377314814814815 0.5528645833333333 0.8381944444444445 0.5515625 0.8391203703703703 0.54921875 0.8395833333333333 0.5489583333333333 0.8400462962962963 0.54765625 0.8400462962962963 0.5463541666666667 0.8405092592592592 0.5453125 0.8414351851851852 0.54453125 0.8414351851851852 0.5432291666666667 0.8423611111111111 0.5419270833333333 0.8428240740740741 0.540625 0.8428240740740741 0.5393229166666667 0.84375 0.53828125 0.84375 0.53671875 0.8446759259259259 0.5333333333333333 0.8446759259259259 0.5317708333333333 0.8456018518518519 0.5299479166666666 0.8460648148148148 0.5283854166666667 0.8469907407407408 0.5270833333333333 0.8469907407407408 0.5268229166666667 0.8474537037037037 0.5255208333333333 0.8474537037037037 0.5252604166666667 0.8479166666666667 0.5236979166666667 0.8479166666666667 0.5234375 0.8483796296296297 0.5221354166666666 0.8483796296296297 0.5184895833333333 0.8506944444444444 0.5177083333333333 0.8516203703703704 0.5161458333333333 0.8520833333333333 0.5145833333333333 0.8530092592592593 0.5138020833333333 0.8539351851851852 0.5106770833333333 0.8548611111111111 0.5104166666666666 0.8553240740740741 0.5078125 0.85625 0.50703125 0.857175925925926 0.50546875 0.8581018518518518 0.5036458333333333 0.8581018518518518 0.5033854166666667 0.8585648148148148 0.5010416666666667 0.8585648148148148 0.50078125 0.8590277777777777 0.49947916666666664 0.8590277777777777 0.4979166666666667 0.8599537037037037 0.49609375 0.8599537037037037 0.49583333333333335 0.8604166666666667 0.4940104166666667 0.8604166666666667 0.49166666666666664 0.8618055555555556 0.4908854166666667 0.8618055555555556 0.48984375 0.8627314814814815 0.48671875 0.8641203703703704 0.48541666666666666 0.8650462962962963 0.48411458333333335 0.8655092592592593 0.4828125 0.8655092592592593 0.4825520833333333 0.8659722222222223 0.48072916666666665 0.8664351851851851 0.4796875 0.8673611111111111 0.4765625 0.868287037037037 0.4744791666666667 0.8692129629629629 0.47421875 0.8696759259259259 0.47265625 0.8696759259259259 0.47239583333333335 0.8701388888888889 0.4705729166666667 0.8701388888888889 0.4703125 0.8706018518518519 0.46901041666666665 0.8706018518518519 0.4661458333333333 0.8719907407407408 0.46458333333333335 0.8719907407407408 0.46432291666666664 0.8724537037037037
4 0.14524739583333332 0.506712962962963 0.29049479166666664 0.4194444444444445 0.0 0.46597222222222223 0.0018229166666666667 0.46597222222222223 0.0033854166666666668 0.4668981481481482 0.004166666666666667 0.46782407407407406 0.005729166666666666 0.46782407407407406 0.0078125 0.46875 0.008854166666666666 0.46967592592592594 0.01171875 0.4710648148148148 0.014322916666666666 0.4756944444444444 0.017447916666666667 0.47847222222222224 0.018489583333333334 0.4789351851851852 0.020052083333333335 0.4789351851851852 0.0234375 0.480787037037037 0.02421875 0.48171296296296295 0.026822916666666665 0.48171296296296295 0.029947916666666668 0.48032407407407407 0.030989583333333334 0.47939814814814813 0.03359375 0.47847222222222224 0.03723958333333333 0.47662037037037036 0.03984375 0.47152777777777777 0.040625 0.4706018518518518 0.044270833333333336 0.46782407407407406 0.044921875 0.4652777777777778 0.04544270833333333 0.46435185185185185 0.04674479166666667 0.45925925925925926 0.047526041666666664 0.45740740740740743 0.049088541666666666 0.4546296296296296 0.04986979166666667 0.45092592592592595 0.050130208333333336 0.4476851851851852 0.050390625 0.44722222222222224 0.050390625 0.4393518518518518 0.049609375 0.43657407407407406 0.04934895833333333 0.43472222222222223 0.0484375 0.4326388888888889 0.046875 0.43125 0.04505208333333333 0.42800925925925926 0.04375 0.42662037037037037 0.041796875 0.42314814814814816 0.041276041666666666 0.42083333333333334 0.039322916666666666 0.41921296296296295 0.03828125 0.41875 0.03671875 0.41875 0.036458333333333336 0.418287037037037 0.033854166666666664 0.418287037037037 0.032552083333333336 0.4173611111111111 0.031640625 0.41574074074074074 0.030859375 0.4134259259259259 0.029947916666666668 0.41180555555555554 0.027083333333333334 0.40949074074074077 0.025520833333333333 0.40671296296296294 0.02265625 0.4048611111111111 0.019270833333333334 0.40347222222222223 0.017578125 0.40046296296296297 0.017317708333333334 0.399537037037037 0.017317708333333334 0.39166666666666666 0.018098958333333335 0.38935185185185184 0.019661458333333333 0.3861111111111111 0.020442708333333334 0.38287037037037036 0.020442708333333334 0.3819444444444444 0.02109375 0.38078703703703703 0.021875 0.38078703703703703 0.022916666666666665 0.381712962962963 0.023958333333333335 0.381712962962963 0.026302083333333334 0.38263888888888886 0.029166666666666667 0.3854166666666667 0.030208333333333334 0.38680555555555557 0.031640625 0.38981481481481484 0.032421875 0.3925925925925926 0.03359375 0.39375 0.034895833333333334 0.394212962962963 0.03723958333333333 0.39652777777777776 0.039322916666666666 0.40023148148148147 0.040364583333333336 0.40162037037037035 0.041666666666666664 0.4025462962962963 0.04296875 0.4025462962962963 0.043229166666666666 0.40300925925925923 0.049479166666666664 0.40300925925925923 0.04973958333333333 0.4025462962962963 0.0515625 0.4025462962962963 0.05286458333333333 0.40208333333333335 0.055989583333333336 0.40023148148148147 0.059375 0.39699074074074076 0.059895833333333336 0.39699074074074076 0.0609375 0.39560185185185187 0.062239583333333334 0.39328703703703705 0.06354166666666666 0.39189814814814816 0.06419270833333333 0.3902777777777778 0.065625 0.38773148148148145 0.06640625 0.38680555555555557 0.06744791666666666 0.38634259259259257 0.06861979166666667 0.38425925925925924 0.069140625 0.38101851851851853 0.069921875 0.3787037037037037 0.069921875 0.37777777777777777 0.07096354166666667 0.37407407407407406 0.07200520833333333 0.37222222222222223 0.073046875 0.36666666666666664 0.073828125 0.3648148148148148 0.07526041666666666 0.36319444444444443 0.07604166666666666 0.36319444444444443 0.07942708333333333 0.36689814814814814 0.08125 0.3678240740740741 0.08307291666666666 0.3696759259259259 0.08411458333333334 0.3715277777777778 0.08567708333333333 0.3733796296296296 0.08776041666666666 0.37800925925925927 0.08984375 0.3798611111111111 0.09296875 0.38449074074074074 0.09322916666666667 0.38449074074074074 0.09583333333333334 0.3891203703703704 0.09713541666666667 0.3900462962962963 0.09765625 0.3909722222222222 0.09973958333333334 0.3923611111111111 0.10104166666666667 0.3923611111111111 0.10130208333333333 0.39282407407407405 0.10520833333333333 0.39282407407407405 0.10546875 0.3923611111111111 0.10677083333333333 0.3923611111111111 0.1078125 0.39143518518518516 0.10911458333333333 0.3891203703703704 0.11067708333333333 0.38773148148148145 0.11302083333333333 0.38634259259259257 0.115625 0.3854166666666667 0.11666666666666667 0.38449074074074074 0.11822916666666666 0.381712962962963 0.11979166666666667 0.3803240740740741 0.121875 0.3770833333333333 0.12213541666666666 0.3770833333333333 0.123828125 0.37175925925925923 0.12486979166666666 0.3680555555555556 0.126953125 0.3648148148148148 0.12747395833333333 0.36342592592592593 0.12747395833333333 0.36157407407407405 0.12799479166666666 0.3592592592592593 0.12799479166666666 0.35555555555555557 0.12747395833333333 0.3537037037037037 0.12747395833333333 0.3523148148148148 0.12604166666666666 0.3488425925925926 0.12578125 0.3488425925925926 0.12356770833333333 0.3449074074074074 0.12278645833333333 0.3425925925925926 0.12278645833333333 0.3402777777777778 0.12252604166666667 0.3398148148148148 0.12252604166666667 0.3375 0.12057291666666667 0.3363425925925926 0.11953125 0.3363425925925926 0.11692708333333333 0.33449074074074076 0.116015625 0.33287037037037037 0.11549479166666667 0.33055555555555555 0.11341145833333334 0.32685185185185184 0.11263020833333333 0.32407407407407407 0.11315104166666666 0.32175925925925924 0.115625 0.3196759259259259 0.11666666666666667 0.3196759259259259 0.11796875 0.31875 0.11927083333333334 0.31828703703703703 0.12083333333333333 0.31828703703703703 0.12109375 0.3178240740740741 0.12265625 0.3178240740740741 0.12291666666666666 0.3173611111111111 0.1265625 0.3164351851851852 0.12682291666666667 0.3159722222222222 0.12916666666666668 0.3159722222222222 0.12942708333333333 0.31550925925925927 0.13125 0.31550925925925927 0.13151041666666666 0.31504629629629627 0.1328125 0.31504629629629627 0.13307291666666668 0.3145833333333333 0.134375 0.3145833333333333 0.13463541666666667 0.3141203703703704 0.13697916666666668 0.3136574074074074 0.13854166666666667 0.3127314814814815 0.13984375 0.3127314814814815 0.14010416666666667 0.3122685185185185 0.14244791666666667 0.3122685185185185 0.14270833333333333 0.31180555555555556 0.14427083333333332 0.31180555555555556 0.14583333333333334 0.3108796296296296 0.14713541666666666 0.3108796296296296 0.14869791666666668 0.30995370370370373 0.15 0.30995370370370373 0.15026041666666667 0.30949074074074073 0.15286458333333333 0.30949074074074073 0.153125 0.3090277777777778 0.1546875 0.3090277777777778 0.15651041666666668 0.3076388888888889 0.15885416666666666 0.30671296296296297 0.16067708333333333 0.30671296296296297 0.1609375 0.30625 0.16276041666666666 0.30625 0.16302083333333334 0.305787037037037 0.16432291666666668 0.305787037037037 0.165625 0.30486111111111114 0.16848958333333333 0.30486111111111114 0.16875 0.30439814814814814 0.17057291666666666 0.30439814814814814 0.171875 0.3039351851851852 0.17317708333333334 0.30300925925925926 0.17786458333333333 0.30300925925925926 0.17890625 0.3025462962962963 0.18072916666666666 0.30115740740740743 0.18177083333333333 0.30069444444444443 0.18307291666666667 0.30069444444444443 0.18333333333333332 0.3002314814814815 0.18463541666666666 0.3002314814814815 0.18489583333333334 0.29976851851851855 0.19088541666666667 0.29976851851851855 0.19114583333333332 0.29930555555555555 0.19270833333333334 0.29930555555555555 0.19583333333333333 0.29791666666666666 0.19609375 0.2974537037037037 0.19739583333333333 0.2974537037037037 0.19765625 0.2969907407407407 0.20364583333333333 0.2969907407407407 0.20390625 0.2974537037037037 0.20520833333333333 0.2974537037037037 0.20859375 0.30069444444444443 0.210546875 0.30416666666666664 0.21158854166666666 0.30787037037037035 0.21184895833333334 0.31157407407407406 0.21263020833333332 0.31527777777777777 0.21419270833333334 0.3189814814814815 0.21783854166666666 0.32546296296296295 0.21783854166666666 0.32592592592592595 0.22669270833333333 0.3416666666666667 0.22747395833333334 0.3439814814814815 0.22838541666666667 0.3456018518518518 0.23255208333333333 0.3502314814814815 0.23502604166666666 0.35462962962962963 0.235546875 0.35648148148148145 0.23619791666666667 0.3576388888888889 0.23723958333333334 0.35856481481481484 0.23958333333333334 0.3590277777777778 0.24114583333333334 0.36041666666666666 0.24205729166666667 0.36203703703703705 0.24309895833333334 0.36574074074074076 0.24505208333333334 0.36921296296296297 0.2453125 0.36921296296296297 0.246875 0.37199074074074073 0.2484375 0.3733796296296296 0.2506510416666667 0.3773148148148148 0.2506510416666667 0.37777777777777777 0.253125 0.3821759259259259 0.25338541666666664 0.3821759259259259 0.2545572916666667 0.38425925925925924 0.2545572916666667 0.38472222222222224 0.256640625 0.38842592592592595 0.256640625 0.3888888888888889 0.25872395833333334 0.3925925925925926 0.25872395833333334 0.39305555555555555 0.26223958333333336 0.3993055555555556 0.2625 0.3993055555555556 0.265234375 0.4041666666666667 0.265234375 0.4046296296296296 0.26653645833333334 0.40694444444444444 0.26653645833333334 0.4074074074074074 0.2677083333333333 0.40902777777777777 0.269140625 0.4115740740740741 0.269921875 0.41388888888888886 0.273046875 0.41944444444444445 0.2740885416666667 0.42268518518518516 0.27578125 0.42569444444444443 0.2760416666666667 0.42569444444444443 0.278125 0.42939814814814814 0.2799479166666667 0.43125 0.2828125 0.4363425925925926 0.28359375 0.4372685185185185 0.2864583333333333 0.4372685185185185 0.2877604166666667 0.43819444444444444 0.28880208333333335 0.4395833333333333 0.2897135416666667 0.4425925925925926 0.2897135416666667 0.44814814814814813 0.290234375 0.45092592592592595 0.290234375 0.4532407407407407 0.29049479166666664 0.4537037037037037 0.29049479166666664 0.4689814814814815 0.290234375 0.46944444444444444 0.290234375 0.4726851851851852 0.28997395833333334 0.47314814814814815 0.28997395833333334 0.4791666666666667 0.2897135416666667 0.47962962962962963 0.2897135416666667 0.48564814814814816 0.289453125 0.4861111111111111 0.289453125 0.4898148148148148 0.2891927083333333 0.49027777777777776 0.2891927083333333 0.4925925925925926 0.2889322916666667 0.4930555555555556 0.2889322916666667 0.49675925925925923 0.288671875 0.49722222222222223 0.2889322916666667 0.49907407407407406 0.2889322916666667 0.5050925925925925 0.288671875 0.5055555555555555 0.288671875 0.5083333333333333 0.28736979166666665 0.5111111111111111 0.287109375 0.512962962962963 0.287109375 0.5152777777777777 0.286328125 0.5203703703703704 0.286328125 0.524074074074074 0.28606770833333334 0.524537037037037 0.28606770833333334 0.5324074074074074 0.285546875 0.5351851851851852 0.285546875 0.5370370370370371 0.2850260416666667 0.5398148148148149 0.2850260416666667 0.5416666666666666 0.28424479166666666 0.5458333333333333 0.28424479166666666 0.549074074074074 0.283984375 0.549537037037037 0.283984375 0.5523148148148148 0.28372395833333336 0.5546296296296296 0.283203125 0.5569444444444445 0.28294270833333335 0.5592592592592592 0.28294270833333335 0.5648148148148148 0.28268229166666664 0.5652777777777778 0.28268229166666664 0.5680555555555555 0.282421875 0.5685185185185185 0.282421875 0.5717592592592593 0.28216145833333334 0.5722222222222222 0.28216145833333334 0.5805555555555556 0.2819010416666667 0.5810185185185185 0.2819010416666667 0.5842592592592593 0.281640625 0.5847222222222223 0.281640625 0.5939814814814814 0.2813802083333333 0.5944444444444444 0.2811197916666667 0.5972222222222222 0.27955729166666665 0.6013888888888889 0.27955729166666665 0.6046296296296296 0.279296875 0.6050925925925926 0.279296875 0.6087962962962963 0.27903645833333335 0.6092592592592593 0.27877604166666664 0.6134259259259259 0.278515625 0.6138888888888889 0.278515625 0.6175925925925926 0.27825520833333334 0.6180555555555556 0.27825520833333334 0.6217592592592592 0.2779947916666667 0.6222222222222222 0.2779947916666667 0.6263888888888889 0.277734375 0.6268518518518519 0.277734375 0.6310185185185185 0.2774739583333333 0.6314814814814815 0.2774739583333333 0.6351851851851852 0.2772135416666667 0.6356481481481482 0.2772135416666667 0.638425925925926 0.276953125 0.6388888888888888 0.2766927083333333 0.6430555555555556 0.276171875 0.6453703703703704 0.276171875 0.6467592592592593 0.27565104166666665 0.65 0.2740885416666667 0.6555555555555556 0.273828125 0.6587962962962963 0.27252604166666666 0.662962962962963 0.2703125 0.6659722222222222 0.26796875 0.6673611111111111 0.26666666666666666 0.6673611111111111 0.26640625 0.6678240740740741 0.26484375 0.6678240740740741 0.26458333333333334 0.6682870370370371 0.2630208333333333 0.6682870370370371 0.26276041666666666 0.66875 0.2596354166666667 0.66875 0.25807291666666665 0.669675925925926 0.25729166666666664 0.6706018518518518 0.25442708333333336 0.6719907407407407 0.2526041666666667 0.6719907407407407 0.25234375 0.6724537037037037 0.25052083333333336 0.6724537037037037 0.25026041666666665 0.6729166666666667 0.24869791666666666 0.6729166666666667 0.2484375 0.6733796296296296 0.24479166666666666 0.6733796296296296 0.24453125 0.6738425925925926 0.24270833333333333 0.6738425925925926 0.24244791666666668 0.6743055555555556 0.24088541666666666 0.6743055555555556 0.240625 0.6747685185185185 0.23776041666666667 0.6747685185185185 0.2375 0.6752314814814815 0.23098958333333333 0.6752314814814815 0.23072916666666668 0.6756944444444445 0.22890625 0.6756944444444445 0.22864583333333333 0.6761574074074074 0.2265625 0.6766203703703704 0.22447916666666667 0.6780092592592593 0.22109375 0.6780092592592593 0.21979166666666666 0.6784722222222223 0.21822916666666667 0.6798611111111111 0.21666666666666667 0.680324074074074 0.21640625 0.680787037037037 0.21223958333333334 0.680787037037037 0.21197916666666666 0.68125 0.21015625 0.68125 0.20989583333333334 0.6817129629629629 0.20572916666666666 0.6817129629629629 0.20546875 0.6821759259259259 0.20390625 0.6821759259259259 0.20078125 0.6840277777777778 0.196875 0.6840277777777778 0.19348958333333333 0.6872685185185186 0.19166666666666668 0.6872685185185186 0.19140625 0.6868055555555556 0.18880208333333334 0.6868055555555556 0.18802083333333333 0.6872685185185186 0.18489583333333334 0.6900462962962963 0.18359375 0.6900462962962963 0.18333333333333332 0.6895833333333333 0.18177083333333333 0.6895833333333333 0.18151041666666667 0.6900462962962963 0.17838541666666666 0.6918981481481481 0.178125 0.6923611111111111 0.17395833333333333 0.6923611111111111 0.17369791666666667 0.6928240740740741 0.17135416666666667 0.6928240740740741 0.17109375 0.6932870370370371 0.16875 0.6932870370370371 0.16848958333333333 0.69375 0.16510416666666666 0.69375 0.16354166666666667 0.694675925925926 0.16197916666666667 0.694675925925926 0.16171875 0.6951388888888889 0.15572916666666667 0.6951388888888889 0.15546875 0.6956018518518519 0.15260416666666668 0.6956018518518519 0.15234375 0.6960648148148149 0.14973958333333334 0.6960648148148149 0.14817708333333332 0.6969907407407407 0.14739583333333334 0.6979166666666666 0.14583333333333334 0.6983796296296296 0.14557291666666666 0.6988425925925926 0.14348958333333334 0.6988425925925926 0.14322916666666666 0.6993055555555555 0.14166666666666666 0.6993055555555555 0.14036458333333332 0.6997685185185185 0.1390625 0.7006944444444444 0.13776041666666666 0.7011574074074074 0.13489583333333333 0.7011574074074074 0.13463541666666667 0.7016203703703704 0.1328125 0.7016203703703704 0.13255208333333332 0.7020833333333333 0.13072916666666667 0.7020833333333333 0.13046875 0.7025462962962963 0.12838541666666667 0.7025462962962963 0.128125 0.7030092592592593 0.121875 0.7030092592592593 0.12161458333333333 0.7034722222222223 0.1203125 0.7034722222222223 0.11875 0.7043981481481482 0.11744791666666667 0.7043981481481482 0.1171875 0.7048611111111112 0.11588541666666667 0.7048611111111112 0.11432291666666666 0.705787037037037 0.11197916666666667 0.705787037037037 0.11171875 0.70625 0.11041666666666666 0.70625 0.10911458333333333 0.7067129629629629 0.1078125 0.7076388888888889 0.10651041666666666 0.7081018518518518 0.10442708333333334 0.7081018518518518 0.10416666666666667 0.7085648148148148 0.09973958333333334 0.7085648148148148 0.09947916666666666 0.7090277777777778 0.09583333333333334 0.7090277777777778 0.09557291666666666 0.7094907407407407 0.09348958333333333 0.7099537037037037 0.09140625 0.7113425925925926 0.08932291666666667 0.7113425925925926 0.0890625 0.7118055555555556 0.08776041666666666 0.7118055555555556 0.08489583333333334 0.7145833333333333 0.084375 0.7155092592592592 0.07786458333333333 0.7155092592592592 0.07630208333333334 0.7164351851851852 0.071875 0.7164351851851852 0.07161458333333333 0.7159722222222222 0.06979166666666667 0.7159722222222222 0.06848958333333334 0.7155092592592592 0.06744791666666666 0.7145833333333333 0.06510416666666667 0.7104166666666667 0.06328125 0.7094907407407407 0.059375 0.705787037037037 0.05625 0.7039351851851852 0.053125 0.7039351851851852 0.05286458333333333 0.7034722222222223 0.04921875 0.7034722222222223 0.04583333333333333 0.7020833333333333 0.043229166666666666 0.7002314814814815 0.04088541666666667 0.6974537037037037 0.039322916666666666 0.6969907407407407 0.0390625 0.6965277777777777 0.0375 0.6965277777777777 0.03723958333333333 0.6960648148148149 0.035416666666666666 0.6960648148148149 0.03515625 0.6956018518518519 0.03359375 0.6956018518518519 0.03125 0.694675925925926 0.02890625 0.6928240740740741 0.02734375 0.6909722222222222 0.023697916666666666 0.6886574074074074 0.022395833333333334 0.6886574074074074 0.021354166666666667 0.6881944444444444 0.018489583333333334 0.6854166666666667 0.01796875 0.6844907407407408 0.013802083333333333 0.6817129629629629 0.013020833333333334 0.6817129629629629 0.011979166666666667 0.680787037037037 0.00625 0.6789351851851851 0.004427083333333333 0.6775462962962963 0.0026041666666666665 0.6752314814814815 0.0018229166666666667 0.6747685185185185 0.0 0.6747685185185185
12 0.18281250000000002 0.5921296296296297 0.26067708333333334 0.3097222222222223 0.096875 0.7469907407407408 0.09114583333333333 0.7469907407407408 0.09088541666666666 0.7465277777777778 0.08932291666666667 0.7465277777777778 0.0890625 0.7460648148148148 0.0875 0.7460648148148148 0.08619791666666667 0.7456018518518519 0.08385416666666666 0.7442129629629629 0.08307291666666666 0.7442129629629629 0.07994791666666666 0.742824074074074 0.07890625 0.7418981481481481 0.078125 0.7418981481481481 0.07604166666666666 0.7405092592592593 0.075 0.7405092592592593 0.07395833333333333 0.7395833333333334 0.07161458333333333 0.7391203703703704 0.07057291666666667 0.7381944444444445 0.06744791666666666 0.7372685185185185 0.06640625 0.7363425925925926 0.065625 0.7363425925925926 0.06354166666666666 0.7354166666666667 0.0625 0.7344907407407407 0.06171875 0.7344907407407407 0.06067708333333333 0.7335648148148148 0.059895833333333336 0.7335648148148148 0.05651041666666667 0.7307870370370371 0.054296875 0.7268518518518519 0.05325520833333333 0.7231481481481481 0.05325520833333333 0.7222222222222222 0.052473958333333334 0.7194444444444444 0.052473958333333334 0.7171296296296297 0.052994791666666666 0.7148148148148148 0.052994791666666666 0.7129629629629629 0.05377604166666667 0.7097222222222223 0.05520833333333333 0.7076388888888889 0.05703125 0.7071759259259259 0.058854166666666666 0.7085648148148148 0.05963541666666667 0.7094907407407407 0.061197916666666664 0.7122685185185185 0.06328125 0.7141203703703703 0.06484375 0.7145833333333333 0.06744791666666666 0.7164351851851852 0.06822916666666666 0.7164351851851852 0.06953125 0.7173611111111111 0.07083333333333333 0.7173611111111111 0.07109375 0.7178240740740741 0.07369791666666667 0.7178240740740741 0.07395833333333333 0.7173611111111111 0.07682291666666667 0.7173611111111111 0.07708333333333334 0.7168981481481481 0.07916666666666666 0.7168981481481481 0.07942708333333333 0.7164351851851852 0.08098958333333334 0.7164351851851852 0.08125 0.7159722222222222 0.08307291666666666 0.7159722222222222 0.08333333333333333 0.7155092592592592 0.08463541666666667 0.7155092592592592 0.08489583333333334 0.7150462962962963 0.08645833333333333 0.7150462962962963 0.08671875 0.7145833333333333 0.08828125 0.7145833333333333 0.08854166666666667 0.7141203703703703 0.09010416666666667 0.7141203703703703 0.09036458333333333 0.7136574074074075 0.09192708333333334 0.7136574074074075 0.09348958333333333 0.7127314814814815 0.09479166666666666 0.7127314814814815 0.09505208333333333 0.7122685185185185 0.09635416666666667 0.7122685185185185 0.09661458333333334 0.7118055555555556 0.0984375 0.7118055555555556 0.09869791666666666 0.7113425925925926 0.10026041666666667 0.7113425925925926 0.10182291666666667 0.7104166666666667 0.10338541666666666 0.7104166666666667 0.10364583333333334 0.7099537037037037 0.10520833333333333 0.7099537037037037 0.10546875 0.7094907407407407 0.10677083333333333 0.7094907407407407 0.10703125 0.7090277777777778 0.10833333333333334 0.7090277777777778 0.10859375 0.7085648148148148 0.11015625 0.7085648148148148 0.11041666666666666 0.7081018518518518 0.11197916666666667 0.7081018518518518 0.11223958333333334 0.7076388888888889 0.11354166666666667 0.7076388888888889 0.11380208333333333 0.7071759259259259 0.115625 0.7071759259259259 0.11588541666666667 0.7067129629629629 0.11822916666666666 0.7067129629629629 0.11848958333333333 0.70625 0.12005208333333334 0.70625 0.1203125 0.705787037037037 0.121875 0.705787037037037 0.12213541666666666 0.705324074074074 0.12369791666666667 0.705324074074074 0.12395833333333334 0.7048611111111112 0.12578125 0.7048611111111112 0.12604166666666666 0.7043981481481482 0.12760416666666666 0.7043981481481482 0.12786458333333334 0.7039351851851852 0.12916666666666668 0.7039351851851852 0.12942708333333333 0.7034722222222223 0.13098958333333333 0.7034722222222223 0.13125 0.7030092592592593 0.1328125 0.7030092592592593 0.13307291666666668 0.7025462962962963 0.134375 0.7025462962962963 0.13463541666666667 0.7020833333333333 0.13619791666666667 0.7020833333333333 0.13645833333333332 0.7016203703703704 0.13776041666666666 0.7016203703703704 0.13802083333333334 0.7011574074074074 0.13984375 0.7011574074074074 0.14010416666666667 0.7006944444444444 0.14192708333333334 0.7006944444444444 0.1421875 0.7002314814814815 0.14348958333333334 0.7002314814814815 0.14375 0.6997685185185185 0.14505208333333333 0.6997685185185185 0.1453125 0.6993055555555555 0.14739583333333334 0.6993055555555555 0.14765625 0.6988425925925926 0.14947916666666666 0.6988425925925926 0.15104166666666666 0.6979166666666666 0.15234375 0.6979166666666666 0.15390625 0.6969907407407407 0.15520833333333334 0.6969907407407407 0.15677083333333333 0.6960648148148149 0.15807291666666667 0.6960648148148149 0.15833333333333333 0.6956018518518519 0.15963541666666667 0.6956018518518519 0.15989583333333332 0.6951388888888889 0.16119791666666666 0.6951388888888889 0.16145833333333334 0.694675925925926 0.16302083333333334 0.694675925925926 0.16328125 0.694212962962963 0.16510416666666666 0.694212962962963 0.16536458333333334 0.69375 0.16692708333333334 0.69375 0.1671875 0.6932870370370371 0.16875 0.6932870370370371 0.16901041666666666 0.6928240740740741 0.17083333333333334 0.6928240740740741 0.17109375 0.6923611111111111 0.17369791666666667 0.6923611111111111 0.17395833333333333 0.6918981481481481 0.1765625 0.6918981481481481 0.17682291666666666 0.6914351851851852 0.17864583333333334 0.6914351851851852 0.17890625 0.6909722222222222 0.18020833333333333 0.6909722222222222 0.18046875 0.6905092592592592 0.18177083333333333 0.6905092592592592 0.18203125 0.6900462962962963 0.18385416666666668 0.6900462962962963 0.18411458333333333 0.6895833333333333 0.18567708333333333 0.6895833333333333 0.18723958333333332 0.6886574074074074 0.18854166666666666 0.6886574074074074 0.18880208333333334 0.6881944444444444 0.19010416666666666 0.6881944444444444 0.19036458333333334 0.6877314814814814 0.19192708333333333 0.6877314814814814 0.1921875 0.6872685185185186 0.19375 0.6872685185185186 0.19401041666666666 0.6868055555555556 0.19609375 0.6868055555555556 0.19635416666666666 0.6863425925925926 0.19791666666666666 0.6863425925925926 0.19817708333333334 0.6858796296296297 0.19973958333333333 0.6858796296296297 0.2 0.6854166666666667 0.2015625 0.6854166666666667 0.20182291666666666 0.6849537037037037 0.203125 0.6849537037037037 0.20338541666666668 0.6844907407407408 0.2046875 0.6844907407407408 0.20494791666666667 0.6840277777777778 0.20651041666666667 0.6840277777777778 0.20677083333333332 0.6835648148148148 0.20807291666666666 0.6835648148148148 0.20833333333333334 0.6831018518518519 0.20989583333333334 0.6831018518518519 0.21015625 0.6826388888888889 0.21197916666666666 0.6826388888888889 0.21223958333333334 0.6821759259259259 0.21380208333333334 0.6821759259259259 0.2140625 0.6817129629629629 0.21536458333333333 0.6817129629629629 0.215625 0.68125 0.2171875 0.68125 0.21744791666666666 0.680787037037037 0.21927083333333333 0.680787037037037 0.21953125 0.680324074074074 0.22135416666666666 0.680324074074074 0.22161458333333334 0.6798611111111111 0.22291666666666668 0.6798611111111111 0.22317708333333333 0.6793981481481481 0.22473958333333333 0.6793981481481481 0.225 0.6789351851851851 0.228125 0.6789351851851851 0.22838541666666667 0.6784722222222223 0.23020833333333332 0.6784722222222223 0.23046875 0.6780092592592593 0.23203125 0.6780092592592593 0.23229166666666667 0.6775462962962963 0.23359375 0.6775462962962963 0.23515625 0.6766203703703704 0.23671875 0.6766203703703704 0.23697916666666666 0.6761574074074074 0.23854166666666668 0.6761574074074074 0.23880208333333333 0.6756944444444445 0.240625 0.6756944444444445 0.24088541666666666 0.6752314814814815 0.2421875 0.6752314814814815 0.24244791666666668 0.6747685185185185 0.24401041666666667 0.6747685185185185 0.24427083333333333 0.6743055555555556 0.24583333333333332 0.6743055555555556 0.24609375 0.6738425925925926 0.24791666666666667 0.6738425925925926 0.24817708333333333 0.6733796296296296 0.25078125 0.6733796296296296 0.25104166666666666 0.6729166666666667 0.2526041666666667 0.6729166666666667 0.25416666666666665 0.6719907407407407 0.2557291666666667 0.6719907407407407 0.2559895833333333 0.6715277777777777 0.2578125 0.6715277777777777 0.25807291666666665 0.6710648148148148 0.259375 0.6710648148148148 0.26223958333333336 0.669675925925926 0.2635416666666667 0.669675925925926 0.2638020833333333 0.669212962962963 0.26588541666666665 0.669212962962963 0.26796875 0.6682870370370371 0.2703125 0.6655092592592593 0.2716145833333333 0.6636574074074074 0.274609375 0.6583333333333333 0.27565104166666665 0.6550925925925926 0.27565104166666665 0.6518518518518519 0.27591145833333336 0.6513888888888889 0.27591145833333336 0.6481481481481481 0.276171875 0.6476851851851851 0.276171875 0.6453703703703704 0.27643229166666666 0.6449074074074074 0.277734375 0.6347222222222222 0.277734375 0.6324074074074074 0.2779947916666667 0.6319444444444444 0.2779947916666667 0.6287037037037037 0.27825520833333334 0.6282407407407408 0.27825520833333334 0.625462962962963 0.278515625 0.625 0.278515625 0.6222222222222222 0.27877604166666664 0.6217592592592592 0.27877604166666664 0.6185185185185185 0.27903645833333335 0.6180555555555556 0.27903645833333335 0.6143518518518518 0.279296875 0.6138888888888889 0.279296875 0.6111111111111112 0.27955729166666665 0.6106481481481482 0.27955729166666665 0.6083333333333333 0.27981770833333336 0.6078703703703704 0.27981770833333336 0.6041666666666666 0.280078125 0.6037037037037037 0.280078125 0.5986111111111111 0.28033854166666666 0.5981481481481481 0.28033854166666666 0.5930555555555556 0.2805989583333333 0.5925925925925926 0.2805989583333333 0.5898148148148148 0.280859375 0.5893518518518519 0.280859375 0.586574074074074 0.2811197916666667 0.5861111111111111 0.2811197916666667 0.5833333333333334 0.2813802083333333 0.5828703703703704 0.2813802083333333 0.5805555555555556 0.281640625 0.5800925925925926 0.281640625 0.5768518518518518 0.2819010416666667 0.5763888888888888 0.2819010416666667 0.5736111111111111 0.28216145833333334 0.5731481481481482 0.28216145833333334 0.5703703703703704 0.282421875 0.5699074074074074 0.282421875 0.5675925925925925 0.28268229166666664 0.5671296296296297 0.28268229166666664 0.5648148148148148 0.28346354166666665 0.5597222222222222 0.28346354166666665 0.5569444444444445 0.28372395833333336 0.5564814814814815 0.28372395833333336 0.5523148148148148 0.283984375 0.5518518518518518 0.283984375 0.549074074074074 0.28424479166666666 0.5486111111111112 0.28424479166666666 0.5453703703703704 0.2845052083333333 0.5449074074074074 0.2845052083333333 0.5421296296296296 0.284765625 0.5416666666666666 0.284765625 0.5388888888888889 0.2850260416666667 0.538425925925926 0.2850260416666667 0.5356481481481481 0.2852864583333333 0.5351851851851852 0.2852864583333333 0.5324074074074074 0.285546875 0.5319444444444444 0.285546875 0.5296296296296297 0.28606770833333334 0.5268518518518519 0.28606770833333334 0.524537037037037 0.286328125 0.524074074074074 0.286328125 0.5208333333333334 0.28658854166666664 0.5203703703703704 0.28658854166666664 0.5166666666666667 0.28684895833333335 0.5162037037037037 0.28684895833333335 0.513425925925926 0.287109375 0.512962962962963 0.287109375 0.5101851851851852 0.28736979166666665 0.5097222222222222 0.28736979166666665 0.5060185185185185 0.28763020833333336 0.5055555555555555 0.28763020833333336 0.5013888888888889 0.287890625 0.5009259259259259 0.287890625 0.4981481481481482 0.28815104166666666 0.4976851851851852 0.28815104166666666 0.4949074074074074 0.2884114583333333 0.49444444444444446 0.2884114583333333 0.49166666666666664 0.288671875 0.4912037037037037 0.288671875 0.487962962962963 0.2889322916666667 0.4875 0.2889322916666667 0.4842592592592593 0.2891927083333333 0.4837962962962963 0.2891927083333333 0.48148148148148145 0.289453125 0.4810185185185185 0.289453125 0.4787037037037037 0.28997395833333334 0.4759259259259259 0.28997395833333334 0.47314814814814815 0.290234375 0.4726851851851852 0.290234375 0.46944444444444444 0.29049479166666664 0.4689814814814815 0.29049479166666664 0.4666666666666667 0.29075520833333335 0.46620370370370373 0.29075520833333335 0.4634259259259259 0.291015625 0.46296296296296297 0.291015625 0.4583333333333333 0.29127604166666665 0.45787037037037037 0.29127604166666665 0.4486111111111111 0.291015625 0.44814814814814813 0.291015625 0.4449074074074074 0.29049479166666664 0.4425925925925926 0.28997395833333334 0.44166666666666665 0.2897135416666667 0.4393518518518518 0.290625 0.4372685185185185 0.2942708333333333 0.4372685185185185 0.2953125 0.43819444444444444 0.29609375 0.4395833333333333 0.2984375 0.4409722222222222 0.3001302083333333 0.4439814814814815 0.301171875 0.44675925925925924 0.30638020833333335 0.45601851851851855 0.30638020833333335 0.4564814814814815 0.3087239583333333 0.46064814814814814 0.3087239583333333 0.46111111111111114 0.31002604166666664 0.4634259259259259 0.31002604166666664 0.4638888888888889 0.3123697916666667 0.46805555555555556 0.312890625 0.46944444444444444 0.312890625 0.47175925925925927 0.3131510416666667 0.4722222222222222 0.3131510416666667 0.47962962962962963 0.312890625 0.48009259259259257 0.312890625 0.4847222222222222 0.3126302083333333 0.48518518518518516 0.3126302083333333 0.4898148148148148 0.3123697916666667 0.49027777777777776 0.3123697916666667 0.4925925925925926 0.312109375 0.4930555555555556 0.312109375 0.4962962962962963 0.3118489583333333 0.49675925925925923 0.3118489583333333 0.5023148148148148 0.31158854166666666 0.5027777777777778 0.31158854166666666 0.5055555555555555 0.311328125 0.5060185185185185 0.311328125 0.5092592592592593 0.31106770833333336 0.5097222222222222 0.31106770833333336 0.513425925925926 0.31080729166666665 0.5138888888888888 0.31080729166666665 0.5166666666666667 0.310546875 0.5171296296296296 0.310546875 0.5208333333333334 0.31028645833333335 0.5212962962962963 0.31028645833333335 0.5259259259259259 0.31002604166666664 0.5263888888888889 0.31002604166666664 0.5310185185185186 0.309765625 0.5314814814814814 0.309765625 0.5351851851851852 0.30950520833333334 0.5356481481481481 0.30950520833333334 0.5398148148148149 0.3092447916666667 0.5402777777777777 0.3092447916666667 0.5435185185185185 0.308984375 0.5439814814814815 0.308984375 0.5481481481481482 0.3087239583333333 0.5486111111111112 0.3087239583333333 0.5532407407407407 0.3084635416666667 0.5537037037037037 0.3084635416666667 0.5574074074074075 0.308203125 0.5578703703703703 0.308203125 0.5611111111111111 0.3079427083333333 0.5615740740740741 0.3079427083333333 0.5648148148148148 0.30768229166666666 0.5652777777777778 0.30768229166666666 0.5689814814814815 0.307421875 0.5694444444444444 0.307421875 0.5740740740740741 0.30716145833333336 0.5745370370370371 0.30716145833333336 0.5791666666666667 0.30690104166666665 0.5796296296296296 0.30690104166666665 0.5824074074074074 0.306640625 0.5828703703703704 0.306640625 0.5856481481481481 0.30638020833333335 0.5861111111111111 0.30638020833333335 0.5898148148148148 0.30611979166666664 0.5902777777777778 0.30611979166666664 0.5939814814814814 0.305859375 0.5944444444444444 0.305859375 0.5972222222222222 0.30559895833333334 0.5976851851851852 0.30559895833333334 0.600462962962963 0.3053385416666667 0.600925925925926 0.3053385416666667 0.6046296296296296 0.305078125 0.6050925925925926 0.305078125 0.6092592592592593 0.3048177083333333 0.6097222222222223 0.3048177083333333 0.6143518518518518 0.3045572916666667 0.6148148148148148 0.3045572916666667 0.6175925925925926 0.304296875 0.6180555555555556 0.304296875 0.6212962962962963 0.3040364583333333 0.6217592592592592 0.3040364583333333 0.6268518518518519 0.30377604166666666 0.6273148148148148 0.30377604166666666 0.6305555555555555 0.303515625 0.6310185185185185 0.303515625 0.6333333333333333 0.30325520833333336 0.6337962962962963 0.30325520833333336 0.6375 0.30299479166666665 0.637962962962963 0.30299479166666665 0.6407407407407407 0.302734375 0.6412037037037037 0.302734375 0.6449074074074074 0.30247395833333335 0.6453703703703704 0.30247395833333335 0.649537037037037 0.30221354166666664 0.65 0.30221354166666664 0.6537037037037037 0.301953125 0.6541666666666667 0.301953125 0.6569444444444444 0.30169270833333334 0.6574074074074074 0.30169270833333334 0.6601851851851852 0.3014322916666667 0.6606481481481481 0.3014322916666667 0.6643518518518519 0.301171875 0.6648148148148149 0.301171875 0.6675925925925926 0.3009114583333333 0.6680555555555555 0.3009114583333333 0.6708333333333333 0.3006510416666667 0.6712962962962963 0.3006510416666667 0.674074074074074 0.300390625 0.674537037037037 0.300390625 0.6768518518518518 0.29986979166666666 0.6796296296296296 0.29856770833333335 0.6837962962962963 0.2953125 0.6895833333333333 0.2950520833333333 0.6895833333333333 0.29322916666666665 0.6928240740740741 0.2921875 0.694212962962963 0.28984375 0.6965277777777777 0.28671875 0.6979166666666666 0.28541666666666665 0.6979166666666666 0.2838541666666667 0.6988425925925926 0.28229166666666666 0.6988425925925926 0.28203125 0.6993055555555555 0.28072916666666664 0.6993055555555555 0.28046875 0.6997685185185185 0.2791666666666667 0.6997685185185185 0.27890625 0.7002314814814815 0.27708333333333335 0.7002314814814815 0.27682291666666664 0.7006944444444444 0.2752604166666667 0.7006944444444444 0.275 0.7011574074074074 0.27369791666666665 0.7011574074074074 0.2734375 0.7016203703703704 0.2721354166666667 0.7016203703703704 0.271875 0.7020833333333333 0.2703125 0.7020833333333333 0.27005208333333336 0.7025462962962963 0.26848958333333334 0.7025462962962963 0.2682291666666667 0.7030092592592593 0.2669270833333333 0.7030092592592593 0.26666666666666666 0.7034722222222223 0.26536458333333335 0.7034722222222223 0.26510416666666664 0.7039351851851852 0.26328125 0.7039351851851852 0.2630208333333333 0.7043981481481482 0.26119791666666664 0.7043981481481482 0.2609375 0.7048611111111112 0.259375 0.7048611111111112 0.2578125 0.705787037037037 0.2559895833333333 0.705787037037037 0.2557291666666667 0.70625 0.25390625 0.70625 0.25364583333333335 0.7067129629629629 0.2520833333333333 0.7067129629629629 0.2518229166666667 0.7071759259259259 0.25 0.7071759259259259 0.24973958333333332 0.7076388888888889 0.24765625 0.7076388888888889 0.24739583333333334 0.7081018518518518 0.24557291666666667 0.7081018518518518 0.2453125 0.7085648148148148 0.24375 0.7085648148148148 0.24348958333333334 0.7090277777777778 0.24192708333333332 0.7090277777777778 0.24166666666666667 0.7094907407407407 0.24036458333333333 0.7094907407407407 0.24010416666666667 0.7099537037037037 0.23854166666666668 0.7099537037037037 0.23828125 0.7104166666666667 0.23671875 0.7104166666666667 0.23645833333333333 0.7108796296296296 0.23489583333333333 0.7108796296296296 0.23463541666666668 0.7113425925925926 0.23333333333333334 0.7113425925925926 0.23307291666666666 0.7118055555555556 0.23151041666666666 0.7118055555555556 0.23125 0.7122685185185185 0.22994791666666667 0.7122685185185185 0.2296875 0.7127314814814815 0.22760416666666666 0.7127314814814815 0.22734375 0.7131944444444445 0.22552083333333334 0.7131944444444445 0.22526041666666666 0.7136574074074075 0.22395833333333334 0.7136574074074075 0.22369791666666666 0.7141203703703703 0.22239583333333332 0.7141203703703703 0.22083333333333333 0.7150462962962963 0.21927083333333333 0.7150462962962963 0.21901041666666668 0.7155092592592592 0.21770833333333334 0.7155092592592592 0.21744791666666666 0.7159722222222222 0.21588541666666666 0.7159722222222222 0.215625 0.7164351851851852 0.2140625 0.7164351851851852 0.21380208333333334 0.7168981481481481 0.21223958333333334 0.7168981481481481 0.21197916666666666 0.7173611111111111 0.21041666666666667 0.7173611111111111 0.21015625 0.7178240740740741 0.20833333333333334 0.7178240740740741 0.20807291666666666 0.718287037037037 0.20651041666666667 0.718287037037037 0.20625 0.71875 0.20494791666666667 0.71875 0.20338541666666668 0.7196759259259259 0.2015625 0.7196759259259259 0.20130208333333333 0.7201388888888889 0.19973958333333333 0.7201388888888889 0.19947916666666668 0.7206018518518519 0.19817708333333334 0.7206018518518519 0.19791666666666666 0.7210648148148148 0.19661458333333334 0.7210648148148148 0.19635416666666666 0.7215277777777778 0.19479166666666667 0.7215277777777778 0.19453125 0.7219907407407408 0.19322916666666667 0.7219907407407408 0.19296875 0.7224537037037037 0.19114583333333332 0.7224537037037037 0.19088541666666667 0.7229166666666667 0.18958333333333333 0.7229166666666667 0.18932291666666667 0.7233796296296297 0.18802083333333333 0.7233796296296297 0.18776041666666668 0.7238425925925925 0.18645833333333334 0.7238425925925925 0.18489583333333334 0.7247685185185185 0.18229166666666666 0.7247685185185185 0.18203125 0.7252314814814815 0.17994791666666668 0.7252314814814815 0.1796875 0.7256944444444444 0.178125 0.7256944444444444 0.17786458333333333 0.7261574074074074 0.17630208333333333 0.7261574074074074 0.17604166666666668 0.7266203703703704 0.17421875 0.7266203703703704 0.17395833333333333 0.7270833333333333 0.17213541666666668 0.7270833333333333 0.171875 0.7275462962962963 0.17005208333333333 0.7275462962962963 0.16979166666666667 0.7280092592592593 0.16822916666666668 0.7280092592592593 0.16796875 0.7284722222222222 0.16640625 0.7284722222222222 0.16614583333333333 0.7289351851851852 0.16484375 0.7289351851851852 0.16354166666666667 0.7298611111111111 0.16223958333333333 0.7303240740740741 0.16067708333333333 0.7303240740740741 0.16041666666666668 0.7307870370370371 0.15859375 0.7307870370370371 0.15833333333333333 0.73125 0.15677083333333333 0.73125 0.15651041666666668 0.731712962962963 0.15442708333333333 0.731712962962963 0.15416666666666667 0.732175925925926 0.15182291666666667 0.732175925925926 0.1515625 0.7326388888888888 0.15 0.7326388888888888 0.14869791666666668 0.7335648148148148 0.14739583333333334 0.7335648148148148 0.14713541666666666 0.7340277777777777 0.14557291666666666 0.7340277777777777 0.1453125 0.7344907407407407 0.14401041666666667 0.7344907407407407 0.14244791666666667 0.7354166666666667 0.14036458333333332 0.7354166666666667 0.14010416666666667 0.7358796296296296 0.13776041666666666 0.7358796296296296 0.1375 0.7363425925925926 0.1359375 0.7363425925925926 0.13567708333333334 0.7368055555555556 0.134375 0.7368055555555556 0.13411458333333334 0.7372685185185185 0.1328125 0.7372685185185185 0.13125 0.7381944444444445 0.12994791666666666 0.7381944444444445 0.1296875 0.7386574074074074 0.12786458333333334 0.7386574074074074 0.12760416666666666 0.7391203703703704 0.12604166666666666 0.7391203703703704 0.12578125 0.7395833333333334 0.12421875 0.7395833333333334 0.12395833333333334 0.7400462962962963 0.12265625 0.7400462962962963 0.12239583333333333 0.7405092592592593 0.12057291666666667 0.7405092592592593 0.1203125 0.7409722222222223 0.11848958333333333 0.7409722222222223 0.11822916666666666 0.7414351851851851 0.11666666666666667 0.7414351851851851 0.11640625 0.7418981481481481 0.11510416666666666 0.7418981481481481 0.11484375 0.7423611111111111 0.11354166666666667 0.7423611111111111 0.11197916666666667 0.743287037037037 0.11067708333333333 0.743287037037037 0.11041666666666666 0.74375 0.10859375 0.74375 0.10833333333333334 0.7442129629629629 0.10651041666666666 0.7442129629629629 0.10625 0.7446759259259259 0.10442708333333334 0.7446759259259259 0.10416666666666667 0.7451388888888889 0.10260416666666666 0.7451388888888889 0.10234375 0.7456018518518519 0.10104166666666667 0.7456018518518519 0.10078125 0.7460648148148148 0.09921875 0.7460648148148148 0.09895833333333333 0.7465277777777778 0.09713541666666667 0.7465277777777778 0.096875 0.7469907407407408
12 0.14296875 0.9190972222222222 0.2825520833333333 0.16087962962962954 0.004557291666666667 0.999537037037037 0.004427083333333333 0.9988425925925926 0.002864583333333333 0.9979166666666667 0.0016927083333333334 0.9953703703703703 0.0016927083333333334 0.9893518518518518 0.0024739583333333332 0.9842592592592593 0.0024739583333333332 0.9819444444444444 0.003515625 0.975462962962963 0.004296875 0.9731481481481481 0.004296875 0.9722222222222222 0.005078125 0.9694444444444444 0.005338541666666667 0.9675925925925926 0.005338541666666667 0.9648148148148148 0.005598958333333333 0.9643518518518519 0.005598958333333333 0.9606481481481481 0.005859375 0.9601851851851851 0.005859375 0.9574074074074074 0.006119791666666667 0.9569444444444445 0.006119791666666667 0.9541666666666667 0.0069010416666666664 0.950925925925926 0.0069010416666666664 0.9495370370370371 0.007682291666666666 0.9467592592592593 0.007942708333333333 0.9444444444444444 0.008463541666666666 0.9425925925925925 0.008463541666666666 0.9412037037037037 0.008984375 0.9393518518518519 0.008984375 0.937962962962963 0.009765625 0.9351851851851852 0.010026041666666667 0.9314814814814815 0.010546875 0.9296296296296296 0.010546875 0.9282407407407407 0.011067708333333334 0.9263888888888889 0.011328125 0.924074074074074 0.011848958333333333 0.9226851851851852 0.012369791666666666 0.9189814814814815 0.012890625 0.9171296296296296 0.012890625 0.9157407407407407 0.013411458333333333 0.912962962962963 0.014973958333333334 0.9069444444444444 0.016536458333333334 0.9032407407407408 0.0203125 0.8965277777777778 0.020572916666666666 0.8965277777777778 0.0234375 0.8923611111111112 0.025 0.8905092592592593 0.026302083333333334 0.8895833333333333 0.027083333333333334 0.8895833333333333 0.028125 0.8886574074074074 0.029427083333333333 0.8881944444444444 0.031510416666666666 0.8881944444444444 0.03177083333333333 0.8877314814814815 0.033854166666666664 0.8877314814814815 0.03411458333333333 0.8872685185185185 0.0359375 0.8872685185185185 0.03619791666666667 0.8868055555555555 0.03828125 0.8868055555555555 0.03854166666666667 0.8863425925925926 0.040625 0.8863425925925926 0.04088541666666667 0.8858796296296296 0.042708333333333334 0.8858796296296296 0.04296875 0.8854166666666666 0.04479166666666667 0.8854166666666666 0.04505208333333333 0.8849537037037037 0.04765625 0.8849537037037037 0.04791666666666667 0.8844907407407407 0.05026041666666667 0.8844907407407407 0.050520833333333334 0.8840277777777777 0.053125 0.8840277777777777 0.053385416666666664 0.8835648148148149 0.05520833333333333 0.8835648148148149 0.05546875 0.8831018518518519 0.05703125 0.8831018518518519 0.057291666666666664 0.8826388888888889 0.058854166666666666 0.8826388888888889 0.05911458333333333 0.882175925925926 0.06067708333333333 0.882175925925926 0.0609375 0.881712962962963 0.06302083333333333 0.881712962962963 0.06328125 0.88125 0.06536458333333334 0.88125 0.065625 0.8807870370370371 0.06744791666666666 0.8807870370370371 0.06770833333333333 0.8803240740740741 0.06979166666666667 0.8803240740740741 0.07005208333333333 0.8798611111111111 0.07239583333333334 0.8798611111111111 0.07265625 0.8793981481481481 0.07447916666666667 0.8793981481481481 0.07473958333333333 0.8789351851851852 0.07682291666666667 0.8789351851851852 0.07708333333333334 0.8784722222222222 0.07942708333333333 0.8784722222222222 0.0796875 0.8780092592592592 0.08098958333333334 0.8780092592592592 0.08255208333333333 0.8770833333333333 0.08385416666666666 0.8770833333333333 0.08411458333333334 0.8766203703703703 0.08619791666666667 0.8766203703703703 0.08645833333333333 0.8761574074074074 0.08828125 0.8761574074074074 0.08854166666666667 0.8756944444444444 0.09036458333333333 0.8756944444444444 0.090625 0.8752314814814814 0.0921875 0.8752314814814814 0.09244791666666667 0.8747685185185186 0.09401041666666667 0.8747685185185186 0.09427083333333333 0.8743055555555556 0.09609375 0.8743055555555556 0.09635416666666667 0.8738425925925926 0.09791666666666667 0.8738425925925926 0.09817708333333333 0.8733796296296297 0.1 0.8733796296296297 0.10026041666666667 0.8729166666666667 0.10208333333333333 0.8729166666666667 0.10234375 0.8724537037037037 0.10442708333333334 0.8724537037037037 0.1046875 0.8719907407407408 0.10677083333333333 0.8719907407407408 0.10703125 0.8715277777777778 0.10885416666666667 0.8715277777777778 0.10911458333333333 0.8710648148148148 0.1109375 0.8710648148148148 0.11119791666666666 0.8706018518518519 0.11276041666666667 0.8706018518518519 0.11302083333333333 0.8701388888888889 0.11484375 0.8701388888888889 0.11510416666666666 0.8696759259259259 0.1171875 0.8696759259259259 0.11744791666666667 0.8692129629629629 0.11901041666666666 0.8692129629629629 0.11927083333333334 0.86875 0.12083333333333333 0.86875 0.12109375 0.868287037037037 0.12265625 0.868287037037037 0.12291666666666666 0.867824074074074 0.12473958333333333 0.867824074074074 0.125 0.8673611111111111 0.12708333333333333 0.8673611111111111 0.12734375 0.8668981481481481 0.12890625 0.8668981481481481 0.12916666666666668 0.8664351851851851 0.13046875 0.8664351851851851 0.13072916666666667 0.8659722222222223 0.13229166666666667 0.8659722222222223 0.13255208333333332 0.8655092592592593 0.13411458333333334 0.8655092592592593 0.134375 0.8650462962962963 0.13671875 0.8650462962962963 0.13697916666666668 0.8645833333333334 0.1390625 0.8645833333333334 0.13932291666666666 0.8641203703703704 0.14166666666666666 0.8641203703703704 0.14192708333333334 0.8636574074074074 0.14348958333333334 0.8636574074074074 0.14375 0.8631944444444445 0.1453125 0.8631944444444445 0.14557291666666666 0.8627314814814815 0.14713541666666666 0.8627314814814815 0.14739583333333334 0.8622685185185185 0.14921875 0.8622685185185185 0.14947916666666666 0.8618055555555556 0.15078125 0.8618055555555556 0.15104166666666666 0.8613425925925926 0.15234375 0.8613425925925926 0.15260416666666668 0.8608796296296296 0.15390625 0.8608796296296296 0.15416666666666667 0.8604166666666667 0.15572916666666667 0.8604166666666667 0.15598958333333332 0.8599537037037037 0.15755208333333334 0.8599537037037037 0.1578125 0.8594907407407407 0.15989583333333332 0.8594907407407407 0.16015625 0.8590277777777777 0.16197916666666667 0.8590277777777777 0.16223958333333333 0.8585648148148148 0.16432291666666668 0.8585648148148148 0.16458333333333333 0.8581018518518518 0.16666666666666666 0.8581018518518518 0.16692708333333334 0.8576388888888888 0.16875 0.8576388888888888 0.16901041666666666 0.857175925925926 0.1703125 0.857175925925926 0.17057291666666666 0.856712962962963 0.17239583333333333 0.856712962962963 0.17265625 0.85625 0.17526041666666667 0.85625 0.17552083333333332 0.8557870370370371 0.17760416666666667 0.8557870370370371 0.17786458333333333 0.8553240740740741 0.17942708333333332 0.8553240740740741 0.1796875 0.8548611111111111 0.18125 0.8548611111111111 0.18151041666666667 0.8543981481481482 0.18333333333333332 0.8543981481481482 0.18359375 0.8539351851851852 0.18515625 0.8539351851851852 0.18541666666666667 0.8534722222222222 0.1875 0.8534722222222222 0.18776041666666668 0.8530092592592593 0.18984375 0.8530092592592593 0.19010416666666666 0.8525462962962963 0.19192708333333333 0.8525462962962963 0.1921875 0.8520833333333333 0.19375 0.8520833333333333 0.19401041666666666 0.8516203703703704 0.19583333333333333 0.8516203703703704 0.19609375 0.8511574074074074 0.19791666666666666 0.8511574074074074 0.19817708333333334 0.8506944444444444 0.2 0.8506944444444444 0.20026041666666666 0.8502314814814815 0.20182291666666666 0.8502314814814815 0.20208333333333334 0.8497685185185185 0.20390625 0.8497685185185185 0.20416666666666666 0.8493055555555555 0.20598958333333334 0.8493055555555555 0.20625 0.8488425925925925 0.20755208333333333 0.8488425925925925 0.2078125 0.8483796296296297 0.209375 0.8483796296296297 0.20963541666666666 0.8479166666666667 0.21145833333333333 0.8479166666666667 0.21171875 0.8474537037037037 0.21328125 0.8474537037037037 0.21354166666666666 0.8469907407407408 0.21510416666666668 0.8469907407407408 0.21536458333333333 0.8465277777777778 0.21692708333333333 0.8465277777777778 0.2171875 0.8460648148148148 0.21901041666666668 0.8460648148148148 0.21927083333333333 0.8456018518518519 0.22109375 0.8456018518518519 0.22135416666666666 0.8451388888888889 0.22291666666666668 0.8451388888888889 0.22317708333333333 0.8446759259259259 0.22473958333333333 0.8446759259259259 0.225 0.844212962962963 0.2265625 0.844212962962963 0.22682291666666668 0.84375 0.22864583333333333 0.84375 0.22890625 0.843287037037037 0.23098958333333333 0.843287037037037 0.23125 0.8428240740740741 0.2328125 0.8428240740740741 0.23307291666666666 0.8423611111111111 0.23489583333333333 0.8423611111111111 0.23515625 0.8418981481481481 0.23697916666666666 0.8418981481481481 0.23723958333333334 0.8414351851851852 0.23880208333333333 0.8414351851851852 0.2390625 0.8409722222222222 0.24088541666666666 0.8409722222222222 0.24114583333333334 0.8405092592592592 0.24296875 0.8405092592592592 0.24322916666666666 0.8400462962962963 0.24505208333333334 0.8400462962962963 0.2453125 0.8395833333333333 0.24713541666666666 0.8395833333333333 0.24739583333333334 0.8391203703703703 0.24921875 0.8391203703703703 0.24947916666666667 0.8386574074074075 0.25729166666666664 0.8386574074074075 0.25859375 0.8391203703703703 0.2598958333333333 0.8400462962962963 0.2609375 0.8400462962962963 0.26223958333333336 0.8409722222222222 0.2671875 0.8423611111111111 0.26927083333333335 0.84375 0.27005208333333336 0.84375 0.27109375 0.8446759259259259 0.271875 0.8446759259259259 0.27447916666666666 0.8465277777777778 0.27578125 0.8469907407407408 0.27734375 0.8488425925925925 0.278125 0.8493055555555555 0.2794270833333333 0.8511574074074074 0.28033854166666666 0.8532407407407407 0.282421875 0.8569444444444444 0.28294270833333335 0.8587962962962963 0.28346354166666665 0.8625 0.283984375 0.8638888888888889 0.283984375 0.8662037037037037 0.28424479166666666 0.8666666666666667 0.28424479166666666 0.8726851851851852 0.283984375 0.8731481481481481 0.283984375 0.875462962962963 0.28372395833333336 0.8759259259259259 0.28372395833333336 0.8782407407407408 0.28346354166666665 0.8787037037037037 0.28346354166666665 0.8861111111111111 0.283203125 0.8865740740740741 0.283203125 0.8907407407407407 0.28294270833333335 0.8912037037037037 0.28294270833333335 0.899537037037037 0.28268229166666664 0.9 0.28268229166666664 0.9023148148148148 0.282421875 0.9027777777777778 0.282421875 0.9050925925925926 0.28216145833333334 0.9055555555555556 0.28216145833333334 0.9087962962962963 0.2819010416666667 0.9092592592592592 0.2819010416666667 0.9125 0.281640625 0.912962962962963 0.281640625 0.9162037037037037 0.2813802083333333 0.9166666666666666 0.2813802083333333 0.9199074074074074 0.2811197916666667 0.9203703703703704 0.2811197916666667 0.924074074074074 0.280859375 0.924537037037037 0.280859375 0.9277777777777778 0.2805989583333333 0.9282407407407407 0.2805989583333333 0.9310185185185185 0.28033854166666666 0.9314814814814815 0.28033854166666666 0.9337962962962963 0.280078125 0.9342592592592592 0.280078125 0.9365740740740741 0.27981770833333336 0.937037037037037 0.27981770833333336 0.9393518518518519 0.27955729166666665 0.9398148148148148 0.27955729166666665 0.9421296296296297 0.279296875 0.9425925925925925 0.279296875 0.9453703703703704 0.27903645833333335 0.9458333333333333 0.27903645833333335 0.9495370370370371 0.27877604166666664 0.95 0.27877604166666664 0.9541666666666667 0.278515625 0.9546296296296296 0.278515625 0.9578703703703704 0.27825520833333334 0.9583333333333334 0.27825520833333334 0.9611111111111111 0.2779947916666667 0.961574074074074 0.2779947916666667 0.9643518518518519 0.277734375 0.9648148148148148 0.277734375 0.9675925925925926 0.2774739583333333 0.9680555555555556 0.2774739583333333 0.9703703703703703 0.276953125 0.9731481481481481 0.276953125 0.975462962962963 0.2766927083333333 0.975925925925926 0.2766927083333333 0.9791666666666666 0.27643229166666666 0.9796296296296296 0.27643229166666666 0.9824074074074074 0.27591145833333336 0.9861111111111112 0.27565104166666665 0.986574074074074 0.27513020833333335 0.9902777777777778 0.27513020833333335 0.9930555555555556 0.27486979166666664 0.9953703703703703 0.27434895833333334 0.9972222222222222 0.27317708333333335 0.9983796296296297 0.2721354166666667 0.9988425925925926 0.2677083333333333 0.9988425925925926 0.2674479166666667 0.9983796296296297 0.25390625 0.9983796296296297 0.25364583333333335 0.9979166666666667 0.24583333333333332 0.9979166666666667 0.24557291666666667 0.9983796296296297 0.23489583333333333 0.9983796296296297 0.23463541666666668 0.9979166666666667 0.2171875 0.9979166666666667 0.21692708333333333 0.9974537037037037 0.21354166666666666 0.9974537037037037 0.21223958333333334 0.9979166666666667 0.21197916666666666 0.9974537037037037 0.103125 0.9974537037037037 0.10286458333333333 0.9979166666666667 0.0796875 0.9979166666666667 0.07942708333333333 0.9983796296296297 0.07708333333333334 0.9983796296296297 0.07682291666666667 0.9988425925925926 0.07317708333333334 0.9988425925925926 0.073046875 0.999537037037037
