8 0.6533854166666666 0.1292824074074074 0.21380208333333328 0.2585648148148148 0.7602864583333333 0.0 0.7602864583333333 0.009722222222222222 0.759765625 0.0125 0.7592447916666667 0.013888888888888888 0.7587239583333333 0.016666666666666666 0.7584635416666666 0.01990740740740741 0.7576822916666667 0.024074074074074074 0.757421875 0.02638888888888889 0.757421875 0.029166666666666667 0.7571614583333334 0.02962962962962963 0.7569010416666667 0.03333333333333333 0.7563802083333333 0.03518518518518519 0.755078125 0.04351851851851852 0.754296875 0.04675925925925926 0.754296875 0.04814814814814815 0.7537760416666667 0.050462962962962966 0.7537760416666667 0.05185185185185185 0.7529947916666667 0.055092592592592596 0.7529947916666667 0.05648148148148148 0.7524739583333333 0.058333333333333334 0.7524739583333333 0.059722222222222225 0.751953125 0.06111111111111111 0.7514322916666667 0.06481481481481481 0.7509114583333333 0.06574074074074074 0.7498697916666667 0.07083333333333333 0.7493489583333334 0.07222222222222222 0.7483072916666667 0.0787037037037037 0.7477864583333333 0.08101851851851852 0.7467447916666666 0.0837962962962963 0.746484375 0.08564814814814815 0.745703125 0.08888888888888889 0.745703125 0.09074074074074075 0.744921875 0.09583333333333334 0.7444010416666667 0.09768518518518518 0.744140625 0.1 0.7436197916666667 0.10185185185185185 0.743359375 0.10416666666666667 0.7428385416666666 0.10601851851851851 0.742578125 0.10833333333333334 0.7420572916666667 0.10972222222222222 0.741796875 0.11296296296296296 0.7412760416666667 0.11481481481481481 0.7397135416666667 0.12314814814814815 0.7397135416666667 0.12453703703703704 0.738671875 0.12824074074074074 0.737890625 0.13333333333333333 0.737890625 0.13518518518518519 0.7373697916666667 0.13703703703703704 0.737109375 0.14027777777777778 0.7358072916666667 0.14629629629629629 0.7358072916666667 0.1476851851851852 0.7352864583333333 0.14907407407407408 0.7345052083333333 0.15231481481481482 0.7342447916666667 0.15462962962962962 0.7337239583333334 0.15601851851851853 0.7329427083333333 0.16157407407407406 0.7313802083333333 0.16944444444444445 0.730078125 0.1763888888888889 0.7290364583333333 0.18055555555555555 0.7279947916666667 0.1837962962962963 0.727734375 0.18611111111111112 0.7272135416666666 0.1875 0.7272135416666666 0.18888888888888888 0.7266927083333333 0.19074074074074074 0.7264322916666667 0.19398148148148148 0.726171875 0.19444444444444445 0.7256510416666667 0.1986111111111111 0.7251302083333333 0.2 0.7243489583333333 0.2050925925925926 0.723828125 0.20694444444444443 0.7235677083333333 0.20925925925925926 0.7225260416666667 0.21388888888888888 0.722265625 0.2162037037037037 0.7217447916666667 0.2175925925925926 0.7217447916666667 0.21898148148148147 0.7212239583333333 0.22083333333333333 0.7212239583333333 0.22268518518518518 0.7204427083333333 0.22592592592592592 0.7201822916666667 0.22824074074074074 0.7186197916666667 0.23333333333333334 0.7173177083333333 0.23564814814814813 0.716015625 0.23935185185185184 0.715234375 0.24074074074074073 0.7149739583333333 0.24212962962962964 0.7139322916666667 0.24537037037037038 0.7122395833333334 0.2488425925925926 0.709375 0.25254629629629627 0.7072916666666667 0.25439814814814815 0.7041666666666667 0.256712962962963 0.7013020833333333 0.25763888888888886 0.7010416666666667 0.25810185185185186 0.6986979166666667 0.25810185185185186 0.6984375 0.2585648148148148 0.6947916666666667 0.2585648148148148 0.69453125 0.25810185185185186 0.68828125 0.25810185185185186 0.6880208333333333 0.25763888888888886 0.6830729166666667 0.25763888888888886 0.6828125 0.2571759259259259 0.6794270833333333 0.2571759259259259 0.6791666666666667 0.256712962962963 0.6760416666666667 0.256712962962963 0.67578125 0.25625 0.6713541666666667 0.25625 0.67109375 0.25578703703703703 0.6635416666666667 0.25578703703703703 0.66328125 0.2553240740740741 0.65703125 0.2553240740740741 0.6567708333333333 0.2548611111111111 0.6526041666666667 0.2548611111111111 0.65234375 0.25439814814814815 0.6473958333333333 0.25439814814814815 0.6471354166666666 0.2539351851851852 0.6419270833333334 0.2539351851851852 0.6416666666666667 0.2534722222222222 0.6372395833333333 0.2534722222222222 0.6369791666666667 0.25300925925925927 0.6247395833333333 0.25300925925925927 0.6244791666666667 0.25254629629629627 0.6182291666666667 0.25254629629629627 0.61796875 0.2520833333333333 0.6161458333333333 0.2520833333333333 0.6158854166666666 0.2516203703703704 0.6135416666666667 0.2516203703703704 0.61328125 0.2511574074074074 0.60078125 0.2511574074074074 0.6005208333333333 0.25069444444444444 0.5880208333333333 0.25069444444444444 0.5877604166666667 0.2502314814814815 0.58359375 0.2502314814814815 0.5833333333333334 0.24976851851851853 0.5802083333333333 0.24976851851851853 0.5799479166666667 0.24930555555555556 0.5723958333333333 0.24930555555555556 0.5721354166666667 0.2488425925925926 0.56953125 0.2488425925925926 0.5692708333333333 0.24837962962962962 0.5661458333333333 0.24837962962962962 0.5658854166666667 0.24791666666666667 0.5638020833333334 0.24791666666666667 0.5625 0.2474537037037037 0.5614583333333333 0.2465277777777778 0.5606770833333333 0.2465277777777778 0.5588541666666667 0.24513888888888888 0.5583333333333333 0.24513888888888888 0.5557291666666667 0.24328703703703702 0.5549479166666667 0.2423611111111111 0.553125 0.23912037037037037 0.5528645833333333 0.23912037037037037 0.5510416666666667 0.23587962962962963 0.55078125 0.23587962962962963 0.5490885416666667 0.23287037037037037 0.548046875 0.22916666666666666 0.547265625 0.22407407407407406 0.546484375 0.2199074074074074 0.546484375 0.21388888888888888 0.5467447916666667 0.21342592592592594 0.5467447916666667 0.20185185185185187 0.5470052083333333 0.2013888888888889 0.5470052083333333 0.19722222222222222 0.547265625 0.19675925925925927 0.547265625 0.18703703703703703 0.5475260416666666 0.1865740740740741 0.5475260416666666 0.17962962962962964 0.5477864583333333 0.17916666666666667 0.5477864583333333 0.17314814814814813 0.548046875 0.1726851851851852 0.548046875 0.16342592592592592 0.5483072916666667 0.16296296296296298 0.5483072916666667 0.15601851851851853 0.5485677083333333 0.15555555555555556 0.5485677083333333 0.14583333333333334 0.548828125 0.14537037037037037 0.548828125 0.13472222222222222 0.5490885416666667 0.13425925925925927 0.5490885416666667 0.12453703703703704 0.5493489583333333 0.12407407407407407 0.5493489583333333 0.11805555555555555 0.549609375 0.1175925925925926 0.549609375 0.11157407407407408 0.5498697916666667 0.1111111111111111 0.5498697916666667 0.10277777777777777 0.5501302083333334 0.10231481481481482 0.5501302083333334 0.09537037037037037 0.550390625 0.09490740740740741 0.550390625 0.09027777777777778 0.5506510416666667 0.08981481481481482 0.5506510416666667 0.08333333333333333 0.5509114583333333 0.08287037037037037 0.5509114583333333 0.07222222222222222 0.551171875 0.07175925925925926 0.551171875 0.06481481481481481 0.5514322916666666 0.06435185185185185 0.5514322916666666 0.058333333333333334 0.5516927083333333 0.05787037037037037 0.5516927083333333 0.04953703703703704 0.551953125 0.049074074074074076 0.551953125 0.0412037037037037 0.5522135416666667 0.040740740740740744 0.5522135416666667 0.03611111111111111 0.5524739583333333 0.03564814814814815 0.5524739583333333 0.020833333333333332 0.552734375 0.020370370370370372 0.552734375 0.015277777777777777 0.5529947916666667 0.014814814814814815 0.5529947916666667 0.010648148148148148 0.5532552083333333 0.010185185185185186 0.5537760416666667 0.005555555555555556 0.5548177083333333 0.0023148148148148147 0.5548177083333333 0.0
6 0.07180989583333333 0.16168981481481481 0.14361979166666666 0.32337962962962963 0.06731770833333334 0.0 0.06731770833333334 0.0023148148148148147 0.06875 0.004398148148148148 0.06953125 0.004861111111111111 0.07213541666666666 0.007638888888888889 0.07239583333333334 0.007638888888888889 0.073828125 0.010185185185185186 0.073828125 0.010648148148148148 0.07513020833333334 0.012962962962962963 0.07591145833333333 0.015277777777777777 0.07799479166666666 0.01898148148148148 0.080078125 0.024074074074074074 0.08033854166666667 0.02546296296296296 0.08138020833333333 0.027777777777777776 0.082421875 0.031018518518518518 0.08580729166666666 0.037037037037037035 0.08684895833333334 0.03935185185185185 0.08815104166666667 0.043055555555555555 0.089453125 0.04537037037037037 0.09075520833333334 0.04861111111111111 0.09127604166666667 0.05092592592592592 0.09270833333333334 0.05347222222222222 0.09296875 0.05347222222222222 0.09466145833333334 0.05740740740740741 0.09518229166666667 0.059722222222222225 0.09635416666666667 0.061342592592592594 0.098046875 0.06435185185185185 0.098046875 0.06481481481481481 0.09947916666666666 0.06689814814814815 0.10130208333333333 0.06828703703703703 0.10208333333333333 0.06921296296296296 0.10690104166666667 0.07777777777777778 0.10794270833333333 0.08009259259259259 0.10924479166666666 0.08425925925925926 0.109765625 0.08703703703703704 0.110546875 0.08935185185185185 0.110546875 0.09027777777777778 0.11184895833333333 0.09490740740740741 0.11341145833333334 0.09953703703703703 0.11497395833333333 0.10555555555555556 0.11731770833333334 0.10972222222222222 0.118359375 0.1125 0.119140625 0.11527777777777778 0.119921875 0.11666666666666667 0.12122395833333334 0.11990740740740741 0.122265625 0.12407407407407407 0.12278645833333333 0.125 0.12330729166666667 0.12731481481481483 0.123828125 0.12824074074074074 0.127734375 0.14212962962962963 0.12877604166666667 0.14444444444444443 0.12955729166666666 0.14675925925925926 0.13111979166666668 0.15231481481481482 0.13216145833333334 0.15462962962962962 0.133203125 0.15833333333333333 0.13450520833333332 0.16435185185185186 0.135546875 0.16805555555555557 0.13606770833333334 0.16898148148148148 0.137109375 0.1726851851851852 0.13815104166666667 0.17546296296296296 0.13971354166666666 0.1787037037037037 0.14075520833333333 0.1814814814814815 0.14153645833333334 0.18425925925925926 0.14153645833333334 0.18564814814814815 0.14205729166666667 0.18935185185185185 0.14231770833333332 0.18981481481481483 0.14231770833333332 0.19212962962962962 0.142578125 0.1925925925925926 0.142578125 0.2 0.14205729166666667 0.20277777777777778 0.14205729166666667 0.20601851851851852 0.14361979166666666 0.2111111111111111 0.14361979166666666 0.22083333333333333 0.143359375 0.2212962962962963 0.143359375 0.22453703703703703 0.14309895833333333 0.2263888888888889 0.142578125 0.2273148148148148 0.14205729166666667 0.22962962962962963 0.141015625 0.23287037037037037 0.140234375 0.23472222222222222 0.13567708333333334 0.24282407407407408 0.13541666666666666 0.24282407407407408 0.13359375 0.24606481481481482 0.13229166666666667 0.24791666666666667 0.13046875 0.24976851851851853 0.12708333333333333 0.25578703703703703 0.12578125 0.2571759259259259 0.12369791666666667 0.26087962962962963 0.121875 0.26273148148148145 0.12135416666666667 0.26273148148148145 0.12005208333333334 0.2641203703703704 0.11953125 0.2641203703703704 0.11640625 0.26643518518518516 0.11432291666666666 0.2673611111111111 0.1109375 0.2701388888888889 0.10885416666666667 0.2710648148148148 0.10755208333333334 0.27199074074074076 0.10625 0.27337962962962964 0.10546875 0.27337962962962964 0.10390625 0.2743055555555556 0.103125 0.27523148148148147 0.10182291666666667 0.27569444444444446 0.09921875 0.2775462962962963 0.09817708333333333 0.2775462962962963 0.096875 0.27847222222222223 0.0953125 0.2789351851851852 0.09453125 0.2798611111111111 0.09270833333333334 0.28078703703703706 0.09192708333333334 0.28171296296296294 0.090625 0.28217592592592594 0.08958333333333333 0.2831018518518518 0.08880208333333334 0.2831018518518518 0.08776041666666666 0.28402777777777777 0.08697916666666666 0.28402777777777777 0.0859375 0.2849537037037037 0.08515625 0.2849537037037037 0.0828125 0.2863425925925926 0.08177083333333333 0.2863425925925926 0.08046875 0.28726851851851853 0.07838541666666667 0.2877314814814815 0.07734375 0.2886574074074074 0.0765625 0.2886574074074074 0.07552083333333333 0.28958333333333336 0.07473958333333333 0.28958333333333336 0.07135416666666666 0.2914351851851852 0.0703125 0.2914351851851852 0.06901041666666667 0.2923611111111111 0.06770833333333333 0.2923611111111111 0.06744791666666666 0.29282407407407407 0.06588541666666667 0.29282407407407407 0.065625 0.293287037037037 0.06432291666666666 0.293287037037037 0.06302083333333333 0.29375 0.06197916666666667 0.29467592592592595 0.061197916666666664 0.29467592592592595 0.059375 0.29606481481481484 0.05859375 0.29606481481481484 0.05755208333333333 0.2969907407407407 0.05572916666666667 0.2974537037037037 0.0546875 0.2983796296296296 0.05390625 0.2983796296296296 0.05286458333333333 0.29930555555555555 0.05182291666666667 0.29930555555555555 0.05026041666666667 0.3002314814814815 0.04921875 0.3002314814814815 0.04765625 0.30115740740740743 0.04609375 0.30115740740740743 0.04453125 0.3020833333333333 0.04348958333333333 0.3020833333333333 0.04114583333333333 0.3034722222222222 0.040364583333333336 0.3034722222222222 0.038802083333333334 0.30486111111111114 0.03828125 0.30486111111111114 0.03671875 0.30625 0.034375 0.3071759259259259 0.03333333333333333 0.30810185185185185 0.03203125 0.3085648148148148 0.030729166666666665 0.3085648148148148 0.02890625 0.30949074074074073 0.025520833333333333 0.3127314814814815 0.02421875 0.3136574074074074 0.0234375 0.3136574074074074 0.021614583333333333 0.31504629629629627 0.01953125 0.31550925925925927 0.018229166666666668 0.3164351851851852 0.014583333333333334 0.3173611111111111 0.012239583333333333 0.31875 0.010416666666666666 0.319212962962963 0.008333333333333333 0.32013888888888886 0.007291666666666667 0.3210648148148148 0.006510416666666667 0.3210648148148148 0.004166666666666667 0.3224537037037037 0.0033854166666666668 0.3224537037037037 0.00234375 0.32337962962962963 0.0 0.32337962962962963
1 0.25533854166666664 0.38611111111111107 0.02708333333333332 0.03842592592592592 0.259375 0.40532407407407406 0.25703125 0.40532407407407406 0.25677083333333334 0.4048611111111111 0.2546875 0.4048611111111111 0.25442708333333336 0.4043981481481482 0.2526041666666667 0.4039351851851852 0.25104166666666666 0.4025462962962963 0.24908854166666666 0.3990740740740741 0.24778645833333332 0.39537037037037037 0.24661458333333333 0.39328703703703705 0.24453125 0.3909722222222222 0.24205729166666667 0.38657407407407407 0.241796875 0.38564814814814813 0.241796875 0.3819444444444444 0.24205729166666667 0.37962962962962965 0.243359375 0.37546296296296294 0.2453125 0.37199074074074073 0.24609375 0.3715277777777778 0.24791666666666667 0.3696759259259259 0.24921875 0.36921296296296297 0.25026041666666665 0.368287037037037 0.2515625 0.3678240740740741 0.25286458333333334 0.3678240740740741 0.253125 0.36736111111111114 0.25442708333333336 0.36736111111111114 0.2546875 0.36689814814814814 0.25729166666666664 0.36689814814814814 0.25755208333333335 0.36736111111111114 0.259375 0.36736111111111114 0.2609375 0.368287037037037 0.26171875 0.36921296296296297 0.2638020833333333 0.3701388888888889 0.26588541666666665 0.37199074074074073 0.26653645833333334 0.3736111111111111 0.26796875 0.3761574074074074 0.2688802083333333 0.3773148148148148 0.26861979166666666 0.37916666666666665 0.2674479166666667 0.3803240740740741 0.26614583333333336 0.38263888888888886 0.26588541666666665 0.38263888888888886 0.26471354166666666 0.38472222222222224 0.26419270833333336 0.38657407407407407 0.26393229166666665 0.3888888888888889 0.26393229166666665 0.4 0.26341145833333335 0.40185185185185185 0.26223958333333336 0.4039351851851852 0.2609375 0.4048611111111111 0.2596354166666667 0.4048611111111111 0.259375 0.40532407407407406
1 0.20989583333333334 0.39583333333333337 0.02682291666666667 0.03564814814814815 0.21328125 0.4136574074074074 0.20755208333333333 0.4136574074074074 0.20729166666666668 0.4131944444444444 0.20494791666666667 0.4131944444444444 0.2015625 0.41041666666666665 0.20026041666666666 0.4081018518518518 0.2 0.4081018518518518 0.19908854166666667 0.4060185185185185 0.19752604166666668 0.40324074074074073 0.196484375 0.4 0.196484375 0.3962962962962963 0.19674479166666667 0.3958333333333333 0.19674479166666667 0.39351851851851855 0.19752604166666668 0.3902777777777778 0.198046875 0.3888888888888889 0.20052083333333334 0.38449074074074074 0.20234375 0.38310185185185186 0.2046875 0.38078703703703703 0.20677083333333332 0.3798611111111111 0.20755208333333333 0.3789351851851852 0.20859375 0.3784722222222222 0.21041666666666667 0.3784722222222222 0.21067708333333332 0.37800925925925927 0.21484375 0.37800925925925927 0.21510416666666668 0.3784722222222222 0.21744791666666666 0.37939814814814815 0.21848958333333332 0.3803240740740741 0.22135416666666666 0.3840277777777778 0.221875 0.3840277777777778 0.22330729166666666 0.3861111111111111 0.223046875 0.38842592592592595 0.22252604166666667 0.38981481481481484 0.222265625 0.39166666666666666 0.22096354166666668 0.3939814814814815 0.22018229166666667 0.3962962962962963 0.21861979166666667 0.3990740740740741 0.21731770833333333 0.4027777777777778 0.216796875 0.40555555555555556 0.21653645833333332 0.4097222222222222 0.216015625 0.41203703703703703 0.21458333333333332 0.4131944444444444 0.21328125 0.4136574074074074
1 0.23854166666666665 0.4652777777777778 0.03151041666666665 0.04212962962962963 0.24296875 0.4863425925925926 0.23854166666666668 0.4863425925925926 0.23828125 0.4858796296296296 0.23671875 0.4858796296296296 0.23541666666666666 0.48541666666666666 0.23359375 0.4840277777777778 0.2328125 0.4840277777777778 0.23125 0.4826388888888889 0.22916666666666666 0.48125 0.226953125 0.4773148148148148 0.226953125 0.47685185185185186 0.22565104166666666 0.47453703703703703 0.22565104166666666 0.4740740740740741 0.22408854166666667 0.4708333333333333 0.223046875 0.4675925925925926 0.223046875 0.4652777777777778 0.22278645833333333 0.4648148148148148 0.22278645833333333 0.4615740740740741 0.223046875 0.4597222222222222 0.223828125 0.45787037037037037 0.225390625 0.4550925925925926 0.226171875 0.4527777777777778 0.22760416666666666 0.45023148148148145 0.22994791666666667 0.4474537037037037 0.23203125 0.44560185185185186 0.23307291666666666 0.44513888888888886 0.234375 0.44513888888888886 0.23463541666666668 0.4446759259259259 0.23854166666666668 0.4446759259259259 0.23984375 0.444212962962963 0.24010416666666667 0.4446759259259259 0.24140625 0.4446759259259259 0.24348958333333334 0.4460648148148148 0.24453125 0.4460648148148148 0.24583333333333332 0.44699074074074074 0.24921875 0.44837962962962963 0.25104166666666666 0.45023148148148145 0.25299479166666666 0.4537037037037037 0.254296875 0.4597222222222222 0.254296875 0.4666666666666667 0.2540364583333333 0.4689814814814815 0.2532552083333333 0.47175925925925927 0.2532552083333333 0.4726851851851852 0.25221354166666665 0.4759259259259259 0.2506510416666667 0.4787037037037037 0.2506510416666667 0.4791666666666667 0.24921875 0.48171296296296295 0.24661458333333333 0.4844907407407407 0.24609375 0.4844907407407407 0.24453125 0.4858796296296296 0.24322916666666666 0.4858796296296296 0.24296875 0.4863425925925926
2 0.23046875 0.3631944444444445 0.03359374999999998 0.04259259259259257 0.23333333333333334 0.38449074074074074 0.23046875 0.38449074074074074 0.23020833333333332 0.3840277777777778 0.22734375 0.3840277777777778 0.22578125 0.38310185185185186 0.22473958333333333 0.38310185185185186 0.22317708333333333 0.3821759259259259 0.22239583333333332 0.38125 0.21927083333333333 0.3789351851851852 0.21783854166666666 0.3763888888888889 0.21705729166666668 0.3731481481481482 0.216796875 0.37037037037037035 0.216015625 0.3680555555555556 0.21575520833333334 0.3662037037037037 0.21471354166666667 0.36342592592592593 0.213671875 0.35833333333333334 0.213671875 0.35648148148148145 0.21497395833333333 0.35138888888888886 0.21692708333333333 0.34791666666666665 0.21953125 0.3460648148148148 0.22161458333333334 0.34421296296296294 0.22239583333333332 0.34421296296296294 0.2234375 0.34328703703703706 0.22552083333333334 0.3423611111111111 0.22682291666666668 0.3423611111111111 0.22708333333333333 0.3418981481481482 0.23177083333333334 0.3418981481481482 0.23307291666666666 0.3423611111111111 0.23411458333333332 0.34328703703703706 0.23619791666666667 0.34421296296296294 0.23854166666666668 0.34652777777777777 0.24088541666666666 0.3502314814814815 0.24192708333333332 0.3511574074074074 0.24479166666666666 0.35625 0.24557291666666667 0.35671296296296295 0.24700520833333334 0.3587962962962963 0.24700520833333334 0.36203703703703705 0.247265625 0.3638888888888889 0.246484375 0.36666666666666664 0.245703125 0.3685185185185185 0.24388020833333332 0.37175925925925923 0.24283854166666666 0.37453703703703706 0.24153645833333334 0.3768518518518518 0.24049479166666668 0.37916666666666665 0.23997395833333332 0.38101851851851853 0.23880208333333333 0.38263888888888886 0.2375 0.3835648148148148 0.23619791666666667 0.3840277777777778 0.23359375 0.3840277777777778 0.23333333333333334 0.38449074074074074
2 0.23307291666666666 0.40740740740740744 0.03411458333333334 0.04490740740740745 0.23802083333333332 0.42986111111111114 0.234375 0.42986111111111114 0.23411458333333332 0.42939814814814814 0.23229166666666667 0.42939814814814814 0.23203125 0.4289351851851852 0.23020833333333332 0.4289351851851852 0.228125 0.42800925925925926 0.22578125 0.4252314814814815 0.22486979166666668 0.42314814814814816 0.22291666666666668 0.41967592592592595 0.22213541666666667 0.41921296296296295 0.21979166666666666 0.4164351851851852 0.21822916666666667 0.4150462962962963 0.21653645833333332 0.41203703703703703 0.21627604166666667 0.41064814814814815 0.21627604166666667 0.4078703703703704 0.216015625 0.4074074074074074 0.21627604166666667 0.4041666666666667 0.21744791666666666 0.4011574074074074 0.21822916666666667 0.40023148148148147 0.22005208333333334 0.3988425925925926 0.221484375 0.3962962962962963 0.221484375 0.3958333333333333 0.22278645833333333 0.39351851851851855 0.223828125 0.3907407407407407 0.22408854166666667 0.38935185185185184 0.22526041666666666 0.3872685185185185 0.22682291666666668 0.38587962962962963 0.228125 0.38587962962962963 0.22838541666666667 0.3854166666666667 0.22994791666666667 0.3854166666666667 0.23020833333333332 0.3849537037037037 0.23619791666666667 0.3849537037037037 0.23828125 0.38634259259259257 0.2390625 0.38634259259259257 0.240625 0.3872685185185185 0.2421875 0.3891203703703704 0.24296875 0.38958333333333334 0.24557291666666667 0.39282407407407405 0.247265625 0.3962962962962963 0.24778645833333332 0.3976851851851852 0.24986979166666667 0.4050925925925926 0.2501302083333333 0.40694444444444444 0.2501302083333333 0.412962962962963 0.249609375 0.41574074074074074 0.248828125 0.4185185185185185 0.24739583333333334 0.4215277777777778 0.24713541666666666 0.4215277777777778 0.24427083333333333 0.42662037037037037 0.24270833333333333 0.42800925925925926 0.24010416666666667 0.42939814814814814 0.23828125 0.42939814814814814 0.23802083333333332 0.42986111111111114
2 0.21015625 0.4377314814814815 0.03619791666666666 0.04814814814814816 0.21614583333333334 0.4618055555555556 0.21119791666666668 0.4618055555555556 0.2109375 0.4613425925925926 0.20911458333333333 0.4613425925925926 0.20885416666666667 0.46087962962962964 0.20703125 0.46041666666666664 0.20598958333333334 0.45949074074074076 0.20520833333333333 0.45949074074074076 0.20364583333333333 0.4585648148148148 0.19895833333333332 0.45393518518518516 0.19856770833333334 0.4527777777777778 0.196484375 0.44907407407407407 0.196484375 0.4486111111111111 0.194921875 0.4449074074074074 0.19466145833333334 0.44351851851851853 0.19361979166666668 0.4412037037037037 0.192578125 0.4375 0.19205729166666666 0.43472222222222223 0.19205729166666666 0.42962962962962964 0.19231770833333334 0.4273148148148148 0.193359375 0.4236111111111111 0.19505208333333332 0.42060185185185184 0.19895833333333332 0.41689814814814813 0.20182291666666666 0.41458333333333336 0.20364583333333333 0.41458333333333336 0.20390625 0.41412037037037036 0.20651041666666667 0.41412037037037036 0.20677083333333332 0.4136574074074074 0.21302083333333333 0.4136574074074074 0.21328125 0.41412037037037036 0.21510416666666668 0.41458333333333336 0.21666666666666667 0.41550925925925924 0.22083333333333333 0.41921296296296295 0.22213541666666667 0.42060185185185184 0.22434895833333332 0.42453703703703705 0.22486979166666668 0.4263888888888889 0.22565104166666666 0.42777777777777776 0.22591145833333334 0.42916666666666664 0.22669270833333333 0.4310185185185185 0.22721354166666666 0.43333333333333335 0.22721354166666666 0.43472222222222223 0.22825520833333332 0.4393518518518518 0.22825520833333332 0.44212962962962965 0.22721354166666666 0.44675925925925924 0.224609375 0.4513888888888889 0.223828125 0.4537037037037037 0.22135416666666666 0.45810185185185187 0.22005208333333334 0.45949074074074076 0.21901041666666668 0.4599537037037037 0.21744791666666666 0.4613425925925926 0.21614583333333334 0.4618055555555556
2 0.279296875 0.3974537037037037 0.030729166666666696 0.045370370370370394 0.2838541666666667 0.4201388888888889 0.278125 0.4201388888888889 0.27786458333333336 0.41967592592592595 0.2755208333333333 0.41921296296296295 0.2752604166666667 0.41875 0.27317708333333335 0.4173611111111111 0.26953125 0.41412037037037036 0.26875 0.4131944444444444 0.26731770833333335 0.41064814814814815 0.266796875 0.40879629629629627 0.266015625 0.4074074074074074 0.26471354166666666 0.40324074074074073 0.264453125 0.4009259259259259 0.26393229166666665 0.3990740740740741 0.26393229166666665 0.3912037037037037 0.26419270833333336 0.3907407407407407 0.2649739583333333 0.38564814814814813 0.2654947916666667 0.38425925925925924 0.2677083333333333 0.3803240740740741 0.26901041666666664 0.3789351851851852 0.26979166666666665 0.37754629629629627 0.27265625 0.3752314814814815 0.27395833333333336 0.3747685185185185 0.27890625 0.3747685185185185 0.2791666666666667 0.3752314814814815 0.28046875 0.3752314814814815 0.2828125 0.3761574074074074 0.2859375 0.3784722222222222 0.2875 0.37939814814814815 0.28932291666666665 0.3821759259259259 0.28958333333333336 0.3821759259259259 0.29127604166666665 0.3851851851851852 0.292578125 0.3888888888888889 0.293359375 0.3902777777777778 0.294140625 0.39305555555555555 0.29440104166666664 0.39537037037037037 0.29440104166666664 0.3976851851851852 0.29466145833333335 0.39814814814814814 0.29466145833333335 0.40046296296296297 0.29440104166666664 0.4009259259259259 0.29440104166666664 0.40370370370370373 0.294140625 0.40555555555555556 0.293359375 0.40879629629629627 0.292578125 0.4111111111111111 0.2911458333333333 0.41412037037037036 0.28854166666666664 0.4173611111111111 0.28619791666666666 0.41921296296296295 0.28515625 0.41921296296296295 0.2838541666666667 0.4201388888888889
3 0.2615885416666667 0.5159722222222222 0.1942708333333333 0.2444444444444444 0.30520833333333336 0.6381944444444444 0.3028645833333333 0.6381944444444444 0.3015625 0.6377314814814815 0.2994791666666667 0.6363425925925926 0.2986979166666667 0.6363425925925926 0.29635416666666664 0.6340277777777777 0.2955729166666667 0.6335648148148149 0.29296875 0.63125 0.29010416666666666 0.6284722222222222 0.28854166666666664 0.6261574074074074 0.2864583333333333 0.6247685185185186 0.28463541666666664 0.6229166666666667 0.2830729166666667 0.6219907407407408 0.28151041666666665 0.6206018518518519 0.2799479166666667 0.61875 0.27786458333333336 0.6173611111111111 0.27682291666666664 0.6159722222222223 0.27630208333333334 0.6159722222222223 0.2752604166666667 0.6145833333333334 0.27395833333333336 0.6136574074074074 0.27265625 0.6118055555555556 0.27109375 0.6108796296296296 0.26901041666666664 0.6090277777777777 0.2677083333333333 0.6085648148148148 0.26614583333333336 0.607175925925926 0.26484375 0.6053240740740741 0.26276041666666666 0.6034722222222222 0.26067708333333334 0.6020833333333333 0.25885416666666666 0.6002314814814815 0.25755208333333335 0.5983796296296297 0.2559895833333333 0.5974537037037037 0.2546875 0.5960648148148148 0.25338541666666664 0.5951388888888889 0.2520833333333333 0.5946759259259259 0.246875 0.5900462962962963 0.24635416666666668 0.5891203703703703 0.24244791666666668 0.5858796296296296 0.24192708333333332 0.5849537037037037 0.24036458333333333 0.5835648148148148 0.23984375 0.5835648148148148 0.23776041666666667 0.5817129629629629 0.2359375 0.580787037037037 0.23463541666666668 0.5793981481481482 0.23203125 0.5770833333333333 0.23151041666666666 0.5761574074074074 0.22942708333333334 0.5743055555555555 0.22890625 0.5743055555555555 0.22734375 0.5729166666666666 0.22682291666666668 0.5719907407407407 0.2234375 0.569212962962963 0.22161458333333334 0.5682870370370371 0.2171875 0.5650462962962963 0.21614583333333334 0.5636574074074074 0.21484375 0.5613425925925926 0.21354166666666666 0.5599537037037037 0.210546875 0.5546296296296296 0.208203125 0.5481481481481482 0.20690104166666667 0.5458333333333333 0.20690104166666667 0.5453703703703704 0.20299479166666667 0.538425925925926 0.201953125 0.5356481481481481 0.20091145833333332 0.5337962962962963 0.19986979166666666 0.5310185185185186 0.197265625 0.5263888888888889 0.19518229166666667 0.5212962962962963 0.194921875 0.5199074074074074 0.19388020833333333 0.5175925925925926 0.193359375 0.5157407407407407 0.19205729166666666 0.513425925925926 0.191015625 0.5111111111111111 0.18997395833333333 0.5078703703703704 0.18658854166666666 0.5 0.18658854166666666 0.49953703703703706 0.18502604166666667 0.4962962962962963 0.18450520833333334 0.49444444444444446 0.18268229166666666 0.49027777777777776 0.18111979166666667 0.4875 0.18111979166666667 0.48703703703703705 0.179296875 0.4837962962962963 0.178515625 0.48194444444444445 0.17825520833333333 0.48055555555555557 0.176953125 0.4773148148148148 0.17513020833333334 0.4740740740740741 0.17434895833333333 0.4722222222222222 0.17330729166666667 0.4689814814814815 0.17174479166666667 0.46574074074074073 0.17018229166666668 0.46064814814814814 0.16653645833333333 0.45416666666666666 0.165234375 0.45092592592592595 0.164453125 0.44814814814814813 0.164453125 0.44583333333333336 0.16471354166666666 0.44537037037037036 0.16497395833333334 0.44166666666666665 0.16614583333333333 0.4395833333333333 0.1671875 0.4386574074074074 0.16927083333333334 0.4354166666666667 0.17083333333333334 0.4340277777777778 0.171875 0.4326388888888889 0.17552083333333332 0.42615740740740743 0.17578125 0.42615740740740743 0.17734375 0.4238425925925926 0.17994791666666668 0.4215277777777778 0.18046875 0.4215277777777778 0.18177083333333333 0.4201388888888889 0.1828125 0.41967592592592595 0.18515625 0.4164351851851852 0.18671875 0.4150462962962963 0.18854166666666666 0.41226851851851853 0.1921875 0.4099537037037037 0.19270833333333334 0.40902777777777777 0.19427083333333334 0.40902777777777777 0.19700520833333332 0.41203703703703703 0.19700520833333332 0.41388888888888886 0.1953125 0.4164351851851852 0.19348958333333333 0.418287037037037 0.19231770833333334 0.4203703703703704 0.191796875 0.4236111111111111 0.19153645833333333 0.42407407407407405 0.19127604166666667 0.42685185185185187 0.18971354166666668 0.43333333333333335 0.190234375 0.43657407407407406 0.19153645833333333 0.44074074074074077 0.19309895833333332 0.44351851851851853 0.194140625 0.4462962962962963 0.19596354166666666 0.449537037037037 0.19596354166666666 0.45 0.19895833333333332 0.45532407407407405 0.2 0.456712962962963 0.20182291666666666 0.4585648148148148 0.20234375 0.4585648148148148 0.20416666666666666 0.4599537037037037 0.20651041666666667 0.46087962962962964 0.20677083333333332 0.4613425925925926 0.20989583333333334 0.46273148148148147 0.21119791666666668 0.46412037037037035 0.21276041666666667 0.4650462962962963 0.21432291666666667 0.4650462962962963 0.21458333333333332 0.46458333333333335 0.21744791666666666 0.46458333333333335 0.21875 0.4650462962962963 0.22083333333333333 0.4664351851851852 0.22161458333333334 0.46782407407407406 0.22317708333333333 0.46921296296296294 0.225390625 0.47314814814814815 0.22565104166666666 0.47453703703703703 0.22643229166666667 0.47638888888888886 0.22890625 0.480787037037037 0.23046875 0.48217592592592595 0.23098958333333333 0.48310185185185184 0.23307291666666666 0.4844907407407407 0.23541666666666666 0.4844907407407407 0.23567708333333334 0.4849537037037037 0.23802083333333332 0.4849537037037037 0.23828125 0.48541666666666666 0.24479166666666666 0.48541666666666666 0.24661458333333333 0.4840277777777778 0.24713541666666666 0.4840277777777778 0.24817708333333333 0.4826388888888889 0.24895833333333334 0.48217592592592595 0.25091145833333334 0.4787037037037037 0.251953125 0.47638888888888886 0.25299479166666666 0.47314814814814815 0.253515625 0.46805555555555556 0.2537760416666667 0.4675925925925926 0.2537760416666667 0.46064814814814814 0.2532552083333333 0.4587962962962963 0.2520833333333333 0.45717592592592593 0.25091145833333334 0.4550925925925926 0.250390625 0.45231481481481484 0.250390625 0.45 0.2501302083333333 0.4486111111111111 0.24895833333333334 0.4465277777777778 0.24609375 0.44513888888888886 0.24479166666666666 0.444212962962963 0.24296875 0.44375 0.24270833333333333 0.44328703703703703 0.24140625 0.44328703703703703 0.24010416666666667 0.4428240740740741 0.23880208333333333 0.44189814814814815 0.23815104166666667 0.44027777777777777 0.23815104166666667 0.4393518518518518 0.23893229166666666 0.43657407407407406 0.23984375 0.43449074074074073 0.24348958333333334 0.4321759259259259 0.24583333333333332 0.42986111111111114 0.24739583333333334 0.4270833333333333 0.24895833333333334 0.4252314814814815 0.2506510416666667 0.4222222222222222 0.25091145833333334 0.42083333333333334 0.25169270833333335 0.41898148148148145 0.253515625 0.41574074074074074 0.254296875 0.4134259259259259 0.25546875 0.4113425925925926 0.2559895833333333 0.41087962962962965 0.259375 0.41087962962962965 0.26067708333333334 0.41041666666666665 0.26197916666666665 0.40949074074074077 0.2638020833333333 0.40949074074074077 0.2643229166666667 0.4099537037037037 0.26640625 0.4136574074074074 0.26875 0.41597222222222224 0.27057291666666666 0.41689814814814813 0.271875 0.418287037037037 0.27578125 0.42106481481481484 0.27708333333333335 0.4215277777777778 0.2786458333333333 0.4215277777777778 0.27890625 0.4219907407407407 0.2830729166666667 0.4219907407407407 0.2833333333333333 0.4215277777777778 0.28567708333333336 0.42106481481481484 0.2872395833333333 0.4201388888888889 0.2890625 0.418287037037037 0.2921875 0.41597222222222224 0.29348958333333336 0.41458333333333336 0.29453125 0.41412037037037036 0.295703125 0.4115740740740741 0.29596354166666666 0.40925925925925927 0.29596354166666666 0.4046296296296296 0.295703125 0.4041666666666667 0.295703125 0.40185185185185185 0.29544270833333336 0.4013888888888889 0.29544270833333336 0.39814814814814814 0.295703125 0.39675925925925926 0.296875 0.39467592592592593 0.2981770833333333 0.39375 0.29921875 0.39375 0.30052083333333335 0.39467592592592593 0.3015625 0.39467592592592593 0.3028645833333333 0.39560185185185187 0.30572916666666666 0.39699074074074076 0.30755208333333334 0.3988425925925926 0.30885416666666665 0.3997685185185185 0.309375 0.40069444444444446 0.3111979166666667 0.40162037037037035 0.31302083333333336 0.40300925925925923 0.3138020833333333 0.40300925925925923 0.31614583333333335 0.4048611111111111 0.31666666666666665 0.4048611111111111 0.3184895833333333 0.40671296296296294 0.32135416666666666 0.4085648148148148 0.32369791666666664 0.40949074074074077 0.32578125 0.4113425925925926 0.32708333333333334 0.41180555555555554 0.3307291666666667 0.41458333333333336 0.3333333333333333 0.41689814814814813 0.335546875 0.42083333333333334 0.3365885416666667 0.425462962962963 0.3365885416666667 0.4305555555555556 0.336328125 0.4310185185185185 0.336328125 0.43472222222222223 0.337890625 0.44305555555555554 0.338671875 0.44537037037037036 0.33893229166666666 0.44722222222222224 0.339453125 0.4486111111111111 0.34075520833333334 0.45092592592592595 0.34075520833333334 0.4513888888888889 0.34283854166666666 0.4550925925925926 0.3438802083333333 0.4583333333333333 0.34544270833333335 0.46435185185185185 0.346484375 0.4699074074074074 0.3470052083333333 0.4708333333333333 0.3475260416666667 0.4736111111111111 0.348046875 0.475 0.3483072916666667 0.4773148148148148 0.348828125 0.4787037037037037 0.34934895833333335 0.48194444444444445 0.35013020833333336 0.4842592592592593 0.351171875 0.48842592592592593 0.3514322916666667 0.49166666666666664 0.3522135416666667 0.49722222222222223 0.352734375 0.49907407407407406 0.35299479166666664 0.5013888888888889 0.354296875 0.5064814814814815 0.354296875 0.5078703703703704 0.3553385416666667 0.5120370370370371 0.356640625 0.5162037037037037 0.356640625 0.5175925925925926 0.35716145833333335 0.5199074074074074 0.35768229166666665 0.525 0.358203125 0.5263888888888889 0.35846354166666666 0.5291666666666667 0.3587239583333333 0.5296296296296297 0.3587239583333333 0.5328703703703703 0.35794270833333336 0.5375 0.3548177083333333 0.5430555555555555 0.35377604166666665 0.5458333333333333 0.3522135416666667 0.5486111111111112 0.3522135416666667 0.549074074074074 0.3509114583333333 0.5513888888888889 0.3509114583333333 0.5518518518518518 0.3475260416666667 0.5578703703703703 0.3470052083333333 0.5597222222222222 0.34596354166666665 0.562037037037037 0.3424479166666667 0.5682870370370371 0.34088541666666666 0.5701388888888889 0.337890625 0.575462962962963 0.337890625 0.575925925925926 0.334375 0.5821759259259259 0.3341145833333333 0.5821759259259259 0.332421875 0.5851851851851851 0.332421875 0.5856481481481481 0.33111979166666666 0.5879629629629629 0.33111979166666666 0.5884259259259259 0.32981770833333335 0.5907407407407408 0.326953125 0.5972222222222222 0.32669270833333336 0.5986111111111111 0.32591145833333335 0.6 0.325390625 0.6018518518518519 0.32330729166666666 0.6060185185185185 0.32278645833333336 0.6078703703703704 0.32200520833333335 0.6092592592592593 0.321484375 0.6111111111111112 0.3196614583333333 0.6148148148148148 0.3196614583333333 0.6152777777777778 0.3184895833333333 0.6168981481481481 0.3170572916666667 0.6194444444444445 0.314453125 0.625462962962963 0.3131510416666667 0.6291666666666667 0.31015625 0.6344907407407407 0.3067708333333333 0.6377314814814815 0.30546875 0.6377314814814815 0.30520833333333336 0.6381944444444444
0 0.053515625 0.6194444444444445 0.04479166666666667 0.056944444444444464 0.05651041666666667 0.6479166666666667 0.054427083333333334 0.6479166666666667 0.05416666666666667 0.6474537037037037 0.05130208333333333 0.6474537037037037 0.051041666666666666 0.6469907407407407 0.04973958333333333 0.6469907407407407 0.049479166666666664 0.6465277777777778 0.04739583333333333 0.6460648148148148 0.04635416666666667 0.6451388888888889 0.04505208333333333 0.6446759259259259 0.04375 0.643287037037037 0.042578125 0.6412037037037037 0.04049479166666667 0.6351851851851852 0.03893229166666667 0.6319444444444444 0.03893229166666667 0.6314814814814815 0.036458333333333336 0.6270833333333333 0.03515625 0.6256944444444444 0.032942708333333334 0.6217592592592592 0.032421875 0.6203703703703703 0.03138020833333333 0.6148148148148148 0.03138020833333333 0.6111111111111112 0.031119791666666667 0.6106481481481482 0.031119791666666667 0.6083333333333333 0.032552083333333336 0.6057870370370371 0.03411458333333333 0.6043981481481482 0.03671875 0.5997685185185185 0.038802083333333334 0.5979166666666667 0.04010416666666667 0.5960648148148148 0.04140625 0.5946759259259259 0.04192708333333333 0.5946759259259259 0.044270833333333336 0.5923611111111111 0.046614583333333334 0.5914351851851852 0.04791666666666667 0.5914351851851852 0.048177083333333336 0.5909722222222222 0.050520833333333334 0.5909722222222222 0.05078125 0.5914351851851852 0.05286458333333333 0.5914351851851852 0.055989583333333336 0.59375 0.057291666666666664 0.594212962962963 0.05911458333333333 0.5956018518518519 0.06197916666666667 0.5969907407407408 0.06276041666666667 0.5979166666666667 0.06510416666666667 0.5993055555555555 0.06666666666666667 0.6016203703703704 0.06770833333333333 0.6025462962962963 0.06901041666666667 0.6043981481481482 0.07083333333333333 0.60625 0.07265625 0.6090277777777777 0.07369791666666667 0.6099537037037037 0.07513020833333334 0.6125 0.07591145833333333 0.6148148148148148 0.07591145833333333 0.6222222222222222 0.07486979166666667 0.6273148148148148 0.07252604166666667 0.6324074074074074 0.07252604166666667 0.6328703703703704 0.06953125 0.6381944444444444 0.06822916666666666 0.6395833333333333 0.06588541666666667 0.642824074074074 0.06380208333333333 0.6442129629629629 0.06171875 0.6460648148148148 0.05859375 0.6474537037037037 0.05677083333333333 0.6474537037037037 0.05651041666666667 0.6479166666666667
0 0.013606770833333334 0.6314814814814815 0.027213541666666667 0.05787037037037035 0.0 0.6025462962962963 0.0026041666666666665 0.6025462962962963 0.002864583333333333 0.6030092592592593 0.005208333333333333 0.6030092592592593 0.006510416666666667 0.6039351851851852 0.0078125 0.6053240740740741 0.009895833333333333 0.60625 0.010677083333333334 0.607175925925926 0.01328125 0.6081018518518518 0.015104166666666667 0.6104166666666667 0.017447916666666667 0.6122685185185185 0.018229166666666668 0.6131944444444445 0.023177083333333334 0.6219907407407408 0.0234375 0.6219907407407408 0.026432291666666666 0.6273148148148148 0.026953125 0.6291666666666667 0.026953125 0.6319444444444444 0.027213541666666667 0.6324074074074074 0.027213541666666667 0.6361111111111111 0.026171875 0.6393518518518518 0.025651041666666666 0.6416666666666667 0.024609375 0.6444444444444445 0.023828125 0.6458333333333334 0.023307291666666667 0.6476851851851851 0.021614583333333333 0.6506944444444445 0.021354166666666667 0.6506944444444445 0.01875 0.6539351851851852 0.016666666666666666 0.6571759259259259 0.015364583333333333 0.6581018518518519 0.014322916666666666 0.6594907407407408 0.0125 0.6599537037037037 0.012239583333333333 0.6604166666666667 0.00546875 0.6604166666666667 0.005208333333333333 0.6599537037037037 0.0036458333333333334 0.6599537037037037 0.0015625 0.6585648148148148 0.0 0.6585648148148148
0 0.007096354166666667 0.69375 0.014192708333333333 0.04629629629629628 0.0 0.6706018518518518 0.0020833333333333333 0.6706018518518518 0.0036458333333333334 0.6715277777777777 0.005729166666666666 0.6733796296296296 0.009895833333333333 0.6766203703703704 0.011458333333333333 0.6784722222222223 0.012890625 0.6810185185185185 0.013932291666666667 0.6837962962962963 0.014192708333333333 0.6861111111111111 0.014192708333333333 0.6916666666666667 0.012890625 0.6967592592592593 0.011588541666666667 0.6995370370370371 0.010026041666666667 0.7041666666666667 0.006510416666666667 0.7104166666666667 0.00625 0.7104166666666667 0.0020833333333333333 0.7164351851851852 0.0013020833333333333 0.7168981481481481 0.0 0.7168981481481481
12 0.10735677083333334 0.8034722222222221 0.21471354166666667 0.2833333333333333 0.0 0.9155092592592593 0.00234375 0.9155092592592593 0.0033854166666666668 0.9145833333333333 0.0046875 0.9145833333333333 0.0049479166666666664 0.9141203703703704 0.00703125 0.9141203703703704 0.007291666666666667 0.9136574074074074 0.008854166666666666 0.9136574074074074 0.009114583333333334 0.9131944444444444 0.0109375 0.9131944444444444 0.011197916666666667 0.9127314814814815 0.012760416666666666 0.9127314814814815 0.013020833333333334 0.9122685185185185 0.014322916666666666 0.9122685185185185 0.015625 0.9113425925925925 0.01796875 0.9108796296296297 0.019270833333333334 0.9099537037037037 0.020052083333333335 0.9099537037037037 0.021354166666666667 0.9090277777777778 0.022395833333333334 0.9090277777777778 0.023697916666666666 0.9081018518518519 0.025 0.9076388888888889 0.026302083333333334 0.9076388888888889 0.027604166666666666 0.9071759259259259 0.02890625 0.90625 0.0296875 0.90625 0.03046875 0.9053240740740741 0.03229166666666667 0.9043981481481481 0.03333333333333333 0.9043981481481481 0.03463541666666667 0.9034722222222222 0.03802083333333333 0.9020833333333333 0.0390625 0.9020833333333333 0.040625 0.9011574074074075 0.04192708333333333 0.9011574074074075 0.0421875 0.9006944444444445 0.04348958333333333 0.9006944444444445 0.04375 0.9002314814814815 0.04505208333333333 0.9002314814814815 0.04609375 0.8993055555555556 0.05130208333333333 0.8969907407407407 0.05234375 0.8969907407407407 0.05572916666666667 0.8951388888888889 0.05807291666666667 0.8946759259259259 0.058333333333333334 0.8942129629629629 0.05963541666666667 0.8942129629629629 0.059895833333333336 0.89375 0.061197916666666664 0.89375 0.06145833333333333 0.893287037037037 0.06302083333333333 0.893287037037037 0.065625 0.8918981481481482 0.06822916666666666 0.8895833333333333 0.0703125 0.8891203703703704 0.07317708333333334 0.8877314814814815 0.07421875 0.8877314814814815 0.07578125 0.8868055555555555 0.07708333333333334 0.8868055555555555 0.07734375 0.8863425925925926 0.07890625 0.8863425925925926 0.08046875 0.8854166666666666 0.08177083333333333 0.8854166666666666 0.08203125 0.8849537037037037 0.08333333333333333 0.8849537037037037 0.08359375 0.8844907407407407 0.08541666666666667 0.8840277777777777 0.08645833333333333 0.8831018518518519 0.08880208333333334 0.882175925925926 0.09114583333333333 0.881712962962963 0.0921875 0.88125 0.09401041666666667 0.8798611111111111 0.09479166666666666 0.8798611111111111 0.09713541666666667 0.8784722222222222 0.09895833333333333 0.8780092592592592 0.09921875 0.8775462962962963 0.1015625 0.8770833333333333 0.10286458333333333 0.8761574074074074 0.10651041666666666 0.8752314814814814 0.10755208333333334 0.8743055555555556 0.11067708333333333 0.8729166666666667 0.11223958333333334 0.8719907407407408 0.11328125 0.8719907407407408 0.11484375 0.8710648148148148 0.11588541666666667 0.8710648148148148 0.1171875 0.8701388888888889 0.11822916666666666 0.8701388888888889 0.11953125 0.8692129629629629 0.12057291666666667 0.8692129629629629 0.12291666666666666 0.867824074074074 0.12734375 0.8664351851851851 0.12864583333333332 0.8655092592592593 0.1296875 0.8655092592592593 0.13072916666666667 0.8645833333333334 0.13151041666666666 0.8645833333333334 0.1328125 0.8636574074074074 0.13359375 0.8636574074074074 0.13463541666666667 0.8627314814814815 0.1359375 0.8622685185185185 0.13776041666666666 0.8608796296296296 0.13854166666666667 0.8608796296296296 0.13984375 0.8599537037037037 0.14088541666666668 0.8599537037037037 0.1421875 0.8590277777777777 0.14348958333333334 0.8590277777777777 0.14375 0.8585648148148148 0.14505208333333333 0.8585648148148148 0.14661458333333333 0.8576388888888888 0.14895833333333333 0.857175925925926 0.15026041666666667 0.85625 0.15130208333333334 0.85625 0.15260416666666668 0.8553240740740741 0.15364583333333334 0.8553240740740741 0.15546875 0.8539351851851852 0.15729166666666666 0.8534722222222222 0.15859375 0.8525462962962963 0.15963541666666667 0.8525462962962963 0.16119791666666666 0.8516203703703704 0.1625 0.8516203703703704 0.16276041666666666 0.8511574074074074 0.16510416666666666 0.8506944444444444 0.1671875 0.8493055555555555 0.16796875 0.8493055555555555 0.16901041666666666 0.8483796296296297 0.17083333333333334 0.8479166666666667 0.17265625 0.8465277777777778 0.17408854166666668 0.8439814814814814 0.17434895833333333 0.8425925925925926 0.17513020833333334 0.8412037037037037 0.176953125 0.8361111111111111 0.17747395833333332 0.8333333333333334 0.177734375 0.8300925925925926 0.17825520833333333 0.8282407407407407 0.17877604166666666 0.8240740740740741 0.17877604166666666 0.8222222222222222 0.179296875 0.8199074074074074 0.180078125 0.8143518518518519 0.180078125 0.812962962962963 0.18059895833333334 0.8106481481481481 0.180859375 0.8083333333333333 0.180859375 0.8050925925925926 0.181640625 0.8009259259259259 0.18216145833333333 0.7953703703703704 0.182421875 0.7949074074074074 0.182421875 0.7907407407407407 0.18268229166666666 0.7902777777777777 0.18268229166666666 0.7861111111111111 0.18294270833333334 0.7856481481481481 0.18294270833333334 0.7828703703703703 0.183203125 0.7824074074074074 0.183203125 0.7796296296296297 0.18346354166666667 0.7791666666666667 0.18346354166666667 0.7768518518518519 0.18372395833333333 0.7763888888888889 0.18372395833333333 0.7736111111111111 0.183984375 0.7731481481481481 0.183984375 0.7708333333333334 0.18424479166666666 0.7703703703703704 0.18424479166666666 0.7680555555555556 0.18450520833333334 0.7657407407407407 0.185546875 0.7597222222222222 0.18580729166666668 0.7574074074074074 0.18580729166666668 0.7550925925925925 0.18606770833333333 0.7546296296296297 0.18606770833333333 0.7518518518518519 0.186328125 0.7513888888888889 0.186328125 0.7486111111111111 0.18658854166666666 0.7481481481481481 0.18658854166666666 0.7453703703703703 0.18684895833333334 0.7449074074074075 0.18684895833333334 0.7425925925925926 0.187109375 0.7421296296296296 0.187109375 0.7398148148148148 0.18763020833333333 0.737037037037037 0.18815104166666666 0.7314814814814815 0.188671875 0.7287037037037037 0.18893229166666667 0.7245370370370371 0.18919270833333332 0.7240740740740741 0.18919270833333332 0.7208333333333333 0.189453125 0.7203703703703703 0.189453125 0.7180555555555556 0.18997395833333333 0.7162037037037037 0.190234375 0.712037037037037 0.19075520833333334 0.7097222222222223 0.191015625 0.7055555555555556 0.19127604166666667 0.7050925925925926 0.19127604166666667 0.7027777777777777 0.19153645833333333 0.700462962962963 0.19205729166666666 0.6981481481481482 0.19205729166666666 0.6962962962962963 0.192578125 0.6935185185185185 0.192578125 0.6912037037037037 0.19309895833333332 0.6884259259259259 0.19309895833333332 0.6856481481481481 0.193359375 0.6851851851851852 0.193359375 0.6828703703703703 0.194140625 0.6777777777777778 0.194140625 0.6689814814814815 0.19388020833333333 0.6685185185185185 0.19388020833333333 0.6643518518518519 0.19361979166666668 0.6638888888888889 0.19505208333333332 0.6622685185185185 0.19609375 0.6618055555555555 0.19791666666666666 0.6618055555555555 0.19817708333333334 0.6622685185185185 0.19973958333333333 0.6622685185185185 0.20078125 0.6627314814814815 0.2046875 0.6659722222222222 0.205859375 0.6680555555555555 0.20611979166666666 0.6694444444444444 0.20768229166666666 0.6731481481481482 0.20768229166666666 0.6736111111111112 0.208984375 0.6759259259259259 0.208984375 0.6763888888888889 0.210546875 0.6791666666666667 0.21263020833333332 0.6842592592592592 0.21419270833333334 0.6898148148148148 0.21419270833333334 0.6921296296296297 0.214453125 0.6925925925925925 0.214453125 0.7 0.21471354166666667 0.700462962962963 0.21471354166666667 0.711574074074074 0.214453125 0.712037037037037 0.214453125 0.7162037037037037 0.21419270833333334 0.7166666666666667 0.21419270833333334 0.7217592592592592 0.21393229166666666 0.7222222222222222 0.21393229166666666 0.7268518518518519 0.213671875 0.7273148148148149 0.213671875 0.7310185185185185 0.21341145833333333 0.7314814814814815 0.21341145833333333 0.7342592592592593 0.21315104166666668 0.7347222222222223 0.21315104166666668 0.737037037037037 0.21263020833333332 0.7398148148148148 0.21263020833333332 0.7425925925925926 0.21236979166666667 0.7430555555555556 0.21236979166666667 0.7458333333333333 0.212109375 0.7462962962962963 0.212109375 0.7486111111111111 0.21184895833333334 0.7490740740740741 0.21184895833333334 0.7513888888888889 0.21158854166666666 0.7518518518518519 0.21158854166666666 0.7546296296296297 0.211328125 0.7550925925925925 0.211328125 0.7587962962962963 0.21106770833333333 0.7592592592592593 0.21106770833333333 0.7620370370370371 0.21080729166666667 0.7625 0.21028645833333334 0.7671296296296296 0.21028645833333334 0.7699074074074074 0.21002604166666666 0.7703703703703704 0.21002604166666666 0.7736111111111111 0.209765625 0.774074074074074 0.209765625 0.7777777777777778 0.20950520833333333 0.7782407407407408 0.20950520833333333 0.7814814814814814 0.20924479166666668 0.7819444444444444 0.20924479166666668 0.7842592592592592 0.208984375 0.7847222222222222 0.208984375 0.7875 0.20872395833333332 0.787962962962963 0.20872395833333332 0.7902777777777777 0.20846354166666667 0.7907407407407407 0.20846354166666667 0.7930555555555555 0.20794270833333334 0.7953703703703704 0.20794270833333334 0.7976851851851852 0.20768229166666666 0.7981481481481482 0.20768229166666666 0.8009259259259259 0.207421875 0.8013888888888889 0.207421875 0.8050925925925926 0.20716145833333333 0.8055555555555556 0.20716145833333333 0.8087962962962963 0.20690104166666667 0.8092592592592592 0.20690104166666667 0.8115740740740741 0.206640625 0.812037037037037 0.206640625 0.8148148148148148 0.20638020833333334 0.8152777777777778 0.20638020833333334 0.8185185185185185 0.20611979166666666 0.8189814814814815 0.20611979166666666 0.8217592592592593 0.205859375 0.8222222222222222 0.205859375 0.825462962962963 0.20559895833333333 0.825925925925926 0.20559895833333333 0.8287037037037037 0.20533854166666668 0.8310185185185185 0.20481770833333332 0.8333333333333334 0.20481770833333332 0.8347222222222223 0.204296875 0.837037037037037 0.20403645833333334 0.8393518518518519 0.20403645833333334 0.8416666666666667 0.20325520833333333 0.8467592592592592 0.20221354166666666 0.850925925925926 0.20169270833333333 0.8546296296296296 0.20065104166666667 0.8583333333333333 0.198828125 0.8629629629629629 0.19791666666666666 0.8645833333333334 0.19635416666666666 0.8659722222222223 0.19322916666666667 0.8673611111111111 0.1921875 0.868287037037037 0.19114583333333332 0.8706018518518519 0.18984375 0.8719907407407408 0.18880208333333334 0.8724537037037037 0.18802083333333333 0.8733796296296297 0.18463541666666666 0.8752314814814814 0.18020833333333333 0.8766203703703703 0.17916666666666667 0.8775462962962963 0.17578125 0.8784722222222222 0.17421875 0.8793981481481481 0.17239583333333333 0.8798611111111111 0.17135416666666667 0.8807870370370371 0.16953125 0.88125 0.1671875 0.8826388888888889 0.16484375 0.8831018518518519 0.16354166666666667 0.8840277777777777 0.1625 0.8840277777777777 0.16119791666666666 0.8849537037037037 0.16015625 0.8849537037037037 0.15807291666666667 0.8863425925925926 0.15729166666666666 0.8863425925925926 0.15625 0.8872685185185185 0.15442708333333333 0.8877314814814815 0.153125 0.8886574074074074 0.15208333333333332 0.8886574074074074 0.15078125 0.8895833333333333 0.15 0.8895833333333333 0.14895833333333333 0.8905092592592593 0.14817708333333332 0.8905092592592593 0.14713541666666666 0.8914351851851852 0.1453125 0.8918981481481482 0.14505208333333333 0.8923611111111112 0.14296875 0.893287037037037 0.14192708333333334 0.893287037037037 0.140625 0.8942129629629629 0.13645833333333332 0.8956018518518518 0.13515625 0.8965277777777778 0.13411458333333334 0.8965277777777778 0.13072916666666667 0.8983796296296296 0.12734375 0.8993055555555556 0.12630208333333334 0.9002314814814815 0.12552083333333333 0.9002314814814815 0.12447916666666667 0.9011574074074075 0.12265625 0.9016203703703703 0.12135416666666667 0.9025462962962963 0.11822916666666666 0.9034722222222222 0.11692708333333333 0.9043981481481481 0.11588541666666667 0.9043981481481481 0.11458333333333333 0.9053240740740741 0.11328125 0.9053240740740741 0.11197916666666667 0.905787037037037 0.1109375 0.906712962962963 0.11015625 0.906712962962963 0.10911458333333333 0.9076388888888889 0.10833333333333334 0.9076388888888889 0.10703125 0.9085648148148148 0.10416666666666667 0.9094907407407408 0.10390625 0.9099537037037037 0.1015625 0.9104166666666667 0.09921875 0.9118055555555555 0.096875 0.9122685185185185 0.09557291666666666 0.9131944444444444 0.09453125 0.9131944444444444 0.09322916666666667 0.9141203703703704 0.0921875 0.9141203703703704 0.09088541666666666 0.9150462962962963 0.0890625 0.9155092592592593 0.08723958333333333 0.9168981481481482 0.08541666666666667 0.9173611111111111 0.08307291666666666 0.91875 0.08072916666666667 0.919212962962963 0.08046875 0.919675925925926 0.078125 0.9201388888888888 0.07682291666666667 0.9210648148148148 0.07447916666666667 0.9215277777777777 0.07213541666666666 0.9224537037037037 0.07109375 0.9233796296296296 0.0703125 0.9233796296296296 0.06770833333333333 0.9252314814814815 0.06640625 0.9252314814814815 0.06484375 0.9261574074074074 0.06380208333333333 0.9261574074074074 0.06041666666666667 0.9275462962962963 0.05911458333333333 0.9284722222222223 0.058333333333333334 0.9284722222222223 0.055989583333333336 0.9298611111111111 0.05364583333333333 0.930324074074074 0.05234375 0.93125 0.05130208333333333 0.93125 0.04895833333333333 0.9326388888888889 0.04765625 0.9326388888888889 0.04739583333333333 0.9331018518518519 0.04609375 0.9331018518518519 0.04583333333333333 0.9335648148148148 0.04453125 0.9335648148148148 0.043229166666666666 0.9340277777777778 0.04192708333333333 0.9349537037037037 0.040625 0.9349537037037037 0.03854166666666667 0.9363425925925926 0.037760416666666664 0.9363425925925926 0.03671875 0.9372685185185186 0.03229166666666667 0.9391203703703703 0.030729166666666665 0.9391203703703703 0.03046875 0.9395833333333333 0.029166666666666667 0.9395833333333333 0.02890625 0.9400462962962963 0.027604166666666666 0.9400462962962963 0.02734375 0.9405092592592592 0.025520833333333333 0.9409722222222222 0.024479166666666666 0.9418981481481481 0.023697916666666666 0.9418981481481481 0.021354166666666667 0.9432870370370371 0.019010416666666665 0.94375 0.017447916666666667 0.944675925925926 0.015104166666666667 0.944675925925926 0.01484375 0.9451388888888889 0.009375 0.9451388888888889 0.009114583333333334 0.944675925925926 0.0078125 0.944675925925926 0.005729166666666666 0.94375 0.0033854166666666668 0.9418981481481481 0.0020833333333333333 0.9400462962962963 0.0013020833333333333 0.9395833333333333 0.0 0.9395833333333333
4 0.0970703125 0.7444444444444445 0.194140625 0.34305555555555556 0.0 0.6196759259259259 0.00234375 0.6196759259259259 0.0037760416666666667 0.6175925925925926 0.004036458333333334 0.6152777777777778 0.005989583333333334 0.6136574074074074 0.007291666666666667 0.6131944444444445 0.009375 0.6131944444444445 0.009635416666666667 0.6127314814814815 0.022135416666666668 0.6127314814814815 0.022395833333333334 0.6122685185185185 0.023697916666666666 0.6122685185185185 0.023958333333333335 0.6118055555555556 0.026302083333333334 0.6118055555555556 0.0265625 0.6122685185185185 0.028385416666666666 0.6127314814814815 0.029947916666666668 0.6136574074074074 0.031510416666666666 0.6150462962962963 0.031640625 0.6157407407407407 0.0328125 0.617824074074074 0.03307291666666667 0.617824074074074 0.036458333333333336 0.6238425925925926 0.03723958333333333 0.6243055555555556 0.039322916666666666 0.6243055555555556 0.040234375 0.6231481481481481 0.04049479166666667 0.6203703703703703 0.04205729166666667 0.6166666666666667 0.04205729166666667 0.6157407407407407 0.042708333333333334 0.6145833333333334 0.04401041666666667 0.6131944444444445 0.04739583333333333 0.6131944444444445 0.04869791666666667 0.6136574074074074 0.04921875 0.6131944444444445 0.05091145833333333 0.6101851851851852 0.05221354166666667 0.6064814814814815 0.05325520833333333 0.6046296296296296 0.053515625 0.6032407407407407 0.0546875 0.6006944444444444 0.055989583333333336 0.5993055555555555 0.06015625 0.5993055555555555 0.06041666666666667 0.5988425925925925 0.06171875 0.5988425925925925 0.06328125 0.5979166666666667 0.06536458333333334 0.5974537037037037 0.06692708333333333 0.5960648148148148 0.06744791666666666 0.5960648148148148 0.06848958333333334 0.594212962962963 0.06901041666666667 0.594212962962963 0.07109375 0.5923611111111111 0.07239583333333334 0.5923611111111111 0.07265625 0.5918981481481481 0.07421875 0.5918981481481481 0.07447916666666667 0.5914351851851852 0.07578125 0.5914351851851852 0.07604166666666666 0.5909722222222222 0.07734375 0.5909722222222222 0.07760416666666667 0.5905092592592592 0.07890625 0.5905092592592592 0.07916666666666666 0.5900462962962963 0.08072916666666667 0.5900462962962963 0.08203125 0.5895833333333333 0.08333333333333333 0.5886574074074075 0.08463541666666667 0.5886574074074075 0.08489583333333334 0.5881944444444445 0.08776041666666666 0.5872685185185185 0.08802083333333334 0.5868055555555556 0.08932291666666667 0.5868055555555556 0.0921875 0.5854166666666667 0.09453125 0.5849537037037037 0.09583333333333334 0.5840277777777778 0.09765625 0.5840277777777778 0.09791666666666667 0.5835648148148148 0.09973958333333334 0.5835648148148148 0.1 0.5831018518518518 0.10130208333333333 0.5831018518518518 0.1015625 0.5826388888888889 0.10286458333333333 0.5826388888888889 0.103125 0.5821759259259259 0.10494791666666667 0.5821759259259259 0.10520833333333333 0.5817129629629629 0.10677083333333333 0.5817129629629629 0.10885416666666667 0.580324074074074 0.1109375 0.5798611111111112 0.11223958333333334 0.5789351851851852 0.11354166666666667 0.5784722222222223 0.11484375 0.5784722222222223 0.11510416666666666 0.5780092592592593 0.11640625 0.5780092592592593 0.11666666666666667 0.5775462962962963 0.11796875 0.5775462962962963 0.11953125 0.5766203703703704 0.12109375 0.5766203703703704 0.12135416666666667 0.5761574074074074 0.12265625 0.5761574074074074 0.12291666666666666 0.5756944444444444 0.12526041666666668 0.5756944444444444 0.12552083333333333 0.5752314814814815 0.12734375 0.5752314814814815 0.12760416666666666 0.5747685185185185 0.12916666666666668 0.5747685185185185 0.12942708333333333 0.5743055555555555 0.13177083333333334 0.5738425925925926 0.13203125 0.5733796296296296 0.13385416666666666 0.5733796296296296 0.13411458333333334 0.5729166666666666 0.13541666666666666 0.5729166666666666 0.13567708333333334 0.5733796296296296 0.1375 0.5733796296296296 0.13828125 0.5738425925925926 0.14166666666666666 0.5775462962962963 0.142578125 0.5791666666666667 0.14309895833333333 0.5814814814814815 0.144140625 0.5884259259259259 0.14466145833333333 0.5898148148148148 0.14817708333333332 0.5960648148148148 0.14973958333333334 0.5979166666666667 0.151171875 0.600462962962963 0.15169270833333334 0.6023148148148149 0.15364583333333334 0.6057870370370371 0.15520833333333334 0.607175925925926 0.15572916666666667 0.6081018518518518 0.15807291666666667 0.6099537037037037 0.16328125 0.6192129629629629 0.16354166666666667 0.6192129629629629 0.17083333333333334 0.632175925925926 0.17317708333333334 0.6344907407407407 0.17434895833333333 0.6365740740740741 0.17513020833333334 0.6393518518518518 0.17643229166666666 0.6416666666666667 0.17643229166666666 0.6421296296296296 0.18372395833333333 0.6550925925925926 0.18450520833333334 0.6578703703703703 0.18619791666666666 0.6608796296296297 0.18776041666666668 0.6618055555555555 0.1890625 0.6631944444444444 0.190625 0.6636574074074074 0.1921875 0.6655092592592593 0.19361979166666668 0.6680555555555555 0.194140625 0.6708333333333333 0.194140625 0.6828703703703703 0.193359375 0.6865740740740741 0.193359375 0.687962962962963 0.19283854166666667 0.6898148148148148 0.192578125 0.6921296296296297 0.192578125 0.6953703703703704 0.19231770833333334 0.6958333333333333 0.19231770833333334 0.6981481481481482 0.19205729166666666 0.6986111111111111 0.19153645833333333 0.7041666666666667 0.19127604166666667 0.7046296296296296 0.19127604166666667 0.7069444444444445 0.19075520833333334 0.7097222222222223 0.19075520833333334 0.712037037037037 0.19049479166666666 0.7125 0.19049479166666666 0.7148148148148148 0.190234375 0.7152777777777778 0.190234375 0.7175925925925926 0.18971354166666668 0.7194444444444444 0.18971354166666668 0.7208333333333333 0.18919270833333332 0.7231481481481481 0.18893229166666667 0.725462962962963 0.18893229166666667 0.7314814814814815 0.188671875 0.7319444444444444 0.188671875 0.7375 0.18841145833333334 0.7379629629629629 0.18841145833333334 0.7421296296296296 0.18815104166666666 0.7425925925925926 0.18815104166666666 0.7453703703703703 0.18736979166666667 0.7509259259259259 0.18684895833333334 0.7523148148148148 0.18658854166666666 0.7546296296296297 0.18580729166666668 0.7569444444444444 0.185546875 0.7606481481481482 0.18528645833333332 0.7611111111111111 0.18528645833333332 0.7662037037037037 0.18502604166666667 0.7666666666666667 0.18502604166666667 0.7689814814814815 0.184765625 0.7694444444444445 0.184765625 0.7717592592592593 0.18450520833333334 0.7722222222222223 0.18450520833333334 0.774537037037037 0.18424479166666666 0.775 0.18424479166666666 0.7773148148148148 0.183984375 0.7777777777777778 0.183984375 0.7800925925925926 0.18372395833333333 0.7805555555555556 0.18372395833333333 0.7828703703703703 0.18346354166666667 0.7833333333333333 0.18346354166666667 0.7856481481481481 0.183203125 0.7861111111111111 0.183203125 0.7893518518518519 0.18294270833333334 0.7898148148148149 0.18294270833333334 0.7921296296296296 0.18268229166666666 0.7925925925925926 0.182421875 0.7967592592592593 0.18190104166666668 0.799074074074074 0.18190104166666668 0.8018518518518518 0.18138020833333332 0.8060185185185185 0.18059895833333334 0.8097222222222222 0.18059895833333334 0.8125 0.18033854166666666 0.812962962962963 0.18033854166666666 0.8157407407407408 0.180078125 0.8162037037037037 0.180078125 0.8185185185185185 0.17981770833333333 0.8189814814814815 0.17981770833333333 0.8212962962962963 0.17903645833333334 0.8263888888888888 0.17825520833333333 0.8287037037037037 0.17747395833333332 0.8319444444444445 0.176953125 0.8328703703703704 0.176171875 0.8361111111111111 0.173828125 0.8412037037037037 0.173046875 0.8444444444444444 0.17161458333333332 0.8469907407407408 0.16927083333333334 0.8483796296296297 0.16796875 0.8488425925925925 0.16666666666666666 0.8488425925925925 0.16640625 0.8493055555555555 0.16510416666666666 0.8493055555555555 0.16484375 0.8497685185185185 0.16197916666666667 0.8506944444444444 0.1609375 0.8516203703703704 0.15911458333333334 0.8520833333333333 0.1578125 0.8530092592592593 0.15703125 0.8530092592592593 0.1546875 0.8543981481481482 0.15338541666666666 0.8548611111111111 0.15208333333333332 0.8548611111111111 0.15182291666666667 0.8553240740740741 0.15052083333333333 0.8553240740740741 0.15026041666666667 0.8557870370370371 0.14791666666666667 0.85625 0.14713541666666666 0.857175925925926 0.1453125 0.8581018518518518 0.14479166666666668 0.8590277777777777 0.14296875 0.8604166666666667 0.14088541666666668 0.8608796296296296 0.13932291666666666 0.8618055555555556 0.13802083333333334 0.8618055555555556 0.13776041666666666 0.8622685185185185 0.13567708333333334 0.8622685185185185 0.13541666666666666 0.8627314814814815 0.13385416666666666 0.8627314814814815 0.13359375 0.8631944444444445 0.13229166666666667 0.8631944444444445 0.13203125 0.8636574074074074 0.12994791666666666 0.8645833333333334 0.12760416666666666 0.8650462962962963 0.12630208333333334 0.8659722222222223 0.12552083333333333 0.8659722222222223 0.12421875 0.8668981481481481 0.121875 0.8673611111111111 0.12057291666666667 0.868287037037037 0.11927083333333334 0.86875 0.11770833333333333 0.86875 0.11744791666666667 0.8692129629629629 0.11588541666666667 0.8692129629629629 0.11458333333333333 0.8696759259259259 0.11302083333333333 0.8710648148148148 0.11171875 0.8715277777777778 0.1109375 0.8724537037037037 0.109375 0.8729166666666667 0.1078125 0.8738425925925926 0.10546875 0.8743055555555556 0.10390625 0.8752314814814814 0.10260416666666666 0.8752314814814814 0.09973958333333334 0.8766203703703703 0.09609375 0.8775462962962963 0.09453125 0.8784722222222222 0.09375 0.8793981481481481 0.0921875 0.8803240740740741 0.08880208333333334 0.881712962962963 0.0875 0.881712962962963 0.08723958333333333 0.882175925925926 0.0859375 0.882175925925926 0.08463541666666667 0.8831018518518519 0.08359375 0.8831018518518519 0.08229166666666667 0.8840277777777777 0.08125 0.8840277777777777 0.08046875 0.8849537037037037 0.07916666666666666 0.8854166666666666 0.07786458333333333 0.8868055555555555 0.0765625 0.8877314814814815 0.07578125 0.8877314814814815 0.07447916666666667 0.8886574074074074 0.07317708333333334 0.8886574074074074 0.07291666666666667 0.8891203703703704 0.07161458333333333 0.8891203703703704 0.07135416666666666 0.8895833333333333 0.07005208333333333 0.8895833333333333 0.06979166666666667 0.8900462962962963 0.06848958333333334 0.8900462962962963 0.06822916666666666 0.8905092592592593 0.06666666666666667 0.8905092592592593 0.06640625 0.8909722222222223 0.06432291666666666 0.8909722222222223 0.06197916666666667 0.8923611111111112 0.05911458333333333 0.893287037037037 0.058854166666666666 0.89375 0.05651041666666667 0.8942129629629629 0.05625 0.8946759259259259 0.054947916666666666 0.8946759259259259 0.0546875 0.8951388888888889 0.053125 0.8951388888888889 0.0515625 0.8960648148148148 0.050520833333333334 0.8960648148148148 0.04921875 0.8969907407407407 0.046875 0.8974537037037037 0.045572916666666664 0.8983796296296296 0.04479166666666667 0.8983796296296296 0.043229166666666666 0.8997685185185185 0.04192708333333333 0.9002314814814815 0.040625 0.9011574074074075 0.0390625 0.9011574074074075 0.038802083333333334 0.9016203703703703 0.03723958333333333 0.9016203703703703 0.03567708333333333 0.9025462962962963 0.034375 0.9025462962962963 0.03411458333333333 0.9030092592592592 0.0328125 0.9030092592592592 0.03046875 0.9043981481481481 0.029166666666666667 0.9048611111111111 0.027864583333333335 0.9048611111111111 0.027604166666666666 0.9053240740740741 0.025260416666666667 0.905787037037037 0.0234375 0.9071759259259259 0.021614583333333333 0.9076388888888889 0.021354166666666667 0.9081018518518519 0.019010416666666665 0.9085648148148148 0.01875 0.9090277777777778 0.015104166666666667 0.9099537037037037 0.013802083333333333 0.9108796296296297 0.0125 0.9108796296296297 0.0109375 0.9118055555555555 0.009635416666666667 0.9118055555555555 0.007552083333333333 0.9131944444444444 0.00234375 0.9159722222222222 0.0 0.9159722222222222
3 0.3998697916666667 0.818287037037037 0.15572916666666664 0.3592592592592593 0.4591145833333333 0.9979166666666667 0.4578125 0.9974537037037037 0.44895833333333335 0.9974537037037037 0.44869791666666664 0.9979166666666667 0.43645833333333334 0.9979166666666667 0.4361979166666667 0.9974537037037037 0.43255208333333334 0.9974537037037037 0.4322916666666667 0.9979166666666667 0.42604166666666665 0.9979166666666667 0.42578125 0.9974537037037037 0.39739583333333334 0.9974537037037037 0.3971354166666667 0.9979166666666667 0.39088541666666665 0.9979166666666667 0.390625 0.9974537037037037 0.37838541666666664 0.9974537037037037 0.378125 0.9979166666666667 0.3763020833333333 0.9979166666666667 0.37604166666666666 0.9974537037037037 0.35885416666666664 0.9974537037037037 0.35859375 0.9979166666666667 0.35572916666666665 0.9979166666666667 0.35546875 0.9974537037037037 0.34375 0.9974537037037037 0.34348958333333335 0.9979166666666667 0.33489583333333334 0.9979166666666667 0.3346354166666667 0.9974537037037037 0.33255208333333336 0.9974537037037037 0.33229166666666665 0.9979166666666667 0.32526041666666666 0.9979166666666667 0.32395833333333335 0.9969907407407408 0.323046875 0.9953703703703703 0.322265625 0.9898148148148148 0.322265625 0.9768518518518519 0.32200520833333335 0.9763888888888889 0.32200520833333335 0.9736111111111111 0.322265625 0.9731481481481481 0.322265625 0.9449074074074074 0.32252604166666665 0.9444444444444444 0.32252604166666665 0.9328703703703703 0.32278645833333336 0.9324074074074075 0.32278645833333336 0.9231481481481482 0.32252604166666665 0.9226851851851852 0.32252604166666665 0.9180555555555555 0.32278645833333336 0.9175925925925926 0.32278645833333336 0.8856481481481482 0.323046875 0.8851851851851852 0.323046875 0.8592592592592593 0.32330729166666666 0.8587962962962963 0.32330729166666666 0.8481481481481481 0.323046875 0.8476851851851852 0.323046875 0.8347222222222223 0.32330729166666666 0.8342592592592593 0.32330729166666666 0.8046296296296296 0.3235677083333333 0.8041666666666667 0.3235677083333333 0.7819444444444444 0.323828125 0.7814814814814814 0.323828125 0.75 0.3240885416666667 0.749537037037037 0.3240885416666667 0.7444444444444445 0.323828125 0.7439814814814815 0.323828125 0.7129629629629629 0.3235677083333333 0.7125 0.3235677083333333 0.6976851851851852 0.323828125 0.6972222222222222 0.323828125 0.6930555555555555 0.3240885416666667 0.6925925925925925 0.3240885416666667 0.6898148148148148 0.3243489583333333 0.6893518518518519 0.3243489583333333 0.6856481481481481 0.32513020833333334 0.6819444444444445 0.3265625 0.6793981481481481 0.32786458333333335 0.6780092592592593 0.32838541666666665 0.6780092592592593 0.3299479166666667 0.6766203703703704 0.3307291666666667 0.6766203703703704 0.33177083333333335 0.6756944444444445 0.33359375 0.6752314814814815 0.3346354166666667 0.6743055555555556 0.33541666666666664 0.6743055555555556 0.33645833333333336 0.6733796296296296 0.3372395833333333 0.6733796296296296 0.3385416666666667 0.6724537037037037 0.33984375 0.6724537037037037 0.34010416666666665 0.6719907407407407 0.34140625 0.6719907407407407 0.3416666666666667 0.6715277777777777 0.34322916666666664 0.6715277777777777 0.34479166666666666 0.6706018518518518 0.34609375 0.6706018518518518 0.3463541666666667 0.6701388888888888 0.34765625 0.6701388888888888 0.34791666666666665 0.669675925925926 0.34921875 0.669675925925926 0.35052083333333334 0.66875 0.35572916666666665 0.6668981481481482 0.3567708333333333 0.6668981481481482 0.3580729166666667 0.6659722222222222 0.359375 0.6659722222222222 0.35963541666666665 0.6655092592592593 0.3609375 0.6655092592592593 0.3611979166666667 0.6650462962962963 0.36354166666666665 0.6645833333333333 0.36484375 0.6636574074074074 0.36614583333333334 0.6636574074074074 0.36770833333333336 0.6627314814814815 0.3690104166666667 0.6627314814814815 0.371875 0.6613425925925925 0.3736979166666667 0.6608796296296297 0.375 0.6599537037037037 0.37604166666666666 0.6599537037037037 0.37734375 0.6590277777777778 0.38125 0.6576388888888889 0.3828125 0.6576388888888889 0.38307291666666665 0.6571759259259259 0.3846354166666667 0.6571759259259259 0.3848958333333333 0.656712962962963 0.38619791666666664 0.656712962962963 0.38776041666666666 0.655787037037037 0.3888020833333333 0.655787037037037 0.38984375 0.6548611111111111 0.3921875 0.6539351851851852 0.3932291666666667 0.6539351851851852 0.39453125 0.6530092592592592 0.39557291666666666 0.6530092592592592 0.3984375 0.6516203703703703 0.3997395833333333 0.6516203703703703 0.4 0.6511574074074075 0.40130208333333334 0.6511574074074075 0.40286458333333336 0.6502314814814815 0.40520833333333334 0.6497685185185185 0.40651041666666665 0.6488425925925926 0.4088541666666667 0.6483796296296296 0.41041666666666665 0.6474537037037037 0.41171875 0.6474537037037037 0.415625 0.6460648148148148 0.41692708333333334 0.6451388888888889 0.41953125 0.6442129629629629 0.42083333333333334 0.6442129629629629 0.42109375 0.64375 0.42239583333333336 0.64375 0.42265625 0.643287037037037 0.42421875 0.643287037037037 0.42552083333333335 0.642824074074074 0.42682291666666666 0.6418981481481482 0.428125 0.6418981481481482 0.4283854166666667 0.6414351851851852 0.42994791666666665 0.6414351851851852 0.43020833333333336 0.6409722222222223 0.4317708333333333 0.6405092592592593 0.43333333333333335 0.6391203703703704 0.434375 0.6386574074074074 0.4393229166666667 0.6386574074074074 0.44140625 0.6405092592592593 0.44309895833333335 0.6435185185185185 0.44388020833333336 0.6462962962962963 0.444140625 0.649074074074074 0.4446614583333333 0.6513888888888889 0.4446614583333333 0.6532407407407408 0.4451822916666667 0.6555555555555556 0.4451822916666667 0.6578703703703703 0.4454427083333333 0.6583333333333333 0.4454427083333333 0.6611111111111111 0.44622395833333334 0.6680555555555555 0.446484375 0.6685185185185185 0.446484375 0.6708333333333333 0.44674479166666664 0.6712962962962963 0.44674479166666664 0.6736111111111112 0.44700520833333335 0.674074074074074 0.44700520833333335 0.6763888888888889 0.447265625 0.6768518518518518 0.447265625 0.6791666666666667 0.44752604166666665 0.6796296296296296 0.448046875 0.6847222222222222 0.44830729166666666 0.6851851851851852 0.44830729166666666 0.6875 0.4485677083333333 0.687962962962963 0.4485677083333333 0.6902777777777778 0.4493489583333333 0.6953703703703704 0.4493489583333333 0.6976851851851852 0.449609375 0.6981481481481482 0.449609375 0.700462962962963 0.45013020833333334 0.7032407407407407 0.45013020833333334 0.7055555555555556 0.450390625 0.7060185185185185 0.450390625 0.7083333333333334 0.45065104166666664 0.7087962962962963 0.45065104166666664 0.711574074074074 0.45091145833333335 0.712037037037037 0.45091145833333335 0.7148148148148148 0.451171875 0.7152777777777778 0.451171875 0.7175925925925926 0.45221354166666666 0.7268518518518519 0.452734375 0.7287037037037037 0.452734375 0.7300925925925926 0.4532552083333333 0.7319444444444444 0.453515625 0.7342592592592593 0.453515625 0.736574074074074 0.45403645833333334 0.7393518518518518 0.45403645833333334 0.7416666666666667 0.454296875 0.7421296296296296 0.454296875 0.7449074074074075 0.45455729166666664 0.7453703703703703 0.45455729166666664 0.7486111111111111 0.45481770833333335 0.7490740740740741 0.45481770833333335 0.7523148148148148 0.45559895833333336 0.7560185185185185 0.455859375 0.7597222222222222 0.45611979166666666 0.7601851851851852 0.456640625 0.7638888888888888 0.4571614583333333 0.7694444444444445 0.457421875 0.7699074074074074 0.457421875 0.7726851851851851 0.4576822916666667 0.7731481481481481 0.4576822916666667 0.7754629629629629 0.45794270833333334 0.7759259259259259 0.45794270833333334 0.7782407407407408 0.45846354166666664 0.7810185185185186 0.45846354166666664 0.7833333333333333 0.45872395833333335 0.7837962962962963 0.45872395833333335 0.7861111111111111 0.458984375 0.7865740740740741 0.458984375 0.7888888888888889 0.45950520833333336 0.7916666666666666 0.45950520833333336 0.7944444444444444 0.459765625 0.7967592592592593 0.460546875 0.8009259259259259 0.4608072916666667 0.8032407407407407 0.4608072916666667 0.8055555555555556 0.4615885416666667 0.8106481481481481 0.4615885416666667 0.812962962962963 0.46184895833333334 0.8134259259259259 0.46184895833333334 0.8157407407407408 0.462109375 0.8162037037037037 0.462109375 0.8189814814814815 0.46236979166666664 0.8194444444444444 0.46236979166666664 0.8217592592592593 0.46263020833333335 0.8222222222222222 0.46263020833333335 0.825462962962963 0.462890625 0.825925925925926 0.462890625 0.8287037037037037 0.46315104166666665 0.8291666666666667 0.46315104166666665 0.8314814814814815 0.46341145833333336 0.8319444444444445 0.46341145833333336 0.8342592592592593 0.463671875 0.8347222222222223 0.463671875 0.837037037037037 0.46393229166666666 0.8375 0.46393229166666666 0.8398148148148148 0.4641927083333333 0.8402777777777778 0.4641927083333333 0.8425925925925926 0.464453125 0.8430555555555556 0.4649739583333333 0.8472222222222222 0.4654947916666667 0.8495370370370371 0.4654947916666667 0.8527777777777777 0.46575520833333334 0.8532407407407407 0.46575520833333334 0.8574074074074074 0.46627604166666664 0.8601851851851852 0.46627604166666664 0.8625 0.46653645833333335 0.8629629629629629 0.46653645833333335 0.8652777777777778 0.46731770833333336 0.8694444444444445 0.467578125 0.8726851851851852 0.4680989583333333 0.875 0.4680989583333333 0.8763888888888889 0.4686197916666667 0.8787037037037037 0.4686197916666667 0.8810185185185185 0.4688802083333333 0.8814814814814815 0.4688802083333333 0.8842592592592593 0.469140625 0.8847222222222222 0.469140625 0.8875 0.4694010416666667 0.887962962962963 0.4694010416666667 0.8902777777777777 0.46966145833333334 0.8907407407407407 0.46966145833333334 0.8930555555555556 0.469921875 0.8935185185185185 0.469921875 0.8962962962962963 0.47018229166666664 0.8967592592592593 0.47018229166666664 0.9 0.47044270833333335 0.9004629629629629 0.47044270833333335 0.9032407407407408 0.470703125 0.9037037037037037 0.470703125 0.9060185185185186 0.47096354166666665 0.9064814814814814 0.47096354166666665 0.9097222222222222 0.47122395833333336 0.9101851851851852 0.47122395833333336 0.912962962962963 0.471484375 0.913425925925926 0.47174479166666666 0.9166666666666666 0.4720052083333333 0.9171296296296296 0.472265625 0.9203703703703704 0.4725260416666667 0.9208333333333333 0.4725260416666667 0.9231481481481482 0.4727864583333333 0.9236111111111112 0.4727864583333333 0.9259259259259259 0.473046875 0.9282407407407407 0.47356770833333334 0.9300925925925926 0.47356770833333334 0.9314814814814815 0.47408854166666664 0.9337962962962963 0.47408854166666664 0.937962962962963 0.47434895833333335 0.9384259259259259 0.47434895833333335 0.9412037037037037 0.47513020833333336 0.9449074074074074 0.475390625 0.9481481481481482 0.47565104166666666 0.9486111111111111 0.476171875 0.9532407407407407 0.476171875 0.9578703703703704 0.4764322916666667 0.9583333333333334 0.4764322916666667 0.962037037037037 0.4766927083333333 0.9625 0.4766927083333333 0.9648148148148148 0.476953125 0.9652777777777778 0.476953125 0.9685185185185186 0.4772135416666667 0.9689814814814814 0.4772135416666667 0.975462962962963 0.47747395833333334 0.975925925925926 0.47747395833333334 0.9856481481481482 0.477734375 0.9861111111111112 0.477734375 0.9921296296296296 0.47747395833333334 0.9925925925925926 0.4772135416666667 0.9953703703703703 0.4765625 0.9965277777777778 0.47552083333333334 0.9974537037037037 0.459375 0.9974537037037037 0.4591145833333333 0.9979166666666667
1 0.67578125 0.5662037037037038 0.04505208333333344 0.07361111111111118 0.6809895833333334 0.6030092592592593 0.6739583333333333 0.6030092592592593 0.67265625 0.6020833333333333 0.6705729166666666 0.6016203703703704 0.66875 0.6002314814814815 0.6666666666666666 0.5993055555555555 0.66484375 0.5974537037037037 0.6640625 0.5969907407407408 0.6625 0.5951388888888889 0.6604166666666667 0.5914351851851852 0.66015625 0.5914351851851852 0.6569010416666666 0.5856481481481481 0.656640625 0.5842592592592593 0.6553385416666667 0.5810185185185185 0.655078125 0.5796296296296296 0.6540364583333333 0.5763888888888888 0.6532552083333333 0.5722222222222222 0.653515625 0.5708333333333333 0.653515625 0.5662037037037037 0.6540364583333333 0.5625 0.6545572916666667 0.5601851851851852 0.6545572916666667 0.5583333333333333 0.6553385416666667 0.5550925925925926 0.655859375 0.5509259259259259 0.656640625 0.549074074074074 0.6569010416666666 0.5476851851851852 0.6579427083333333 0.5453703703703704 0.6587239583333333 0.5421296296296296 0.6592447916666667 0.5407407407407407 0.6602864583333333 0.5356481481481481 0.6614583333333334 0.5335648148148148 0.6622395833333333 0.5326388888888889 0.6640625 0.53125 0.6669270833333333 0.5298611111111111 0.66875 0.5298611111111111 0.6690104166666667 0.5293981481481481 0.6731770833333334 0.5293981481481481 0.6734375 0.5298611111111111 0.6763020833333333 0.5298611111111111 0.6765625 0.5303240740740741 0.678125 0.5303240740740741 0.6783854166666666 0.530787037037037 0.6807291666666667 0.53125 0.68203125 0.5321759259259259 0.6833333333333333 0.5326388888888889 0.6846354166666667 0.5340277777777778 0.6859375 0.5349537037037037 0.6875 0.5368055555555555 0.68828125 0.5372685185185185 0.6911458333333333 0.5405092592592593 0.6938802083333333 0.5453703703703704 0.6938802083333333 0.5458333333333333 0.6951822916666667 0.5481481481481482 0.6967447916666667 0.5523148148148148 0.6970052083333333 0.5541666666666667 0.698046875 0.5578703703703703 0.698046875 0.5615740740740741 0.6983072916666667 0.562037037037037 0.6983072916666667 0.5662037037037037 0.697265625 0.5726851851851852 0.6967447916666667 0.575 0.6959635416666666 0.5773148148148148 0.6959635416666666 0.5782407407407407 0.694921875 0.5814814814814815 0.694921875 0.5824074074074074 0.694140625 0.5847222222222223 0.6936197916666667 0.5875 0.691796875 0.5921296296296297 0.6888020833333334 0.5974537037037037 0.6872395833333333 0.5993055555555555 0.684375 0.6016203703703704 0.6809895833333334 0.6030092592592593
2 0.6149739583333333 0.4914351851851852 0.028124999999999956 0.04814814814814816 0.6171875 0.5155092592592593 0.61328125 0.5155092592592593 0.6130208333333333 0.5150462962962963 0.6114583333333333 0.5150462962962963 0.61015625 0.5145833333333333 0.60859375 0.5131944444444444 0.6080729166666666 0.5131944444444444 0.6059895833333333 0.5113425925925926 0.6049479166666667 0.5099537037037037 0.603515625 0.5074074074074074 0.602734375 0.5055555555555555 0.6016927083333333 0.5018518518518519 0.601171875 0.4976851851851852 0.6009114583333334 0.49722222222222223 0.6009114583333334 0.4810185185185185 0.6016927083333333 0.4777777777777778 0.601953125 0.4759259259259259 0.602734375 0.4740740740740741 0.60390625 0.47199074074074077 0.6041666666666666 0.47199074074074077 0.6057291666666667 0.46967592592592594 0.6072916666666667 0.46828703703703706 0.6096354166666667 0.4673611111111111 0.615625 0.4673611111111111 0.6169270833333333 0.46828703703703706 0.6192708333333333 0.46875 0.6221354166666667 0.4706018518518518 0.6244791666666667 0.4738425925925926 0.6247395833333333 0.4738425925925926 0.6264322916666667 0.47685185185185186 0.6274739583333333 0.48009259259259257 0.6287760416666667 0.4828703703703704 0.6287760416666667 0.48703703703703705 0.6290364583333333 0.48842592592592593 0.628515625 0.49074074074074076 0.6282552083333334 0.4930555555555556 0.627734375 0.49537037037037035 0.626953125 0.5013888888888889 0.626171875 0.5046296296296297 0.6251302083333333 0.5074074074074074 0.6223958333333334 0.5122685185185185 0.62109375 0.5136574074074074 0.61875 0.5150462962962963 0.6174479166666667 0.5150462962962963 0.6171875 0.5155092592592593
2 0.540234375 0.6000000000000001 0.02604166666666663 0.052314814814814814 0.53828125 0.6261574074074074 0.5361979166666667 0.6261574074074074 0.5333333333333333 0.6238425925925926 0.53203125 0.6224537037037037 0.5305989583333334 0.6203703703703703 0.5287760416666667 0.6152777777777778 0.5279947916666666 0.6092592592592593 0.527734375 0.6087962962962963 0.527734375 0.6064814814814815 0.5274739583333333 0.6060185185185185 0.5274739583333333 0.6027777777777777 0.5272135416666667 0.6023148148148149 0.5272135416666667 0.5990740740740741 0.5274739583333333 0.5986111111111111 0.5274739583333333 0.5953703703703703 0.527734375 0.5949074074074074 0.527734375 0.5888888888888889 0.5279947916666666 0.5884259259259259 0.5279947916666666 0.5861111111111111 0.5290364583333333 0.5828703703703704 0.5307291666666667 0.5798611111111112 0.5328125 0.5780092592592593 0.5356770833333333 0.5747685185185185 0.5372395833333333 0.5738425925925926 0.5411458333333333 0.5738425925925926 0.54375 0.5747685185185185 0.5440104166666667 0.5752314814814815 0.5455729166666666 0.5752314814814815 0.5473958333333333 0.5761574074074074 0.5489583333333333 0.5775462962962963 0.5497395833333333 0.5789351851851852 0.55078125 0.5798611111111112 0.551953125 0.5819444444444445 0.5529947916666667 0.5856481481481481 0.5529947916666667 0.5884259259259259 0.5532552083333333 0.5888888888888889 0.5532552083333333 0.6074074074074074 0.5529947916666667 0.6087962962962963 0.5520833333333334 0.6108796296296296 0.5510416666666667 0.6122685185185185 0.5497395833333333 0.6131944444444445 0.5479166666666667 0.6136574074074074 0.54765625 0.6141203703703704 0.5458333333333333 0.6145833333333334 0.54375 0.6164351851851851 0.5415364583333333 0.6203703703703703 0.5407552083333333 0.6231481481481481 0.5395833333333333 0.6252314814814814 0.53828125 0.6261574074074074
2 0.6361979166666667 0.5465277777777777 0.023177083333333348 0.020370370370370372 0.6299479166666667 0.5567129629629629 0.6263020833333334 0.5567129629629629 0.6251302083333333 0.5550925925925926 0.624609375 0.5532407407407407 0.624609375 0.5472222222222223 0.6251302083333333 0.5444444444444444 0.6265625 0.5418981481481482 0.628125 0.5400462962962963 0.6302083333333334 0.5381944444444444 0.6317708333333333 0.5372685185185185 0.6325520833333333 0.5372685185185185 0.63359375 0.5363425925925925 0.63671875 0.5363425925925925 0.6369791666666667 0.5368055555555555 0.6390625 0.5372685185185185 0.63984375 0.5381944444444444 0.64140625 0.5386574074074074 0.64296875 0.5400462962962963 0.64375 0.5414351851851852 0.6463541666666667 0.54375 0.6477864583333334 0.5458333333333333 0.6475260416666667 0.549074074074074 0.646875 0.5511574074074074 0.64609375 0.5511574074074074 0.6447916666666667 0.5520833333333334 0.6440104166666667 0.5520833333333334 0.6427083333333333 0.5530092592592593 0.64140625 0.5530092592592593 0.6411458333333333 0.5534722222222223 0.6393229166666666 0.5534722222222223 0.6390625 0.5539351851851851 0.6375 0.5539351851851851 0.6372395833333333 0.5543981481481481 0.6359375 0.5543981481481481 0.634375 0.555324074074074 0.6333333333333333 0.555324074074074 0.6317708333333333 0.55625 0.6302083333333334 0.55625 0.6299479166666667 0.5567129629629629
2 0.7829427083333333 0.4365740740740741 0.030208333333333393 0.04583333333333334 0.7854166666666667 0.45949074074074076 0.7825520833333334 0.45949074074074076 0.7822916666666667 0.45902777777777776 0.78046875 0.45902777777777776 0.7802083333333333 0.4585648148148148 0.77890625 0.4585648148148148 0.7786458333333334 0.45810185185185187 0.77578125 0.456712962962963 0.7744791666666667 0.45578703703703705 0.7739583333333333 0.4548611111111111 0.771875 0.4530092592592593 0.769140625 0.44814814814814813 0.7680989583333333 0.4439814814814815 0.7678385416666667 0.44212962962962965 0.7678385416666667 0.43472222222222223 0.768359375 0.4324074074074074 0.768359375 0.4310185185185185 0.7688802083333334 0.42916666666666664 0.769140625 0.42592592592592593 0.7701822916666666 0.42268518518518516 0.7704427083333333 0.4212962962962963 0.7712239583333333 0.41944444444444445 0.77265625 0.41689814814814813 0.7734375 0.41597222222222224 0.7752604166666667 0.41458333333333336 0.7765625 0.41412037037037036 0.77890625 0.41412037037037036 0.7791666666666667 0.4136574074074074 0.78046875 0.4136574074074074 0.7807291666666667 0.41412037037037036 0.7838541666666666 0.41412037037037036 0.7841145833333333 0.41458333333333336 0.7864583333333334 0.4150462962962963 0.7888020833333333 0.4164351851851852 0.7919270833333333 0.41967592592592595 0.7932291666666667 0.42060185185185184 0.7951822916666667 0.42407407407407405 0.7962239583333334 0.4263888888888889 0.798046875 0.4324074074074074 0.798046875 0.4351851851851852 0.7977864583333333 0.4356481481481482 0.7951822916666667 0.4449074074074074 0.794140625 0.44722222222222224 0.792578125 0.45185185185185184 0.7923177083333334 0.4532407407407407 0.7915364583333333 0.4550925925925926 0.7901041666666667 0.45717592592592593 0.7885416666666667 0.4585648148148148 0.7875 0.45902777777777776 0.7856770833333333 0.45902777777777776 0.7854166666666667 0.45949074074074076
11 0.7417317708333333 0.705324074074074 0.5160156250000001 0.5833333333333334 0.9997395833333333 0.8247685185185185 0.9979166666666667 0.8247685185185185 0.9966145833333333 0.8261574074074074 0.9940104166666667 0.8298611111111112 0.9932291666666667 0.830324074074074 0.99140625 0.8326388888888889 0.9890625 0.8368055555555556 0.9875 0.8386574074074075 0.9856770833333334 0.8400462962962963 0.9848958333333333 0.8400462962962963 0.9830729166666666 0.8414351851851852 0.9825520833333333 0.8414351851851852 0.98125 0.8428240740740741 0.9776041666666667 0.8460648148148148 0.9760416666666667 0.8479166666666667 0.9744791666666667 0.8502314814814815 0.9723958333333333 0.8520833333333333 0.9709635416666667 0.8546296296296296 0.9700520833333334 0.856712962962963 0.9682291666666667 0.8581018518518518 0.9671875 0.8585648148148148 0.9653645833333333 0.8599537037037037 0.9645833333333333 0.8599537037037037 0.9619791666666667 0.8618055555555556 0.9606770833333333 0.8622685185185185 0.959375 0.8636574074074074 0.9567708333333333 0.8655092592592593 0.9559895833333333 0.8655092592592593 0.9549479166666667 0.8664351851851851 0.9536458333333333 0.8664351851851851 0.9520833333333333 0.8673611111111111 0.95 0.867824074074074 0.9489583333333333 0.86875 0.946875 0.8696759259259259 0.9450520833333333 0.8710648148148148 0.9442708333333333 0.8710648148148148 0.9424479166666667 0.8724537037037037 0.94140625 0.8724537037037037 0.9356770833333333 0.8756944444444444 0.9346354166666667 0.8761574074074074 0.9322916666666666 0.8766203703703703 0.9309895833333334 0.8775462962962963 0.92890625 0.8780092592592592 0.9263020833333333 0.8798611111111111 0.9255208333333333 0.8798611111111111 0.9236979166666667 0.88125 0.9216145833333333 0.881712962962963 0.9205729166666666 0.8826388888888889 0.9197916666666667 0.8826388888888889 0.9182291666666667 0.8835648148148149 0.9174479166666667 0.8844907407407407 0.9151041666666667 0.8854166666666666 0.9143229166666667 0.8863425925925926 0.9130208333333333 0.8868055555555555 0.9119791666666667 0.8877314814814815 0.91015625 0.8881944444444444 0.9078125 0.8895833333333333 0.90703125 0.8895833333333333 0.9059895833333333 0.8905092592592593 0.90390625 0.8914351851851852 0.9036458333333334 0.8918981481481482 0.9002604166666667 0.89375 0.8994791666666667 0.89375 0.8981770833333333 0.8946759259259259 0.8953125 0.8956018518518518 0.8940104166666667 0.8965277777777778 0.8921875 0.8969907407407407 0.8919270833333334 0.8974537037037037 0.8895833333333333 0.8983796296296296 0.8859375 0.9006944444444445 0.8848958333333333 0.9006944444444445 0.8838541666666667 0.9016203703703703 0.88203125 0.9020833333333333 0.8809895833333333 0.9030092592592592 0.8763020833333334 0.9043981481481481 0.8752604166666667 0.9053240740740741 0.8744791666666667 0.9053240740740741 0.8723958333333334 0.9071759259259259 0.8684895833333334 0.9094907407407408 0.8674479166666667 0.9094907407407408 0.86484375 0.9113425925925925 0.8640625 0.9113425925925925 0.8630208333333333 0.9122685185185185 0.8611979166666667 0.9127314814814815 0.8609375 0.9131944444444444 0.85859375 0.9141203703703704 0.8565104166666667 0.9155092592592593 0.8541666666666666 0.9159722222222222 0.8515625 0.9173611111111111 0.8494791666666667 0.919212962962963 0.8473958333333333 0.919675925925926 0.84609375 0.9206018518518518 0.8447916666666667 0.9210648148148148 0.84296875 0.9210648148148148 0.8416666666666667 0.9215277777777777 0.8403645833333333 0.9224537037037037 0.8395833333333333 0.9224537037037037 0.8385416666666666 0.9233796296296296 0.8364583333333333 0.9238425925925926 0.8354166666666667 0.9247685185185185 0.8346354166666666 0.9247685185185185 0.8328125 0.9261574074074074 0.8307291666666666 0.9266203703703704 0.83046875 0.9270833333333334 0.8283854166666667 0.9280092592592593 0.8265625 0.9293981481481481 0.8244791666666667 0.9298611111111111 0.82421875 0.930324074074074 0.8229166666666666 0.930324074074074 0.82265625 0.930787037037037 0.8213541666666667 0.930787037037037 0.8200520833333333 0.93125 0.8177083333333334 0.9326388888888889 0.8169270833333333 0.9326388888888889 0.8158854166666667 0.9335648148148148 0.8135416666666667 0.9349537037037037 0.81171875 0.9354166666666667 0.8104166666666667 0.9363425925925926 0.8083333333333333 0.9363425925925926 0.8080729166666667 0.9368055555555556 0.8065104166666667 0.9368055555555556 0.8057291666666667 0.9363425925925926 0.803125 0.9340277777777778 0.7997395833333333 0.9280092592592593 0.7994791666666666 0.9280092592592593 0.7985677083333333 0.9259259259259259 0.798046875 0.9236111111111112 0.796484375 0.9185185185185185 0.796484375 0.9175925925925926 0.795703125 0.9143518518518519 0.7951822916666667 0.913425925925926 0.7946614583333333 0.9111111111111111 0.794140625 0.9101851851851852 0.7930989583333333 0.9046296296296297 0.793359375 0.9041666666666667 0.7936197916666666 0.9009259259259259 0.794140625 0.899537037037037 0.794140625 0.8967592592592593 0.7944010416666667 0.8962962962962963 0.7944010416666667 0.8898148148148148 0.7955729166666666 0.8881944444444444 0.796875 0.8872685185185185 0.7984375 0.8872685185185185 0.7986979166666667 0.8868055555555555 0.8010416666666667 0.8868055555555555 0.8013020833333333 0.8863425925925926 0.8075520833333333 0.8863425925925926 0.8088541666666667 0.8872685185185185 0.81015625 0.8877314814814815 0.8111979166666666 0.8872685185185185 0.8138020833333334 0.8840277777777777 0.8158854166666667 0.8803240740740741 0.8161458333333333 0.8803240740740741 0.81796875 0.8775462962962963 0.8182291666666667 0.8775462962962963 0.8205729166666667 0.8733796296296297 0.8223958333333333 0.8715277777777778 0.8239583333333333 0.86875 0.8252604166666667 0.8668981481481481 0.8260416666666667 0.8664351851851851 0.8283854166666667 0.8636574074074074 0.8315104166666667 0.8604166666666667 0.8330729166666667 0.8585648148148148 0.83671875 0.8520833333333333 0.8369791666666667 0.8520833333333333 0.8388020833333333 0.8488425925925925 0.8403645833333333 0.8469907407407408 0.8421875 0.8456018518518519 0.8440104166666667 0.843287037037037 0.8447916666666667 0.8418981481481481 0.8473958333333333 0.8391203703703703 0.8486979166666667 0.8372685185185185 0.85 0.8349537037037037 0.8502604166666666 0.8349537037037037 0.8518229166666667 0.8321759259259259 0.8520833333333333 0.8321759259259259 0.8536458333333333 0.8293981481481482 0.8552083333333333 0.8275462962962963 0.8565104166666667 0.8252314814814815 0.8580729166666666 0.8233796296296296 0.8645833333333334 0.8164351851851852 0.8690104166666667 0.8085648148148148 0.8692708333333333 0.8085648148148148 0.8708333333333333 0.805787037037037 0.871875 0.8043981481481481 0.8734375 0.8030092592592593 0.874609375 0.8009259259259259 0.8748697916666667 0.799074074074074 0.8756510416666666 0.7962962962962963 0.8756510416666666 0.7939814814814815 0.8751302083333333 0.7930555555555555 0.873828125 0.787962962962963 0.8735677083333333 0.7861111111111111 0.873046875 0.7851851851851852 0.8720052083333333 0.7819444444444444 0.8696614583333333 0.7777777777777778 0.8686197916666667 0.775 0.867578125 0.7712962962962963 0.8670572916666667 0.7703703703703704 0.8665364583333334 0.7680555555555556 0.8657552083333333 0.7657407407407407 0.862890625 0.7606481481481482 0.8623697916666667 0.7587962962962963 0.8595052083333333 0.7523148148148148 0.8595052083333333 0.7518518518518519 0.8579427083333333 0.7476851851851852 0.8553385416666667 0.7421296296296296 0.8540364583333333 0.737037037037037 0.8536458333333333 0.7363425925925926 0.8526041666666667 0.7363425925925926 0.8518229166666667 0.7372685185185185 0.8505208333333333 0.7377314814814815 0.84921875 0.7386574074074074 0.846875 0.742824074074074 0.8455729166666667 0.7442129629629629 0.8442708333333333 0.7465277777777778 0.8440104166666667 0.7465277777777778 0.8421875 0.7497685185185186 0.840625 0.7516203703703703 0.83828125 0.7557870370370371 0.8361979166666667 0.7581018518518519 0.8341145833333333 0.7618055555555555 0.83203125 0.7636574074074074 0.8290364583333333 0.7689814814814815 0.8282552083333333 0.7712962962962963 0.8274739583333334 0.7726851851851851 0.826953125 0.774537037037037 0.8252604166666667 0.7770833333333333 0.82421875 0.7780092592592592 0.8234375 0.7793981481481481 0.8221354166666667 0.780787037037037 0.8194010416666667 0.7856481481481481 0.8194010416666667 0.7861111111111111 0.8174479166666667 0.7895833333333333 0.81640625 0.7905092592592593 0.8123697916666667 0.7976851851851852 0.811328125 0.8 0.810546875 0.8023148148148148 0.8100260416666667 0.8060185185185185 0.8087239583333333 0.8083333333333333 0.8084635416666667 0.8092592592592592 0.8084635416666667 0.8134259259259259 0.8087239583333333 0.8157407407407408 0.8100260416666667 0.8194444444444444 0.811328125 0.825 0.8118489583333334 0.825925925925926 0.812890625 0.8296296296296296 0.8134114583333333 0.8324074074074074 0.814453125 0.8393518518518519 0.8154947916666667 0.8430555555555556 0.816015625 0.8486111111111111 0.8162760416666667 0.85 0.8157552083333334 0.8523148148148149 0.8149739583333333 0.8541666666666666 0.8140625 0.8553240740740741 0.812890625 0.8574074074074074 0.812890625 0.8578703703703704 0.8109375 0.8613425925925926 0.8098958333333334 0.8622685185185185 0.8075520833333333 0.8664351851851851 0.80546875 0.86875 0.80234375 0.8743055555555556 0.8013020833333333 0.8752314814814814 0.8001302083333334 0.8773148148148148 0.7993489583333333 0.8805555555555555 0.7984375 0.882175925925926 0.7973958333333333 0.8831018518518519 0.7953125 0.8840277777777777 0.7944010416666667 0.8861111111111111 0.794140625 0.8898148148148148 0.7932291666666667 0.8905092592592593 0.7911458333333333 0.8905092592592593 0.7877604166666666 0.8965277777777778 0.7854166666666667 0.8983796296296296 0.7841145833333333 0.8997685185185185 0.78359375 0.8997685185185185 0.78203125 0.9020833333333333 0.7817708333333333 0.9020833333333333 0.77734375 0.9099537037037037 0.7770833333333333 0.9099537037037037 0.77578125 0.9122685185185185 0.77421875 0.9141203703703704 0.771875 0.9182870370370371 0.7716145833333333 0.9182870370370371 0.7703125 0.9206018518518518 0.76796875 0.9233796296296296 0.7640625 0.930324074074074 0.7630208333333334 0.9317129629629629 0.7622395833333333 0.9321759259259259 0.7609375 0.9344907407407408 0.7606770833333333 0.9344907407407408 0.759375 0.9368055555555556 0.7591145833333334 0.9368055555555556 0.7579427083333333 0.9388888888888889 0.7579427083333333 0.9393518518518519 0.75625 0.9423611111111111 0.7546875 0.94375 0.753125 0.9460648148148149 0.7528645833333333 0.9460648148148149 0.750390625 0.950462962962963 0.749609375 0.9527777777777777 0.746875 0.9576388888888889 0.7466145833333333 0.9576388888888889 0.7454427083333334 0.9597222222222223 0.7454427083333334 0.9601851851851851 0.74375 0.9631944444444445 0.7416666666666667 0.9650462962962963 0.7401041666666667 0.9673611111111111 0.7388020833333333 0.968287037037037 0.7375 0.96875 0.7364583333333333 0.9696759259259259 0.73515625 0.9696759259259259 0.7338541666666667 0.9701388888888889 0.7325520833333333 0.9710648148148148 0.72890625 0.9719907407407408 0.7270833333333333 0.9733796296296297 0.7265625 0.9733796296296297 0.7252604166666666 0.9747685185185185 0.7234375 0.9756944444444444 0.7223958333333333 0.9756944444444444 0.72109375 0.9766203703703704 0.7192708333333333 0.9770833333333333 0.7182291666666667 0.9780092592592593 0.7174479166666666 0.9780092592592593 0.7161458333333334 0.9789351851851852 0.71484375 0.9789351851851852 0.7145833333333333 0.9793981481481482 0.71015625 0.9807870370370371 0.709375 0.981712962962963 0.7072916666666667 0.982175925925926 0.7059895833333333 0.9831018518518518 0.7041666666666667 0.9835648148148148 0.703125 0.9844907407407407 0.7005208333333334 0.9858796296296296 0.69921875 0.9858796296296296 0.69765625 0.9868055555555556 0.6966145833333334 0.9868055555555556 0.6942708333333333 0.9881944444444445 0.6911458333333333 0.9891203703703704 0.68984375 0.9900462962962963 0.6885416666666667 0.9905092592592593 0.6864583333333333 0.9905092592592593 0.6861979166666666 0.9909722222222223 0.6848958333333334 0.9909722222222223 0.68203125 0.9923611111111111 0.6796875 0.9923611111111111 0.6794270833333333 0.992824074074074 0.67734375 0.992824074074074 0.6770833333333334 0.993287037037037 0.66875 0.993287037037037 0.6684895833333333 0.99375 0.6666666666666666 0.99375 0.66640625 0.9942129629629629 0.6638020833333333 0.9942129629629629 0.6635416666666667 0.9946759259259259 0.6567708333333333 0.9946759259259259 0.6565104166666667 0.9951388888888889 0.6549479166666666 0.9951388888888889 0.6546875 0.9956018518518519 0.6486979166666667 0.9956018518518519 0.6484375 0.9960648148148148 0.6455729166666667 0.9960648148148148 0.64453125 0.9956018518518519 0.644921875 0.9935185185185185 0.645703125 0.9912037037037037 0.6479166666666667 0.9886574074074074 0.6494791666666667 0.9881944444444445 0.6510416666666666 0.9872685185185185 0.65234375 0.9872685185185185 0.6541666666666667 0.9863425925925926 0.6557291666666667 0.9849537037037037 0.65625 0.9840277777777777 0.6591145833333333 0.981712962962963 0.6606770833333333 0.98125 0.6630208333333333 0.9798611111111111 0.6638020833333333 0.9789351851851852 0.6661458333333333 0.9780092592592593 0.6671875 0.9770833333333333 0.66796875 0.9770833333333333 0.66953125 0.9761574074074074 0.6703125 0.9752314814814815 0.6716145833333333 0.9747685185185185 0.67421875 0.9729166666666667 0.67734375 0.9719907407407408 0.6783854166666666 0.9710648148148148 0.6791666666666667 0.9710648148148148 0.6809895833333334 0.9696759259259259 0.68203125 0.969212962962963 0.6838541666666667 0.969212962962963 0.6841145833333333 0.96875 0.6854166666666667 0.96875 0.6856770833333333 0.968287037037037 0.6890625 0.9668981481481481 0.6893229166666667 0.9664351851851852 0.6916666666666667 0.9655092592592592 0.69375 0.9641203703703703 0.6953125 0.9641203703703703 0.696875 0.9631944444444445 0.6986979166666667 0.9627314814814815 0.7026041666666667 0.9599537037037037 0.7033854166666667 0.9590277777777778 0.7046875 0.9585648148148148 0.7057291666666666 0.9576388888888889 0.7080729166666667 0.9567129629629629 0.7091145833333333 0.9567129629629629 0.7127604166666667 0.955324074074074 0.7138020833333333 0.9543981481481482 0.71640625 0.9530092592592593 0.717578125 0.950925925925926 0.718359375 0.9486111111111111 0.718359375 0.9425925925925925 0.7180989583333334 0.9402777777777778 0.7173177083333333 0.9375 0.7173177083333333 0.9365740740740741 0.7157552083333333 0.9305555555555556 0.7149739583333333 0.9282407407407407 0.7149739583333333 0.9273148148148148 0.7139322916666667 0.9236111111111112 0.7123697916666667 0.9199074074074074 0.7118489583333333 0.9180555555555555 0.7104166666666667 0.9155092592592593 0.7088541666666667 0.9141203703703704 0.7075520833333333 0.9136574074074074 0.70390625 0.9136574074074074 0.7026041666666667 0.9145833333333333 0.7015625 0.9145833333333333 0.7002604166666667 0.9155092592592593 0.696875 0.9164351851851852 0.6934895833333333 0.91875 0.6916666666666667 0.91875 0.69140625 0.919212962962963 0.6895833333333333 0.919212962962963 0.6861979166666666 0.9215277777777777 0.6841145833333333 0.9219907407407407 0.6838541666666667 0.9224537037037037 0.6815104166666667 0.9229166666666667 0.6791666666666667 0.9243055555555556 0.6783854166666666 0.9243055555555556 0.6770833333333334 0.9252314814814815 0.6760416666666667 0.9252314814814815 0.6747395833333333 0.9261574074074074 0.6739583333333333 0.9261574074074074 0.6723958333333333 0.9270833333333334 0.6708333333333333 0.9284722222222223 0.6700520833333333 0.9284722222222223 0.66875 0.9293981481481481 0.6674479166666667 0.9298611111111111 0.6661458333333333 0.9298611111111111 0.6645833333333333 0.930787037037037 0.6622395833333333 0.93125 0.6619791666666667 0.9317129629629629 0.6606770833333333 0.9317129629629629 0.6604166666666667 0.9321759259259259 0.6588541666666666 0.9321759259259259 0.6575520833333334 0.9326388888888889 0.6557291666666667 0.9340277777777778 0.6544270833333333 0.9344907407407408 0.6536458333333334 0.9354166666666667 0.6528645833333333 0.9354166666666667 0.6518229166666667 0.9363425925925926 0.6489583333333333 0.9372685185185186 0.6479166666666667 0.9381944444444444 0.6471354166666666 0.9381944444444444 0.6458333333333334 0.9391203703703703 0.6447916666666667 0.9391203703703703 0.64140625 0.9409722222222222 0.63828125 0.9418981481481481 0.6369791666666667 0.9428240740740741 0.6338541666666667 0.94375 0.63125 0.9456018518518519 0.6299479166666667 0.9460648148148149 0.6270833333333333 0.9460648148148149 0.6247395833333333 0.9474537037037037 0.6234375 0.9488425925925926 0.6213541666666667 0.9497685185185185 0.6197916666666666 0.9497685185185185 0.61953125 0.9502314814814815 0.6174479166666667 0.9506944444444444 0.61640625 0.9516203703703704 0.6145833333333334 0.9520833333333333 0.6143229166666667 0.9525462962962963 0.6130208333333333 0.9525462962962963 0.61015625 0.9539351851851852 0.6088541666666667 0.955324074074074 0.6075520833333333 0.95625 0.6057291666666667 0.9567129629629629 0.6041666666666666 0.9576388888888889 0.603125 0.9576388888888889 0.60078125 0.9590277777777778 0.5984375 0.9594907407407407 0.5981770833333333 0.9599537037037037 0.5966145833333333 0.9599537037037037 0.5963541666666666 0.9604166666666667 0.5950520833333334 0.9604166666666667 0.5934895833333333 0.9613425925925926 0.5916666666666667 0.9631944444444445 0.5903645833333333 0.9641203703703703 0.5895833333333333 0.9641203703703703 0.5885416666666666 0.9650462962962963 0.5864583333333333 0.9659722222222222 0.5828125 0.96875 0.5802083333333333 0.9701388888888889 0.5787760416666666 0.9726851851851852 0.577734375 0.9773148148148149 0.5774739583333334 0.9805555555555555 0.5766927083333333 0.9837962962962963 0.575390625 0.986574074074074 0.5743489583333333 0.9907407407407407 0.57265625 0.9942129629629629 0.57109375 0.9956018518518519 0.56875 0.9965277777777778 0.5651041666666666 0.9965277777777778 0.56484375 0.9969907407407408 0.559375 0.9969907407407408 0.5591145833333333 0.9965277777777778 0.5557291666666667 0.9965277777777778 0.55546875 0.9960648148148148 0.5455729166666666 0.9960648148148148 0.5442708333333334 0.9956018518518519 0.54375 0.9946759259259259 0.54140625 0.992824074074074 0.5399739583333333 0.9902777777777778 0.5397135416666666 0.9884259259259259 0.5391927083333333 0.987037037037037 0.5389322916666667 0.9847222222222223 0.5381510416666667 0.9819444444444444 0.537890625 0.9782407407407407 0.537109375 0.975 0.537109375 0.9740740740740741 0.536328125 0.9694444444444444 0.5358072916666666 0.9671296296296297 0.535546875 0.9629629629629629 0.5350260416666667 0.9606481481481481 0.5350260416666667 0.9592592592592593 0.533984375 0.9550925925925926 0.5334635416666667 0.9523148148148148 0.5334635416666667 0.950462962962963 0.5329427083333333 0.9462962962962963 0.532421875 0.9444444444444444 0.532421875 0.9425925925925925 0.5319010416666666 0.9398148148148148 0.5319010416666666 0.9375 0.531640625 0.937037037037037 0.531640625 0.9347222222222222 0.5313802083333333 0.9342592592592592 0.5311197916666667 0.9310185185185185 0.5305989583333334 0.9291666666666667 0.5295572916666667 0.9226851851851852 0.5290364583333333 0.9175925925925926 0.528515625 0.9157407407407407 0.528515625 0.9138888888888889 0.5274739583333333 0.9078703703703703 0.5272135416666667 0.9046296296296297 0.526171875 0.899537037037037 0.5256510416666667 0.8981481481481481 0.525390625 0.8939814814814815 0.5248697916666667 0.8921296296296296 0.5243489583333333 0.8861111111111111 0.5240885416666666 0.8856481481481482 0.5240885416666666 0.8833333333333333 0.5235677083333333 0.8805555555555555 0.5235677083333333 0.8782407407407408 0.5233072916666667 0.8777777777777778 0.522265625 0.8699074074074075 0.5220052083333333 0.8694444444444445 0.5217447916666667 0.8652777777777778 0.521484375 0.8648148148148148 0.521484375 0.862037037037037 0.520703125 0.8569444444444444 0.5209635416666667 0.8546296296296296 0.5209635416666667 0.8481481481481481 0.520703125 0.8476851851851852 0.520703125 0.8421296296296297 0.5204427083333333 0.8416666666666667 0.5204427083333333 0.8379629629629629 0.5201822916666666 0.8356481481481481 0.519140625 0.8314814814814815 0.5178385416666667 0.8287037037037037 0.5173177083333333 0.8245370370370371 0.516796875 0.8231481481481482 0.516796875 0.8217592592592593 0.5162760416666666 0.8194444444444444 0.5149739583333334 0.8152777777777778 0.5147135416666667 0.812962962962963 0.5141927083333333 0.8115740740740741 0.513671875 0.8087962962962963 0.5131510416666667 0.8046296296296296 0.5126302083333333 0.8023148148148148 0.5123697916666666 0.8 0.5123697916666666 0.7976851851851852 0.5115885416666667 0.7921296296296296 0.510546875 0.788425925925926 0.5100260416666667 0.7875 0.509765625 0.7851851851851852 0.509765625 0.7828703703703703 0.5095052083333333 0.7824074074074074 0.508984375 0.7768518518518519 0.5084635416666666 0.774074074074074 0.5084635416666666 0.7717592592592593 0.508203125 0.7712962962962963 0.508203125 0.7685185185185185 0.5069010416666667 0.7606481481481482 0.5063802083333333 0.7592592592592593 0.5061197916666667 0.7560185185185185 0.5055989583333333 0.7541666666666667 0.5055989583333333 0.7527777777777778 0.505078125 0.7509259259259259 0.505078125 0.749537037037037 0.504296875 0.7458333333333333 0.504296875 0.7430555555555556 0.5040364583333333 0.7425925925925926 0.5040364583333333 0.7402777777777778 0.5037760416666667 0.7384259259259259 0.502734375 0.7347222222222223 0.5022135416666667 0.7337962962962963 0.501953125 0.7310185185185185 0.501171875 0.7268518518518519 0.501171875 0.7245370370370371 0.5009114583333333 0.7222222222222222 0.5001302083333333 0.7180555555555556 0.4998697916666667 0.7138888888888889 0.4993489583333333 0.712037037037037 0.4993489583333333 0.7106481481481481 0.498046875 0.7064814814814815 0.49752604166666664 0.7041666666666667 0.497265625 0.700462962962963 0.4967447916666667 0.6976851851851852 0.4967447916666667 0.6953703703703704 0.496484375 0.6930555555555555 0.4959635416666667 0.6907407407407408 0.494921875 0.6837962962962963 0.49440104166666665 0.6828703703703703 0.494140625 0.6805555555555556 0.49361979166666664 0.6791666666666667 0.493359375 0.6763888888888889 0.49309895833333334 0.6759259259259259 0.49309895833333334 0.6726851851851852 0.4928385416666667 0.6722222222222223 0.4928385416666667 0.6694444444444444 0.492578125 0.6671296296296296 0.491796875 0.662962962962963 0.491796875 0.6601851851851852 0.4915364583333333 0.6597222222222222 0.4915364583333333 0.6569444444444444 0.49127604166666666 0.6550925925925926 0.49049479166666665 0.6527777777777778 0.48919270833333334 0.6467592592592593 0.4889322916666667 0.6425925925925926 0.488671875 0.6421296296296296 0.488671875 0.6393518518518518 0.4884114583333333 0.6388888888888888 0.4876302083333333 0.6328703703703704 0.48658854166666665 0.6296296296296297 0.48606770833333335 0.6240740740740741 0.485546875 0.6222222222222222 0.485546875 0.6194444444444445 0.48528645833333334 0.6189814814814815 0.48528645833333334 0.6162037037037037 0.4850260416666667 0.6138888888888889 0.4837239583333333 0.6087962962962963 0.4837239583333333 0.6064814814814815 0.4842447916666667 0.6046296296296296 0.4856770833333333 0.6020833333333333 0.48671875 0.6011574074074074 0.48880208333333336 0.6002314814814815 0.48984375 0.5993055555555555 0.49166666666666664 0.5988425925925925 0.49322916666666666 0.5979166666666667 0.4940104166666667 0.5969907407407408 0.4953125 0.5965277777777778 0.49609375 0.5956018518518519 0.49700520833333334 0.5935185185185186 0.49700520833333334 0.5893518518518519 0.4967447916666667 0.5888888888888889 0.4967447916666667 0.5861111111111111 0.4959635416666667 0.5833333333333334 0.4959635416666667 0.5824074074074074 0.49518229166666666 0.5800925925925926 0.49466145833333336 0.5768518518518518 0.494140625 0.575 0.49309895833333334 0.5685185185185185 0.49309895833333334 0.5671296296296297 0.492578125 0.5648148148148148 0.492578125 0.5625 0.4923177083333333 0.562037037037037 0.4923177083333333 0.5597222222222222 0.4920572916666667 0.5592592592592592 0.4920572916666667 0.5555555555555556 0.491796875 0.5550925925925926 0.491796875 0.5472222222222223 0.4920572916666667 0.5449074074074074 0.493359375 0.5407407407407407 0.49453125 0.5386574074074074 0.49583333333333335 0.5381944444444444 0.49713541666666666 0.5368055555555555 0.49856770833333336 0.5342592592592592 0.4993489583333333 0.5300925925925926 0.5001302083333333 0.5268518518518519 0.5001302083333333 0.5254629629629629 0.5009114583333333 0.5231481481481481 0.5018229166666667 0.5219907407407407 0.5028645833333333 0.5215277777777778 0.5059895833333333 0.5215277777777778 0.5078125 0.5206018518518518 0.5091145833333334 0.5192129629629629 0.5096354166666667 0.5192129629629629 0.5106770833333333 0.517824074074074 0.51171875 0.517824074074074 0.5130208333333334 0.5168981481481482 0.51640625 0.5168981481481482 0.5177083333333333 0.5173611111111112 0.51796875 0.5168981481481482 0.5192708333333333 0.5168981481481482 0.51953125 0.5164351851851852 0.5208333333333334 0.5164351851851852 0.52109375 0.5159722222222223 0.5263020833333333 0.5159722222222223 0.5265625 0.5155092592592593 0.5286458333333334 0.5155092592592593 0.5299479166666666 0.5145833333333333 0.53046875 0.5136574074074074 0.5317708333333333 0.5127314814814815 0.5328125 0.5113425925925926 0.53515625 0.5104166666666666 0.5361979166666667 0.5094907407407407 0.5395833333333333 0.5081018518518519 0.5408854166666667 0.5081018518518519 0.5411458333333333 0.5076388888888889 0.5424479166666667 0.5076388888888889 0.5427083333333333 0.507175925925926 0.5442708333333334 0.507175925925926 0.5458333333333333 0.50625 0.54765625 0.5057870370370371 0.5486979166666667 0.5048611111111111 0.5518229166666667 0.5039351851851852 0.5520833333333334 0.5034722222222222 0.5533854166666666 0.5034722222222222 0.5546875 0.5025462962962963 0.5559895833333334 0.5025462962962963 0.55625 0.5020833333333333 0.5583333333333333 0.5020833333333333 0.55859375 0.5016203703703703 0.5627604166666667 0.5016203703703703 0.5630208333333333 0.5020833333333333 0.565625 0.5020833333333333 0.5658854166666667 0.5016203703703703 0.5671875 0.5016203703703703 0.5674479166666667 0.5011574074074074 0.56875 0.5011574074074074 0.5716145833333334 0.4997685185185185 0.5734375 0.4979166666666667 0.5739583333333333 0.49699074074074073 0.5768229166666666 0.49560185185185185 0.5783854166666667 0.49560185185185185 0.5786458333333333 0.4951388888888889 0.58046875 0.4951388888888889 0.5807291666666666 0.4946759259259259 0.58203125 0.4946759259259259 0.5822916666666667 0.49421296296296297 0.5838541666666667 0.49421296296296297 0.5841145833333333 0.49375 0.5864583333333333 0.49375 0.58671875 0.493287037037037 0.5885416666666666 0.493287037037037 0.5888020833333333 0.4928240740740741 0.5903645833333333 0.4928240740740741 0.590625 0.49236111111111114 0.5924479166666666 0.49236111111111114 0.5942708333333333 0.49375 0.5958333333333333 0.4960648148148148 0.59921875 0.4979166666666667 0.6013020833333333 0.5002314814814814 0.6015625 0.5002314814814814 0.6028645833333334 0.5025462962962963 0.60390625 0.5034722222222222 0.6046875 0.5020833333333333 0.6067708333333334 0.5006944444444444 0.6078125 0.5011574074074074 0.6087239583333334 0.5032407407407408 0.608203125 0.5060185185185185 0.60703125 0.5076388888888889 0.60625 0.5081018518518519 0.6055989583333333 0.5097222222222222 0.60703125 0.5122685185185185 0.6104166666666667 0.5150462962962963 0.6106770833333334 0.5155092592592593 0.6213541666666667 0.5155092592592593 0.6216145833333333 0.5159722222222223 0.6244791666666667 0.5159722222222223 0.6260416666666667 0.518287037037037 0.6278645833333333 0.518287037037037 0.6276041666666666 0.5159722222222223 0.6260416666666667 0.5150462962962963 0.6256510416666666 0.5138888888888888 0.6256510416666666 0.5037037037037037 0.6268229166666667 0.5020833333333333 0.628125 0.5011574074074074 0.6291666666666667 0.4997685185185185 0.6303385416666667 0.4976851851851852 0.6303385416666667 0.49722222222222223 0.6317708333333333 0.4946759259259259 0.6341145833333334 0.493287037037037 0.6372395833333333 0.493287037037037 0.6375 0.49375 0.6390625 0.49375 0.6403645833333333 0.4946759259259259 0.6424479166666667 0.4951388888888889 0.643359375 0.49722222222222223 0.643359375 0.49953703703703706 0.6438802083333334 0.5018518518518519 0.6450520833333333 0.5030092592592592 0.6458333333333334 0.5030092592592592 0.646484375 0.5041666666666667 0.6470052083333333 0.5064814814814815 0.6470052083333333 0.5078703703703704 0.6475260416666667 0.5097222222222222 0.6477864583333334 0.5120370370370371 0.6477864583333334 0.5148148148148148 0.648046875 0.5166666666666667 0.6494791666666667 0.5192129629629629 0.6497395833333334 0.5192129629629629 0.6514322916666667 0.5222222222222223 0.651953125 0.5236111111111111 0.6529947916666666 0.5277777777777778 0.6537760416666667 0.5291666666666667 0.654296875 0.5314814814814814 0.654296875 0.538425925925926 0.6545572916666667 0.5393518518518519 0.65625 0.5423611111111111 0.6578125 0.54375 0.6583333333333333 0.5432870370370371 0.6595052083333334 0.5412037037037037 0.6595052083333334 0.5407407407407407 0.6614583333333334 0.5363425925925925 0.66328125 0.5344907407407408 0.6638020833333333 0.5344907407407408 0.6651041666666667 0.5331018518518519 0.6666666666666666 0.5326388888888889 0.6677083333333333 0.531712962962963 0.6713541666666667 0.531712962962963 0.6721354166666667 0.5326388888888889 0.6736979166666667 0.5331018518518519 0.6783854166666666 0.5331018518518519 0.6786458333333333 0.5335648148148148 0.6807291666666667 0.5335648148148148 0.6809895833333334 0.5340277777777778 0.6825520833333333 0.5340277777777778 0.6828125 0.5344907407407408 0.68515625 0.5354166666666667 0.6864583333333333 0.5363425925925925 0.6875 0.5363425925925925 0.6890625 0.5372685185185185 0.690234375 0.5347222222222222 0.690234375 0.5342592592592592 0.6916666666666667 0.531712962962963 0.6953125 0.5298611111111111 0.696484375 0.5277777777777778 0.697265625 0.5236111111111111 0.697265625 0.5180555555555556 0.6975260416666667 0.5162037037037037 0.698046875 0.5148148148148148 0.6985677083333334 0.5106481481481482 0.699609375 0.5064814814814815 0.7009114583333333 0.5 0.7014322916666667 0.4962962962962963 0.7024739583333334 0.4930555555555556 0.7029947916666667 0.48935185185185187 0.7040364583333333 0.48564814814814816 0.704296875 0.4824074074074074 0.705078125 0.4791666666666667 0.7053385416666667 0.4759259259259259 0.7071614583333333 0.4703703703703704 0.7071614583333333 0.46944444444444444 0.7079427083333333 0.4671296296296296 0.7092447916666667 0.4648148148148148 0.7102864583333334 0.4625 0.7110677083333333 0.4597222222222222 0.711328125 0.45740740740740743 0.712109375 0.45416666666666666 0.71328125 0.4525462962962963 0.7171875 0.45023148148148145 0.71796875 0.45023148148148145 0.7205729166666667 0.44884259259259257 0.7208333333333333 0.44837962962962963 0.7231770833333333 0.4479166666666667 0.7244791666666667 0.44699074074074074 0.72890625 0.44513888888888886 0.7325520833333333 0.44513888888888886 0.7328125 0.4446759259259259 0.7341145833333333 0.4446759259259259 0.734375 0.444212962962963 0.7356770833333334 0.444212962962963 0.7359375 0.44375 0.7377604166666667 0.44375 0.7380208333333333 0.44328703703703703 0.7395833333333334 0.44328703703703703 0.740625 0.4428240740740741 0.7419270833333333 0.4414351851851852 0.74609375 0.44004629629629627 0.74765625 0.4391203703703704 0.7502604166666667 0.4391203703703704 0.7505208333333333 0.4386574074074074 0.75234375 0.4386574074074074 0.7526041666666666 0.43819444444444444 0.75390625 0.43819444444444444 0.7541666666666667 0.4377314814814815 0.75546875 0.4377314814814815 0.7557291666666667 0.4372685185185185 0.75703125 0.4372685185185185 0.7583333333333333 0.43680555555555556 0.7596354166666667 0.4358796296296296 0.7640625 0.4358796296296296 0.7643229166666666 0.4354166666666667 0.7661458333333333 0.4354166666666667 0.7674479166666667 0.43449074074074073 0.76796875 0.4335648148148148 0.7690104166666667 0.43310185185185185 0.7701822916666666 0.4310185185185185 0.770703125 0.4287037037037037 0.770703125 0.4273148148148148 0.771875 0.42476851851851855 0.77265625 0.42430555555555555 0.7740885416666666 0.4217592592592593 0.7740885416666666 0.4212962962962963 0.7755208333333333 0.41967592592592595 0.7786458333333334 0.418287037037037 0.7809895833333333 0.418287037037037 0.78125 0.41782407407407407 0.7833333333333333 0.41782407407407407 0.7848958333333333 0.41875 0.7859375 0.41875 0.78828125 0.4201388888888889 0.7895833333333333 0.4201388888888889 0.78984375 0.42060185185185184 0.7911458333333333 0.42060185185185184 0.7921875 0.4219907407407407 0.79296875 0.4224537037037037 0.7942708333333334 0.42430555555555555 0.7963541666666667 0.42430555555555555 0.7966145833333333 0.4238425925925926 0.7981770833333334 0.4238425925925926 0.7989583333333333 0.4233796296296296 0.8013020833333333 0.42060185185185184 0.8020833333333334 0.42060185185185184 0.803125 0.41967592592592595 0.80390625 0.41967592592592595 0.8052083333333333 0.41875 0.8065104166666667 0.418287037037037 0.8083333333333333 0.418287037037037 0.80859375 0.41782407407407407 0.8098958333333334 0.41782407407407407 0.8111979166666666 0.4173611111111111 0.81328125 0.41597222222222224 0.8145833333333333 0.41550925925925924 0.8161458333333333 0.41550925925925924 0.81640625 0.4150462962962963 0.8182291666666667 0.4150462962962963 0.8184895833333333 0.41458333333333336 0.8200520833333333 0.41458333333333336 0.8203125 0.41412037037037036 0.8216145833333334 0.41412037037037036 0.821875 0.4136574074074074 0.8263020833333333 0.4136574074074074 0.8278645833333333 0.41458333333333336 0.8302083333333333 0.4150462962962963 0.8315104166666667 0.41597222222222224 0.8341145833333333 0.41689814814814813 0.8356770833333333 0.418287037037037 0.8377604166666667 0.42060185185185184 0.8393229166666667 0.42106481481481484 0.8395833333333333 0.4215277777777778 0.84140625 0.4219907407407407 0.8447916666666667 0.42430555555555555 0.84609375 0.42476851851851855 0.8471354166666667 0.42569444444444443 0.8484375 0.4275462962962963 0.8533854166666667 0.4363425925925926 0.8557291666666667 0.4391203703703704 0.8592447916666667 0.44537037037037036 0.8602864583333333 0.44814814814814813 0.8614583333333333 0.45023148148148145 0.86171875 0.45023148148148145 0.8692708333333333 0.4636574074074074 0.86953125 0.4636574074074074 0.8713541666666667 0.4668981481481482 0.8716145833333333 0.4668981481481482 0.8765625 0.4756944444444444 0.8768229166666667 0.4756944444444444 0.8783854166666667 0.47847222222222224 0.8799479166666667 0.48032407407407407 0.8819010416666667 0.4837962962962963 0.8819010416666667 0.4842592592592593 0.8850260416666667 0.4898148148148148 0.885546875 0.4935185185185185 0.8865885416666667 0.49675925925925923 0.8868489583333333 0.4986111111111111 0.8880208333333334 0.5016203703703703 0.8891927083333333 0.49953703703703706 0.8899739583333334 0.49583333333333335 0.8907552083333333 0.49398148148148147 0.8951822916666666 0.4861111111111111 0.8951822916666666 0.48564814814814816 0.898046875 0.48055555555555557 0.8985677083333333 0.4787037037037037 0.8993489583333333 0.4773148148148148 0.8998697916666667 0.475462962962963 0.9024739583333333 0.4708333333333333 0.9032552083333333 0.46805555555555556 0.9041666666666667 0.4664351851851852 0.9057291666666667 0.4650462962962963 0.90625 0.46412037037037035 0.9083333333333333 0.4622685185185185 0.9098958333333333 0.4613425925925926 0.9106770833333333 0.4613425925925926 0.91171875 0.46041666666666664 0.9138020833333333 0.4599537037037037 0.9161458333333333 0.4585648148148148 0.91796875 0.4585648148148148 0.9182291666666667 0.45810185185185187 0.9197916666666667 0.45810185185185187 0.92109375 0.4576388888888889 0.9234375 0.45625 0.9247395833333333 0.45578703703703705 0.9263020833333333 0.45578703703703705 0.9286458333333333 0.4548611111111111 0.93046875 0.4534722222222222 0.9315104166666667 0.4530092592592593 0.9338541666666667 0.4525462962962963 0.93515625 0.4516203703703704 0.9375 0.4511574074074074 0.9388020833333334 0.45023148148148145 0.9401041666666666 0.4497685185185185 0.94140625 0.4497685185185185 0.9416666666666667 0.44930555555555557 0.94296875 0.44930555555555557 0.9442708333333333 0.44837962962962963 0.9466145833333334 0.4479166666666667 0.946875 0.4474537037037037 0.9481770833333333 0.4474537037037037 0.9497395833333333 0.4465277777777778 0.9513020833333333 0.4465277777777778 0.9526041666666667 0.44560185185185186 0.9536458333333333 0.44560185185185186 0.9549479166666667 0.4446759259259259 0.95625 0.4446759259259259 0.9565104166666667 0.444212962962963 0.9580729166666667 0.444212962962963 0.9604166666666667 0.44328703703703703 0.9630208333333333 0.4414351851851852 0.9643229166666667 0.4414351851851852 0.965625 0.44050925925925927 0.9669270833333333 0.44004629629629627 0.9682291666666667 0.44004629629629627 0.9684895833333333 0.4395833333333333 0.9705729166666667 0.4395833333333333 0.9708333333333333 0.4391203703703704 0.9721354166666667 0.4391203703703704 0.9736979166666667 0.43819444444444444 0.975 0.43819444444444444 0.9765625 0.4372685185185185 0.9783854166666667 0.43680555555555556 0.9786458333333333 0.4363425925925926 0.9799479166666667 0.4363425925925926 0.9802083333333333 0.4358796296296296 0.9825520833333333 0.4354166666666667 0.9838541666666667 0.43449074074074073 0.98515625 0.43449074074074073 0.9864583333333333 0.4335648148148148 0.9875 0.4335648148148148 0.9888020833333333 0.4326388888888889 0.9901041666666667 0.4321759259259259 0.99140625 0.4321759259259259 0.9927083333333333 0.43125 0.9940104166666667 0.430787037037037 0.9955729166666667 0.430787037037037 0.9958333333333333 0.4303240740740741 0.99765625 0.4303240740740741 0.9979166666666667 0.42986111111111114 0.9997395833333333 0.42986111111111114
8 0.6533854166666666 0.1292824074074074 0.21380208333333328 0.2585648148148148 0.7602864583333333 0.0 0.7602864583333333 0.009722222222222222 0.759765625 0.0125 0.7592447916666667 0.013888888888888888 0.7587239583333333 0.016666666666666666 0.7584635416666666 0.01990740740740741 0.7576822916666667 0.024074074074074074 0.757421875 0.02638888888888889 0.757421875 0.029166666666666667 0.7571614583333334 0.02962962962962963 0.7569010416666667 0.03333333333333333 0.7563802083333333 0.03518518518518519 0.755078125 0.04351851851851852 0.754296875 0.04675925925925926 0.754296875 0.04814814814814815 0.7537760416666667 0.050462962962962966 0.7537760416666667 0.05185185185185185 0.7529947916666667 0.055092592592592596 0.7529947916666667 0.05648148148148148 0.7524739583333333 0.058333333333333334 0.7524739583333333 0.059722222222222225 0.751953125 0.06111111111111111 0.7514322916666667 0.06481481481481481 0.7509114583333333 0.06574074074074074 0.7498697916666667 0.07083333333333333 0.7493489583333334 0.07222222222222222 0.7483072916666667 0.0787037037037037 0.7477864583333333 0.08101851851851852 0.7467447916666666 0.0837962962962963 0.746484375 0.08564814814814815 0.745703125 0.08888888888888889 0.745703125 0.09074074074074075 0.744921875 0.09583333333333334 0.7444010416666667 0.09768518518518518 0.744140625 0.1 0.7436197916666667 0.10185185185185185 0.743359375 0.10416666666666667 0.7428385416666666 0.10601851851851851 0.742578125 0.10833333333333334 0.7420572916666667 0.10972222222222222 0.741796875 0.11296296296296296 0.7412760416666667 0.11481481481481481 0.7397135416666667 0.12314814814814815 0.7397135416666667 0.12453703703703704 0.738671875 0.12824074074074074 0.737890625 0.13333333333333333 0.737890625 0.13518518518518519 0.7373697916666667 0.13703703703703704 0.737109375 0.14027777777777778 0.7358072916666667 0.14629629629629629 0.7358072916666667 0.1476851851851852 0.7352864583333333 0.14907407407407408 0.7345052083333333 0.15231481481481482 0.7342447916666667 0.15462962962962962 0.7337239583333334 0.15601851851851853 0.7329427083333333 0.16157407407407406 0.7313802083333333 0.16944444444444445 0.730078125 0.1763888888888889 0.7290364583333333 0.18055555555555555 0.7279947916666667 0.1837962962962963 0.727734375 0.18611111111111112 0.7272135416666666 0.1875 0.7272135416666666 0.18888888888888888 0.7266927083333333 0.19074074074074074 0.7264322916666667 0.19398148148148148 0.726171875 0.19444444444444445 0.7256510416666667 0.1986111111111111 0.7251302083333333 0.2 0.7243489583333333 0.2050925925925926 0.723828125 0.20694444444444443 0.7235677083333333 0.20925925925925926 0.7225260416666667 0.21388888888888888 0.722265625 0.2162037037037037 0.7217447916666667 0.2175925925925926 0.7217447916666667 0.21898148148148147 0.7212239583333333 0.22083333333333333 0.7212239583333333 0.22268518518518518 0.7204427083333333 0.22592592592592592 0.7201822916666667 0.22824074074074074 0.7186197916666667 0.23333333333333334 0.7173177083333333 0.23564814814814813 0.716015625 0.23935185185185184 0.715234375 0.24074074074074073 0.7149739583333333 0.24212962962962964 0.7139322916666667 0.24537037037037038 0.7122395833333334 0.2488425925925926 0.709375 0.25254629629629627 0.7072916666666667 0.25439814814814815 0.7041666666666667 0.256712962962963 0.7013020833333333 0.25763888888888886 0.7010416666666667 0.25810185185185186 0.6986979166666667 0.25810185185185186 0.6984375 0.2585648148148148 0.6947916666666667 0.2585648148148148 0.69453125 0.25810185185185186 0.68828125 0.25810185185185186 0.6880208333333333 0.25763888888888886 0.6830729166666667 0.25763888888888886 0.6828125 0.2571759259259259 0.6794270833333333 0.2571759259259259 0.6791666666666667 0.256712962962963 0.6760416666666667 0.256712962962963 0.67578125 0.25625 0.6713541666666667 0.25625 0.67109375 0.25578703703703703 0.6635416666666667 0.25578703703703703 0.66328125 0.2553240740740741 0.65703125 0.2553240740740741 0.6567708333333333 0.2548611111111111 0.6526041666666667 0.2548611111111111 0.65234375 0.25439814814814815 0.6473958333333333 0.25439814814814815 0.6471354166666666 0.2539351851851852 0.6419270833333334 0.2539351851851852 0.6416666666666667 0.2534722222222222 0.6372395833333333 0.2534722222222222 0.6369791666666667 0.25300925925925927 0.6247395833333333 0.25300925925925927 0.6244791666666667 0.25254629629629627 0.6182291666666667 0.25254629629629627 0.61796875 0.2520833333333333 0.6161458333333333 0.2520833333333333 0.6158854166666666 0.2516203703703704 0.6135416666666667 0.2516203703703704 0.61328125 0.2511574074074074 0.60078125 0.2511574074074074 0.6005208333333333 0.25069444444444444 0.5880208333333333 0.25069444444444444 0.5877604166666667 0.2502314814814815 0.58359375 0.2502314814814815 0.5833333333333334 0.24976851851851853 0.5802083333333333 0.24976851851851853 0.5799479166666667 0.24930555555555556 0.5723958333333333 0.24930555555555556 0.5721354166666667 0.2488425925925926 0.56953125 0.2488425925925926 0.5692708333333333 0.24837962962962962 0.5661458333333333 0.24837962962962962 0.5658854166666667 0.24791666666666667 0.5638020833333334 0.24791666666666667 0.5625 0.2474537037037037 0.5614583333333333 0.2465277777777778 0.5606770833333333 0.2465277777777778 0.5588541666666667 0.24513888888888888 0.5583333333333333 0.24513888888888888 0.5557291666666667 0.24328703703703702 0.5549479166666667 0.2423611111111111 0.553125 0.23912037037037037 0.5528645833333333 0.23912037037037037 0.5510416666666667 0.23587962962962963 0.55078125 0.23587962962962963 0.5490885416666667 0.23287037037037037 0.548046875 0.22916666666666666 0.547265625 0.22407407407407406 0.546484375 0.2199074074074074 0.546484375 0.21388888888888888 0.5467447916666667 0.21342592592592594 0.5467447916666667 0.20185185185185187 0.5470052083333333 0.2013888888888889 0.5470052083333333 0.19722222222222222 0.547265625 0.19675925925925927 0.547265625 0.18703703703703703 0.5475260416666666 0.1865740740740741 0.5475260416666666 0.17962962962962964 0.5477864583333333 0.17916666666666667 0.5477864583333333 0.17314814814814813 0.548046875 0.1726851851851852 0.548046875 0.16342592592592592 0.5483072916666667 0.16296296296296298 0.5483072916666667 0.15601851851851853 0.5485677083333333 0.15555555555555556 0.5485677083333333 0.14583333333333334 0.548828125 0.14537037037037037 0.548828125 0.13472222222222222 0.5490885416666667 0.13425925925925927 0.5490885416666667 0.12453703703703704 0.5493489583333333 0.12407407407407407 0.5493489583333333 0.11805555555555555 0.549609375 0.1175925925925926 0.549609375 0.11157407407407408 0.5498697916666667 0.1111111111111111 0.5498697916666667 0.10277777777777777 0.5501302083333334 0.10231481481481482 0.5501302083333334 0.09537037037037037 0.550390625 0.09490740740740741 0.550390625 0.09027777777777778 0.5506510416666667 0.08981481481481482 0.5506510416666667 0.08333333333333333 0.5509114583333333 0.08287037037037037 0.5509114583333333 0.07222222222222222 0.551171875 0.07175925925925926 0.551171875 0.06481481481481481 0.5514322916666666 0.06435185185185185 0.5514322916666666 0.058333333333333334 0.5516927083333333 0.05787037037037037 0.5516927083333333 0.04953703703703704 0.551953125 0.049074074074074076 0.551953125 0.0412037037037037 0.5522135416666667 0.040740740740740744 0.5522135416666667 0.03611111111111111 0.5524739583333333 0.03564814814814815 0.5524739583333333 0.020833333333333332 0.552734375 0.020370370370370372 0.552734375 0.015277777777777777 0.5529947916666667 0.014814814814814815 0.5529947916666667 0.010648148148148148 0.5532552083333333 0.010185185185185186 0.5537760416666667 0.005555555555555556 0.5548177083333333 0.0023148148148148147 0.5548177083333333 0.0
6 0.07180989583333333 0.16168981481481481 0.14361979166666666 0.32337962962962963 0.06731770833333334 0.0 0.06731770833333334 0.0023148148148148147 0.06875 0.004398148148148148 0.06953125 0.004861111111111111 0.07213541666666666 0.007638888888888889 0.07239583333333334 0.007638888888888889 0.073828125 0.010185185185185186 0.073828125 0.010648148148148148 0.07513020833333334 0.012962962962962963 0.07591145833333333 0.015277777777777777 0.07799479166666666 0.01898148148148148 0.080078125 0.024074074074074074 0.08033854166666667 0.02546296296296296 0.08138020833333333 0.027777777777777776 0.082421875 0.031018518518518518 0.08580729166666666 0.037037037037037035 0.08684895833333334 0.03935185185185185 0.08815104166666667 0.043055555555555555 0.089453125 0.04537037037037037 0.09075520833333334 0.04861111111111111 0.09127604166666667 0.05092592592592592 0.09270833333333334 0.05347222222222222 0.09296875 0.05347222222222222 0.09466145833333334 0.05740740740740741 0.09518229166666667 0.059722222222222225 0.09635416666666667 0.061342592592592594 0.098046875 0.06435185185185185 0.098046875 0.06481481481481481 0.09947916666666666 0.06689814814814815 0.10130208333333333 0.06828703703703703 0.10208333333333333 0.06921296296296296 0.10690104166666667 0.07777777777777778 0.10794270833333333 0.08009259259259259 0.10924479166666666 0.08425925925925926 0.109765625 0.08703703703703704 0.110546875 0.08935185185185185 0.110546875 0.09027777777777778 0.11184895833333333 0.09490740740740741 0.11341145833333334 0.09953703703703703 0.11497395833333333 0.10555555555555556 0.11731770833333334 0.10972222222222222 0.118359375 0.1125 0.119140625 0.11527777777777778 0.119921875 0.11666666666666667 0.12122395833333334 0.11990740740740741 0.122265625 0.12407407407407407 0.12278645833333333 0.125 0.12330729166666667 0.12731481481481483 0.123828125 0.12824074074074074 0.127734375 0.14212962962962963 0.12877604166666667 0.14444444444444443 0.12955729166666666 0.14675925925925926 0.13111979166666668 0.15231481481481482 0.13216145833333334 0.15462962962962962 0.133203125 0.15833333333333333 0.13450520833333332 0.16435185185185186 0.135546875 0.16805555555555557 0.13606770833333334 0.16898148148148148 0.137109375 0.1726851851851852 0.13815104166666667 0.17546296296296296 0.13971354166666666 0.1787037037037037 0.14075520833333333 0.1814814814814815 0.14153645833333334 0.18425925925925926 0.14153645833333334 0.18564814814814815 0.14205729166666667 0.18935185185185185 0.14231770833333332 0.18981481481481483 0.14231770833333332 0.19212962962962962 0.142578125 0.1925925925925926 0.142578125 0.2 0.14205729166666667 0.20277777777777778 0.14205729166666667 0.20601851851851852 0.14361979166666666 0.2111111111111111 0.14361979166666666 0.22083333333333333 0.143359375 0.2212962962962963 0.143359375 0.22453703703703703 0.14309895833333333 0.2263888888888889 0.142578125 0.2273148148148148 0.14205729166666667 0.22962962962962963 0.141015625 0.23287037037037037 0.140234375 0.23472222222222222 0.13567708333333334 0.24282407407407408 0.13541666666666666 0.24282407407407408 0.13359375 0.24606481481481482 0.13229166666666667 0.24791666666666667 0.13046875 0.24976851851851853 0.12708333333333333 0.25578703703703703 0.12578125 0.2571759259259259 0.12369791666666667 0.26087962962962963 0.121875 0.26273148148148145 0.12135416666666667 0.26273148148148145 0.12005208333333334 0.2641203703703704 0.11953125 0.2641203703703704 0.11640625 0.26643518518518516 0.11432291666666666 0.2673611111111111 0.1109375 0.2701388888888889 0.10885416666666667 0.2710648148148148 0.10755208333333334 0.27199074074074076 0.10625 0.27337962962962964 0.10546875 0.27337962962962964 0.10390625 0.2743055555555556 0.103125 0.27523148148148147 0.10182291666666667 0.27569444444444446 0.09921875 0.2775462962962963 0.09817708333333333 0.2775462962962963 0.096875 0.27847222222222223 0.0953125 0.2789351851851852 0.09453125 0.2798611111111111 0.09270833333333334 0.28078703703703706 0.09192708333333334 0.28171296296296294 0.090625 0.28217592592592594 0.08958333333333333 0.2831018518518518 0.08880208333333334 0.2831018518518518 0.08776041666666666 0.28402777777777777 0.08697916666666666 0.28402777777777777 0.0859375 0.2849537037037037 0.08515625 0.2849537037037037 0.0828125 0.2863425925925926 0.08177083333333333 0.2863425925925926 0.08046875 0.28726851851851853 0.07838541666666667 0.2877314814814815 0.07734375 0.2886574074074074 0.0765625 0.2886574074074074 0.07552083333333333 0.28958333333333336 0.07473958333333333 0.28958333333333336 0.07135416666666666 0.2914351851851852 0.0703125 0.2914351851851852 0.06901041666666667 0.2923611111111111 0.06770833333333333 0.2923611111111111 0.06744791666666666 0.29282407407407407 0.06588541666666667 0.29282407407407407 0.065625 0.293287037037037 0.06432291666666666 0.293287037037037 0.06302083333333333 0.29375 0.06197916666666667 0.29467592592592595 0.061197916666666664 0.29467592592592595 0.059375 0.29606481481481484 0.05859375 0.29606481481481484 0.05755208333333333 0.2969907407407407 0.05572916666666667 0.2974537037037037 0.0546875 0.2983796296296296 0.05390625 0.2983796296296296 0.05286458333333333 0.29930555555555555 0.05182291666666667 0.29930555555555555 0.05026041666666667 0.3002314814814815 0.04921875 0.3002314814814815 0.04765625 0.30115740740740743 0.04609375 0.30115740740740743 0.04453125 0.3020833333333333 0.04348958333333333 0.3020833333333333 0.04114583333333333 0.3034722222222222 0.040364583333333336 0.3034722222222222 0.038802083333333334 0.30486111111111114 0.03828125 0.30486111111111114 0.03671875 0.30625 0.034375 0.3071759259259259 0.03333333333333333 0.30810185185185185 0.03203125 0.3085648148148148 0.030729166666666665 0.3085648148148148 0.02890625 0.30949074074074073 0.025520833333333333 0.3127314814814815 0.02421875 0.3136574074074074 0.0234375 0.3136574074074074 0.021614583333333333 0.31504629629629627 0.01953125 0.31550925925925927 0.018229166666666668 0.3164351851851852 0.014583333333333334 0.3173611111111111 0.012239583333333333 0.31875 0.010416666666666666 0.319212962962963 0.008333333333333333 0.32013888888888886 0.007291666666666667 0.3210648148148148 0.006510416666666667 0.3210648148148148 0.004166666666666667 0.3224537037037037 0.0033854166666666668 0.3224537037037037 0.00234375 0.32337962962962963 0.0 0.32337962962962963
1 0.25533854166666664 0.38611111111111107 0.02708333333333332 0.03842592592592592 0.259375 0.40532407407407406 0.25703125 0.40532407407407406 0.25677083333333334 0.4048611111111111 0.2546875 0.4048611111111111 0.25442708333333336 0.4043981481481482 0.2526041666666667 0.4039351851851852 0.25104166666666666 0.4025462962962963 0.24908854166666666 0.3990740740740741 0.24778645833333332 0.39537037037037037 0.24661458333333333 0.39328703703703705 0.24453125 0.3909722222222222 0.24205729166666667 0.38657407407407407 0.241796875 0.38564814814814813 0.241796875 0.3819444444444444 0.24205729166666667 0.37962962962962965 0.243359375 0.37546296296296294 0.2453125 0.37199074074074073 0.24609375 0.3715277777777778 0.24791666666666667 0.3696759259259259 0.24921875 0.36921296296296297 0.25026041666666665 0.368287037037037 0.2515625 0.3678240740740741 0.25286458333333334 0.3678240740740741 0.253125 0.36736111111111114 0.25442708333333336 0.36736111111111114 0.2546875 0.36689814814814814 0.25729166666666664 0.36689814814814814 0.25755208333333335 0.36736111111111114 0.259375 0.36736111111111114 0.2609375 0.368287037037037 0.26171875 0.36921296296296297 0.2638020833333333 0.3701388888888889 0.26588541666666665 0.37199074074074073 0.26653645833333334 0.3736111111111111 0.26796875 0.3761574074074074 0.2688802083333333 0.3773148148148148 0.26861979166666666 0.37916666666666665 0.2674479166666667 0.3803240740740741 0.26614583333333336 0.38263888888888886 0.26588541666666665 0.38263888888888886 0.26471354166666666 0.38472222222222224 0.26419270833333336 0.38657407407407407 0.26393229166666665 0.3888888888888889 0.26393229166666665 0.4 0.26341145833333335 0.40185185185185185 0.26223958333333336 0.4039351851851852 0.2609375 0.4048611111111111 0.2596354166666667 0.4048611111111111 0.259375 0.40532407407407406
1 0.20989583333333334 0.39583333333333337 0.02682291666666667 0.03564814814814815 0.21328125 0.4136574074074074 0.20755208333333333 0.4136574074074074 0.20729166666666668 0.4131944444444444 0.20494791666666667 0.4131944444444444 0.2015625 0.41041666666666665 0.20026041666666666 0.4081018518518518 0.2 0.4081018518518518 0.19908854166666667 0.4060185185185185 0.19752604166666668 0.40324074074074073 0.196484375 0.4 0.196484375 0.3962962962962963 0.19674479166666667 0.3958333333333333 0.19674479166666667 0.39351851851851855 0.19752604166666668 0.3902777777777778 0.198046875 0.3888888888888889 0.20052083333333334 0.38449074074074074 0.20234375 0.38310185185185186 0.2046875 0.38078703703703703 0.20677083333333332 0.3798611111111111 0.20755208333333333 0.3789351851851852 0.20859375 0.3784722222222222 0.21041666666666667 0.3784722222222222 0.21067708333333332 0.37800925925925927 0.21484375 0.37800925925925927 0.21510416666666668 0.3784722222222222 0.21744791666666666 0.37939814814814815 0.21848958333333332 0.3803240740740741 0.22135416666666666 0.3840277777777778 0.221875 0.3840277777777778 0.22330729166666666 0.3861111111111111 0.223046875 0.38842592592592595 0.22252604166666667 0.38981481481481484 0.222265625 0.39166666666666666 0.22096354166666668 0.3939814814814815 0.22018229166666667 0.3962962962962963 0.21861979166666667 0.3990740740740741 0.21731770833333333 0.4027777777777778 0.216796875 0.40555555555555556 0.21653645833333332 0.4097222222222222 0.216015625 0.41203703703703703 0.21458333333333332 0.4131944444444444 0.21328125 0.4136574074074074
1 0.23854166666666665 0.4652777777777778 0.03151041666666665 0.04212962962962963 0.24296875 0.4863425925925926 0.23854166666666668 0.4863425925925926 0.23828125 0.4858796296296296 0.23671875 0.4858796296296296 0.23541666666666666 0.48541666666666666 0.23359375 0.4840277777777778 0.2328125 0.4840277777777778 0.23125 0.4826388888888889 0.22916666666666666 0.48125 0.226953125 0.4773148148148148 0.226953125 0.47685185185185186 0.22565104166666666 0.47453703703703703 0.22565104166666666 0.4740740740740741 0.22408854166666667 0.4708333333333333 0.223046875 0.4675925925925926 0.223046875 0.4652777777777778 0.22278645833333333 0.4648148148148148 0.22278645833333333 0.4615740740740741 0.223046875 0.4597222222222222 0.223828125 0.45787037037037037 0.225390625 0.4550925925925926 0.226171875 0.4527777777777778 0.22760416666666666 0.45023148148148145 0.22994791666666667 0.4474537037037037 0.23203125 0.44560185185185186 0.23307291666666666 0.44513888888888886 0.234375 0.44513888888888886 0.23463541666666668 0.4446759259259259 0.23854166666666668 0.4446759259259259 0.23984375 0.444212962962963 0.24010416666666667 0.4446759259259259 0.24140625 0.4446759259259259 0.24348958333333334 0.4460648148148148 0.24453125 0.4460648148148148 0.24583333333333332 0.44699074074074074 0.24921875 0.44837962962962963 0.25104166666666666 0.45023148148148145 0.25299479166666666 0.4537037037037037 0.254296875 0.4597222222222222 0.254296875 0.4666666666666667 0.2540364583333333 0.4689814814814815 0.2532552083333333 0.47175925925925927 0.2532552083333333 0.4726851851851852 0.25221354166666665 0.4759259259259259 0.2506510416666667 0.4787037037037037 0.2506510416666667 0.4791666666666667 0.24921875 0.48171296296296295 0.24661458333333333 0.4844907407407407 0.24609375 0.4844907407407407 0.24453125 0.4858796296296296 0.24322916666666666 0.4858796296296296 0.24296875 0.4863425925925926
2 0.23046875 0.3631944444444445 0.03359374999999998 0.04259259259259257 0.23333333333333334 0.38449074074074074 0.23046875 0.38449074074074074 0.23020833333333332 0.3840277777777778 0.22734375 0.3840277777777778 0.22578125 0.38310185185185186 0.22473958333333333 0.38310185185185186 0.22317708333333333 0.3821759259259259 0.22239583333333332 0.38125 0.21927083333333333 0.3789351851851852 0.21783854166666666 0.3763888888888889 0.21705729166666668 0.3731481481481482 0.216796875 0.37037037037037035 0.216015625 0.3680555555555556 0.21575520833333334 0.3662037037037037 0.21471354166666667 0.36342592592592593 0.213671875 0.35833333333333334 0.213671875 0.35648148148148145 0.21497395833333333 0.35138888888888886 0.21692708333333333 0.34791666666666665 0.21953125 0.3460648148148148 0.22161458333333334 0.34421296296296294 0.22239583333333332 0.34421296296296294 0.2234375 0.34328703703703706 0.22552083333333334 0.3423611111111111 0.22682291666666668 0.3423611111111111 0.22708333333333333 0.3418981481481482 0.23177083333333334 0.3418981481481482 0.23307291666666666 0.3423611111111111 0.23411458333333332 0.34328703703703706 0.23619791666666667 0.34421296296296294 0.23854166666666668 0.34652777777777777 0.24088541666666666 0.3502314814814815 0.24192708333333332 0.3511574074074074 0.24479166666666666 0.35625 0.24557291666666667 0.35671296296296295 0.24700520833333334 0.3587962962962963 0.24700520833333334 0.36203703703703705 0.247265625 0.3638888888888889 0.246484375 0.36666666666666664 0.245703125 0.3685185185185185 0.24388020833333332 0.37175925925925923 0.24283854166666666 0.37453703703703706 0.24153645833333334 0.3768518518518518 0.24049479166666668 0.37916666666666665 0.23997395833333332 0.38101851851851853 0.23880208333333333 0.38263888888888886 0.2375 0.3835648148148148 0.23619791666666667 0.3840277777777778 0.23359375 0.3840277777777778 0.23333333333333334 0.38449074074074074
2 0.23307291666666666 0.40740740740740744 0.03411458333333334 0.04490740740740745 0.23802083333333332 0.42986111111111114 0.234375 0.42986111111111114 0.23411458333333332 0.42939814814814814 0.23229166666666667 0.42939814814814814 0.23203125 0.4289351851851852 0.23020833333333332 0.4289351851851852 0.228125 0.42800925925925926 0.22578125 0.4252314814814815 0.22486979166666668 0.42314814814814816 0.22291666666666668 0.41967592592592595 0.22213541666666667 0.41921296296296295 0.21979166666666666 0.4164351851851852 0.21822916666666667 0.4150462962962963 0.21653645833333332 0.41203703703703703 0.21627604166666667 0.41064814814814815 0.21627604166666667 0.4078703703703704 0.216015625 0.4074074074074074 0.21627604166666667 0.4041666666666667 0.21744791666666666 0.4011574074074074 0.21822916666666667 0.40023148148148147 0.22005208333333334 0.3988425925925926 0.221484375 0.3962962962962963 0.221484375 0.3958333333333333 0.22278645833333333 0.39351851851851855 0.223828125 0.3907407407407407 0.22408854166666667 0.38935185185185184 0.22526041666666666 0.3872685185185185 0.22682291666666668 0.38587962962962963 0.228125 0.38587962962962963 0.22838541666666667 0.3854166666666667 0.22994791666666667 0.3854166666666667 0.23020833333333332 0.3849537037037037 0.23619791666666667 0.3849537037037037 0.23828125 0.38634259259259257 0.2390625 0.38634259259259257 0.240625 0.3872685185185185 0.2421875 0.3891203703703704 0.24296875 0.38958333333333334 0.24557291666666667 0.39282407407407405 0.247265625 0.3962962962962963 0.24778645833333332 0.3976851851851852 0.24986979166666667 0.4050925925925926 0.2501302083333333 0.40694444444444444 0.2501302083333333 0.412962962962963 0.249609375 0.41574074074074074 0.248828125 0.4185185185185185 0.24739583333333334 0.4215277777777778 0.24713541666666666 0.4215277777777778 0.24427083333333333 0.42662037037037037 0.24270833333333333 0.42800925925925926 0.24010416666666667 0.42939814814814814 0.23828125 0.42939814814814814 0.23802083333333332 0.42986111111111114
2 0.21015625 0.4377314814814815 0.03619791666666666 0.04814814814814816 0.21614583333333334 0.4618055555555556 0.21119791666666668 0.4618055555555556 0.2109375 0.4613425925925926 0.20911458333333333 0.4613425925925926 0.20885416666666667 0.46087962962962964 0.20703125 0.46041666666666664 0.20598958333333334 0.45949074074074076 0.20520833333333333 0.45949074074074076 0.20364583333333333 0.4585648148148148 0.19895833333333332 0.45393518518518516 0.19856770833333334 0.4527777777777778 0.196484375 0.44907407407407407 0.196484375 0.4486111111111111 0.194921875 0.4449074074074074 0.19466145833333334 0.44351851851851853 0.19361979166666668 0.4412037037037037 0.192578125 0.4375 0.19205729166666666 0.43472222222222223 0.19205729166666666 0.42962962962962964 0.19231770833333334 0.4273148148148148 0.193359375 0.4236111111111111 0.19505208333333332 0.42060185185185184 0.19895833333333332 0.41689814814814813 0.20182291666666666 0.41458333333333336 0.20364583333333333 0.41458333333333336 0.20390625 0.41412037037037036 0.20651041666666667 0.41412037037037036 0.20677083333333332 0.4136574074074074 0.21302083333333333 0.4136574074074074 0.21328125 0.41412037037037036 0.21510416666666668 0.41458333333333336 0.21666666666666667 0.41550925925925924 0.22083333333333333 0.41921296296296295 0.22213541666666667 0.42060185185185184 0.22434895833333332 0.42453703703703705 0.22486979166666668 0.4263888888888889 0.22565104166666666 0.42777777777777776 0.22591145833333334 0.42916666666666664 0.22669270833333333 0.4310185185185185 0.22721354166666666 0.43333333333333335 0.22721354166666666 0.43472222222222223 0.22825520833333332 0.4393518518518518 0.22825520833333332 0.44212962962962965 0.22721354166666666 0.44675925925925924 0.224609375 0.4513888888888889 0.223828125 0.4537037037037037 0.22135416666666666 0.45810185185185187 0.22005208333333334 0.45949074074074076 0.21901041666666668 0.4599537037037037 0.21744791666666666 0.4613425925925926 0.21614583333333334 0.4618055555555556
2 0.279296875 0.3974537037037037 0.030729166666666696 0.045370370370370394 0.2838541666666667 0.4201388888888889 0.278125 0.4201388888888889 0.27786458333333336 0.41967592592592595 0.2755208333333333 0.41921296296296295 0.2752604166666667 0.41875 0.27317708333333335 0.4173611111111111 0.26953125 0.41412037037037036 0.26875 0.4131944444444444 0.26731770833333335 0.41064814814814815 0.266796875 0.40879629629629627 0.266015625 0.4074074074074074 0.26471354166666666 0.40324074074074073 0.264453125 0.4009259259259259 0.26393229166666665 0.3990740740740741 0.26393229166666665 0.3912037037037037 0.26419270833333336 0.3907407407407407 0.2649739583333333 0.38564814814814813 0.2654947916666667 0.38425925925925924 0.2677083333333333 0.3803240740740741 0.26901041666666664 0.3789351851851852 0.26979166666666665 0.37754629629629627 0.27265625 0.3752314814814815 0.27395833333333336 0.3747685185185185 0.27890625 0.3747685185185185 0.2791666666666667 0.3752314814814815 0.28046875 0.3752314814814815 0.2828125 0.3761574074074074 0.2859375 0.3784722222222222 0.2875 0.37939814814814815 0.28932291666666665 0.3821759259259259 0.28958333333333336 0.3821759259259259 0.29127604166666665 0.3851851851851852 0.292578125 0.3888888888888889 0.293359375 0.3902777777777778 0.294140625 0.39305555555555555 0.29440104166666664 0.39537037037037037 0.29440104166666664 0.3976851851851852 0.29466145833333335 0.39814814814814814 0.29466145833333335 0.40046296296296297 0.29440104166666664 0.4009259259259259 0.29440104166666664 0.40370370370370373 0.294140625 0.40555555555555556 0.293359375 0.40879629629629627 0.292578125 0.4111111111111111 0.2911458333333333 0.41412037037037036 0.28854166666666664 0.4173611111111111 0.28619791666666666 0.41921296296296295 0.28515625 0.41921296296296295 0.2838541666666667 0.4201388888888889
3 0.2615885416666667 0.5159722222222222 0.1942708333333333 0.2444444444444444 0.30520833333333336 0.6381944444444444 0.3028645833333333 0.6381944444444444 0.3015625 0.6377314814814815 0.2994791666666667 0.6363425925925926 0.2986979166666667 0.6363425925925926 0.29635416666666664 0.6340277777777777 0.2955729166666667 0.6335648148148149 0.29296875 0.63125 0.29010416666666666 0.6284722222222222 0.28854166666666664 0.6261574074074074 0.2864583333333333 0.6247685185185186 0.28463541666666664 0.6229166666666667 0.2830729166666667 0.6219907407407408 0.28151041666666665 0.6206018518518519 0.2799479166666667 0.61875 0.27786458333333336 0.6173611111111111 0.27682291666666664 0.6159722222222223 0.27630208333333334 0.6159722222222223 0.2752604166666667 0.6145833333333334 0.27395833333333336 0.6136574074074074 0.27265625 0.6118055555555556 0.27109375 0.6108796296296296 0.26901041666666664 0.6090277777777777 0.2677083333333333 0.6085648148148148 0.26614583333333336 0.607175925925926 0.26484375 0.6053240740740741 0.26276041666666666 0.6034722222222222 0.26067708333333334 0.6020833333333333 0.25885416666666666 0.6002314814814815 0.25755208333333335 0.5983796296296297 0.2559895833333333 0.5974537037037037 0.2546875 0.5960648148148148 0.25338541666666664 0.5951388888888889 0.2520833333333333 0.5946759259259259 0.246875 0.5900462962962963 0.24635416666666668 0.5891203703703703 0.24244791666666668 0.5858796296296296 0.24192708333333332 0.5849537037037037 0.24036458333333333 0.5835648148148148 0.23984375 0.5835648148148148 0.23776041666666667 0.5817129629629629 0.2359375 0.580787037037037 0.23463541666666668 0.5793981481481482 0.23203125 0.5770833333333333 0.23151041666666666 0.5761574074074074 0.22942708333333334 0.5743055555555555 0.22890625 0.5743055555555555 0.22734375 0.5729166666666666 0.22682291666666668 0.5719907407407407 0.2234375 0.569212962962963 0.22161458333333334 0.5682870370370371 0.2171875 0.5650462962962963 0.21614583333333334 0.5636574074074074 0.21484375 0.5613425925925926 0.21354166666666666 0.5599537037037037 0.210546875 0.5546296296296296 0.208203125 0.5481481481481482 0.20690104166666667 0.5458333333333333 0.20690104166666667 0.5453703703703704 0.20299479166666667 0.538425925925926 0.201953125 0.5356481481481481 0.20091145833333332 0.5337962962962963 0.19986979166666666 0.5310185185185186 0.197265625 0.5263888888888889 0.19518229166666667 0.5212962962962963 0.194921875 0.5199074074074074 0.19388020833333333 0.5175925925925926 0.193359375 0.5157407407407407 0.19205729166666666 0.513425925925926 0.191015625 0.5111111111111111 0.18997395833333333 0.5078703703703704 0.18658854166666666 0.5 0.18658854166666666 0.49953703703703706 0.18502604166666667 0.4962962962962963 0.18450520833333334 0.49444444444444446 0.18268229166666666 0.49027777777777776 0.18111979166666667 0.4875 0.18111979166666667 0.48703703703703705 0.179296875 0.4837962962962963 0.178515625 0.48194444444444445 0.17825520833333333 0.48055555555555557 0.176953125 0.4773148148148148 0.17513020833333334 0.4740740740740741 0.17434895833333333 0.4722222222222222 0.17330729166666667 0.4689814814814815 0.17174479166666667 0.46574074074074073 0.17018229166666668 0.46064814814814814 0.16653645833333333 0.45416666666666666 0.165234375 0.45092592592592595 0.164453125 0.44814814814814813 0.164453125 0.44583333333333336 0.16471354166666666 0.44537037037037036 0.16497395833333334 0.44166666666666665 0.16614583333333333 0.4395833333333333 0.1671875 0.4386574074074074 0.16927083333333334 0.4354166666666667 0.17083333333333334 0.4340277777777778 0.171875 0.4326388888888889 0.17552083333333332 0.42615740740740743 0.17578125 0.42615740740740743 0.17734375 0.4238425925925926 0.17994791666666668 0.4215277777777778 0.18046875 0.4215277777777778 0.18177083333333333 0.4201388888888889 0.1828125 0.41967592592592595 0.18515625 0.4164351851851852 0.18671875 0.4150462962962963 0.18854166666666666 0.41226851851851853 0.1921875 0.4099537037037037 0.19270833333333334 0.40902777777777777 0.19427083333333334 0.40902777777777777 0.19700520833333332 0.41203703703703703 0.19700520833333332 0.41388888888888886 0.1953125 0.4164351851851852 0.19348958333333333 0.418287037037037 0.19231770833333334 0.4203703703703704 0.191796875 0.4236111111111111 0.19153645833333333 0.42407407407407405 0.19127604166666667 0.42685185185185187 0.18971354166666668 0.43333333333333335 0.190234375 0.43657407407407406 0.19153645833333333 0.44074074074074077 0.19309895833333332 0.44351851851851853 0.194140625 0.4462962962962963 0.19596354166666666 0.449537037037037 0.19596354166666666 0.45 0.19895833333333332 0.45532407407407405 0.2 0.456712962962963 0.20182291666666666 0.4585648148148148 0.20234375 0.4585648148148148 0.20416666666666666 0.4599537037037037 0.20651041666666667 0.46087962962962964 0.20677083333333332 0.4613425925925926 0.20989583333333334 0.46273148148148147 0.21119791666666668 0.46412037037037035 0.21276041666666667 0.4650462962962963 0.21432291666666667 0.4650462962962963 0.21458333333333332 0.46458333333333335 0.21744791666666666 0.46458333333333335 0.21875 0.4650462962962963 0.22083333333333333 0.4664351851851852 0.22161458333333334 0.46782407407407406 0.22317708333333333 0.46921296296296294 0.225390625 0.47314814814814815 0.22565104166666666 0.47453703703703703 0.22643229166666667 0.47638888888888886 0.22890625 0.480787037037037 0.23046875 0.48217592592592595 0.23098958333333333 0.48310185185185184 0.23307291666666666 0.4844907407407407 0.23541666666666666 0.4844907407407407 0.23567708333333334 0.4849537037037037 0.23802083333333332 0.4849537037037037 0.23828125 0.48541666666666666 0.24479166666666666 0.48541666666666666 0.24661458333333333 0.4840277777777778 0.24713541666666666 0.4840277777777778 0.24817708333333333 0.4826388888888889 0.24895833333333334 0.48217592592592595 0.25091145833333334 0.4787037037037037 0.251953125 0.47638888888888886 0.25299479166666666 0.47314814814814815 0.253515625 0.46805555555555556 0.2537760416666667 0.4675925925925926 0.2537760416666667 0.46064814814814814 0.2532552083333333 0.4587962962962963 0.2520833333333333 0.45717592592592593 0.25091145833333334 0.4550925925925926 0.250390625 0.45231481481481484 0.250390625 0.45 0.2501302083333333 0.4486111111111111 0.24895833333333334 0.4465277777777778 0.24609375 0.44513888888888886 0.24479166666666666 0.444212962962963 0.24296875 0.44375 0.24270833333333333 0.44328703703703703 0.24140625 0.44328703703703703 0.24010416666666667 0.4428240740740741 0.23880208333333333 0.44189814814814815 0.23815104166666667 0.44027777777777777 0.23815104166666667 0.4393518518518518 0.23893229166666666 0.43657407407407406 0.23984375 0.43449074074074073 0.24348958333333334 0.4321759259259259 0.24583333333333332 0.42986111111111114 0.24739583333333334 0.4270833333333333 0.24895833333333334 0.4252314814814815 0.2506510416666667 0.4222222222222222 0.25091145833333334 0.42083333333333334 0.25169270833333335 0.41898148148148145 0.253515625 0.41574074074074074 0.254296875 0.4134259259259259 0.25546875 0.4113425925925926 0.2559895833333333 0.41087962962962965 0.259375 0.41087962962962965 0.26067708333333334 0.41041666666666665 0.26197916666666665 0.40949074074074077 0.2638020833333333 0.40949074074074077 0.2643229166666667 0.4099537037037037 0.26640625 0.4136574074074074 0.26875 0.41597222222222224 0.27057291666666666 0.41689814814814813 0.271875 0.418287037037037 0.27578125 0.42106481481481484 0.27708333333333335 0.4215277777777778 0.2786458333333333 0.4215277777777778 0.27890625 0.4219907407407407 0.2830729166666667 0.4219907407407407 0.2833333333333333 0.4215277777777778 0.28567708333333336 0.42106481481481484 0.2872395833333333 0.4201388888888889 0.2890625 0.418287037037037 0.2921875 0.41597222222222224 0.29348958333333336 0.41458333333333336 0.29453125 0.41412037037037036 0.295703125 0.4115740740740741 0.29596354166666666 0.40925925925925927 0.29596354166666666 0.4046296296296296 0.295703125 0.4041666666666667 0.295703125 0.40185185185185185 0.29544270833333336 0.4013888888888889 0.29544270833333336 0.39814814814814814 0.295703125 0.39675925925925926 0.296875 0.39467592592592593 0.2981770833333333 0.39375 0.29921875 0.39375 0.30052083333333335 0.39467592592592593 0.3015625 0.39467592592592593 0.3028645833333333 0.39560185185185187 0.30572916666666666 0.39699074074074076 0.30755208333333334 0.3988425925925926 0.30885416666666665 0.3997685185185185 0.309375 0.40069444444444446 0.3111979166666667 0.40162037037037035 0.31302083333333336 0.40300925925925923 0.3138020833333333 0.40300925925925923 0.31614583333333335 0.4048611111111111 0.31666666666666665 0.4048611111111111 0.3184895833333333 0.40671296296296294 0.32135416666666666 0.4085648148148148 0.32369791666666664 0.40949074074074077 0.32578125 0.4113425925925926 0.32708333333333334 0.41180555555555554 0.3307291666666667 0.41458333333333336 0.3333333333333333 0.41689814814814813 0.335546875 0.42083333333333334 0.3365885416666667 0.425462962962963 0.3365885416666667 0.4305555555555556 0.336328125 0.4310185185185185 0.336328125 0.43472222222222223 0.337890625 0.44305555555555554 0.338671875 0.44537037037037036 0.33893229166666666 0.44722222222222224 0.339453125 0.4486111111111111 0.34075520833333334 0.45092592592592595 0.34075520833333334 0.4513888888888889 0.34283854166666666 0.4550925925925926 0.3438802083333333 0.4583333333333333 0.34544270833333335 0.46435185185185185 0.346484375 0.4699074074074074 0.3470052083333333 0.4708333333333333 0.3475260416666667 0.4736111111111111 0.348046875 0.475 0.3483072916666667 0.4773148148148148 0.348828125 0.4787037037037037 0.34934895833333335 0.48194444444444445 0.35013020833333336 0.4842592592592593 0.351171875 0.48842592592592593 0.3514322916666667 0.49166666666666664 0.3522135416666667 0.49722222222222223 0.352734375 0.49907407407407406 0.35299479166666664 0.5013888888888889 0.354296875 0.5064814814814815 0.354296875 0.5078703703703704 0.3553385416666667 0.5120370370370371 0.356640625 0.5162037037037037 0.356640625 0.5175925925925926 0.35716145833333335 0.5199074074074074 0.35768229166666665 0.525 0.358203125 0.5263888888888889 0.35846354166666666 0.5291666666666667 0.3587239583333333 0.5296296296296297 0.3587239583333333 0.5328703703703703 0.35794270833333336 0.5375 0.3548177083333333 0.5430555555555555 0.35377604166666665 0.5458333333333333 0.3522135416666667 0.5486111111111112 0.3522135416666667 0.549074074074074 0.3509114583333333 0.5513888888888889 0.3509114583333333 0.5518518518518518 0.3475260416666667 0.5578703703703703 0.3470052083333333 0.5597222222222222 0.34596354166666665 0.562037037037037 0.3424479166666667 0.5682870370370371 0.34088541666666666 0.5701388888888889 0.337890625 0.575462962962963 0.337890625 0.575925925925926 0.334375 0.5821759259259259 0.3341145833333333 0.5821759259259259 0.332421875 0.5851851851851851 0.332421875 0.5856481481481481 0.33111979166666666 0.5879629629629629 0.33111979166666666 0.5884259259259259 0.32981770833333335 0.5907407407407408 0.326953125 0.5972222222222222 0.32669270833333336 0.5986111111111111 0.32591145833333335 0.6 0.325390625 0.6018518518518519 0.32330729166666666 0.6060185185185185 0.32278645833333336 0.6078703703703704 0.32200520833333335 0.6092592592592593 0.321484375 0.6111111111111112 0.3196614583333333 0.6148148148148148 0.3196614583333333 0.6152777777777778 0.3184895833333333 0.6168981481481481 0.3170572916666667 0.6194444444444445 0.314453125 0.625462962962963 0.3131510416666667 0.6291666666666667 0.31015625 0.6344907407407407 0.3067708333333333 0.6377314814814815 0.30546875 0.6377314814814815 0.30520833333333336 0.6381944444444444
0 0.053515625 0.6194444444444445 0.04479166666666667 0.056944444444444464 0.05651041666666667 0.6479166666666667 0.054427083333333334 0.6479166666666667 0.05416666666666667 0.6474537037037037 0.05130208333333333 0.6474537037037037 0.051041666666666666 0.6469907407407407 0.04973958333333333 0.6469907407407407 0.049479166666666664 0.6465277777777778 0.04739583333333333 0.6460648148148148 0.04635416666666667 0.6451388888888889 0.04505208333333333 0.6446759259259259 0.04375 0.643287037037037 0.042578125 0.6412037037037037 0.04049479166666667 0.6351851851851852 0.03893229166666667 0.6319444444444444 0.03893229166666667 0.6314814814814815 0.036458333333333336 0.6270833333333333 0.03515625 0.6256944444444444 0.032942708333333334 0.6217592592592592 0.032421875 0.6203703703703703 0.03138020833333333 0.6148148148148148 0.03138020833333333 0.6111111111111112 0.031119791666666667 0.6106481481481482 0.031119791666666667 0.6083333333333333 0.032552083333333336 0.6057870370370371 0.03411458333333333 0.6043981481481482 0.03671875 0.5997685185185185 0.038802083333333334 0.5979166666666667 0.04010416666666667 0.5960648148148148 0.04140625 0.5946759259259259 0.04192708333333333 0.5946759259259259 0.044270833333333336 0.5923611111111111 0.046614583333333334 0.5914351851851852 0.04791666666666667 0.5914351851851852 0.048177083333333336 0.5909722222222222 0.050520833333333334 0.5909722222222222 0.05078125 0.5914351851851852 0.05286458333333333 0.5914351851851852 0.055989583333333336 0.59375 0.057291666666666664 0.594212962962963 0.05911458333333333 0.5956018518518519 0.06197916666666667 0.5969907407407408 0.06276041666666667 0.5979166666666667 0.06510416666666667 0.5993055555555555 0.06666666666666667 0.6016203703703704 0.06770833333333333 0.6025462962962963 0.06901041666666667 0.6043981481481482 0.07083333333333333 0.60625 0.07265625 0.6090277777777777 0.07369791666666667 0.6099537037037037 0.07513020833333334 0.6125 0.07591145833333333 0.6148148148148148 0.07591145833333333 0.6222222222222222 0.07486979166666667 0.6273148148148148 0.07252604166666667 0.6324074074074074 0.07252604166666667 0.6328703703703704 0.06953125 0.6381944444444444 0.06822916666666666 0.6395833333333333 0.06588541666666667 0.642824074074074 0.06380208333333333 0.6442129629629629 0.06171875 0.6460648148148148 0.05859375 0.6474537037037037 0.05677083333333333 0.6474537037037037 0.05651041666666667 0.6479166666666667
0 0.013606770833333334 0.6314814814814815 0.027213541666666667 0.05787037037037035 0.0 0.6025462962962963 0.0026041666666666665 0.6025462962962963 0.002864583333333333 0.6030092592592593 0.005208333333333333 0.6030092592592593 0.006510416666666667 0.6039351851851852 0.0078125 0.6053240740740741 0.009895833333333333 0.60625 0.010677083333333334 0.607175925925926 0.01328125 0.6081018518518518 0.015104166666666667 0.6104166666666667 0.017447916666666667 0.6122685185185185 0.018229166666666668 0.6131944444444445 0.023177083333333334 0.6219907407407408 0.0234375 0.6219907407407408 0.026432291666666666 0.6273148148148148 0.026953125 0.6291666666666667 0.026953125 0.6319444444444444 0.027213541666666667 0.6324074074074074 0.027213541666666667 0.6361111111111111 0.026171875 0.6393518518518518 0.025651041666666666 0.6416666666666667 0.024609375 0.6444444444444445 0.023828125 0.6458333333333334 0.023307291666666667 0.6476851851851851 0.021614583333333333 0.6506944444444445 0.021354166666666667 0.6506944444444445 0.01875 0.6539351851851852 0.016666666666666666 0.6571759259259259 0.015364583333333333 0.6581018518518519 0.014322916666666666 0.6594907407407408 0.0125 0.6599537037037037 0.012239583333333333 0.6604166666666667 0.00546875 0.6604166666666667 0.005208333333333333 0.6599537037037037 0.0036458333333333334 0.6599537037037037 0.0015625 0.6585648148148148 0.0 0.6585648148148148
0 0.007096354166666667 0.69375 0.014192708333333333 0.04629629629629628 0.0 0.6706018518518518 0.0020833333333333333 0.6706018518518518 0.0036458333333333334 0.6715277777777777 0.005729166666666666 0.6733796296296296 0.009895833333333333 0.6766203703703704 0.011458333333333333 0.6784722222222223 0.012890625 0.6810185185185185 0.013932291666666667 0.6837962962962963 0.014192708333333333 0.6861111111111111 0.014192708333333333 0.6916666666666667 0.012890625 0.6967592592592593 0.011588541666666667 0.6995370370370371 0.010026041666666667 0.7041666666666667 0.006510416666666667 0.7104166666666667 0.00625 0.7104166666666667 0.0020833333333333333 0.7164351851851852 0.0013020833333333333 0.7168981481481481 0.0 0.7168981481481481
12 0.10735677083333334 0.8034722222222221 0.21471354166666667 0.2833333333333333 0.0 0.9155092592592593 0.00234375 0.9155092592592593 0.0033854166666666668 0.9145833333333333 0.0046875 0.9145833333333333 0.0049479166666666664 0.9141203703703704 0.00703125 0.9141203703703704 0.007291666666666667 0.9136574074074074 0.008854166666666666 0.9136574074074074 0.009114583333333334 0.9131944444444444 0.0109375 0.9131944444444444 0.011197916666666667 0.9127314814814815 0.012760416666666666 0.9127314814814815 0.013020833333333334 0.9122685185185185 0.014322916666666666 0.9122685185185185 0.015625 0.9113425925925925 0.01796875 0.9108796296296297 0.019270833333333334 0.9099537037037037 0.020052083333333335 0.9099537037037037 0.021354166666666667 0.9090277777777778 0.022395833333333334 0.9090277777777778 0.023697916666666666 0.9081018518518519 0.025 0.9076388888888889 0.026302083333333334 0.9076388888888889 0.027604166666666666 0.9071759259259259 0.02890625 0.90625 0.0296875 0.90625 0.03046875 0.9053240740740741 0.03229166666666667 0.9043981481481481 0.03333333333333333 0.9043981481481481 0.03463541666666667 0.9034722222222222 0.03802083333333333 0.9020833333333333 0.0390625 0.9020833333333333 0.040625 0.9011574074074075 0.04192708333333333 0.9011574074074075 0.0421875 0.9006944444444445 0.04348958333333333 0.9006944444444445 0.04375 0.9002314814814815 0.04505208333333333 0.9002314814814815 0.04609375 0.8993055555555556 0.05130208333333333 0.8969907407407407 0.05234375 0.8969907407407407 0.05572916666666667 0.8951388888888889 0.05807291666666667 0.8946759259259259 0.058333333333333334 0.8942129629629629 0.05963541666666667 0.8942129629629629 0.059895833333333336 0.89375 0.061197916666666664 0.89375 0.06145833333333333 0.893287037037037 0.06302083333333333 0.893287037037037 0.065625 0.8918981481481482 0.06822916666666666 0.8895833333333333 0.0703125 0.8891203703703704 0.07317708333333334 0.8877314814814815 0.07421875 0.8877314814814815 0.07578125 0.8868055555555555 0.07708333333333334 0.8868055555555555 0.07734375 0.8863425925925926 0.07890625 0.8863425925925926 0.08046875 0.8854166666666666 0.08177083333333333 0.8854166666666666 0.08203125 0.8849537037037037 0.08333333333333333 0.8849537037037037 0.08359375 0.8844907407407407 0.08541666666666667 0.8840277777777777 0.08645833333333333 0.8831018518518519 0.08880208333333334 0.882175925925926 0.09114583333333333 0.881712962962963 0.0921875 0.88125 0.09401041666666667 0.8798611111111111 0.09479166666666666 0.8798611111111111 0.09713541666666667 0.8784722222222222 0.09895833333333333 0.8780092592592592 0.09921875 0.8775462962962963 0.1015625 0.8770833333333333 0.10286458333333333 0.8761574074074074 0.10651041666666666 0.8752314814814814 0.10755208333333334 0.8743055555555556 0.11067708333333333 0.8729166666666667 0.11223958333333334 0.8719907407407408 0.11328125 0.8719907407407408 0.11484375 0.8710648148148148 0.11588541666666667 0.8710648148148148 0.1171875 0.8701388888888889 0.11822916666666666 0.8701388888888889 0.11953125 0.8692129629629629 0.12057291666666667 0.8692129629629629 0.12291666666666666 0.867824074074074 0.12734375 0.8664351851851851 0.12864583333333332 0.8655092592592593 0.1296875 0.8655092592592593 0.13072916666666667 0.8645833333333334 0.13151041666666666 0.8645833333333334 0.1328125 0.8636574074074074 0.13359375 0.8636574074074074 0.13463541666666667 0.8627314814814815 0.1359375 0.8622685185185185 0.13776041666666666 0.8608796296296296 0.13854166666666667 0.8608796296296296 0.13984375 0.8599537037037037 0.14088541666666668 0.8599537037037037 0.1421875 0.8590277777777777 0.14348958333333334 0.8590277777777777 0.14375 0.8585648148148148 0.14505208333333333 0.8585648148148148 0.14661458333333333 0.8576388888888888 0.14895833333333333 0.857175925925926 0.15026041666666667 0.85625 0.15130208333333334 0.85625 0.15260416666666668 0.8553240740740741 0.15364583333333334 0.8553240740740741 0.15546875 0.8539351851851852 0.15729166666666666 0.8534722222222222 0.15859375 0.8525462962962963 0.15963541666666667 0.8525462962962963 0.16119791666666666 0.8516203703703704 0.1625 0.8516203703703704 0.16276041666666666 0.8511574074074074 0.16510416666666666 0.8506944444444444 0.1671875 0.8493055555555555 0.16796875 0.8493055555555555 0.16901041666666666 0.8483796296296297 0.17083333333333334 0.8479166666666667 0.17265625 0.8465277777777778 0.17408854166666668 0.8439814814814814 0.17434895833333333 0.8425925925925926 0.17513020833333334 0.8412037037037037 0.176953125 0.8361111111111111 0.17747395833333332 0.8333333333333334 0.177734375 0.8300925925925926 0.17825520833333333 0.8282407407407407 0.17877604166666666 0.8240740740740741 0.17877604166666666 0.8222222222222222 0.179296875 0.8199074074074074 0.180078125 0.8143518518518519 0.180078125 0.812962962962963 0.18059895833333334 0.8106481481481481 0.180859375 0.8083333333333333 0.180859375 0.8050925925925926 0.181640625 0.8009259259259259 0.18216145833333333 0.7953703703703704 0.182421875 0.7949074074074074 0.182421875 0.7907407407407407 0.18268229166666666 0.7902777777777777 0.18268229166666666 0.7861111111111111 0.18294270833333334 0.7856481481481481 0.18294270833333334 0.7828703703703703 0.183203125 0.7824074074074074 0.183203125 0.7796296296296297 0.18346354166666667 0.7791666666666667 0.18346354166666667 0.7768518518518519 0.18372395833333333 0.7763888888888889 0.18372395833333333 0.7736111111111111 0.183984375 0.7731481481481481 0.183984375 0.7708333333333334 0.18424479166666666 0.7703703703703704 0.18424479166666666 0.7680555555555556 0.18450520833333334 0.7657407407407407 0.185546875 0.7597222222222222 0.18580729166666668 0.7574074074074074 0.18580729166666668 0.7550925925925925 0.18606770833333333 0.7546296296296297 0.18606770833333333 0.7518518518518519 0.186328125 0.7513888888888889 0.186328125 0.7486111111111111 0.18658854166666666 0.7481481481481481 0.18658854166666666 0.7453703703703703 0.18684895833333334 0.7449074074074075 0.18684895833333334 0.7425925925925926 0.187109375 0.7421296296296296 0.187109375 0.7398148148148148 0.18763020833333333 0.737037037037037 0.18815104166666666 0.7314814814814815 0.188671875 0.7287037037037037 0.18893229166666667 0.7245370370370371 0.18919270833333332 0.7240740740740741 0.18919270833333332 0.7208333333333333 0.189453125 0.7203703703703703 0.189453125 0.7180555555555556 0.18997395833333333 0.7162037037037037 0.190234375 0.712037037037037 0.19075520833333334 0.7097222222222223 0.191015625 0.7055555555555556 0.19127604166666667 0.7050925925925926 0.19127604166666667 0.7027777777777777 0.19153645833333333 0.700462962962963 0.19205729166666666 0.6981481481481482 0.19205729166666666 0.6962962962962963 0.192578125 0.6935185185185185 0.192578125 0.6912037037037037 0.19309895833333332 0.6884259259259259 0.19309895833333332 0.6856481481481481 0.193359375 0.6851851851851852 0.193359375 0.6828703703703703 0.194140625 0.6777777777777778 0.194140625 0.6689814814814815 0.19388020833333333 0.6685185185185185 0.19388020833333333 0.6643518518518519 0.19361979166666668 0.6638888888888889 0.19505208333333332 0.6622685185185185 0.19609375 0.6618055555555555 0.19791666666666666 0.6618055555555555 0.19817708333333334 0.6622685185185185 0.19973958333333333 0.6622685185185185 0.20078125 0.6627314814814815 0.2046875 0.6659722222222222 0.205859375 0.6680555555555555 0.20611979166666666 0.6694444444444444 0.20768229166666666 0.6731481481481482 0.20768229166666666 0.6736111111111112 0.208984375 0.6759259259259259 0.208984375 0.6763888888888889 0.210546875 0.6791666666666667 0.21263020833333332 0.6842592592592592 0.21419270833333334 0.6898148148148148 0.21419270833333334 0.6921296296296297 0.214453125 0.6925925925925925 0.214453125 0.7 0.21471354166666667 0.700462962962963 0.21471354166666667 0.711574074074074 0.214453125 0.712037037037037 0.214453125 0.7162037037037037 0.21419270833333334 0.7166666666666667 0.21419270833333334 0.7217592592592592 0.21393229166666666 0.7222222222222222 0.21393229166666666 0.7268518518518519 0.213671875 0.7273148148148149 0.213671875 0.7310185185185185 0.21341145833333333 0.7314814814814815 0.21341145833333333 0.7342592592592593 0.21315104166666668 0.7347222222222223 0.21315104166666668 0.737037037037037 0.21263020833333332 0.7398148148148148 0.21263020833333332 0.7425925925925926 0.21236979166666667 0.7430555555555556 0.21236979166666667 0.7458333333333333 0.212109375 0.7462962962962963 0.212109375 0.7486111111111111 0.21184895833333334 0.7490740740740741 0.21184895833333334 0.7513888888888889 0.21158854166666666 0.7518518518518519 0.21158854166666666 0.7546296296296297 0.211328125 0.7550925925925925 0.211328125 0.7587962962962963 0.21106770833333333 0.7592592592592593 0.21106770833333333 0.7620370370370371 0.21080729166666667 0.7625 0.21028645833333334 0.7671296296296296 0.21028645833333334 0.7699074074074074 0.21002604166666666 0.7703703703703704 0.21002604166666666 0.7736111111111111 0.209765625 0.774074074074074 0.209765625 0.7777777777777778 0.20950520833333333 0.7782407407407408 0.20950520833333333 0.7814814814814814 0.20924479166666668 0.7819444444444444 0.20924479166666668 0.7842592592592592 0.208984375 0.7847222222222222 0.208984375 0.7875 0.20872395833333332 0.787962962962963 0.20872395833333332 0.7902777777777777 0.20846354166666667 0.7907407407407407 0.20846354166666667 0.7930555555555555 0.20794270833333334 0.7953703703703704 0.20794270833333334 0.7976851851851852 0.20768229166666666 0.7981481481481482 0.20768229166666666 0.8009259259259259 0.207421875 0.8013888888888889 0.207421875 0.8050925925925926 0.20716145833333333 0.8055555555555556 0.20716145833333333 0.8087962962962963 0.20690104166666667 0.8092592592592592 0.20690104166666667 0.8115740740740741 0.206640625 0.812037037037037 0.206640625 0.8148148148148148 0.20638020833333334 0.8152777777777778 0.20638020833333334 0.8185185185185185 0.20611979166666666 0.8189814814814815 0.20611979166666666 0.8217592592592593 0.205859375 0.8222222222222222 0.205859375 0.825462962962963 0.20559895833333333 0.825925925925926 0.20559895833333333 0.8287037037037037 0.20533854166666668 0.8310185185185185 0.20481770833333332 0.8333333333333334 0.20481770833333332 0.8347222222222223 0.204296875 0.837037037037037 0.20403645833333334 0.8393518518518519 0.20403645833333334 0.8416666666666667 0.20325520833333333 0.8467592592592592 0.20221354166666666 0.850925925925926 0.20169270833333333 0.8546296296296296 0.20065104166666667 0.8583333333333333 0.198828125 0.8629629629629629 0.19791666666666666 0.8645833333333334 0.19635416666666666 0.8659722222222223 0.19322916666666667 0.8673611111111111 0.1921875 0.868287037037037 0.19114583333333332 0.8706018518518519 0.18984375 0.8719907407407408 0.18880208333333334 0.8724537037037037 0.18802083333333333 0.8733796296296297 0.18463541666666666 0.8752314814814814 0.18020833333333333 0.8766203703703703 0.17916666666666667 0.8775462962962963 0.17578125 0.8784722222222222 0.17421875 0.8793981481481481 0.17239583333333333 0.8798611111111111 0.17135416666666667 0.8807870370370371 0.16953125 0.88125 0.1671875 0.8826388888888889 0.16484375 0.8831018518518519 0.16354166666666667 0.8840277777777777 0.1625 0.8840277777777777 0.16119791666666666 0.8849537037037037 0.16015625 0.8849537037037037 0.15807291666666667 0.8863425925925926 0.15729166666666666 0.8863425925925926 0.15625 0.8872685185185185 0.15442708333333333 0.8877314814814815 0.153125 0.8886574074074074 0.15208333333333332 0.8886574074074074 0.15078125 0.8895833333333333 0.15 0.8895833333333333 0.14895833333333333 0.8905092592592593 0.14817708333333332 0.8905092592592593 0.14713541666666666 0.8914351851851852 0.1453125 0.8918981481481482 0.14505208333333333 0.8923611111111112 0.14296875 0.893287037037037 0.14192708333333334 0.893287037037037 0.140625 0.8942129629629629 0.13645833333333332 0.8956018518518518 0.13515625 0.8965277777777778 0.13411458333333334 0.8965277777777778 0.13072916666666667 0.8983796296296296 0.12734375 0.8993055555555556 0.12630208333333334 0.9002314814814815 0.12552083333333333 0.9002314814814815 0.12447916666666667 0.9011574074074075 0.12265625 0.9016203703703703 0.12135416666666667 0.9025462962962963 0.11822916666666666 0.9034722222222222 0.11692708333333333 0.9043981481481481 0.11588541666666667 0.9043981481481481 0.11458333333333333 0.9053240740740741 0.11328125 0.9053240740740741 0.11197916666666667 0.905787037037037 0.1109375 0.906712962962963 0.11015625 0.906712962962963 0.10911458333333333 0.9076388888888889 0.10833333333333334 0.9076388888888889 0.10703125 0.9085648148148148 0.10416666666666667 0.9094907407407408 0.10390625 0.9099537037037037 0.1015625 0.9104166666666667 0.09921875 0.9118055555555555 0.096875 0.9122685185185185 0.09557291666666666 0.9131944444444444 0.09453125 0.9131944444444444 0.09322916666666667 0.9141203703703704 0.0921875 0.9141203703703704 0.09088541666666666 0.9150462962962963 0.0890625 0.9155092592592593 0.08723958333333333 0.9168981481481482 0.08541666666666667 0.9173611111111111 0.08307291666666666 0.91875 0.08072916666666667 0.919212962962963 0.08046875 0.919675925925926 0.078125 0.9201388888888888 0.07682291666666667 0.9210648148148148 0.07447916666666667 0.9215277777777777 0.07213541666666666 0.9224537037037037 0.07109375 0.9233796296296296 0.0703125 0.9233796296296296 0.06770833333333333 0.9252314814814815 0.06640625 0.9252314814814815 0.06484375 0.9261574074074074 0.06380208333333333 0.9261574074074074 0.06041666666666667 0.9275462962962963 0.05911458333333333 0.9284722222222223 0.058333333333333334 0.9284722222222223 0.055989583333333336 0.9298611111111111 0.05364583333333333 0.930324074074074 0.05234375 0.93125 0.05130208333333333 0.93125 0.04895833333333333 0.9326388888888889 0.04765625 0.9326388888888889 0.04739583333333333 0.9331018518518519 0.04609375 0.9331018518518519 0.04583333333333333 0.9335648148148148 0.04453125 0.9335648148148148 0.043229166666666666 0.9340277777777778 0.04192708333333333 0.9349537037037037 0.040625 0.9349537037037037 0.03854166666666667 0.9363425925925926 0.037760416666666664 0.9363425925925926 0.03671875 0.9372685185185186 0.03229166666666667 0.9391203703703703 0.030729166666666665 0.9391203703703703 0.03046875 0.9395833333333333 0.029166666666666667 0.9395833333333333 0.02890625 0.9400462962962963 0.027604166666666666 0.9400462962962963 0.02734375 0.9405092592592592 0.025520833333333333 0.9409722222222222 0.024479166666666666 0.9418981481481481 0.023697916666666666 0.9418981481481481 0.021354166666666667 0.9432870370370371 0.019010416666666665 0.94375 0.017447916666666667 0.944675925925926 0.015104166666666667 0.944675925925926 0.01484375 0.9451388888888889 0.009375 0.9451388888888889 0.009114583333333334 0.944675925925926 0.0078125 0.944675925925926 0.005729166666666666 0.94375 0.0033854166666666668 0.9418981481481481 0.0020833333333333333 0.9400462962962963 0.0013020833333333333 0.9395833333333333 0.0 0.9395833333333333
4 0.0970703125 0.7444444444444445 0.194140625 0.34305555555555556 0.0 0.6196759259259259 0.00234375 0.6196759259259259 0.0037760416666666667 0.6175925925925926 0.004036458333333334 0.6152777777777778 0.005989583333333334 0.6136574074074074 0.007291666666666667 0.6131944444444445 0.009375 0.6131944444444445 0.009635416666666667 0.6127314814814815 0.022135416666666668 0.6127314814814815 0.022395833333333334 0.6122685185185185 0.023697916666666666 0.6122685185185185 0.023958333333333335 0.6118055555555556 0.026302083333333334 0.6118055555555556 0.0265625 0.6122685185185185 0.028385416666666666 0.6127314814814815 0.029947916666666668 0.6136574074074074 0.031510416666666666 0.6150462962962963 0.031640625 0.6157407407407407 0.0328125 0.617824074074074 0.03307291666666667 0.617824074074074 0.036458333333333336 0.6238425925925926 0.03723958333333333 0.6243055555555556 0.039322916666666666 0.6243055555555556 0.040234375 0.6231481481481481 0.04049479166666667 0.6203703703703703 0.04205729166666667 0.6166666666666667 0.04205729166666667 0.6157407407407407 0.042708333333333334 0.6145833333333334 0.04401041666666667 0.6131944444444445 0.04739583333333333 0.6131944444444445 0.04869791666666667 0.6136574074074074 0.04921875 0.6131944444444445 0.05091145833333333 0.6101851851851852 0.05221354166666667 0.6064814814814815 0.05325520833333333 0.6046296296296296 0.053515625 0.6032407407407407 0.0546875 0.6006944444444444 0.055989583333333336 0.5993055555555555 0.06015625 0.5993055555555555 0.06041666666666667 0.5988425925925925 0.06171875 0.5988425925925925 0.06328125 0.5979166666666667 0.06536458333333334 0.5974537037037037 0.06692708333333333 0.5960648148148148 0.06744791666666666 0.5960648148148148 0.06848958333333334 0.594212962962963 0.06901041666666667 0.594212962962963 0.07109375 0.5923611111111111 0.07239583333333334 0.5923611111111111 0.07265625 0.5918981481481481 0.07421875 0.5918981481481481 0.07447916666666667 0.5914351851851852 0.07578125 0.5914351851851852 0.07604166666666666 0.5909722222222222 0.07734375 0.5909722222222222 0.07760416666666667 0.5905092592592592 0.07890625 0.5905092592592592 0.07916666666666666 0.5900462962962963 0.08072916666666667 0.5900462962962963 0.08203125 0.5895833333333333 0.08333333333333333 0.5886574074074075 0.08463541666666667 0.5886574074074075 0.08489583333333334 0.5881944444444445 0.08776041666666666 0.5872685185185185 0.08802083333333334 0.5868055555555556 0.08932291666666667 0.5868055555555556 0.0921875 0.5854166666666667 0.09453125 0.5849537037037037 0.09583333333333334 0.5840277777777778 0.09765625 0.5840277777777778 0.09791666666666667 0.5835648148148148 0.09973958333333334 0.5835648148148148 0.1 0.5831018518518518 0.10130208333333333 0.5831018518518518 0.1015625 0.5826388888888889 0.10286458333333333 0.5826388888888889 0.103125 0.5821759259259259 0.10494791666666667 0.5821759259259259 0.10520833333333333 0.5817129629629629 0.10677083333333333 0.5817129629629629 0.10885416666666667 0.580324074074074 0.1109375 0.5798611111111112 0.11223958333333334 0.5789351851851852 0.11354166666666667 0.5784722222222223 0.11484375 0.5784722222222223 0.11510416666666666 0.5780092592592593 0.11640625 0.5780092592592593 0.11666666666666667 0.5775462962962963 0.11796875 0.5775462962962963 0.11953125 0.5766203703703704 0.12109375 0.5766203703703704 0.12135416666666667 0.5761574074074074 0.12265625 0.5761574074074074 0.12291666666666666 0.5756944444444444 0.12526041666666668 0.5756944444444444 0.12552083333333333 0.5752314814814815 0.12734375 0.5752314814814815 0.12760416666666666 0.5747685185185185 0.12916666666666668 0.5747685185185185 0.12942708333333333 0.5743055555555555 0.13177083333333334 0.5738425925925926 0.13203125 0.5733796296296296 0.13385416666666666 0.5733796296296296 0.13411458333333334 0.5729166666666666 0.13541666666666666 0.5729166666666666 0.13567708333333334 0.5733796296296296 0.1375 0.5733796296296296 0.13828125 0.5738425925925926 0.14166666666666666 0.5775462962962963 0.142578125 0.5791666666666667 0.14309895833333333 0.5814814814814815 0.144140625 0.5884259259259259 0.14466145833333333 0.5898148148148148 0.14817708333333332 0.5960648148148148 0.14973958333333334 0.5979166666666667 0.151171875 0.600462962962963 0.15169270833333334 0.6023148148148149 0.15364583333333334 0.6057870370370371 0.15520833333333334 0.607175925925926 0.15572916666666667 0.6081018518518518 0.15807291666666667 0.6099537037037037 0.16328125 0.6192129629629629 0.16354166666666667 0.6192129629629629 0.17083333333333334 0.632175925925926 0.17317708333333334 0.6344907407407407 0.17434895833333333 0.6365740740740741 0.17513020833333334 0.6393518518518518 0.17643229166666666 0.6416666666666667 0.17643229166666666 0.6421296296296296 0.18372395833333333 0.6550925925925926 0.18450520833333334 0.6578703703703703 0.18619791666666666 0.6608796296296297 0.18776041666666668 0.6618055555555555 0.1890625 0.6631944444444444 0.190625 0.6636574074074074 0.1921875 0.6655092592592593 0.19361979166666668 0.6680555555555555 0.194140625 0.6708333333333333 0.194140625 0.6828703703703703 0.193359375 0.6865740740740741 0.193359375 0.687962962962963 0.19283854166666667 0.6898148148148148 0.192578125 0.6921296296296297 0.192578125 0.6953703703703704 0.19231770833333334 0.6958333333333333 0.19231770833333334 0.6981481481481482 0.19205729166666666 0.6986111111111111 0.19153645833333333 0.7041666666666667 0.19127604166666667 0.7046296296296296 0.19127604166666667 0.7069444444444445 0.19075520833333334 0.7097222222222223 0.19075520833333334 0.712037037037037 0.19049479166666666 0.7125 0.19049479166666666 0.7148148148148148 0.190234375 0.7152777777777778 0.190234375 0.7175925925925926 0.18971354166666668 0.7194444444444444 0.18971354166666668 0.7208333333333333 0.18919270833333332 0.7231481481481481 0.18893229166666667 0.725462962962963 0.18893229166666667 0.7314814814814815 0.188671875 0.7319444444444444 0.188671875 0.7375 0.18841145833333334 0.7379629629629629 0.18841145833333334 0.7421296296296296 0.18815104166666666 0.7425925925925926 0.18815104166666666 0.7453703703703703 0.18736979166666667 0.7509259259259259 0.18684895833333334 0.7523148148148148 0.18658854166666666 0.7546296296296297 0.18580729166666668 0.7569444444444444 0.185546875 0.7606481481481482 0.18528645833333332 0.7611111111111111 0.18528645833333332 0.7662037037037037 0.18502604166666667 0.7666666666666667 0.18502604166666667 0.7689814814814815 0.184765625 0.7694444444444445 0.184765625 0.7717592592592593 0.18450520833333334 0.7722222222222223 0.18450520833333334 0.774537037037037 0.18424479166666666 0.775 0.18424479166666666 0.7773148148148148 0.183984375 0.7777777777777778 0.183984375 0.7800925925925926 0.18372395833333333 0.7805555555555556 0.18372395833333333 0.7828703703703703 0.18346354166666667 0.7833333333333333 0.18346354166666667 0.7856481481481481 0.183203125 0.7861111111111111 0.183203125 0.7893518518518519 0.18294270833333334 0.7898148148148149 0.18294270833333334 0.7921296296296296 0.18268229166666666 0.7925925925925926 0.182421875 0.7967592592592593 0.18190104166666668 0.799074074074074 0.18190104166666668 0.8018518518518518 0.18138020833333332 0.8060185185185185 0.18059895833333334 0.8097222222222222 0.18059895833333334 0.8125 0.18033854166666666 0.812962962962963 0.18033854166666666 0.8157407407407408 0.180078125 0.8162037037037037 0.180078125 0.8185185185185185 0.17981770833333333 0.8189814814814815 0.17981770833333333 0.8212962962962963 0.17903645833333334 0.8263888888888888 0.17825520833333333 0.8287037037037037 0.17747395833333332 0.8319444444444445 0.176953125 0.8328703703703704 0.176171875 0.8361111111111111 0.173828125 0.8412037037037037 0.173046875 0.8444444444444444 0.17161458333333332 0.8469907407407408 0.16927083333333334 0.8483796296296297 0.16796875 0.8488425925925925 0.16666666666666666 0.8488425925925925 0.16640625 0.8493055555555555 0.16510416666666666 0.8493055555555555 0.16484375 0.8497685185185185 0.16197916666666667 0.8506944444444444 0.1609375 0.8516203703703704 0.15911458333333334 0.8520833333333333 0.1578125 0.8530092592592593 0.15703125 0.8530092592592593 0.1546875 0.8543981481481482 0.15338541666666666 0.8548611111111111 0.15208333333333332 0.8548611111111111 0.15182291666666667 0.8553240740740741 0.15052083333333333 0.8553240740740741 0.15026041666666667 0.8557870370370371 0.14791666666666667 0.85625 0.14713541666666666 0.857175925925926 0.1453125 0.8581018518518518 0.14479166666666668 0.8590277777777777 0.14296875 0.8604166666666667 0.14088541666666668 0.8608796296296296 0.13932291666666666 0.8618055555555556 0.13802083333333334 0.8618055555555556 0.13776041666666666 0.8622685185185185 0.13567708333333334 0.8622685185185185 0.13541666666666666 0.8627314814814815 0.13385416666666666 0.8627314814814815 0.13359375 0.8631944444444445 0.13229166666666667 0.8631944444444445 0.13203125 0.8636574074074074 0.12994791666666666 0.8645833333333334 0.12760416666666666 0.8650462962962963 0.12630208333333334 0.8659722222222223 0.12552083333333333 0.8659722222222223 0.12421875 0.8668981481481481 0.121875 0.8673611111111111 0.12057291666666667 0.868287037037037 0.11927083333333334 0.86875 0.11770833333333333 0.86875 0.11744791666666667 0.8692129629629629 0.11588541666666667 0.8692129629629629 0.11458333333333333 0.8696759259259259 0.11302083333333333 0.8710648148148148 0.11171875 0.8715277777777778 0.1109375 0.8724537037037037 0.109375 0.8729166666666667 0.1078125 0.8738425925925926 0.10546875 0.8743055555555556 0.10390625 0.8752314814814814 0.10260416666666666 0.8752314814814814 0.09973958333333334 0.8766203703703703 0.09609375 0.8775462962962963 0.09453125 0.8784722222222222 0.09375 0.8793981481481481 0.0921875 0.8803240740740741 0.08880208333333334 0.881712962962963 0.0875 0.881712962962963 0.08723958333333333 0.882175925925926 0.0859375 0.882175925925926 0.08463541666666667 0.8831018518518519 0.08359375 0.8831018518518519 0.08229166666666667 0.8840277777777777 0.08125 0.8840277777777777 0.08046875 0.8849537037037037 0.07916666666666666 0.8854166666666666 0.07786458333333333 0.8868055555555555 0.0765625 0.8877314814814815 0.07578125 0.8877314814814815 0.07447916666666667 0.8886574074074074 0.07317708333333334 0.8886574074074074 0.07291666666666667 0.8891203703703704 0.07161458333333333 0.8891203703703704 0.07135416666666666 0.8895833333333333 0.07005208333333333 0.8895833333333333 0.06979166666666667 0.8900462962962963 0.06848958333333334 0.8900462962962963 0.06822916666666666 0.8905092592592593 0.06666666666666667 0.8905092592592593 0.06640625 0.8909722222222223 0.06432291666666666 0.8909722222222223 0.06197916666666667 0.8923611111111112 0.05911458333333333 0.893287037037037 0.058854166666666666 0.89375 0.05651041666666667 0.8942129629629629 0.05625 0.8946759259259259 0.054947916666666666 0.8946759259259259 0.0546875 0.8951388888888889 0.053125 0.8951388888888889 0.0515625 0.8960648148148148 0.050520833333333334 0.8960648148148148 0.04921875 0.8969907407407407 0.046875 0.8974537037037037 0.045572916666666664 0.8983796296296296 0.04479166666666667 0.8983796296296296 0.043229166666666666 0.8997685185185185 0.04192708333333333 0.9002314814814815 0.040625 0.9011574074074075 0.0390625 0.9011574074074075 0.038802083333333334 0.9016203703703703 0.03723958333333333 0.9016203703703703 0.03567708333333333 0.9025462962962963 0.034375 0.9025462962962963 0.03411458333333333 0.9030092592592592 0.0328125 0.9030092592592592 0.03046875 0.9043981481481481 0.029166666666666667 0.9048611111111111 0.027864583333333335 0.9048611111111111 0.027604166666666666 0.9053240740740741 0.025260416666666667 0.905787037037037 0.0234375 0.9071759259259259 0.021614583333333333 0.9076388888888889 0.021354166666666667 0.9081018518518519 0.019010416666666665 0.9085648148148148 0.01875 0.9090277777777778 0.015104166666666667 0.9099537037037037 0.013802083333333333 0.9108796296296297 0.0125 0.9108796296296297 0.0109375 0.9118055555555555 0.009635416666666667 0.9118055555555555 0.007552083333333333 0.9131944444444444 0.00234375 0.9159722222222222 0.0 0.9159722222222222
3 0.3998697916666667 0.818287037037037 0.15572916666666664 0.3592592592592593 0.4591145833333333 0.9979166666666667 0.4578125 0.9974537037037037 0.44895833333333335 0.9974537037037037 0.44869791666666664 0.9979166666666667 0.43645833333333334 0.9979166666666667 0.4361979166666667 0.9974537037037037 0.43255208333333334 0.9974537037037037 0.4322916666666667 0.9979166666666667 0.42604166666666665 0.9979166666666667 0.42578125 0.9974537037037037 0.39739583333333334 0.9974537037037037 0.3971354166666667 0.9979166666666667 0.39088541666666665 0.9979166666666667 0.390625 0.9974537037037037 0.37838541666666664 0.9974537037037037 0.378125 0.9979166666666667 0.3763020833333333 0.9979166666666667 0.37604166666666666 0.9974537037037037 0.35885416666666664 0.9974537037037037 0.35859375 0.9979166666666667 0.35572916666666665 0.9979166666666667 0.35546875 0.9974537037037037 0.34375 0.9974537037037037 0.34348958333333335 0.9979166666666667 0.33489583333333334 0.9979166666666667 0.3346354166666667 0.9974537037037037 0.33255208333333336 0.9974537037037037 0.33229166666666665 0.9979166666666667 0.32526041666666666 0.9979166666666667 0.32395833333333335 0.9969907407407408 0.323046875 0.9953703703703703 0.322265625 0.9898148148148148 0.322265625 0.9768518518518519 0.32200520833333335 0.9763888888888889 0.32200520833333335 0.9736111111111111 0.322265625 0.9731481481481481 0.322265625 0.9449074074074074 0.32252604166666665 0.9444444444444444 0.32252604166666665 0.9328703703703703 0.32278645833333336 0.9324074074074075 0.32278645833333336 0.9231481481481482 0.32252604166666665 0.9226851851851852 0.32252604166666665 0.9180555555555555 0.32278645833333336 0.9175925925925926 0.32278645833333336 0.8856481481481482 0.323046875 0.8851851851851852 0.323046875 0.8592592592592593 0.32330729166666666 0.8587962962962963 0.32330729166666666 0.8481481481481481 0.323046875 0.8476851851851852 0.323046875 0.8347222222222223 0.32330729166666666 0.8342592592592593 0.32330729166666666 0.8046296296296296 0.3235677083333333 0.8041666666666667 0.3235677083333333 0.7819444444444444 0.323828125 0.7814814814814814 0.323828125 0.75 0.3240885416666667 0.749537037037037 0.3240885416666667 0.7444444444444445 0.323828125 0.7439814814814815 0.323828125 0.7129629629629629 0.3235677083333333 0.7125 0.3235677083333333 0.6976851851851852 0.323828125 0.6972222222222222 0.323828125 0.6930555555555555 0.3240885416666667 0.6925925925925925 0.3240885416666667 0.6898148148148148 0.3243489583333333 0.6893518518518519 0.3243489583333333 0.6856481481481481 0.32513020833333334 0.6819444444444445 0.3265625 0.6793981481481481 0.32786458333333335 0.6780092592592593 0.32838541666666665 0.6780092592592593 0.3299479166666667 0.6766203703703704 0.3307291666666667 0.6766203703703704 0.33177083333333335 0.6756944444444445 0.33359375 0.6752314814814815 0.3346354166666667 0.6743055555555556 0.33541666666666664 0.6743055555555556 0.33645833333333336 0.6733796296296296 0.3372395833333333 0.6733796296296296 0.3385416666666667 0.6724537037037037 0.33984375 0.6724537037037037 0.34010416666666665 0.6719907407407407 0.34140625 0.6719907407407407 0.3416666666666667 0.6715277777777777 0.34322916666666664 0.6715277777777777 0.34479166666666666 0.6706018518518518 0.34609375 0.6706018518518518 0.3463541666666667 0.6701388888888888 0.34765625 0.6701388888888888 0.34791666666666665 0.669675925925926 0.34921875 0.669675925925926 0.35052083333333334 0.66875 0.35572916666666665 0.6668981481481482 0.3567708333333333 0.6668981481481482 0.3580729166666667 0.6659722222222222 0.359375 0.6659722222222222 0.35963541666666665 0.6655092592592593 0.3609375 0.6655092592592593 0.3611979166666667 0.6650462962962963 0.36354166666666665 0.6645833333333333 0.36484375 0.6636574074074074 0.36614583333333334 0.6636574074074074 0.36770833333333336 0.6627314814814815 0.3690104166666667 0.6627314814814815 0.371875 0.6613425925925925 0.3736979166666667 0.6608796296296297 0.375 0.6599537037037037 0.37604166666666666 0.6599537037037037 0.37734375 0.6590277777777778 0.38125 0.6576388888888889 0.3828125 0.6576388888888889 0.38307291666666665 0.6571759259259259 0.3846354166666667 0.6571759259259259 0.3848958333333333 0.656712962962963 0.38619791666666664 0.656712962962963 0.38776041666666666 0.655787037037037 0.3888020833333333 0.655787037037037 0.38984375 0.6548611111111111 0.3921875 0.6539351851851852 0.3932291666666667 0.6539351851851852 0.39453125 0.6530092592592592 0.39557291666666666 0.6530092592592592 0.3984375 0.6516203703703703 0.3997395833333333 0.6516203703703703 0.4 0.6511574074074075 0.40130208333333334 0.6511574074074075 0.40286458333333336 0.6502314814814815 0.40520833333333334 0.6497685185185185 0.40651041666666665 0.6488425925925926 0.4088541666666667 0.6483796296296296 0.41041666666666665 0.6474537037037037 0.41171875 0.6474537037037037 0.415625 0.6460648148148148 0.41692708333333334 0.6451388888888889 0.41953125 0.6442129629629629 0.42083333333333334 0.6442129629629629 0.42109375 0.64375 0.42239583333333336 0.64375 0.42265625 0.643287037037037 0.42421875 0.643287037037037 0.42552083333333335 0.642824074074074 0.42682291666666666 0.6418981481481482 0.428125 0.6418981481481482 0.4283854166666667 0.6414351851851852 0.42994791666666665 0.6414351851851852 0.43020833333333336 0.6409722222222223 0.4317708333333333 0.6405092592592593 0.43333333333333335 0.6391203703703704 0.434375 0.6386574074074074 0.4393229166666667 0.6386574074074074 0.44140625 0.6405092592592593 0.44309895833333335 0.6435185185185185 0.44388020833333336 0.6462962962962963 0.444140625 0.649074074074074 0.4446614583333333 0.6513888888888889 0.4446614583333333 0.6532407407407408 0.4451822916666667 0.6555555555555556 0.4451822916666667 0.6578703703703703 0.4454427083333333 0.6583333333333333 0.4454427083333333 0.6611111111111111 0.44622395833333334 0.6680555555555555 0.446484375 0.6685185185185185 0.446484375 0.6708333333333333 0.44674479166666664 0.6712962962962963 0.44674479166666664 0.6736111111111112 0.44700520833333335 0.674074074074074 0.44700520833333335 0.6763888888888889 0.447265625 0.6768518518518518 0.447265625 0.6791666666666667 0.44752604166666665 0.6796296296296296 0.448046875 0.6847222222222222 0.44830729166666666 0.6851851851851852 0.44830729166666666 0.6875 0.4485677083333333 0.687962962962963 0.4485677083333333 0.6902777777777778 0.4493489583333333 0.6953703703703704 0.4493489583333333 0.6976851851851852 0.449609375 0.6981481481481482 0.449609375 0.700462962962963 0.45013020833333334 0.7032407407407407 0.45013020833333334 0.7055555555555556 0.450390625 0.7060185185185185 0.450390625 0.7083333333333334 0.45065104166666664 0.7087962962962963 0.45065104166666664 0.711574074074074 0.45091145833333335 0.712037037037037 0.45091145833333335 0.7148148148148148 0.451171875 0.7152777777777778 0.451171875 0.7175925925925926 0.45221354166666666 0.7268518518518519 0.452734375 0.7287037037037037 0.452734375 0.7300925925925926 0.4532552083333333 0.7319444444444444 0.453515625 0.7342592592592593 0.453515625 0.736574074074074 0.45403645833333334 0.7393518518518518 0.45403645833333334 0.7416666666666667 0.454296875 0.7421296296296296 0.454296875 0.7449074074074075 0.45455729166666664 0.7453703703703703 0.45455729166666664 0.7486111111111111 0.45481770833333335 0.7490740740740741 0.45481770833333335 0.7523148148148148 0.45559895833333336 0.7560185185185185 0.455859375 0.7597222222222222 0.45611979166666666 0.7601851851851852 0.456640625 0.7638888888888888 0.4571614583333333 0.7694444444444445 0.457421875 0.7699074074074074 0.457421875 0.7726851851851851 0.4576822916666667 0.7731481481481481 0.4576822916666667 0.7754629629629629 0.45794270833333334 0.7759259259259259 0.45794270833333334 0.7782407407407408 0.45846354166666664 0.7810185185185186 0.45846354166666664 0.7833333333333333 0.45872395833333335 0.7837962962962963 0.45872395833333335 0.7861111111111111 0.458984375 0.7865740740740741 0.458984375 0.7888888888888889 0.45950520833333336 0.7916666666666666 0.45950520833333336 0.7944444444444444 0.459765625 0.7967592592592593 0.460546875 0.8009259259259259 0.4608072916666667 0.8032407407407407 0.4608072916666667 0.8055555555555556 0.4615885416666667 0.8106481481481481 0.4615885416666667 0.812962962962963 0.46184895833333334 0.8134259259259259 0.46184895833333334 0.8157407407407408 0.462109375 0.8162037037037037 0.462109375 0.8189814814814815 0.46236979166666664 0.8194444444444444 0.46236979166666664 0.8217592592592593 0.46263020833333335 0.8222222222222222 0.46263020833333335 0.825462962962963 0.462890625 0.825925925925926 0.462890625 0.8287037037037037 0.46315104166666665 0.8291666666666667 0.46315104166666665 0.8314814814814815 0.46341145833333336 0.8319444444444445 0.46341145833333336 0.8342592592592593 0.463671875 0.8347222222222223 0.463671875 0.837037037037037 0.46393229166666666 0.8375 0.46393229166666666 0.8398148148148148 0.4641927083333333 0.8402777777777778 0.4641927083333333 0.8425925925925926 0.464453125 0.8430555555555556 0.4649739583333333 0.8472222222222222 0.4654947916666667 0.8495370370370371 0.4654947916666667 0.8527777777777777 0.46575520833333334 0.8532407407407407 0.46575520833333334 0.8574074074074074 0.46627604166666664 0.8601851851851852 0.46627604166666664 0.8625 0.46653645833333335 0.8629629629629629 0.46653645833333335 0.8652777777777778 0.46731770833333336 0.8694444444444445 0.467578125 0.8726851851851852 0.4680989583333333 0.875 0.4680989583333333 0.8763888888888889 0.4686197916666667 0.8787037037037037 0.4686197916666667 0.8810185185185185 0.4688802083333333 0.8814814814814815 0.4688802083333333 0.8842592592592593 0.469140625 0.8847222222222222 0.469140625 0.8875 0.4694010416666667 0.887962962962963 0.4694010416666667 0.8902777777777777 0.46966145833333334 0.8907407407407407 0.46966145833333334 0.8930555555555556 0.469921875 0.8935185185185185 0.469921875 0.8962962962962963 0.47018229166666664 0.8967592592592593 0.47018229166666664 0.9 0.47044270833333335 0.9004629629629629 0.47044270833333335 0.9032407407407408 0.470703125 0.9037037037037037 0.470703125 0.9060185185185186 0.47096354166666665 0.9064814814814814 0.47096354166666665 0.9097222222222222 0.47122395833333336 0.9101851851851852 0.47122395833333336 0.912962962962963 0.471484375 0.913425925925926 0.47174479166666666 0.9166666666666666 0.4720052083333333 0.9171296296296296 0.472265625 0.9203703703703704 0.4725260416666667 0.9208333333333333 0.4725260416666667 0.9231481481481482 0.4727864583333333 0.9236111111111112 0.4727864583333333 0.9259259259259259 0.473046875 0.9282407407407407 0.47356770833333334 0.9300925925925926 0.47356770833333334 0.9314814814814815 0.47408854166666664 0.9337962962962963 0.47408854166666664 0.937962962962963 0.47434895833333335 0.9384259259259259 0.47434895833333335 0.9412037037037037 0.47513020833333336 0.9449074074074074 0.475390625 0.9481481481481482 0.47565104166666666 0.9486111111111111 0.476171875 0.9532407407407407 0.476171875 0.9578703703703704 0.4764322916666667 0.9583333333333334 0.4764322916666667 0.962037037037037 0.4766927083333333 0.9625 0.4766927083333333 0.9648148148148148 0.476953125 0.9652777777777778 0.476953125 0.9685185185185186 0.4772135416666667 0.9689814814814814 0.4772135416666667 0.975462962962963 0.47747395833333334 0.975925925925926 0.47747395833333334 0.9856481481481482 0.477734375 0.9861111111111112 0.477734375 0.9921296296296296 0.47747395833333334 0.9925925925925926 0.4772135416666667 0.9953703703703703 0.4765625 0.9965277777777778 0.47552083333333334 0.9974537037037037 0.459375 0.9974537037037037 0.4591145833333333 0.9979166666666667
1 0.67578125 0.5662037037037038 0.04505208333333344 0.07361111111111118 0.6809895833333334 0.6030092592592593 0.6739583333333333 0.6030092592592593 0.67265625 0.6020833333333333 0.6705729166666666 0.6016203703703704 0.66875 0.6002314814814815 0.6666666666666666 0.5993055555555555 0.66484375 0.5974537037037037 0.6640625 0.5969907407407408 0.6625 0.5951388888888889 0.6604166666666667 0.5914351851851852 0.66015625 0.5914351851851852 0.6569010416666666 0.5856481481481481 0.656640625 0.5842592592592593 0.6553385416666667 0.5810185185185185 0.655078125 0.5796296296296296 0.6540364583333333 0.5763888888888888 0.6532552083333333 0.5722222222222222 0.653515625 0.5708333333333333 0.653515625 0.5662037037037037 0.6540364583333333 0.5625 0.6545572916666667 0.5601851851851852 0.6545572916666667 0.5583333333333333 0.6553385416666667 0.5550925925925926 0.655859375 0.5509259259259259 0.656640625 0.549074074074074 0.6569010416666666 0.5476851851851852 0.6579427083333333 0.5453703703703704 0.6587239583333333 0.5421296296296296 0.6592447916666667 0.5407407407407407 0.6602864583333333 0.5356481481481481 0.6614583333333334 0.5335648148148148 0.6622395833333333 0.5326388888888889 0.6640625 0.53125 0.6669270833333333 0.5298611111111111 0.66875 0.5298611111111111 0.6690104166666667 0.5293981481481481 0.6731770833333334 0.5293981481481481 0.6734375 0.5298611111111111 0.6763020833333333 0.5298611111111111 0.6765625 0.5303240740740741 0.678125 0.5303240740740741 0.6783854166666666 0.530787037037037 0.6807291666666667 0.53125 0.68203125 0.5321759259259259 0.6833333333333333 0.5326388888888889 0.6846354166666667 0.5340277777777778 0.6859375 0.5349537037037037 0.6875 0.5368055555555555 0.68828125 0.5372685185185185 0.6911458333333333 0.5405092592592593 0.6938802083333333 0.5453703703703704 0.6938802083333333 0.5458333333333333 0.6951822916666667 0.5481481481481482 0.6967447916666667 0.5523148148148148 0.6970052083333333 0.5541666666666667 0.698046875 0.5578703703703703 0.698046875 0.5615740740740741 0.6983072916666667 0.562037037037037 0.6983072916666667 0.5662037037037037 0.697265625 0.5726851851851852 0.6967447916666667 0.575 0.6959635416666666 0.5773148148148148 0.6959635416666666 0.5782407407407407 0.694921875 0.5814814814814815 0.694921875 0.5824074074074074 0.694140625 0.5847222222222223 0.6936197916666667 0.5875 0.691796875 0.5921296296296297 0.6888020833333334 0.5974537037037037 0.6872395833333333 0.5993055555555555 0.684375 0.6016203703703704 0.6809895833333334 0.6030092592592593
2 0.6149739583333333 0.4914351851851852 0.028124999999999956 0.04814814814814816 0.6171875 0.5155092592592593 0.61328125 0.5155092592592593 0.6130208333333333 0.5150462962962963 0.6114583333333333 0.5150462962962963 0.61015625 0.5145833333333333 0.60859375 0.5131944444444444 0.6080729166666666 0.5131944444444444 0.6059895833333333 0.5113425925925926 0.6049479166666667 0.5099537037037037 0.603515625 0.5074074074074074 0.602734375 0.5055555555555555 0.6016927083333333 0.5018518518518519 0.601171875 0.4976851851851852 0.6009114583333334 0.49722222222222223 0.6009114583333334 0.4810185185185185 0.6016927083333333 0.4777777777777778 0.601953125 0.4759259259259259 0.602734375 0.4740740740740741 0.60390625 0.47199074074074077 0.6041666666666666 0.47199074074074077 0.6057291666666667 0.46967592592592594 0.6072916666666667 0.46828703703703706 0.6096354166666667 0.4673611111111111 0.615625 0.4673611111111111 0.6169270833333333 0.46828703703703706 0.6192708333333333 0.46875 0.6221354166666667 0.4706018518518518 0.6244791666666667 0.4738425925925926 0.6247395833333333 0.4738425925925926 0.6264322916666667 0.47685185185185186 0.6274739583333333 0.48009259259259257 0.6287760416666667 0.4828703703703704 0.6287760416666667 0.48703703703703705 0.6290364583333333 0.48842592592592593 0.628515625 0.49074074074074076 0.6282552083333334 0.4930555555555556 0.627734375 0.49537037037037035 0.626953125 0.5013888888888889 0.626171875 0.5046296296296297 0.6251302083333333 0.5074074074074074 0.6223958333333334 0.5122685185185185 0.62109375 0.5136574074074074 0.61875 0.5150462962962963 0.6174479166666667 0.5150462962962963 0.6171875 0.5155092592592593
2 0.540234375 0.6000000000000001 0.02604166666666663 0.052314814814814814 0.53828125 0.6261574074074074 0.5361979166666667 0.6261574074074074 0.5333333333333333 0.6238425925925926 0.53203125 0.6224537037037037 0.5305989583333334 0.6203703703703703 0.5287760416666667 0.6152777777777778 0.5279947916666666 0.6092592592592593 0.527734375 0.6087962962962963 0.527734375 0.6064814814814815 0.5274739583333333 0.6060185185185185 0.5274739583333333 0.6027777777777777 0.5272135416666667 0.6023148148148149 0.5272135416666667 0.5990740740740741 0.5274739583333333 0.5986111111111111 0.5274739583333333 0.5953703703703703 0.527734375 0.5949074074074074 0.527734375 0.5888888888888889 0.5279947916666666 0.5884259259259259 0.5279947916666666 0.5861111111111111 0.5290364583333333 0.5828703703703704 0.5307291666666667 0.5798611111111112 0.5328125 0.5780092592592593 0.5356770833333333 0.5747685185185185 0.5372395833333333 0.5738425925925926 0.5411458333333333 0.5738425925925926 0.54375 0.5747685185185185 0.5440104166666667 0.5752314814814815 0.5455729166666666 0.5752314814814815 0.5473958333333333 0.5761574074074074 0.5489583333333333 0.5775462962962963 0.5497395833333333 0.5789351851851852 0.55078125 0.5798611111111112 0.551953125 0.5819444444444445 0.5529947916666667 0.5856481481481481 0.5529947916666667 0.5884259259259259 0.5532552083333333 0.5888888888888889 0.5532552083333333 0.6074074074074074 0.5529947916666667 0.6087962962962963 0.5520833333333334 0.6108796296296296 0.5510416666666667 0.6122685185185185 0.5497395833333333 0.6131944444444445 0.5479166666666667 0.6136574074074074 0.54765625 0.6141203703703704 0.5458333333333333 0.6145833333333334 0.54375 0.6164351851851851 0.5415364583333333 0.6203703703703703 0.5407552083333333 0.6231481481481481 0.5395833333333333 0.6252314814814814 0.53828125 0.6261574074074074
2 0.6361979166666667 0.5465277777777777 0.023177083333333348 0.020370370370370372 0.6299479166666667 0.5567129629629629 0.6263020833333334 0.5567129629629629 0.6251302083333333 0.5550925925925926 0.624609375 0.5532407407407407 0.624609375 0.5472222222222223 0.6251302083333333 0.5444444444444444 0.6265625 0.5418981481481482 0.628125 0.5400462962962963 0.6302083333333334 0.5381944444444444 0.6317708333333333 0.5372685185185185 0.6325520833333333 0.5372685185185185 0.63359375 0.5363425925925925 0.63671875 0.5363425925925925 0.6369791666666667 0.5368055555555555 0.6390625 0.5372685185185185 0.63984375 0.5381944444444444 0.64140625 0.5386574074074074 0.64296875 0.5400462962962963 0.64375 0.5414351851851852 0.6463541666666667 0.54375 0.6477864583333334 0.5458333333333333 0.6475260416666667 0.549074074074074 0.646875 0.5511574074074074 0.64609375 0.5511574074074074 0.6447916666666667 0.5520833333333334 0.6440104166666667 0.5520833333333334 0.6427083333333333 0.5530092592592593 0.64140625 0.5530092592592593 0.6411458333333333 0.5534722222222223 0.6393229166666666 0.5534722222222223 0.6390625 0.5539351851851851 0.6375 0.5539351851851851 0.6372395833333333 0.5543981481481481 0.6359375 0.5543981481481481 0.634375 0.555324074074074 0.6333333333333333 0.555324074074074 0.6317708333333333 0.55625 0.6302083333333334 0.55625 0.6299479166666667 0.5567129629629629
2 0.7829427083333333 0.4365740740740741 0.030208333333333393 0.04583333333333334 0.7854166666666667 0.45949074074074076 0.7825520833333334 0.45949074074074076 0.7822916666666667 0.45902777777777776 0.78046875 0.45902777777777776 0.7802083333333333 0.4585648148148148 0.77890625 0.4585648148148148 0.7786458333333334 0.45810185185185187 0.77578125 0.456712962962963 0.7744791666666667 0.45578703703703705 0.7739583333333333 0.4548611111111111 0.771875 0.4530092592592593 0.769140625 0.44814814814814813 0.7680989583333333 0.4439814814814815 0.7678385416666667 0.44212962962962965 0.7678385416666667 0.43472222222222223 0.768359375 0.4324074074074074 0.768359375 0.4310185185185185 0.7688802083333334 0.42916666666666664 0.769140625 0.42592592592592593 0.7701822916666666 0.42268518518518516 0.7704427083333333 0.4212962962962963 0.7712239583333333 0.41944444444444445 0.77265625 0.41689814814814813 0.7734375 0.41597222222222224 0.7752604166666667 0.41458333333333336 0.7765625 0.41412037037037036 0.77890625 0.41412037037037036 0.7791666666666667 0.4136574074074074 0.78046875 0.4136574074074074 0.7807291666666667 0.41412037037037036 0.7838541666666666 0.41412037037037036 0.7841145833333333 0.41458333333333336 0.7864583333333334 0.4150462962962963 0.7888020833333333 0.4164351851851852 0.7919270833333333 0.41967592592592595 0.7932291666666667 0.42060185185185184 0.7951822916666667 0.42407407407407405 0.7962239583333334 0.4263888888888889 0.798046875 0.4324074074074074 0.798046875 0.4351851851851852 0.7977864583333333 0.4356481481481482 0.7951822916666667 0.4449074074074074 0.794140625 0.44722222222222224 0.792578125 0.45185185185185184 0.7923177083333334 0.4532407407407407 0.7915364583333333 0.4550925925925926 0.7901041666666667 0.45717592592592593 0.7885416666666667 0.4585648148148148 0.7875 0.45902777777777776 0.7856770833333333 0.45902777777777776 0.7854166666666667 0.45949074074074076
11 0.7417317708333333 0.705324074074074 0.5160156250000001 0.5833333333333334 0.9997395833333333 0.8247685185185185 0.9979166666666667 0.8247685185185185 0.9966145833333333 0.8261574074074074 0.9940104166666667 0.8298611111111112 0.9932291666666667 0.830324074074074 0.99140625 0.8326388888888889 0.9890625 0.8368055555555556 0.9875 0.8386574074074075 0.9856770833333334 0.8400462962962963 0.9848958333333333 0.8400462962962963 0.9830729166666666 0.8414351851851852 0.9825520833333333 0.8414351851851852 0.98125 0.8428240740740741 0.9776041666666667 0.8460648148148148 0.9760416666666667 0.8479166666666667 0.9744791666666667 0.8502314814814815 0.9723958333333333 0.8520833333333333 0.9709635416666667 0.8546296296296296 0.9700520833333334 0.856712962962963 0.9682291666666667 0.8581018518518518 0.9671875 0.8585648148148148 0.9653645833333333 0.8599537037037037 0.9645833333333333 0.8599537037037037 0.9619791666666667 0.8618055555555556 0.9606770833333333 0.8622685185185185 0.959375 0.8636574074074074 0.9567708333333333 0.8655092592592593 0.9559895833333333 0.8655092592592593 0.9549479166666667 0.8664351851851851 0.9536458333333333 0.8664351851851851 0.9520833333333333 0.8673611111111111 0.95 0.867824074074074 0.9489583333333333 0.86875 0.946875 0.8696759259259259 0.9450520833333333 0.8710648148148148 0.9442708333333333 0.8710648148148148 0.9424479166666667 0.8724537037037037 0.94140625 0.8724537037037037 0.9356770833333333 0.8756944444444444 0.9346354166666667 0.8761574074074074 0.9322916666666666 0.8766203703703703 0.9309895833333334 0.8775462962962963 0.92890625 0.8780092592592592 0.9263020833333333 0.8798611111111111 0.9255208333333333 0.8798611111111111 0.9236979166666667 0.88125 0.9216145833333333 0.881712962962963 0.9205729166666666 0.8826388888888889 0.9197916666666667 0.8826388888888889 0.9182291666666667 0.8835648148148149 0.9174479166666667 0.8844907407407407 0.9151041666666667 0.8854166666666666 0.9143229166666667 0.8863425925925926 0.9130208333333333 0.8868055555555555 0.9119791666666667 0.8877314814814815 0.91015625 0.8881944444444444 0.9078125 0.8895833333333333 0.90703125 0.8895833333333333 0.9059895833333333 0.8905092592592593 0.90390625 0.8914351851851852 0.9036458333333334 0.8918981481481482 0.9002604166666667 0.89375 0.8994791666666667 0.89375 0.8981770833333333 0.8946759259259259 0.8953125 0.8956018518518518 0.8940104166666667 0.8965277777777778 0.8921875 0.8969907407407407 0.8919270833333334 0.8974537037037037 0.8895833333333333 0.8983796296296296 0.8859375 0.9006944444444445 0.8848958333333333 0.9006944444444445 0.8838541666666667 0.9016203703703703 0.88203125 0.9020833333333333 0.8809895833333333 0.9030092592592592 0.8763020833333334 0.9043981481481481 0.8752604166666667 0.9053240740740741 0.8744791666666667 0.9053240740740741 0.8723958333333334 0.9071759259259259 0.8684895833333334 0.9094907407407408 0.8674479166666667 0.9094907407407408 0.86484375 0.9113425925925925 0.8640625 0.9113425925925925 0.8630208333333333 0.9122685185185185 0.8611979166666667 0.9127314814814815 0.8609375 0.9131944444444444 0.85859375 0.9141203703703704 0.8565104166666667 0.9155092592592593 0.8541666666666666 0.9159722222222222 0.8515625 0.9173611111111111 0.8494791666666667 0.919212962962963 0.8473958333333333 0.919675925925926 0.84609375 0.9206018518518518 0.8447916666666667 0.9210648148148148 0.84296875 0.9210648148148148 0.8416666666666667 0.9215277777777777 0.8403645833333333 0.9224537037037037 0.8395833333333333 0.9224537037037037 0.8385416666666666 0.9233796296296296 0.8364583333333333 0.9238425925925926 0.8354166666666667 0.9247685185185185 0.8346354166666666 0.9247685185185185 0.8328125 0.9261574074074074 0.8307291666666666 0.9266203703703704 0.83046875 0.9270833333333334 0.8283854166666667 0.9280092592592593 0.8265625 0.9293981481481481 0.8244791666666667 0.9298611111111111 0.82421875 0.930324074074074 0.8229166666666666 0.930324074074074 0.82265625 0.930787037037037 0.8213541666666667 0.930787037037037 0.8200520833333333 0.93125 0.8177083333333334 0.9326388888888889 0.8169270833333333 0.9326388888888889 0.8158854166666667 0.9335648148148148 0.8135416666666667 0.9349537037037037 0.81171875 0.9354166666666667 0.8104166666666667 0.9363425925925926 0.8083333333333333 0.9363425925925926 0.8080729166666667 0.9368055555555556 0.8065104166666667 0.9368055555555556 0.8057291666666667 0.9363425925925926 0.803125 0.9340277777777778 0.7997395833333333 0.9280092592592593 0.7994791666666666 0.9280092592592593 0.7985677083333333 0.9259259259259259 0.798046875 0.9236111111111112 0.796484375 0.9185185185185185 0.796484375 0.9175925925925926 0.795703125 0.9143518518518519 0.7951822916666667 0.913425925925926 0.7946614583333333 0.9111111111111111 0.794140625 0.9101851851851852 0.7930989583333333 0.9046296296296297 0.793359375 0.9041666666666667 0.7936197916666666 0.9009259259259259 0.794140625 0.899537037037037 0.794140625 0.8967592592592593 0.7944010416666667 0.8962962962962963 0.7944010416666667 0.8898148148148148 0.7955729166666666 0.8881944444444444 0.796875 0.8872685185185185 0.7984375 0.8872685185185185 0.7986979166666667 0.8868055555555555 0.8010416666666667 0.8868055555555555 0.8013020833333333 0.8863425925925926 0.8075520833333333 0.8863425925925926 0.8088541666666667 0.8872685185185185 0.81015625 0.8877314814814815 0.8111979166666666 0.8872685185185185 0.8138020833333334 0.8840277777777777 0.8158854166666667 0.8803240740740741 0.8161458333333333 0.8803240740740741 0.81796875 0.8775462962962963 0.8182291666666667 0.8775462962962963 0.8205729166666667 0.8733796296296297 0.8223958333333333 0.8715277777777778 0.8239583333333333 0.86875 0.8252604166666667 0.8668981481481481 0.8260416666666667 0.8664351851851851 0.8283854166666667 0.8636574074074074 0.8315104166666667 0.8604166666666667 0.8330729166666667 0.8585648148148148 0.83671875 0.8520833333333333 0.8369791666666667 0.8520833333333333 0.8388020833333333 0.8488425925925925 0.8403645833333333 0.8469907407407408 0.8421875 0.8456018518518519 0.8440104166666667 0.843287037037037 0.8447916666666667 0.8418981481481481 0.8473958333333333 0.8391203703703703 0.8486979166666667 0.8372685185185185 0.85 0.8349537037037037 0.8502604166666666 0.8349537037037037 0.8518229166666667 0.8321759259259259 0.8520833333333333 0.8321759259259259 0.8536458333333333 0.8293981481481482 0.8552083333333333 0.8275462962962963 0.8565104166666667 0.8252314814814815 0.8580729166666666 0.8233796296296296 0.8645833333333334 0.8164351851851852 0.8690104166666667 0.8085648148148148 0.8692708333333333 0.8085648148148148 0.8708333333333333 0.805787037037037 0.871875 0.8043981481481481 0.8734375 0.8030092592592593 0.874609375 0.8009259259259259 0.8748697916666667 0.799074074074074 0.8756510416666666 0.7962962962962963 0.8756510416666666 0.7939814814814815 0.8751302083333333 0.7930555555555555 0.873828125 0.787962962962963 0.8735677083333333 0.7861111111111111 0.873046875 0.7851851851851852 0.8720052083333333 0.7819444444444444 0.8696614583333333 0.7777777777777778 0.8686197916666667 0.775 0.867578125 0.7712962962962963 0.8670572916666667 0.7703703703703704 0.8665364583333334 0.7680555555555556 0.8657552083333333 0.7657407407407407 0.862890625 0.7606481481481482 0.8623697916666667 0.7587962962962963 0.8595052083333333 0.7523148148148148 0.8595052083333333 0.7518518518518519 0.8579427083333333 0.7476851851851852 0.8553385416666667 0.7421296296296296 0.8540364583333333 0.737037037037037 0.8536458333333333 0.7363425925925926 0.8526041666666667 0.7363425925925926 0.8518229166666667 0.7372685185185185 0.8505208333333333 0.7377314814814815 0.84921875 0.7386574074074074 0.846875 0.742824074074074 0.8455729166666667 0.7442129629629629 0.8442708333333333 0.7465277777777778 0.8440104166666667 0.7465277777777778 0.8421875 0.7497685185185186 0.840625 0.7516203703703703 0.83828125 0.7557870370370371 0.8361979166666667 0.7581018518518519 0.8341145833333333 0.7618055555555555 0.83203125 0.7636574074074074 0.8290364583333333 0.7689814814814815 0.8282552083333333 0.7712962962962963 0.8274739583333334 0.7726851851851851 0.826953125 0.774537037037037 0.8252604166666667 0.7770833333333333 0.82421875 0.7780092592592592 0.8234375 0.7793981481481481 0.8221354166666667 0.780787037037037 0.8194010416666667 0.7856481481481481 0.8194010416666667 0.7861111111111111 0.8174479166666667 0.7895833333333333 0.81640625 0.7905092592592593 0.8123697916666667 0.7976851851851852 0.811328125 0.8 0.810546875 0.8023148148148148 0.8100260416666667 0.8060185185185185 0.8087239583333333 0.8083333333333333 0.8084635416666667 0.8092592592592592 0.8084635416666667 0.8134259259259259 0.8087239583333333 0.8157407407407408 0.8100260416666667 0.8194444444444444 0.811328125 0.825 0.8118489583333334 0.825925925925926 0.812890625 0.8296296296296296 0.8134114583333333 0.8324074074074074 0.814453125 0.8393518518518519 0.8154947916666667 0.8430555555555556 0.816015625 0.8486111111111111 0.8162760416666667 0.85 0.8157552083333334 0.8523148148148149 0.8149739583333333 0.8541666666666666 0.8140625 0.8553240740740741 0.812890625 0.8574074074074074 0.812890625 0.8578703703703704 0.8109375 0.8613425925925926 0.8098958333333334 0.8622685185185185 0.8075520833333333 0.8664351851851851 0.80546875 0.86875 0.80234375 0.8743055555555556 0.8013020833333333 0.8752314814814814 0.8001302083333334 0.8773148148148148 0.7993489583333333 0.8805555555555555 0.7984375 0.882175925925926 0.7973958333333333 0.8831018518518519 0.7953125 0.8840277777777777 0.7944010416666667 0.8861111111111111 0.794140625 0.8898148148148148 0.7932291666666667 0.8905092592592593 0.7911458333333333 0.8905092592592593 0.7877604166666666 0.8965277777777778 0.7854166666666667 0.8983796296296296 0.7841145833333333 0.8997685185185185 0.78359375 0.8997685185185185 0.78203125 0.9020833333333333 0.7817708333333333 0.9020833333333333 0.77734375 0.9099537037037037 0.7770833333333333 0.9099537037037037 0.77578125 0.9122685185185185 0.77421875 0.9141203703703704 0.771875 0.9182870370370371 0.7716145833333333 0.9182870370370371 0.7703125 0.9206018518518518 0.76796875 0.9233796296296296 0.7640625 0.930324074074074 0.7630208333333334 0.9317129629629629 0.7622395833333333 0.9321759259259259 0.7609375 0.9344907407407408 0.7606770833333333 0.9344907407407408 0.759375 0.9368055555555556 0.7591145833333334 0.9368055555555556 0.7579427083333333 0.9388888888888889 0.7579427083333333 0.9393518518518519 0.75625 0.9423611111111111 0.7546875 0.94375 0.753125 0.9460648148148149 0.7528645833333333 0.9460648148148149 0.750390625 0.950462962962963 0.749609375 0.9527777777777777 0.746875 0.9576388888888889 0.7466145833333333 0.9576388888888889 0.7454427083333334 0.9597222222222223 0.7454427083333334 0.9601851851851851 0.74375 0.9631944444444445 0.7416666666666667 0.9650462962962963 0.7401041666666667 0.9673611111111111 0.7388020833333333 0.968287037037037 0.7375 0.96875 0.7364583333333333 0.9696759259259259 0.73515625 0.9696759259259259 0.7338541666666667 0.9701388888888889 0.7325520833333333 0.9710648148148148 0.72890625 0.9719907407407408 0.7270833333333333 0.9733796296296297 0.7265625 0.9733796296296297 0.7252604166666666 0.9747685185185185 0.7234375 0.9756944444444444 0.7223958333333333 0.9756944444444444 0.72109375 0.9766203703703704 0.7192708333333333 0.9770833333333333 0.7182291666666667 0.9780092592592593 0.7174479166666666 0.9780092592592593 0.7161458333333334 0.9789351851851852 0.71484375 0.9789351851851852 0.7145833333333333 0.9793981481481482 0.71015625 0.9807870370370371 0.709375 0.981712962962963 0.7072916666666667 0.982175925925926 0.7059895833333333 0.9831018518518518 0.7041666666666667 0.9835648148148148 0.703125 0.9844907407407407 0.7005208333333334 0.9858796296296296 0.69921875 0.9858796296296296 0.69765625 0.9868055555555556 0.6966145833333334 0.9868055555555556 0.6942708333333333 0.9881944444444445 0.6911458333333333 0.9891203703703704 0.68984375 0.9900462962962963 0.6885416666666667 0.9905092592592593 0.6864583333333333 0.9905092592592593 0.6861979166666666 0.9909722222222223 0.6848958333333334 0.9909722222222223 0.68203125 0.9923611111111111 0.6796875 0.9923611111111111 0.6794270833333333 0.992824074074074 0.67734375 0.992824074074074 0.6770833333333334 0.993287037037037 0.66875 0.993287037037037 0.6684895833333333 0.99375 0.6666666666666666 0.99375 0.66640625 0.9942129629629629 0.6638020833333333 0.9942129629629629 0.6635416666666667 0.9946759259259259 0.6567708333333333 0.9946759259259259 0.6565104166666667 0.9951388888888889 0.6549479166666666 0.9951388888888889 0.6546875 0.9956018518518519 0.6486979166666667 0.9956018518518519 0.6484375 0.9960648148148148 0.6455729166666667 0.9960648148148148 0.64453125 0.9956018518518519 0.644921875 0.9935185185185185 0.645703125 0.9912037037037037 0.6479166666666667 0.9886574074074074 0.6494791666666667 0.9881944444444445 0.6510416666666666 0.9872685185185185 0.65234375 0.9872685185185185 0.6541666666666667 0.9863425925925926 0.6557291666666667 0.9849537037037037 0.65625 0.9840277777777777 0.6591145833333333 0.981712962962963 0.6606770833333333 0.98125 0.6630208333333333 0.9798611111111111 0.6638020833333333 0.9789351851851852 0.6661458333333333 0.9780092592592593 0.6671875 0.9770833333333333 0.66796875 0.9770833333333333 0.66953125 0.9761574074074074 0.6703125 0.9752314814814815 0.6716145833333333 0.9747685185185185 0.67421875 0.9729166666666667 0.67734375 0.9719907407407408 0.6783854166666666 0.9710648148148148 0.6791666666666667 0.9710648148148148 0.6809895833333334 0.9696759259259259 0.68203125 0.969212962962963 0.6838541666666667 0.969212962962963 0.6841145833333333 0.96875 0.6854166666666667 0.96875 0.6856770833333333 0.968287037037037 0.6890625 0.9668981481481481 0.6893229166666667 0.9664351851851852 0.6916666666666667 0.9655092592592592 0.69375 0.9641203703703703 0.6953125 0.9641203703703703 0.696875 0.9631944444444445 0.6986979166666667 0.9627314814814815 0.7026041666666667 0.9599537037037037 0.7033854166666667 0.9590277777777778 0.7046875 0.9585648148148148 0.7057291666666666 0.9576388888888889 0.7080729166666667 0.9567129629629629 0.7091145833333333 0.9567129629629629 0.7127604166666667 0.955324074074074 0.7138020833333333 0.9543981481481482 0.71640625 0.9530092592592593 0.717578125 0.950925925925926 0.718359375 0.9486111111111111 0.718359375 0.9425925925925925 0.7180989583333334 0.9402777777777778 0.7173177083333333 0.9375 0.7173177083333333 0.9365740740740741 0.7157552083333333 0.9305555555555556 0.7149739583333333 0.9282407407407407 0.7149739583333333 0.9273148148148148 0.7139322916666667 0.9236111111111112 0.7123697916666667 0.9199074074074074 0.7118489583333333 0.9180555555555555 0.7104166666666667 0.9155092592592593 0.7088541666666667 0.9141203703703704 0.7075520833333333 0.9136574074074074 0.70390625 0.9136574074074074 0.7026041666666667 0.9145833333333333 0.7015625 0.9145833333333333 0.7002604166666667 0.9155092592592593 0.696875 0.9164351851851852 0.6934895833333333 0.91875 0.6916666666666667 0.91875 0.69140625 0.919212962962963 0.6895833333333333 0.919212962962963 0.6861979166666666 0.9215277777777777 0.6841145833333333 0.9219907407407407 0.6838541666666667 0.9224537037037037 0.6815104166666667 0.9229166666666667 0.6791666666666667 0.9243055555555556 0.6783854166666666 0.9243055555555556 0.6770833333333334 0.9252314814814815 0.6760416666666667 0.9252314814814815 0.6747395833333333 0.9261574074074074 0.6739583333333333 0.9261574074074074 0.6723958333333333 0.9270833333333334 0.6708333333333333 0.9284722222222223 0.6700520833333333 0.9284722222222223 0.66875 0.9293981481481481 0.6674479166666667 0.9298611111111111 0.6661458333333333 0.9298611111111111 0.6645833333333333 0.930787037037037 0.6622395833333333 0.93125 0.6619791666666667 0.9317129629629629 0.6606770833333333 0.9317129629629629 0.6604166666666667 0.9321759259259259 0.6588541666666666 0.9321759259259259 0.6575520833333334 0.9326388888888889 0.6557291666666667 0.9340277777777778 0.6544270833333333 0.9344907407407408 0.6536458333333334 0.9354166666666667 0.6528645833333333 0.9354166666666667 0.6518229166666667 0.9363425925925926 0.6489583333333333 0.9372685185185186 0.6479166666666667 0.9381944444444444 0.6471354166666666 0.9381944444444444 0.6458333333333334 0.9391203703703703 0.6447916666666667 0.9391203703703703 0.64140625 0.9409722222222222 0.63828125 0.9418981481481481 0.6369791666666667 0.9428240740740741 0.6338541666666667 0.94375 0.63125 0.9456018518518519 0.6299479166666667 0.9460648148148149 0.6270833333333333 0.9460648148148149 0.6247395833333333 0.9474537037037037 0.6234375 0.9488425925925926 0.6213541666666667 0.9497685185185185 0.6197916666666666 0.9497685185185185 0.61953125 0.9502314814814815 0.6174479166666667 0.9506944444444444 0.61640625 0.9516203703703704 0.6145833333333334 0.9520833333333333 0.6143229166666667 0.9525462962962963 0.6130208333333333 0.9525462962962963 0.61015625 0.9539351851851852 0.6088541666666667 0.955324074074074 0.6075520833333333 0.95625 0.6057291666666667 0.9567129629629629 0.6041666666666666 0.9576388888888889 0.603125 0.9576388888888889 0.60078125 0.9590277777777778 0.5984375 0.9594907407407407 0.5981770833333333 0.9599537037037037 0.5966145833333333 0.9599537037037037 0.5963541666666666 0.9604166666666667 0.5950520833333334 0.9604166666666667 0.5934895833333333 0.9613425925925926 0.5916666666666667 0.9631944444444445 0.5903645833333333 0.9641203703703703 0.5895833333333333 0.9641203703703703 0.5885416666666666 0.9650462962962963 0.5864583333333333 0.9659722222222222 0.5828125 0.96875 0.5802083333333333 0.9701388888888889 0.5787760416666666 0.9726851851851852 0.577734375 0.9773148148148149 0.5774739583333334 0.9805555555555555 0.5766927083333333 0.9837962962962963 0.575390625 0.986574074074074 0.5743489583333333 0.9907407407407407 0.57265625 0.9942129629629629 0.57109375 0.9956018518518519 0.56875 0.9965277777777778 0.5651041666666666 0.9965277777777778 0.56484375 0.9969907407407408 0.559375 0.9969907407407408 0.5591145833333333 0.9965277777777778 0.5557291666666667 0.9965277777777778 0.55546875 0.9960648148148148 0.5455729166666666 0.9960648148148148 0.5442708333333334 0.9956018518518519 0.54375 0.9946759259259259 0.54140625 0.992824074074074 0.5399739583333333 0.9902777777777778 0.5397135416666666 0.9884259259259259 0.5391927083333333 0.987037037037037 0.5389322916666667 0.9847222222222223 0.5381510416666667 0.9819444444444444 0.537890625 0.9782407407407407 0.537109375 0.975 0.537109375 0.9740740740740741 0.536328125 0.9694444444444444 0.5358072916666666 0.9671296296296297 0.535546875 0.9629629629629629 0.5350260416666667 0.9606481481481481 0.5350260416666667 0.9592592592592593 0.533984375 0.9550925925925926 0.5334635416666667 0.9523148148148148 0.5334635416666667 0.950462962962963 0.5329427083333333 0.9462962962962963 0.532421875 0.9444444444444444 0.532421875 0.9425925925925925 0.5319010416666666 0.9398148148148148 0.5319010416666666 0.9375 0.531640625 0.937037037037037 0.531640625 0.9347222222222222 0.5313802083333333 0.9342592592592592 0.5311197916666667 0.9310185185185185 0.5305989583333334 0.9291666666666667 0.5295572916666667 0.9226851851851852 0.5290364583333333 0.9175925925925926 0.528515625 0.9157407407407407 0.528515625 0.9138888888888889 0.5274739583333333 0.9078703703703703 0.5272135416666667 0.9046296296296297 0.526171875 0.899537037037037 0.5256510416666667 0.8981481481481481 0.525390625 0.8939814814814815 0.5248697916666667 0.8921296296296296 0.5243489583333333 0.8861111111111111 0.5240885416666666 0.8856481481481482 0.5240885416666666 0.8833333333333333 0.5235677083333333 0.8805555555555555 0.5235677083333333 0.8782407407407408 0.5233072916666667 0.8777777777777778 0.522265625 0.8699074074074075 0.5220052083333333 0.8694444444444445 0.5217447916666667 0.8652777777777778 0.521484375 0.8648148148148148 0.521484375 0.862037037037037 0.520703125 0.8569444444444444 0.5209635416666667 0.8546296296296296 0.5209635416666667 0.8481481481481481 0.520703125 0.8476851851851852 0.520703125 0.8421296296296297 0.5204427083333333 0.8416666666666667 0.5204427083333333 0.8379629629629629 0.5201822916666666 0.8356481481481481 0.519140625 0.8314814814814815 0.5178385416666667 0.8287037037037037 0.5173177083333333 0.8245370370370371 0.516796875 0.8231481481481482 0.516796875 0.8217592592592593 0.5162760416666666 0.8194444444444444 0.5149739583333334 0.8152777777777778 0.5147135416666667 0.812962962962963 0.5141927083333333 0.8115740740740741 0.513671875 0.8087962962962963 0.5131510416666667 0.8046296296296296 0.5126302083333333 0.8023148148148148 0.5123697916666666 0.8 0.5123697916666666 0.7976851851851852 0.5115885416666667 0.7921296296296296 0.510546875 0.788425925925926 0.5100260416666667 0.7875 0.509765625 0.7851851851851852 0.509765625 0.7828703703703703 0.5095052083333333 0.7824074074074074 0.508984375 0.7768518518518519 0.5084635416666666 0.774074074074074 0.5084635416666666 0.7717592592592593 0.508203125 0.7712962962962963 0.508203125 0.7685185185185185 0.5069010416666667 0.7606481481481482 0.5063802083333333 0.7592592592592593 0.5061197916666667 0.7560185185185185 0.5055989583333333 0.7541666666666667 0.5055989583333333 0.7527777777777778 0.505078125 0.7509259259259259 0.505078125 0.749537037037037 0.504296875 0.7458333333333333 0.504296875 0.7430555555555556 0.5040364583333333 0.7425925925925926 0.5040364583333333 0.7402777777777778 0.5037760416666667 0.7384259259259259 0.502734375 0.7347222222222223 0.5022135416666667 0.7337962962962963 0.501953125 0.7310185185185185 0.501171875 0.7268518518518519 0.501171875 0.7245370370370371 0.5009114583333333 0.7222222222222222 0.5001302083333333 0.7180555555555556 0.4998697916666667 0.7138888888888889 0.4993489583333333 0.712037037037037 0.4993489583333333 0.7106481481481481 0.498046875 0.7064814814814815 0.49752604166666664 0.7041666666666667 0.497265625 0.700462962962963 0.4967447916666667 0.6976851851851852 0.4967447916666667 0.6953703703703704 0.496484375 0.6930555555555555 0.4959635416666667 0.6907407407407408 0.494921875 0.6837962962962963 0.49440104166666665 0.6828703703703703 0.494140625 0.6805555555555556 0.49361979166666664 0.6791666666666667 0.493359375 0.6763888888888889 0.49309895833333334 0.6759259259259259 0.49309895833333334 0.6726851851851852 0.4928385416666667 0.6722222222222223 0.4928385416666667 0.6694444444444444 0.492578125 0.6671296296296296 0.491796875 0.662962962962963 0.491796875 0.6601851851851852 0.4915364583333333 0.6597222222222222 0.4915364583333333 0.6569444444444444 0.49127604166666666 0.6550925925925926 0.49049479166666665 0.6527777777777778 0.48919270833333334 0.6467592592592593 0.4889322916666667 0.6425925925925926 0.488671875 0.6421296296296296 0.488671875 0.6393518518518518 0.4884114583333333 0.6388888888888888 0.4876302083333333 0.6328703703703704 0.48658854166666665 0.6296296296296297 0.48606770833333335 0.6240740740740741 0.485546875 0.6222222222222222 0.485546875 0.6194444444444445 0.48528645833333334 0.6189814814814815 0.48528645833333334 0.6162037037037037 0.4850260416666667 0.6138888888888889 0.4837239583333333 0.6087962962962963 0.4837239583333333 0.6064814814814815 0.4842447916666667 0.6046296296296296 0.4856770833333333 0.6020833333333333 0.48671875 0.6011574074074074 0.48880208333333336 0.6002314814814815 0.48984375 0.5993055555555555 0.49166666666666664 0.5988425925925925 0.49322916666666666 0.5979166666666667 0.4940104166666667 0.5969907407407408 0.4953125 0.5965277777777778 0.49609375 0.5956018518518519 0.49700520833333334 0.5935185185185186 0.49700520833333334 0.5893518518518519 0.4967447916666667 0.5888888888888889 0.4967447916666667 0.5861111111111111 0.4959635416666667 0.5833333333333334 0.4959635416666667 0.5824074074074074 0.49518229166666666 0.5800925925925926 0.49466145833333336 0.5768518518518518 0.494140625 0.575 0.49309895833333334 0.5685185185185185 0.49309895833333334 0.5671296296296297 0.492578125 0.5648148148148148 0.492578125 0.5625 0.4923177083333333 0.562037037037037 0.4923177083333333 0.5597222222222222 0.4920572916666667 0.5592592592592592 0.4920572916666667 0.5555555555555556 0.491796875 0.5550925925925926 0.491796875 0.5472222222222223 0.4920572916666667 0.5449074074074074 0.493359375 0.5407407407407407 0.49453125 0.5386574074074074 0.49583333333333335 0.5381944444444444 0.49713541666666666 0.5368055555555555 0.49856770833333336 0.5342592592592592 0.4993489583333333 0.5300925925925926 0.5001302083333333 0.5268518518518519 0.5001302083333333 0.5254629629629629 0.5009114583333333 0.5231481481481481 0.5018229166666667 0.5219907407407407 0.5028645833333333 0.5215277777777778 0.5059895833333333 0.5215277777777778 0.5078125 0.5206018518518518 0.5091145833333334 0.5192129629629629 0.5096354166666667 0.5192129629629629 0.5106770833333333 0.517824074074074 0.51171875 0.517824074074074 0.5130208333333334 0.5168981481481482 0.51640625 0.5168981481481482 0.5177083333333333 0.5173611111111112 0.51796875 0.5168981481481482 0.5192708333333333 0.5168981481481482 0.51953125 0.5164351851851852 0.5208333333333334 0.5164351851851852 0.52109375 0.5159722222222223 0.5263020833333333 0.5159722222222223 0.5265625 0.5155092592592593 0.5286458333333334 0.5155092592592593 0.5299479166666666 0.5145833333333333 0.53046875 0.5136574074074074 0.5317708333333333 0.5127314814814815 0.5328125 0.5113425925925926 0.53515625 0.5104166666666666 0.5361979166666667 0.5094907407407407 0.5395833333333333 0.5081018518518519 0.5408854166666667 0.5081018518518519 0.5411458333333333 0.5076388888888889 0.5424479166666667 0.5076388888888889 0.5427083333333333 0.507175925925926 0.5442708333333334 0.507175925925926 0.5458333333333333 0.50625 0.54765625 0.5057870370370371 0.5486979166666667 0.5048611111111111 0.5518229166666667 0.5039351851851852 0.5520833333333334 0.5034722222222222 0.5533854166666666 0.5034722222222222 0.5546875 0.5025462962962963 0.5559895833333334 0.5025462962962963 0.55625 0.5020833333333333 0.5583333333333333 0.5020833333333333 0.55859375 0.5016203703703703 0.5627604166666667 0.5016203703703703 0.5630208333333333 0.5020833333333333 0.565625 0.5020833333333333 0.5658854166666667 0.5016203703703703 0.5671875 0.5016203703703703 0.5674479166666667 0.5011574074074074 0.56875 0.5011574074074074 0.5716145833333334 0.4997685185185185 0.5734375 0.4979166666666667 0.5739583333333333 0.49699074074074073 0.5768229166666666 0.49560185185185185 0.5783854166666667 0.49560185185185185 0.5786458333333333 0.4951388888888889 0.58046875 0.4951388888888889 0.5807291666666666 0.4946759259259259 0.58203125 0.4946759259259259 0.5822916666666667 0.49421296296296297 0.5838541666666667 0.49421296296296297 0.5841145833333333 0.49375 0.5864583333333333 0.49375 0.58671875 0.493287037037037 0.5885416666666666 0.493287037037037 0.5888020833333333 0.4928240740740741 0.5903645833333333 0.4928240740740741 0.590625 0.49236111111111114 0.5924479166666666 0.49236111111111114 0.5942708333333333 0.49375 0.5958333333333333 0.4960648148148148 0.59921875 0.4979166666666667 0.6013020833333333 0.5002314814814814 0.6015625 0.5002314814814814 0.6028645833333334 0.5025462962962963 0.60390625 0.5034722222222222 0.6046875 0.5020833333333333 0.6067708333333334 0.5006944444444444 0.6078125 0.5011574074074074 0.6087239583333334 0.5032407407407408 0.608203125 0.5060185185185185 0.60703125 0.5076388888888889 0.60625 0.5081018518518519 0.6055989583333333 0.5097222222222222 0.60703125 0.5122685185185185 0.6104166666666667 0.5150462962962963 0.6106770833333334 0.5155092592592593 0.6213541666666667 0.5155092592592593 0.6216145833333333 0.5159722222222223 0.6244791666666667 0.5159722222222223 0.6260416666666667 0.518287037037037 0.6278645833333333 0.518287037037037 0.6276041666666666 0.5159722222222223 0.6260416666666667 0.5150462962962963 0.6256510416666666 0.5138888888888888 0.6256510416666666 0.5037037037037037 0.6268229166666667 0.5020833333333333 0.628125 0.5011574074074074 0.6291666666666667 0.4997685185185185 0.6303385416666667 0.4976851851851852 0.6303385416666667 0.49722222222222223 0.6317708333333333 0.4946759259259259 0.6341145833333334 0.493287037037037 0.6372395833333333 0.493287037037037 0.6375 0.49375 0.6390625 0.49375 0.6403645833333333 0.4946759259259259 0.6424479166666667 0.4951388888888889 0.643359375 0.49722222222222223 0.643359375 0.49953703703703706 0.6438802083333334 0.5018518518518519 0.6450520833333333 0.5030092592592592 0.6458333333333334 0.5030092592592592 0.646484375 0.5041666666666667 0.6470052083333333 0.5064814814814815 0.6470052083333333 0.5078703703703704 0.6475260416666667 0.5097222222222222 0.6477864583333334 0.5120370370370371 0.6477864583333334 0.5148148148148148 0.648046875 0.5166666666666667 0.6494791666666667 0.5192129629629629 0.6497395833333334 0.5192129629629629 0.6514322916666667 0.5222222222222223 0.651953125 0.5236111111111111 0.6529947916666666 0.5277777777777778 0.6537760416666667 0.5291666666666667 0.654296875 0.5314814814814814 0.654296875 0.538425925925926 0.6545572916666667 0.5393518518518519 0.65625 0.5423611111111111 0.6578125 0.54375 0.6583333333333333 0.5432870370370371 0.6595052083333334 0.5412037037037037 0.6595052083333334 0.5407407407407407 0.6614583333333334 0.5363425925925925 0.66328125 0.5344907407407408 0.6638020833333333 0.5344907407407408 0.6651041666666667 0.5331018518518519 0.6666666666666666 0.5326388888888889 0.6677083333333333 0.531712962962963 0.6713541666666667 0.531712962962963 0.6721354166666667 0.5326388888888889 0.6736979166666667 0.5331018518518519 0.6783854166666666 0.5331018518518519 0.6786458333333333 0.5335648148148148 0.6807291666666667 0.5335648148148148 0.6809895833333334 0.5340277777777778 0.6825520833333333 0.5340277777777778 0.6828125 0.5344907407407408 0.68515625 0.5354166666666667 0.6864583333333333 0.5363425925925925 0.6875 0.5363425925925925 0.6890625 0.5372685185185185 0.690234375 0.5347222222222222 0.690234375 0.5342592592592592 0.6916666666666667 0.531712962962963 0.6953125 0.5298611111111111 0.696484375 0.5277777777777778 0.697265625 0.5236111111111111 0.697265625 0.5180555555555556 0.6975260416666667 0.5162037037037037 0.698046875 0.5148148148148148 0.6985677083333334 0.5106481481481482 0.699609375 0.5064814814814815 0.7009114583333333 0.5 0.7014322916666667 0.4962962962962963 0.7024739583333334 0.4930555555555556 0.7029947916666667 0.48935185185185187 0.7040364583333333 0.48564814814814816 0.704296875 0.4824074074074074 0.705078125 0.4791666666666667 0.7053385416666667 0.4759259259259259 0.7071614583333333 0.4703703703703704 0.7071614583333333 0.46944444444444444 0.7079427083333333 0.4671296296296296 0.7092447916666667 0.4648148148148148 0.7102864583333334 0.4625 0.7110677083333333 0.4597222222222222 0.711328125 0.45740740740740743 0.712109375 0.45416666666666666 0.71328125 0.4525462962962963 0.7171875 0.45023148148148145 0.71796875 0.45023148148148145 0.7205729166666667 0.44884259259259257 0.7208333333333333 0.44837962962962963 0.7231770833333333 0.4479166666666667 0.7244791666666667 0.44699074074074074 0.72890625 0.44513888888888886 0.7325520833333333 0.44513888888888886 0.7328125 0.4446759259259259 0.7341145833333333 0.4446759259259259 0.734375 0.444212962962963 0.7356770833333334 0.444212962962963 0.7359375 0.44375 0.7377604166666667 0.44375 0.7380208333333333 0.44328703703703703 0.7395833333333334 0.44328703703703703 0.740625 0.4428240740740741 0.7419270833333333 0.4414351851851852 0.74609375 0.44004629629629627 0.74765625 0.4391203703703704 0.7502604166666667 0.4391203703703704 0.7505208333333333 0.4386574074074074 0.75234375 0.4386574074074074 0.7526041666666666 0.43819444444444444 0.75390625 0.43819444444444444 0.7541666666666667 0.4377314814814815 0.75546875 0.4377314814814815 0.7557291666666667 0.4372685185185185 0.75703125 0.4372685185185185 0.7583333333333333 0.43680555555555556 0.7596354166666667 0.4358796296296296 0.7640625 0.4358796296296296 0.7643229166666666 0.4354166666666667 0.7661458333333333 0.4354166666666667 0.7674479166666667 0.43449074074074073 0.76796875 0.4335648148148148 0.7690104166666667 0.43310185185185185 0.7701822916666666 0.4310185185185185 0.770703125 0.4287037037037037 0.770703125 0.4273148148148148 0.771875 0.42476851851851855 0.77265625 0.42430555555555555 0.7740885416666666 0.4217592592592593 0.7740885416666666 0.4212962962962963 0.7755208333333333 0.41967592592592595 0.7786458333333334 0.418287037037037 0.7809895833333333 0.418287037037037 0.78125 0.41782407407407407 0.7833333333333333 0.41782407407407407 0.7848958333333333 0.41875 0.7859375 0.41875 0.78828125 0.4201388888888889 0.7895833333333333 0.4201388888888889 0.78984375 0.42060185185185184 0.7911458333333333 0.42060185185185184 0.7921875 0.4219907407407407 0.79296875 0.4224537037037037 0.7942708333333334 0.42430555555555555 0.7963541666666667 0.42430555555555555 0.7966145833333333 0.4238425925925926 0.7981770833333334 0.4238425925925926 0.7989583333333333 0.4233796296296296 0.8013020833333333 0.42060185185185184 0.8020833333333334 0.42060185185185184 0.803125 0.41967592592592595 0.80390625 0.41967592592592595 0.8052083333333333 0.41875 0.8065104166666667 0.418287037037037 0.8083333333333333 0.418287037037037 0.80859375 0.41782407407407407 0.8098958333333334 0.41782407407407407 0.8111979166666666 0.4173611111111111 0.81328125 0.41597222222222224 0.8145833333333333 0.41550925925925924 0.8161458333333333 0.41550925925925924 0.81640625 0.4150462962962963 0.8182291666666667 0.4150462962962963 0.8184895833333333 0.41458333333333336 0.8200520833333333 0.41458333333333336 0.8203125 0.41412037037037036 0.8216145833333334 0.41412037037037036 0.821875 0.4136574074074074 0.8263020833333333 0.4136574074074074 0.8278645833333333 0.41458333333333336 0.8302083333333333 0.4150462962962963 0.8315104166666667 0.41597222222222224 0.8341145833333333 0.41689814814814813 0.8356770833333333 0.418287037037037 0.8377604166666667 0.42060185185185184 0.8393229166666667 0.42106481481481484 0.8395833333333333 0.4215277777777778 0.84140625 0.4219907407407407 0.8447916666666667 0.42430555555555555 0.84609375 0.42476851851851855 0.8471354166666667 0.42569444444444443 0.8484375 0.4275462962962963 0.8533854166666667 0.4363425925925926 0.8557291666666667 0.4391203703703704 0.8592447916666667 0.44537037037037036 0.8602864583333333 0.44814814814814813 0.8614583333333333 0.45023148148148145 0.86171875 0.45023148148148145 0.8692708333333333 0.4636574074074074 0.86953125 0.4636574074074074 0.8713541666666667 0.4668981481481482 0.8716145833333333 0.4668981481481482 0.8765625 0.4756944444444444 0.8768229166666667 0.4756944444444444 0.8783854166666667 0.47847222222222224 0.8799479166666667 0.48032407407407407 0.8819010416666667 0.4837962962962963 0.8819010416666667 0.4842592592592593 0.8850260416666667 0.4898148148148148 0.885546875 0.4935185185185185 0.8865885416666667 0.49675925925925923 0.8868489583333333 0.4986111111111111 0.8880208333333334 0.5016203703703703 0.8891927083333333 0.49953703703703706 0.8899739583333334 0.49583333333333335 0.8907552083333333 0.49398148148148147 0.8951822916666666 0.4861111111111111 0.8951822916666666 0.48564814814814816 0.898046875 0.48055555555555557 0.8985677083333333 0.4787037037037037 0.8993489583333333 0.4773148148148148 0.8998697916666667 0.475462962962963 0.9024739583333333 0.4708333333333333 0.9032552083333333 0.46805555555555556 0.9041666666666667 0.4664351851851852 0.9057291666666667 0.4650462962962963 0.90625 0.46412037037037035 0.9083333333333333 0.4622685185185185 0.9098958333333333 0.4613425925925926 0.9106770833333333 0.4613425925925926 0.91171875 0.46041666666666664 0.9138020833333333 0.4599537037037037 0.9161458333333333 0.4585648148148148 0.91796875 0.4585648148148148 0.9182291666666667 0.45810185185185187 0.9197916666666667 0.45810185185185187 0.92109375 0.4576388888888889 0.9234375 0.45625 0.9247395833333333 0.45578703703703705 0.9263020833333333 0.45578703703703705 0.9286458333333333 0.4548611111111111 0.93046875 0.4534722222222222 0.9315104166666667 0.4530092592592593 0.9338541666666667 0.4525462962962963 0.93515625 0.4516203703703704 0.9375 0.4511574074074074 0.9388020833333334 0.45023148148148145 0.9401041666666666 0.4497685185185185 0.94140625 0.4497685185185185 0.9416666666666667 0.44930555555555557 0.94296875 0.44930555555555557 0.9442708333333333 0.44837962962962963 0.9466145833333334 0.4479166666666667 0.946875 0.4474537037037037 0.9481770833333333 0.4474537037037037 0.9497395833333333 0.4465277777777778 0.9513020833333333 0.4465277777777778 0.9526041666666667 0.44560185185185186 0.9536458333333333 0.44560185185185186 0.9549479166666667 0.4446759259259259 0.95625 0.4446759259259259 0.9565104166666667 0.444212962962963 0.9580729166666667 0.444212962962963 0.9604166666666667 0.44328703703703703 0.9630208333333333 0.4414351851851852 0.9643229166666667 0.4414351851851852 0.965625 0.44050925925925927 0.9669270833333333 0.44004629629629627 0.9682291666666667 0.44004629629629627 0.9684895833333333 0.4395833333333333 0.9705729166666667 0.4395833333333333 0.9708333333333333 0.4391203703703704 0.9721354166666667 0.4391203703703704 0.9736979166666667 0.43819444444444444 0.975 0.43819444444444444 0.9765625 0.4372685185185185 0.9783854166666667 0.43680555555555556 0.9786458333333333 0.4363425925925926 0.9799479166666667 0.4363425925925926 0.9802083333333333 0.4358796296296296 0.9825520833333333 0.4354166666666667 0.9838541666666667 0.43449074074074073 0.98515625 0.43449074074074073 0.9864583333333333 0.4335648148148148 0.9875 0.4335648148148148 0.9888020833333333 0.4326388888888889 0.9901041666666667 0.4321759259259259 0.99140625 0.4321759259259259 0.9927083333333333 0.43125 0.9940104166666667 0.430787037037037 0.9955729166666667 0.430787037037037 0.9958333333333333 0.4303240740740741 0.99765625 0.4303240740740741 0.9979166666666667 0.42986111111111114 0.9997395833333333 0.42986111111111114
8 0.6533854166666666 0.1292824074074074 0.21380208333333328 0.2585648148148148 0.7602864583333333 0.0 0.7602864583333333 0.009722222222222222 0.759765625 0.0125 0.7592447916666667 0.013888888888888888 0.7587239583333333 0.016666666666666666 0.7584635416666666 0.01990740740740741 0.7576822916666667 0.024074074074074074 0.757421875 0.02638888888888889 0.757421875 0.029166666666666667 0.7571614583333334 0.02962962962962963 0.7569010416666667 0.03333333333333333 0.7563802083333333 0.03518518518518519 0.755078125 0.04351851851851852 0.754296875 0.04675925925925926 0.754296875 0.04814814814814815 0.7537760416666667 0.050462962962962966 0.7537760416666667 0.05185185185185185 0.7529947916666667 0.055092592592592596 0.7529947916666667 0.05648148148148148 0.7524739583333333 0.058333333333333334 0.7524739583333333 0.059722222222222225 0.751953125 0.06111111111111111 0.7514322916666667 0.06481481481481481 0.7509114583333333 0.06574074074074074 0.7498697916666667 0.07083333333333333 0.7493489583333334 0.07222222222222222 0.7483072916666667 0.0787037037037037 0.7477864583333333 0.08101851851851852 0.7467447916666666 0.0837962962962963 0.746484375 0.08564814814814815 0.745703125 0.08888888888888889 0.745703125 0.09074074074074075 0.744921875 0.09583333333333334 0.7444010416666667 0.09768518518518518 0.744140625 0.1 0.7436197916666667 0.10185185185185185 0.743359375 0.10416666666666667 0.7428385416666666 0.10601851851851851 0.742578125 0.10833333333333334 0.7420572916666667 0.10972222222222222 0.741796875 0.11296296296296296 0.7412760416666667 0.11481481481481481 0.7397135416666667 0.12314814814814815 0.7397135416666667 0.12453703703703704 0.738671875 0.12824074074074074 0.737890625 0.13333333333333333 0.737890625 0.13518518518518519 0.7373697916666667 0.13703703703703704 0.737109375 0.14027777777777778 0.7358072916666667 0.14629629629629629 0.7358072916666667 0.1476851851851852 0.7352864583333333 0.14907407407407408 0.7345052083333333 0.15231481481481482 0.7342447916666667 0.15462962962962962 0.7337239583333334 0.15601851851851853 0.7329427083333333 0.16157407407407406 0.7313802083333333 0.16944444444444445 0.730078125 0.1763888888888889 0.7290364583333333 0.18055555555555555 0.7279947916666667 0.1837962962962963 0.727734375 0.18611111111111112 0.7272135416666666 0.1875 0.7272135416666666 0.18888888888888888 0.7266927083333333 0.19074074074074074 0.7264322916666667 0.19398148148148148 0.726171875 0.19444444444444445 0.7256510416666667 0.1986111111111111 0.7251302083333333 0.2 0.7243489583333333 0.2050925925925926 0.723828125 0.20694444444444443 0.7235677083333333 0.20925925925925926 0.7225260416666667 0.21388888888888888 0.722265625 0.2162037037037037 0.7217447916666667 0.2175925925925926 0.7217447916666667 0.21898148148148147 0.7212239583333333 0.22083333333333333 0.7212239583333333 0.22268518518518518 0.7204427083333333 0.22592592592592592 0.7201822916666667 0.22824074074074074 0.7186197916666667 0.23333333333333334 0.7173177083333333 0.23564814814814813 0.716015625 0.23935185185185184 0.715234375 0.24074074074074073 0.7149739583333333 0.24212962962962964 0.7139322916666667 0.24537037037037038 0.7122395833333334 0.2488425925925926 0.709375 0.25254629629629627 0.7072916666666667 0.25439814814814815 0.7041666666666667 0.256712962962963 0.7013020833333333 0.25763888888888886 0.7010416666666667 0.25810185185185186 0.6986979166666667 0.25810185185185186 0.6984375 0.2585648148148148 0.6947916666666667 0.2585648148148148 0.69453125 0.25810185185185186 0.68828125 0.25810185185185186 0.6880208333333333 0.25763888888888886 0.6830729166666667 0.25763888888888886 0.6828125 0.2571759259259259 0.6794270833333333 0.2571759259259259 0.6791666666666667 0.256712962962963 0.6760416666666667 0.256712962962963 0.67578125 0.25625 0.6713541666666667 0.25625 0.67109375 0.25578703703703703 0.6635416666666667 0.25578703703703703 0.66328125 0.2553240740740741 0.65703125 0.2553240740740741 0.6567708333333333 0.2548611111111111 0.6526041666666667 0.2548611111111111 0.65234375 0.25439814814814815 0.6473958333333333 0.25439814814814815 0.6471354166666666 0.2539351851851852 0.6419270833333334 0.2539351851851852 0.6416666666666667 0.2534722222222222 0.6372395833333333 0.2534722222222222 0.6369791666666667 0.25300925925925927 0.6247395833333333 0.25300925925925927 0.6244791666666667 0.25254629629629627 0.6182291666666667 0.25254629629629627 0.61796875 0.2520833333333333 0.6161458333333333 0.2520833333333333 0.6158854166666666 0.2516203703703704 0.6135416666666667 0.2516203703703704 0.61328125 0.2511574074074074 0.60078125 0.2511574074074074 0.6005208333333333 0.25069444444444444 0.5880208333333333 0.25069444444444444 0.5877604166666667 0.2502314814814815 0.58359375 0.2502314814814815 0.5833333333333334 0.24976851851851853 0.5802083333333333 0.24976851851851853 0.5799479166666667 0.24930555555555556 0.5723958333333333 0.24930555555555556 0.5721354166666667 0.2488425925925926 0.56953125 0.2488425925925926 0.5692708333333333 0.24837962962962962 0.5661458333333333 0.24837962962962962 0.5658854166666667 0.24791666666666667 0.5638020833333334 0.24791666666666667 0.5625 0.2474537037037037 0.5614583333333333 0.2465277777777778 0.5606770833333333 0.2465277777777778 0.5588541666666667 0.24513888888888888 0.5583333333333333 0.24513888888888888 0.5557291666666667 0.24328703703703702 0.5549479166666667 0.2423611111111111 0.553125 0.23912037037037037 0.5528645833333333 0.23912037037037037 0.5510416666666667 0.23587962962962963 0.55078125 0.23587962962962963 0.5490885416666667 0.23287037037037037 0.548046875 0.22916666666666666 0.547265625 0.22407407407407406 0.546484375 0.2199074074074074 0.546484375 0.21388888888888888 0.5467447916666667 0.21342592592592594 0.5467447916666667 0.20185185185185187 0.5470052083333333 0.2013888888888889 0.5470052083333333 0.19722222222222222 0.547265625 0.19675925925925927 0.547265625 0.18703703703703703 0.5475260416666666 0.1865740740740741 0.5475260416666666 0.17962962962962964 0.5477864583333333 0.17916666666666667 0.5477864583333333 0.17314814814814813 0.548046875 0.1726851851851852 0.548046875 0.16342592592592592 0.5483072916666667 0.16296296296296298 0.5483072916666667 0.15601851851851853 0.5485677083333333 0.15555555555555556 0.5485677083333333 0.14583333333333334 0.548828125 0.14537037037037037 0.548828125 0.13472222222222222 0.5490885416666667 0.13425925925925927 0.5490885416666667 0.12453703703703704 0.5493489583333333 0.12407407407407407 0.5493489583333333 0.11805555555555555 0.549609375 0.1175925925925926 0.549609375 0.11157407407407408 0.5498697916666667 0.1111111111111111 0.5498697916666667 0.10277777777777777 0.5501302083333334 0.10231481481481482 0.5501302083333334 0.09537037037037037 0.550390625 0.09490740740740741 0.550390625 0.09027777777777778 0.5506510416666667 0.08981481481481482 0.5506510416666667 0.08333333333333333 0.5509114583333333 0.08287037037037037 0.5509114583333333 0.07222222222222222 0.551171875 0.07175925925925926 0.551171875 0.06481481481481481 0.5514322916666666 0.06435185185185185 0.5514322916666666 0.058333333333333334 0.5516927083333333 0.05787037037037037 0.5516927083333333 0.04953703703703704 0.551953125 0.049074074074074076 0.551953125 0.0412037037037037 0.5522135416666667 0.040740740740740744 0.5522135416666667 0.03611111111111111 0.5524739583333333 0.03564814814814815 0.5524739583333333 0.020833333333333332 0.552734375 0.020370370370370372 0.552734375 0.015277777777777777 0.5529947916666667 0.014814814814814815 0.5529947916666667 0.010648148148148148 0.5532552083333333 0.010185185185185186 0.5537760416666667 0.005555555555555556 0.5548177083333333 0.0023148148148148147 0.5548177083333333 0.0
6 0.07180989583333333 0.16168981481481481 0.14361979166666666 0.32337962962962963 0.06731770833333334 0.0 0.06731770833333334 0.0023148148148148147 0.06875 0.004398148148148148 0.06953125 0.004861111111111111 0.07213541666666666 0.007638888888888889 0.07239583333333334 0.007638888888888889 0.073828125 0.010185185185185186 0.073828125 0.010648148148148148 0.07513020833333334 0.012962962962962963 0.07591145833333333 0.015277777777777777 0.07799479166666666 0.01898148148148148 0.080078125 0.024074074074074074 0.08033854166666667 0.02546296296296296 0.08138020833333333 0.027777777777777776 0.082421875 0.031018518518518518 0.08580729166666666 0.037037037037037035 0.08684895833333334 0.03935185185185185 0.08815104166666667 0.043055555555555555 0.089453125 0.04537037037037037 0.09075520833333334 0.04861111111111111 0.09127604166666667 0.05092592592592592 0.09270833333333334 0.05347222222222222 0.09296875 0.05347222222222222 0.09466145833333334 0.05740740740740741 0.09518229166666667 0.059722222222222225 0.09635416666666667 0.061342592592592594 0.098046875 0.06435185185185185 0.098046875 0.06481481481481481 0.09947916666666666 0.06689814814814815 0.10130208333333333 0.06828703703703703 0.10208333333333333 0.06921296296296296 0.10690104166666667 0.07777777777777778 0.10794270833333333 0.08009259259259259 0.10924479166666666 0.08425925925925926 0.109765625 0.08703703703703704 0.110546875 0.08935185185185185 0.110546875 0.09027777777777778 0.11184895833333333 0.09490740740740741 0.11341145833333334 0.09953703703703703 0.11497395833333333 0.10555555555555556 0.11731770833333334 0.10972222222222222 0.118359375 0.1125 0.119140625 0.11527777777777778 0.119921875 0.11666666666666667 0.12122395833333334 0.11990740740740741 0.122265625 0.12407407407407407 0.12278645833333333 0.125 0.12330729166666667 0.12731481481481483 0.123828125 0.12824074074074074 0.127734375 0.14212962962962963 0.12877604166666667 0.14444444444444443 0.12955729166666666 0.14675925925925926 0.13111979166666668 0.15231481481481482 0.13216145833333334 0.15462962962962962 0.133203125 0.15833333333333333 0.13450520833333332 0.16435185185185186 0.135546875 0.16805555555555557 0.13606770833333334 0.16898148148148148 0.137109375 0.1726851851851852 0.13815104166666667 0.17546296296296296 0.13971354166666666 0.1787037037037037 0.14075520833333333 0.1814814814814815 0.14153645833333334 0.18425925925925926 0.14153645833333334 0.18564814814814815 0.14205729166666667 0.18935185185185185 0.14231770833333332 0.18981481481481483 0.14231770833333332 0.19212962962962962 0.142578125 0.1925925925925926 0.142578125 0.2 0.14205729166666667 0.20277777777777778 0.14205729166666667 0.20601851851851852 0.14361979166666666 0.2111111111111111 0.14361979166666666 0.22083333333333333 0.143359375 0.2212962962962963 0.143359375 0.22453703703703703 0.14309895833333333 0.2263888888888889 0.142578125 0.2273148148148148 0.14205729166666667 0.22962962962962963 0.141015625 0.23287037037037037 0.140234375 0.23472222222222222 0.13567708333333334 0.24282407407407408 0.13541666666666666 0.24282407407407408 0.13359375 0.24606481481481482 0.13229166666666667 0.24791666666666667 0.13046875 0.24976851851851853 0.12708333333333333 0.25578703703703703 0.12578125 0.2571759259259259 0.12369791666666667 0.26087962962962963 0.121875 0.26273148148148145 0.12135416666666667 0.26273148148148145 0.12005208333333334 0.2641203703703704 0.11953125 0.2641203703703704 0.11640625 0.26643518518518516 0.11432291666666666 0.2673611111111111 0.1109375 0.2701388888888889 0.10885416666666667 0.2710648148148148 0.10755208333333334 0.27199074074074076 0.10625 0.27337962962962964 0.10546875 0.27337962962962964 0.10390625 0.2743055555555556 0.103125 0.27523148148148147 0.10182291666666667 0.27569444444444446 0.09921875 0.2775462962962963 0.09817708333333333 0.2775462962962963 0.096875 0.27847222222222223 0.0953125 0.2789351851851852 0.09453125 0.2798611111111111 0.09270833333333334 0.28078703703703706 0.09192708333333334 0.28171296296296294 0.090625 0.28217592592592594 0.08958333333333333 0.2831018518518518 0.08880208333333334 0.2831018518518518 0.08776041666666666 0.28402777777777777 0.08697916666666666 0.28402777777777777 0.0859375 0.2849537037037037 0.08515625 0.2849537037037037 0.0828125 0.2863425925925926 0.08177083333333333 0.2863425925925926 0.08046875 0.28726851851851853 0.07838541666666667 0.2877314814814815 0.07734375 0.2886574074074074 0.0765625 0.2886574074074074 0.07552083333333333 0.28958333333333336 0.07473958333333333 0.28958333333333336 0.07135416666666666 0.2914351851851852 0.0703125 0.2914351851851852 0.06901041666666667 0.2923611111111111 0.06770833333333333 0.2923611111111111 0.06744791666666666 0.29282407407407407 0.06588541666666667 0.29282407407407407 0.065625 0.293287037037037 0.06432291666666666 0.293287037037037 0.06302083333333333 0.29375 0.06197916666666667 0.29467592592592595 0.061197916666666664 0.29467592592592595 0.059375 0.29606481481481484 0.05859375 0.29606481481481484 0.05755208333333333 0.2969907407407407 0.05572916666666667 0.2974537037037037 0.0546875 0.2983796296296296 0.05390625 0.2983796296296296 0.05286458333333333 0.29930555555555555 0.05182291666666667 0.29930555555555555 0.05026041666666667 0.3002314814814815 0.04921875 0.3002314814814815 0.04765625 0.30115740740740743 0.04609375 0.30115740740740743 0.04453125 0.3020833333333333 0.04348958333333333 0.3020833333333333 0.04114583333333333 0.3034722222222222 0.040364583333333336 0.3034722222222222 0.038802083333333334 0.30486111111111114 0.03828125 0.30486111111111114 0.03671875 0.30625 0.034375 0.3071759259259259 0.03333333333333333 0.30810185185185185 0.03203125 0.3085648148148148 0.030729166666666665 0.3085648148148148 0.02890625 0.30949074074074073 0.025520833333333333 0.3127314814814815 0.02421875 0.3136574074074074 0.0234375 0.3136574074074074 0.021614583333333333 0.31504629629629627 0.01953125 0.31550925925925927 0.018229166666666668 0.3164351851851852 0.014583333333333334 0.3173611111111111 0.012239583333333333 0.31875 0.010416666666666666 0.319212962962963 0.008333333333333333 0.32013888888888886 0.007291666666666667 0.3210648148148148 0.006510416666666667 0.3210648148148148 0.004166666666666667 0.3224537037037037 0.0033854166666666668 0.3224537037037037 0.00234375 0.32337962962962963 0.0 0.32337962962962963
1 0.25533854166666664 0.38611111111111107 0.02708333333333332 0.03842592592592592 0.259375 0.40532407407407406 0.25703125 0.40532407407407406 0.25677083333333334 0.4048611111111111 0.2546875 0.4048611111111111 0.25442708333333336 0.4043981481481482 0.2526041666666667 0.4039351851851852 0.25104166666666666 0.4025462962962963 0.24908854166666666 0.3990740740740741 0.24778645833333332 0.39537037037037037 0.24661458333333333 0.39328703703703705 0.24453125 0.3909722222222222 0.24205729166666667 0.38657407407407407 0.241796875 0.38564814814814813 0.241796875 0.3819444444444444 0.24205729166666667 0.37962962962962965 0.243359375 0.37546296296296294 0.2453125 0.37199074074074073 0.24609375 0.3715277777777778 0.24791666666666667 0.3696759259259259 0.24921875 0.36921296296296297 0.25026041666666665 0.368287037037037 0.2515625 0.3678240740740741 0.25286458333333334 0.3678240740740741 0.253125 0.36736111111111114 0.25442708333333336 0.36736111111111114 0.2546875 0.36689814814814814 0.25729166666666664 0.36689814814814814 0.25755208333333335 0.36736111111111114 0.259375 0.36736111111111114 0.2609375 0.368287037037037 0.26171875 0.36921296296296297 0.2638020833333333 0.3701388888888889 0.26588541666666665 0.37199074074074073 0.26653645833333334 0.3736111111111111 0.26796875 0.3761574074074074 0.2688802083333333 0.3773148148148148 0.26861979166666666 0.37916666666666665 0.2674479166666667 0.3803240740740741 0.26614583333333336 0.38263888888888886 0.26588541666666665 0.38263888888888886 0.26471354166666666 0.38472222222222224 0.26419270833333336 0.38657407407407407 0.26393229166666665 0.3888888888888889 0.26393229166666665 0.4 0.26341145833333335 0.40185185185185185 0.26223958333333336 0.4039351851851852 0.2609375 0.4048611111111111 0.2596354166666667 0.4048611111111111 0.259375 0.40532407407407406
1 0.20989583333333334 0.39583333333333337 0.02682291666666667 0.03564814814814815 0.21328125 0.4136574074074074 0.20755208333333333 0.4136574074074074 0.20729166666666668 0.4131944444444444 0.20494791666666667 0.4131944444444444 0.2015625 0.41041666666666665 0.20026041666666666 0.4081018518518518 0.2 0.4081018518518518 0.19908854166666667 0.4060185185185185 0.19752604166666668 0.40324074074074073 0.196484375 0.4 0.196484375 0.3962962962962963 0.19674479166666667 0.3958333333333333 0.19674479166666667 0.39351851851851855 0.19752604166666668 0.3902777777777778 0.198046875 0.3888888888888889 0.20052083333333334 0.38449074074074074 0.20234375 0.38310185185185186 0.2046875 0.38078703703703703 0.20677083333333332 0.3798611111111111 0.20755208333333333 0.3789351851851852 0.20859375 0.3784722222222222 0.21041666666666667 0.3784722222222222 0.21067708333333332 0.37800925925925927 0.21484375 0.37800925925925927 0.21510416666666668 0.3784722222222222 0.21744791666666666 0.37939814814814815 0.21848958333333332 0.3803240740740741 0.22135416666666666 0.3840277777777778 0.221875 0.3840277777777778 0.22330729166666666 0.3861111111111111 0.223046875 0.38842592592592595 0.22252604166666667 0.38981481481481484 0.222265625 0.39166666666666666 0.22096354166666668 0.3939814814814815 0.22018229166666667 0.3962962962962963 0.21861979166666667 0.3990740740740741 0.21731770833333333 0.4027777777777778 0.216796875 0.40555555555555556 0.21653645833333332 0.4097222222222222 0.216015625 0.41203703703703703 0.21458333333333332 0.4131944444444444 0.21328125 0.4136574074074074
1 0.23854166666666665 0.4652777777777778 0.03151041666666665 0.04212962962962963 0.24296875 0.4863425925925926 0.23854166666666668 0.4863425925925926 0.23828125 0.4858796296296296 0.23671875 0.4858796296296296 0.23541666666666666 0.48541666666666666 0.23359375 0.4840277777777778 0.2328125 0.4840277777777778 0.23125 0.4826388888888889 0.22916666666666666 0.48125 0.226953125 0.4773148148148148 0.226953125 0.47685185185185186 0.22565104166666666 0.47453703703703703 0.22565104166666666 0.4740740740740741 0.22408854166666667 0.4708333333333333 0.223046875 0.4675925925925926 0.223046875 0.4652777777777778 0.22278645833333333 0.4648148148148148 0.22278645833333333 0.4615740740740741 0.223046875 0.4597222222222222 0.223828125 0.45787037037037037 0.225390625 0.4550925925925926 0.226171875 0.4527777777777778 0.22760416666666666 0.45023148148148145 0.22994791666666667 0.4474537037037037 0.23203125 0.44560185185185186 0.23307291666666666 0.44513888888888886 0.234375 0.44513888888888886 0.23463541666666668 0.4446759259259259 0.23854166666666668 0.4446759259259259 0.23984375 0.444212962962963 0.24010416666666667 0.4446759259259259 0.24140625 0.4446759259259259 0.24348958333333334 0.4460648148148148 0.24453125 0.4460648148148148 0.24583333333333332 0.44699074074074074 0.24921875 0.44837962962962963 0.25104166666666666 0.45023148148148145 0.25299479166666666 0.4537037037037037 0.254296875 0.4597222222222222 0.254296875 0.4666666666666667 0.2540364583333333 0.4689814814814815 0.2532552083333333 0.47175925925925927 0.2532552083333333 0.4726851851851852 0.25221354166666665 0.4759259259259259 0.2506510416666667 0.4787037037037037 0.2506510416666667 0.4791666666666667 0.24921875 0.48171296296296295 0.24661458333333333 0.4844907407407407 0.24609375 0.4844907407407407 0.24453125 0.4858796296296296 0.24322916666666666 0.4858796296296296 0.24296875 0.4863425925925926
2 0.23046875 0.3631944444444445 0.03359374999999998 0.04259259259259257 0.23333333333333334 0.38449074074074074 0.23046875 0.38449074074074074 0.23020833333333332 0.3840277777777778 0.22734375 0.3840277777777778 0.22578125 0.38310185185185186 0.22473958333333333 0.38310185185185186 0.22317708333333333 0.3821759259259259 0.22239583333333332 0.38125 0.21927083333333333 0.3789351851851852 0.21783854166666666 0.3763888888888889 0.21705729166666668 0.3731481481481482 0.216796875 0.37037037037037035 0.216015625 0.3680555555555556 0.21575520833333334 0.3662037037037037 0.21471354166666667 0.36342592592592593 0.213671875 0.35833333333333334 0.213671875 0.35648148148148145 0.21497395833333333 0.35138888888888886 0.21692708333333333 0.34791666666666665 0.21953125 0.3460648148148148 0.22161458333333334 0.34421296296296294 0.22239583333333332 0.34421296296296294 0.2234375 0.34328703703703706 0.22552083333333334 0.3423611111111111 0.22682291666666668 0.3423611111111111 0.22708333333333333 0.3418981481481482 0.23177083333333334 0.3418981481481482 0.23307291666666666 0.3423611111111111 0.23411458333333332 0.34328703703703706 0.23619791666666667 0.34421296296296294 0.23854166666666668 0.34652777777777777 0.24088541666666666 0.3502314814814815 0.24192708333333332 0.3511574074074074 0.24479166666666666 0.35625 0.24557291666666667 0.35671296296296295 0.24700520833333334 0.3587962962962963 0.24700520833333334 0.36203703703703705 0.247265625 0.3638888888888889 0.246484375 0.36666666666666664 0.245703125 0.3685185185185185 0.24388020833333332 0.37175925925925923 0.24283854166666666 0.37453703703703706 0.24153645833333334 0.3768518518518518 0.24049479166666668 0.37916666666666665 0.23997395833333332 0.38101851851851853 0.23880208333333333 0.38263888888888886 0.2375 0.3835648148148148 0.23619791666666667 0.3840277777777778 0.23359375 0.3840277777777778 0.23333333333333334 0.38449074074074074
2 0.23307291666666666 0.40740740740740744 0.03411458333333334 0.04490740740740745 0.23802083333333332 0.42986111111111114 0.234375 0.42986111111111114 0.23411458333333332 0.42939814814814814 0.23229166666666667 0.42939814814814814 0.23203125 0.4289351851851852 0.23020833333333332 0.4289351851851852 0.228125 0.42800925925925926 0.22578125 0.4252314814814815 0.22486979166666668 0.42314814814814816 0.22291666666666668 0.41967592592592595 0.22213541666666667 0.41921296296296295 0.21979166666666666 0.4164351851851852 0.21822916666666667 0.4150462962962963 0.21653645833333332 0.41203703703703703 0.21627604166666667 0.41064814814814815 0.21627604166666667 0.4078703703703704 0.216015625 0.4074074074074074 0.21627604166666667 0.4041666666666667 0.21744791666666666 0.4011574074074074 0.21822916666666667 0.40023148148148147 0.22005208333333334 0.3988425925925926 0.221484375 0.3962962962962963 0.221484375 0.3958333333333333 0.22278645833333333 0.39351851851851855 0.223828125 0.3907407407407407 0.22408854166666667 0.38935185185185184 0.22526041666666666 0.3872685185185185 0.22682291666666668 0.38587962962962963 0.228125 0.38587962962962963 0.22838541666666667 0.3854166666666667 0.22994791666666667 0.3854166666666667 0.23020833333333332 0.3849537037037037 0.23619791666666667 0.3849537037037037 0.23828125 0.38634259259259257 0.2390625 0.38634259259259257 0.240625 0.3872685185185185 0.2421875 0.3891203703703704 0.24296875 0.38958333333333334 0.24557291666666667 0.39282407407407405 0.247265625 0.3962962962962963 0.24778645833333332 0.3976851851851852 0.24986979166666667 0.4050925925925926 0.2501302083333333 0.40694444444444444 0.2501302083333333 0.412962962962963 0.249609375 0.41574074074074074 0.248828125 0.4185185185185185 0.24739583333333334 0.4215277777777778 0.24713541666666666 0.4215277777777778 0.24427083333333333 0.42662037037037037 0.24270833333333333 0.42800925925925926 0.24010416666666667 0.42939814814814814 0.23828125 0.42939814814814814 0.23802083333333332 0.42986111111111114
2 0.21015625 0.4377314814814815 0.03619791666666666 0.04814814814814816 0.21614583333333334 0.4618055555555556 0.21119791666666668 0.4618055555555556 0.2109375 0.4613425925925926 0.20911458333333333 0.4613425925925926 0.20885416666666667 0.46087962962962964 0.20703125 0.46041666666666664 0.20598958333333334 0.45949074074074076 0.20520833333333333 0.45949074074074076 0.20364583333333333 0.4585648148148148 0.19895833333333332 0.45393518518518516 0.19856770833333334 0.4527777777777778 0.196484375 0.44907407407407407 0.196484375 0.4486111111111111 0.194921875 0.4449074074074074 0.19466145833333334 0.44351851851851853 0.19361979166666668 0.4412037037037037 0.192578125 0.4375 0.19205729166666666 0.43472222222222223 0.19205729166666666 0.42962962962962964 0.19231770833333334 0.4273148148148148 0.193359375 0.4236111111111111 0.19505208333333332 0.42060185185185184 0.19895833333333332 0.41689814814814813 0.20182291666666666 0.41458333333333336 0.20364583333333333 0.41458333333333336 0.20390625 0.41412037037037036 0.20651041666666667 0.41412037037037036 0.20677083333333332 0.4136574074074074 0.21302083333333333 0.4136574074074074 0.21328125 0.41412037037037036 0.21510416666666668 0.41458333333333336 0.21666666666666667 0.41550925925925924 0.22083333333333333 0.41921296296296295 0.22213541666666667 0.42060185185185184 0.22434895833333332 0.42453703703703705 0.22486979166666668 0.4263888888888889 0.22565104166666666 0.42777777777777776 0.22591145833333334 0.42916666666666664 0.22669270833333333 0.4310185185185185 0.22721354166666666 0.43333333333333335 0.22721354166666666 0.43472222222222223 0.22825520833333332 0.4393518518518518 0.22825520833333332 0.44212962962962965 0.22721354166666666 0.44675925925925924 0.224609375 0.4513888888888889 0.223828125 0.4537037037037037 0.22135416666666666 0.45810185185185187 0.22005208333333334 0.45949074074074076 0.21901041666666668 0.4599537037037037 0.21744791666666666 0.4613425925925926 0.21614583333333334 0.4618055555555556
2 0.279296875 0.3974537037037037 0.030729166666666696 0.045370370370370394 0.2838541666666667 0.4201388888888889 0.278125 0.4201388888888889 0.27786458333333336 0.41967592592592595 0.2755208333333333 0.41921296296296295 0.2752604166666667 0.41875 0.27317708333333335 0.4173611111111111 0.26953125 0.41412037037037036 0.26875 0.4131944444444444 0.26731770833333335 0.41064814814814815 0.266796875 0.40879629629629627 0.266015625 0.4074074074074074 0.26471354166666666 0.40324074074074073 0.264453125 0.4009259259259259 0.26393229166666665 0.3990740740740741 0.26393229166666665 0.3912037037037037 0.26419270833333336 0.3907407407407407 0.2649739583333333 0.38564814814814813 0.2654947916666667 0.38425925925925924 0.2677083333333333 0.3803240740740741 0.26901041666666664 0.3789351851851852 0.26979166666666665 0.37754629629629627 0.27265625 0.3752314814814815 0.27395833333333336 0.3747685185185185 0.27890625 0.3747685185185185 0.2791666666666667 0.3752314814814815 0.28046875 0.3752314814814815 0.2828125 0.3761574074074074 0.2859375 0.3784722222222222 0.2875 0.37939814814814815 0.28932291666666665 0.3821759259259259 0.28958333333333336 0.3821759259259259 0.29127604166666665 0.3851851851851852 0.292578125 0.3888888888888889 0.293359375 0.3902777777777778 0.294140625 0.39305555555555555 0.29440104166666664 0.39537037037037037 0.29440104166666664 0.3976851851851852 0.29466145833333335 0.39814814814814814 0.29466145833333335 0.40046296296296297 0.29440104166666664 0.4009259259259259 0.29440104166666664 0.40370370370370373 0.294140625 0.40555555555555556 0.293359375 0.40879629629629627 0.292578125 0.4111111111111111 0.2911458333333333 0.41412037037037036 0.28854166666666664 0.4173611111111111 0.28619791666666666 0.41921296296296295 0.28515625 0.41921296296296295 0.2838541666666667 0.4201388888888889
3 0.2615885416666667 0.5159722222222222 0.1942708333333333 0.2444444444444444 0.30520833333333336 0.6381944444444444 0.3028645833333333 0.6381944444444444 0.3015625 0.6377314814814815 0.2994791666666667 0.6363425925925926 0.2986979166666667 0.6363425925925926 0.29635416666666664 0.6340277777777777 0.2955729166666667 0.6335648148148149 0.29296875 0.63125 0.29010416666666666 0.6284722222222222 0.28854166666666664 0.6261574074074074 0.2864583333333333 0.6247685185185186 0.28463541666666664 0.6229166666666667 0.2830729166666667 0.6219907407407408 0.28151041666666665 0.6206018518518519 0.2799479166666667 0.61875 0.27786458333333336 0.6173611111111111 0.27682291666666664 0.6159722222222223 0.27630208333333334 0.6159722222222223 0.2752604166666667 0.6145833333333334 0.27395833333333336 0.6136574074074074 0.27265625 0.6118055555555556 0.27109375 0.6108796296296296 0.26901041666666664 0.6090277777777777 0.2677083333333333 0.6085648148148148 0.26614583333333336 0.607175925925926 0.26484375 0.6053240740740741 0.26276041666666666 0.6034722222222222 0.26067708333333334 0.6020833333333333 0.25885416666666666 0.6002314814814815 0.25755208333333335 0.5983796296296297 0.2559895833333333 0.5974537037037037 0.2546875 0.5960648148148148 0.25338541666666664 0.5951388888888889 0.2520833333333333 0.5946759259259259 0.246875 0.5900462962962963 0.24635416666666668 0.5891203703703703 0.24244791666666668 0.5858796296296296 0.24192708333333332 0.5849537037037037 0.24036458333333333 0.5835648148148148 0.23984375 0.5835648148148148 0.23776041666666667 0.5817129629629629 0.2359375 0.580787037037037 0.23463541666666668 0.5793981481481482 0.23203125 0.5770833333333333 0.23151041666666666 0.5761574074074074 0.22942708333333334 0.5743055555555555 0.22890625 0.5743055555555555 0.22734375 0.5729166666666666 0.22682291666666668 0.5719907407407407 0.2234375 0.569212962962963 0.22161458333333334 0.5682870370370371 0.2171875 0.5650462962962963 0.21614583333333334 0.5636574074074074 0.21484375 0.5613425925925926 0.21354166666666666 0.5599537037037037 0.210546875 0.5546296296296296 0.208203125 0.5481481481481482 0.20690104166666667 0.5458333333333333 0.20690104166666667 0.5453703703703704 0.20299479166666667 0.538425925925926 0.201953125 0.5356481481481481 0.20091145833333332 0.5337962962962963 0.19986979166666666 0.5310185185185186 0.197265625 0.5263888888888889 0.19518229166666667 0.5212962962962963 0.194921875 0.5199074074074074 0.19388020833333333 0.5175925925925926 0.193359375 0.5157407407407407 0.19205729166666666 0.513425925925926 0.191015625 0.5111111111111111 0.18997395833333333 0.5078703703703704 0.18658854166666666 0.5 0.18658854166666666 0.49953703703703706 0.18502604166666667 0.4962962962962963 0.18450520833333334 0.49444444444444446 0.18268229166666666 0.49027777777777776 0.18111979166666667 0.4875 0.18111979166666667 0.48703703703703705 0.179296875 0.4837962962962963 0.178515625 0.48194444444444445 0.17825520833333333 0.48055555555555557 0.176953125 0.4773148148148148 0.17513020833333334 0.4740740740740741 0.17434895833333333 0.4722222222222222 0.17330729166666667 0.4689814814814815 0.17174479166666667 0.46574074074074073 0.17018229166666668 0.46064814814814814 0.16653645833333333 0.45416666666666666 0.165234375 0.45092592592592595 0.164453125 0.44814814814814813 0.164453125 0.44583333333333336 0.16471354166666666 0.44537037037037036 0.16497395833333334 0.44166666666666665 0.16614583333333333 0.4395833333333333 0.1671875 0.4386574074074074 0.16927083333333334 0.4354166666666667 0.17083333333333334 0.4340277777777778 0.171875 0.4326388888888889 0.17552083333333332 0.42615740740740743 0.17578125 0.42615740740740743 0.17734375 0.4238425925925926 0.17994791666666668 0.4215277777777778 0.18046875 0.4215277777777778 0.18177083333333333 0.4201388888888889 0.1828125 0.41967592592592595 0.18515625 0.4164351851851852 0.18671875 0.4150462962962963 0.18854166666666666 0.41226851851851853 0.1921875 0.4099537037037037 0.19270833333333334 0.40902777777777777 0.19427083333333334 0.40902777777777777 0.19700520833333332 0.41203703703703703 0.19700520833333332 0.41388888888888886 0.1953125 0.4164351851851852 0.19348958333333333 0.418287037037037 0.19231770833333334 0.4203703703703704 0.191796875 0.4236111111111111 0.19153645833333333 0.42407407407407405 0.19127604166666667 0.42685185185185187 0.18971354166666668 0.43333333333333335 0.190234375 0.43657407407407406 0.19153645833333333 0.44074074074074077 0.19309895833333332 0.44351851851851853 0.194140625 0.4462962962962963 0.19596354166666666 0.449537037037037 0.19596354166666666 0.45 0.19895833333333332 0.45532407407407405 0.2 0.456712962962963 0.20182291666666666 0.4585648148148148 0.20234375 0.4585648148148148 0.20416666666666666 0.4599537037037037 0.20651041666666667 0.46087962962962964 0.20677083333333332 0.4613425925925926 0.20989583333333334 0.46273148148148147 0.21119791666666668 0.46412037037037035 0.21276041666666667 0.4650462962962963 0.21432291666666667 0.4650462962962963 0.21458333333333332 0.46458333333333335 0.21744791666666666 0.46458333333333335 0.21875 0.4650462962962963 0.22083333333333333 0.4664351851851852 0.22161458333333334 0.46782407407407406 0.22317708333333333 0.46921296296296294 0.225390625 0.47314814814814815 0.22565104166666666 0.47453703703703703 0.22643229166666667 0.47638888888888886 0.22890625 0.480787037037037 0.23046875 0.48217592592592595 0.23098958333333333 0.48310185185185184 0.23307291666666666 0.4844907407407407 0.23541666666666666 0.4844907407407407 0.23567708333333334 0.4849537037037037 0.23802083333333332 0.4849537037037037 0.23828125 0.48541666666666666 0.24479166666666666 0.48541666666666666 0.24661458333333333 0.4840277777777778 0.24713541666666666 0.4840277777777778 0.24817708333333333 0.4826388888888889 0.24895833333333334 0.48217592592592595 0.25091145833333334 0.4787037037037037 0.251953125 0.47638888888888886 0.25299479166666666 0.47314814814814815 0.253515625 0.46805555555555556 0.2537760416666667 0.4675925925925926 0.2537760416666667 0.46064814814814814 0.2532552083333333 0.4587962962962963 0.2520833333333333 0.45717592592592593 0.25091145833333334 0.4550925925925926 0.250390625 0.45231481481481484 0.250390625 0.45 0.2501302083333333 0.4486111111111111 0.24895833333333334 0.4465277777777778 0.24609375 0.44513888888888886 0.24479166666666666 0.444212962962963 0.24296875 0.44375 0.24270833333333333 0.44328703703703703 0.24140625 0.44328703703703703 0.24010416666666667 0.4428240740740741 0.23880208333333333 0.44189814814814815 0.23815104166666667 0.44027777777777777 0.23815104166666667 0.4393518518518518 0.23893229166666666 0.43657407407407406 0.23984375 0.43449074074074073 0.24348958333333334 0.4321759259259259 0.24583333333333332 0.42986111111111114 0.24739583333333334 0.4270833333333333 0.24895833333333334 0.4252314814814815 0.2506510416666667 0.4222222222222222 0.25091145833333334 0.42083333333333334 0.25169270833333335 0.41898148148148145 0.253515625 0.41574074074074074 0.254296875 0.4134259259259259 0.25546875 0.4113425925925926 0.2559895833333333 0.41087962962962965 0.259375 0.41087962962962965 0.26067708333333334 0.41041666666666665 0.26197916666666665 0.40949074074074077 0.2638020833333333 0.40949074074074077 0.2643229166666667 0.4099537037037037 0.26640625 0.4136574074074074 0.26875 0.41597222222222224 0.27057291666666666 0.41689814814814813 0.271875 0.418287037037037 0.27578125 0.42106481481481484 0.27708333333333335 0.4215277777777778 0.2786458333333333 0.4215277777777778 0.27890625 0.4219907407407407 0.2830729166666667 0.4219907407407407 0.2833333333333333 0.4215277777777778 0.28567708333333336 0.42106481481481484 0.2872395833333333 0.4201388888888889 0.2890625 0.418287037037037 0.2921875 0.41597222222222224 0.29348958333333336 0.41458333333333336 0.29453125 0.41412037037037036 0.295703125 0.4115740740740741 0.29596354166666666 0.40925925925925927 0.29596354166666666 0.4046296296296296 0.295703125 0.4041666666666667 0.295703125 0.40185185185185185 0.29544270833333336 0.4013888888888889 0.29544270833333336 0.39814814814814814 0.295703125 0.39675925925925926 0.296875 0.39467592592592593 0.2981770833333333 0.39375 0.29921875 0.39375 0.30052083333333335 0.39467592592592593 0.3015625 0.39467592592592593 0.3028645833333333 0.39560185185185187 0.30572916666666666 0.39699074074074076 0.30755208333333334 0.3988425925925926 0.30885416666666665 0.3997685185185185 0.309375 0.40069444444444446 0.3111979166666667 0.40162037037037035 0.31302083333333336 0.40300925925925923 0.3138020833333333 0.40300925925925923 0.31614583333333335 0.4048611111111111 0.31666666666666665 0.4048611111111111 0.3184895833333333 0.40671296296296294 0.32135416666666666 0.4085648148148148 0.32369791666666664 0.40949074074074077 0.32578125 0.4113425925925926 0.32708333333333334 0.41180555555555554 0.3307291666666667 0.41458333333333336 0.3333333333333333 0.41689814814814813 0.335546875 0.42083333333333334 0.3365885416666667 0.425462962962963 0.3365885416666667 0.4305555555555556 0.336328125 0.4310185185185185 0.336328125 0.43472222222222223 0.337890625 0.44305555555555554 0.338671875 0.44537037037037036 0.33893229166666666 0.44722222222222224 0.339453125 0.4486111111111111 0.34075520833333334 0.45092592592592595 0.34075520833333334 0.4513888888888889 0.34283854166666666 0.4550925925925926 0.3438802083333333 0.4583333333333333 0.34544270833333335 0.46435185185185185 0.346484375 0.4699074074074074 0.3470052083333333 0.4708333333333333 0.3475260416666667 0.4736111111111111 0.348046875 0.475 0.3483072916666667 0.4773148148148148 0.348828125 0.4787037037037037 0.34934895833333335 0.48194444444444445 0.35013020833333336 0.4842592592592593 0.351171875 0.48842592592592593 0.3514322916666667 0.49166666666666664 0.3522135416666667 0.49722222222222223 0.352734375 0.49907407407407406 0.35299479166666664 0.5013888888888889 0.354296875 0.5064814814814815 0.354296875 0.5078703703703704 0.3553385416666667 0.5120370370370371 0.356640625 0.5162037037037037 0.356640625 0.5175925925925926 0.35716145833333335 0.5199074074074074 0.35768229166666665 0.525 0.358203125 0.5263888888888889 0.35846354166666666 0.5291666666666667 0.3587239583333333 0.5296296296296297 0.3587239583333333 0.5328703703703703 0.35794270833333336 0.5375 0.3548177083333333 0.5430555555555555 0.35377604166666665 0.5458333333333333 0.3522135416666667 0.5486111111111112 0.3522135416666667 0.549074074074074 0.3509114583333333 0.5513888888888889 0.3509114583333333 0.5518518518518518 0.3475260416666667 0.5578703703703703 0.3470052083333333 0.5597222222222222 0.34596354166666665 0.562037037037037 0.3424479166666667 0.5682870370370371 0.34088541666666666 0.5701388888888889 0.337890625 0.575462962962963 0.337890625 0.575925925925926 0.334375 0.5821759259259259 0.3341145833333333 0.5821759259259259 0.332421875 0.5851851851851851 0.332421875 0.5856481481481481 0.33111979166666666 0.5879629629629629 0.33111979166666666 0.5884259259259259 0.32981770833333335 0.5907407407407408 0.326953125 0.5972222222222222 0.32669270833333336 0.5986111111111111 0.32591145833333335 0.6 0.325390625 0.6018518518518519 0.32330729166666666 0.6060185185185185 0.32278645833333336 0.6078703703703704 0.32200520833333335 0.6092592592592593 0.321484375 0.6111111111111112 0.3196614583333333 0.6148148148148148 0.3196614583333333 0.6152777777777778 0.3184895833333333 0.6168981481481481 0.3170572916666667 0.6194444444444445 0.314453125 0.625462962962963 0.3131510416666667 0.6291666666666667 0.31015625 0.6344907407407407 0.3067708333333333 0.6377314814814815 0.30546875 0.6377314814814815 0.30520833333333336 0.6381944444444444
0 0.053515625 0.6194444444444445 0.04479166666666667 0.056944444444444464 0.05651041666666667 0.6479166666666667 0.054427083333333334 0.6479166666666667 0.05416666666666667 0.6474537037037037 0.05130208333333333 0.6474537037037037 0.051041666666666666 0.6469907407407407 0.04973958333333333 0.6469907407407407 0.049479166666666664 0.6465277777777778 0.04739583333333333 0.6460648148148148 0.04635416666666667 0.6451388888888889 0.04505208333333333 0.6446759259259259 0.04375 0.643287037037037 0.042578125 0.6412037037037037 0.04049479166666667 0.6351851851851852 0.03893229166666667 0.6319444444444444 0.03893229166666667 0.6314814814814815 0.036458333333333336 0.6270833333333333 0.03515625 0.6256944444444444 0.032942708333333334 0.6217592592592592 0.032421875 0.6203703703703703 0.03138020833333333 0.6148148148148148 0.03138020833333333 0.6111111111111112 0.031119791666666667 0.6106481481481482 0.031119791666666667 0.6083333333333333 0.032552083333333336 0.6057870370370371 0.03411458333333333 0.6043981481481482 0.03671875 0.5997685185185185 0.038802083333333334 0.5979166666666667 0.04010416666666667 0.5960648148148148 0.04140625 0.5946759259259259 0.04192708333333333 0.5946759259259259 0.044270833333333336 0.5923611111111111 0.046614583333333334 0.5914351851851852 0.04791666666666667 0.5914351851851852 0.048177083333333336 0.5909722222222222 0.050520833333333334 0.5909722222222222 0.05078125 0.5914351851851852 0.05286458333333333 0.5914351851851852 0.055989583333333336 0.59375 0.057291666666666664 0.594212962962963 0.05911458333333333 0.5956018518518519 0.06197916666666667 0.5969907407407408 0.06276041666666667 0.5979166666666667 0.06510416666666667 0.5993055555555555 0.06666666666666667 0.6016203703703704 0.06770833333333333 0.6025462962962963 0.06901041666666667 0.6043981481481482 0.07083333333333333 0.60625 0.07265625 0.6090277777777777 0.07369791666666667 0.6099537037037037 0.07513020833333334 0.6125 0.07591145833333333 0.6148148148148148 0.07591145833333333 0.6222222222222222 0.07486979166666667 0.6273148148148148 0.07252604166666667 0.6324074074074074 0.07252604166666667 0.6328703703703704 0.06953125 0.6381944444444444 0.06822916666666666 0.6395833333333333 0.06588541666666667 0.642824074074074 0.06380208333333333 0.6442129629629629 0.06171875 0.6460648148148148 0.05859375 0.6474537037037037 0.05677083333333333 0.6474537037037037 0.05651041666666667 0.6479166666666667
0 0.013606770833333334 0.6314814814814815 0.027213541666666667 0.05787037037037035 0.0 0.6025462962962963 0.0026041666666666665 0.6025462962962963 0.002864583333333333 0.6030092592592593 0.005208333333333333 0.6030092592592593 0.006510416666666667 0.6039351851851852 0.0078125 0.6053240740740741 0.009895833333333333 0.60625 0.010677083333333334 0.607175925925926 0.01328125 0.6081018518518518 0.015104166666666667 0.6104166666666667 0.017447916666666667 0.6122685185185185 0.018229166666666668 0.6131944444444445 0.023177083333333334 0.6219907407407408 0.0234375 0.6219907407407408 0.026432291666666666 0.6273148148148148 0.026953125 0.6291666666666667 0.026953125 0.6319444444444444 0.027213541666666667 0.6324074074074074 0.027213541666666667 0.6361111111111111 0.026171875 0.6393518518518518 0.025651041666666666 0.6416666666666667 0.024609375 0.6444444444444445 0.023828125 0.6458333333333334 0.023307291666666667 0.6476851851851851 0.021614583333333333 0.6506944444444445 0.021354166666666667 0.6506944444444445 0.01875 0.6539351851851852 0.016666666666666666 0.6571759259259259 0.015364583333333333 0.6581018518518519 0.014322916666666666 0.6594907407407408 0.0125 0.6599537037037037 0.012239583333333333 0.6604166666666667 0.00546875 0.6604166666666667 0.005208333333333333 0.6599537037037037 0.0036458333333333334 0.6599537037037037 0.0015625 0.6585648148148148 0.0 0.6585648148148148
0 0.007096354166666667 0.69375 0.014192708333333333 0.04629629629629628 0.0 0.6706018518518518 0.0020833333333333333 0.6706018518518518 0.0036458333333333334 0.6715277777777777 0.005729166666666666 0.6733796296296296 0.009895833333333333 0.6766203703703704 0.011458333333333333 0.6784722222222223 0.012890625 0.6810185185185185 0.013932291666666667 0.6837962962962963 0.014192708333333333 0.6861111111111111 0.014192708333333333 0.6916666666666667 0.012890625 0.6967592592592593 0.011588541666666667 0.6995370370370371 0.010026041666666667 0.7041666666666667 0.006510416666666667 0.7104166666666667 0.00625 0.7104166666666667 0.0020833333333333333 0.7164351851851852 0.0013020833333333333 0.7168981481481481 0.0 0.7168981481481481
12 0.10735677083333334 0.8034722222222221 0.21471354166666667 0.2833333333333333 0.0 0.9155092592592593 0.00234375 0.9155092592592593 0.0033854166666666668 0.9145833333333333 0.0046875 0.9145833333333333 0.0049479166666666664 0.9141203703703704 0.00703125 0.9141203703703704 0.007291666666666667 0.9136574074074074 0.008854166666666666 0.9136574074074074 0.009114583333333334 0.9131944444444444 0.0109375 0.9131944444444444 0.011197916666666667 0.9127314814814815 0.012760416666666666 0.9127314814814815 0.013020833333333334 0.9122685185185185 0.014322916666666666 0.9122685185185185 0.015625 0.9113425925925925 0.01796875 0.9108796296296297 0.019270833333333334 0.9099537037037037 0.020052083333333335 0.9099537037037037 0.021354166666666667 0.9090277777777778 0.022395833333333334 0.9090277777777778 0.023697916666666666 0.9081018518518519 0.025 0.9076388888888889 0.026302083333333334 0.9076388888888889 0.027604166666666666 0.9071759259259259 0.02890625 0.90625 0.0296875 0.90625 0.03046875 0.9053240740740741 0.03229166666666667 0.9043981481481481 0.03333333333333333 0.9043981481481481 0.03463541666666667 0.9034722222222222 0.03802083333333333 0.9020833333333333 0.0390625 0.9020833333333333 0.040625 0.9011574074074075 0.04192708333333333 0.9011574074074075 0.0421875 0.9006944444444445 0.04348958333333333 0.9006944444444445 0.04375 0.9002314814814815 0.04505208333333333 0.9002314814814815 0.04609375 0.8993055555555556 0.05130208333333333 0.8969907407407407 0.05234375 0.8969907407407407 0.05572916666666667 0.8951388888888889 0.05807291666666667 0.8946759259259259 0.058333333333333334 0.8942129629629629 0.05963541666666667 0.8942129629629629 0.059895833333333336 0.89375 0.061197916666666664 0.89375 0.06145833333333333 0.893287037037037 0.06302083333333333 0.893287037037037 0.065625 0.8918981481481482 0.06822916666666666 0.8895833333333333 0.0703125 0.8891203703703704 0.07317708333333334 0.8877314814814815 0.07421875 0.8877314814814815 0.07578125 0.8868055555555555 0.07708333333333334 0.8868055555555555 0.07734375 0.8863425925925926 0.07890625 0.8863425925925926 0.08046875 0.8854166666666666 0.08177083333333333 0.8854166666666666 0.08203125 0.8849537037037037 0.08333333333333333 0.8849537037037037 0.08359375 0.8844907407407407 0.08541666666666667 0.8840277777777777 0.08645833333333333 0.8831018518518519 0.08880208333333334 0.882175925925926 0.09114583333333333 0.881712962962963 0.0921875 0.88125 0.09401041666666667 0.8798611111111111 0.09479166666666666 0.8798611111111111 0.09713541666666667 0.8784722222222222 0.09895833333333333 0.8780092592592592 0.09921875 0.8775462962962963 0.1015625 0.8770833333333333 0.10286458333333333 0.8761574074074074 0.10651041666666666 0.8752314814814814 0.10755208333333334 0.8743055555555556 0.11067708333333333 0.8729166666666667 0.11223958333333334 0.8719907407407408 0.11328125 0.8719907407407408 0.11484375 0.8710648148148148 0.11588541666666667 0.8710648148148148 0.1171875 0.8701388888888889 0.11822916666666666 0.8701388888888889 0.11953125 0.8692129629629629 0.12057291666666667 0.8692129629629629 0.12291666666666666 0.867824074074074 0.12734375 0.8664351851851851 0.12864583333333332 0.8655092592592593 0.1296875 0.8655092592592593 0.13072916666666667 0.8645833333333334 0.13151041666666666 0.8645833333333334 0.1328125 0.8636574074074074 0.13359375 0.8636574074074074 0.13463541666666667 0.8627314814814815 0.1359375 0.8622685185185185 0.13776041666666666 0.8608796296296296 0.13854166666666667 0.8608796296296296 0.13984375 0.8599537037037037 0.14088541666666668 0.8599537037037037 0.1421875 0.8590277777777777 0.14348958333333334 0.8590277777777777 0.14375 0.8585648148148148 0.14505208333333333 0.8585648148148148 0.14661458333333333 0.8576388888888888 0.14895833333333333 0.857175925925926 0.15026041666666667 0.85625 0.15130208333333334 0.85625 0.15260416666666668 0.8553240740740741 0.15364583333333334 0.8553240740740741 0.15546875 0.8539351851851852 0.15729166666666666 0.8534722222222222 0.15859375 0.8525462962962963 0.15963541666666667 0.8525462962962963 0.16119791666666666 0.8516203703703704 0.1625 0.8516203703703704 0.16276041666666666 0.8511574074074074 0.16510416666666666 0.8506944444444444 0.1671875 0.8493055555555555 0.16796875 0.8493055555555555 0.16901041666666666 0.8483796296296297 0.17083333333333334 0.8479166666666667 0.17265625 0.8465277777777778 0.17408854166666668 0.8439814814814814 0.17434895833333333 0.8425925925925926 0.17513020833333334 0.8412037037037037 0.176953125 0.8361111111111111 0.17747395833333332 0.8333333333333334 0.177734375 0.8300925925925926 0.17825520833333333 0.8282407407407407 0.17877604166666666 0.8240740740740741 0.17877604166666666 0.8222222222222222 0.179296875 0.8199074074074074 0.180078125 0.8143518518518519 0.180078125 0.812962962962963 0.18059895833333334 0.8106481481481481 0.180859375 0.8083333333333333 0.180859375 0.8050925925925926 0.181640625 0.8009259259259259 0.18216145833333333 0.7953703703703704 0.182421875 0.7949074074074074 0.182421875 0.7907407407407407 0.18268229166666666 0.7902777777777777 0.18268229166666666 0.7861111111111111 0.18294270833333334 0.7856481481481481 0.18294270833333334 0.7828703703703703 0.183203125 0.7824074074074074 0.183203125 0.7796296296296297 0.18346354166666667 0.7791666666666667 0.18346354166666667 0.7768518518518519 0.18372395833333333 0.7763888888888889 0.18372395833333333 0.7736111111111111 0.183984375 0.7731481481481481 0.183984375 0.7708333333333334 0.18424479166666666 0.7703703703703704 0.18424479166666666 0.7680555555555556 0.18450520833333334 0.7657407407407407 0.185546875 0.7597222222222222 0.18580729166666668 0.7574074074074074 0.18580729166666668 0.7550925925925925 0.18606770833333333 0.7546296296296297 0.18606770833333333 0.7518518518518519 0.186328125 0.7513888888888889 0.186328125 0.7486111111111111 0.18658854166666666 0.7481481481481481 0.18658854166666666 0.7453703703703703 0.18684895833333334 0.7449074074074075 0.18684895833333334 0.7425925925925926 0.187109375 0.7421296296296296 0.187109375 0.7398148148148148 0.18763020833333333 0.737037037037037 0.18815104166666666 0.7314814814814815 0.188671875 0.7287037037037037 0.18893229166666667 0.7245370370370371 0.18919270833333332 0.7240740740740741 0.18919270833333332 0.7208333333333333 0.189453125 0.7203703703703703 0.189453125 0.7180555555555556 0.18997395833333333 0.7162037037037037 0.190234375 0.712037037037037 0.19075520833333334 0.7097222222222223 0.191015625 0.7055555555555556 0.19127604166666667 0.7050925925925926 0.19127604166666667 0.7027777777777777 0.19153645833333333 0.700462962962963 0.19205729166666666 0.6981481481481482 0.19205729166666666 0.6962962962962963 0.192578125 0.6935185185185185 0.192578125 0.6912037037037037 0.19309895833333332 0.6884259259259259 0.19309895833333332 0.6856481481481481 0.193359375 0.6851851851851852 0.193359375 0.6828703703703703 0.194140625 0.6777777777777778 0.194140625 0.6689814814814815 0.19388020833333333 0.6685185185185185 0.19388020833333333 0.6643518518518519 0.19361979166666668 0.6638888888888889 0.19505208333333332 0.6622685185185185 0.19609375 0.6618055555555555 0.19791666666666666 0.6618055555555555 0.19817708333333334 0.6622685185185185 0.19973958333333333 0.6622685185185185 0.20078125 0.6627314814814815 0.2046875 0.6659722222222222 0.205859375 0.6680555555555555 0.20611979166666666 0.6694444444444444 0.20768229166666666 0.6731481481481482 0.20768229166666666 0.6736111111111112 0.208984375 0.6759259259259259 0.208984375 0.6763888888888889 0.210546875 0.6791666666666667 0.21263020833333332 0.6842592592592592 0.21419270833333334 0.6898148148148148 0.21419270833333334 0.6921296296296297 0.214453125 0.6925925925925925 0.214453125 0.7 0.21471354166666667 0.700462962962963 0.21471354166666667 0.711574074074074 0.214453125 0.712037037037037 0.214453125 0.7162037037037037 0.21419270833333334 0.7166666666666667 0.21419270833333334 0.7217592592592592 0.21393229166666666 0.7222222222222222 0.21393229166666666 0.7268518518518519 0.213671875 0.7273148148148149 0.213671875 0.7310185185185185 0.21341145833333333 0.7314814814814815 0.21341145833333333 0.7342592592592593 0.21315104166666668 0.7347222222222223 0.21315104166666668 0.737037037037037 0.21263020833333332 0.7398148148148148 0.21263020833333332 0.7425925925925926 0.21236979166666667 0.7430555555555556 0.21236979166666667 0.7458333333333333 0.212109375 0.7462962962962963 0.212109375 0.7486111111111111 0.21184895833333334 0.7490740740740741 0.21184895833333334 0.7513888888888889 0.21158854166666666 0.7518518518518519 0.21158854166666666 0.7546296296296297 0.211328125 0.7550925925925925 0.211328125 0.7587962962962963 0.21106770833333333 0.7592592592592593 0.21106770833333333 0.7620370370370371 0.21080729166666667 0.7625 0.21028645833333334 0.7671296296296296 0.21028645833333334 0.7699074074074074 0.21002604166666666 0.7703703703703704 0.21002604166666666 0.7736111111111111 0.209765625 0.774074074074074 0.209765625 0.7777777777777778 0.20950520833333333 0.7782407407407408 0.20950520833333333 0.7814814814814814 0.20924479166666668 0.7819444444444444 0.20924479166666668 0.7842592592592592 0.208984375 0.7847222222222222 0.208984375 0.7875 0.20872395833333332 0.787962962962963 0.20872395833333332 0.7902777777777777 0.20846354166666667 0.7907407407407407 0.20846354166666667 0.7930555555555555 0.20794270833333334 0.7953703703703704 0.20794270833333334 0.7976851851851852 0.20768229166666666 0.7981481481481482 0.20768229166666666 0.8009259259259259 0.207421875 0.8013888888888889 0.207421875 0.8050925925925926 0.20716145833333333 0.8055555555555556 0.20716145833333333 0.8087962962962963 0.20690104166666667 0.8092592592592592 0.20690104166666667 0.8115740740740741 0.206640625 0.812037037037037 0.206640625 0.8148148148148148 0.20638020833333334 0.8152777777777778 0.20638020833333334 0.8185185185185185 0.20611979166666666 0.8189814814814815 0.20611979166666666 0.8217592592592593 0.205859375 0.8222222222222222 0.205859375 0.825462962962963 0.20559895833333333 0.825925925925926 0.20559895833333333 0.8287037037037037 0.20533854166666668 0.8310185185185185 0.20481770833333332 0.8333333333333334 0.20481770833333332 0.8347222222222223 0.204296875 0.837037037037037 0.20403645833333334 0.8393518518518519 0.20403645833333334 0.8416666666666667 0.20325520833333333 0.8467592592592592 0.20221354166666666 0.850925925925926 0.20169270833333333 0.8546296296296296 0.20065104166666667 0.8583333333333333 0.198828125 0.8629629629629629 0.19791666666666666 0.8645833333333334 0.19635416666666666 0.8659722222222223 0.19322916666666667 0.8673611111111111 0.1921875 0.868287037037037 0.19114583333333332 0.8706018518518519 0.18984375 0.8719907407407408 0.18880208333333334 0.8724537037037037 0.18802083333333333 0.8733796296296297 0.18463541666666666 0.8752314814814814 0.18020833333333333 0.8766203703703703 0.17916666666666667 0.8775462962962963 0.17578125 0.8784722222222222 0.17421875 0.8793981481481481 0.17239583333333333 0.8798611111111111 0.17135416666666667 0.8807870370370371 0.16953125 0.88125 0.1671875 0.8826388888888889 0.16484375 0.8831018518518519 0.16354166666666667 0.8840277777777777 0.1625 0.8840277777777777 0.16119791666666666 0.8849537037037037 0.16015625 0.8849537037037037 0.15807291666666667 0.8863425925925926 0.15729166666666666 0.8863425925925926 0.15625 0.8872685185185185 0.15442708333333333 0.8877314814814815 0.153125 0.8886574074074074 0.15208333333333332 0.8886574074074074 0.15078125 0.8895833333333333 0.15 0.8895833333333333 0.14895833333333333 0.8905092592592593 0.14817708333333332 0.8905092592592593 0.14713541666666666 0.8914351851851852 0.1453125 0.8918981481481482 0.14505208333333333 0.8923611111111112 0.14296875 0.893287037037037 0.14192708333333334 0.893287037037037 0.140625 0.8942129629629629 0.13645833333333332 0.8956018518518518 0.13515625 0.8965277777777778 0.13411458333333334 0.8965277777777778 0.13072916666666667 0.8983796296296296 0.12734375 0.8993055555555556 0.12630208333333334 0.9002314814814815 0.12552083333333333 0.9002314814814815 0.12447916666666667 0.9011574074074075 0.12265625 0.9016203703703703 0.12135416666666667 0.9025462962962963 0.11822916666666666 0.9034722222222222 0.11692708333333333 0.9043981481481481 0.11588541666666667 0.9043981481481481 0.11458333333333333 0.9053240740740741 0.11328125 0.9053240740740741 0.11197916666666667 0.905787037037037 0.1109375 0.906712962962963 0.11015625 0.906712962962963 0.10911458333333333 0.9076388888888889 0.10833333333333334 0.9076388888888889 0.10703125 0.9085648148148148 0.10416666666666667 0.9094907407407408 0.10390625 0.9099537037037037 0.1015625 0.9104166666666667 0.09921875 0.9118055555555555 0.096875 0.9122685185185185 0.09557291666666666 0.9131944444444444 0.09453125 0.9131944444444444 0.09322916666666667 0.9141203703703704 0.0921875 0.9141203703703704 0.09088541666666666 0.9150462962962963 0.0890625 0.9155092592592593 0.08723958333333333 0.9168981481481482 0.08541666666666667 0.9173611111111111 0.08307291666666666 0.91875 0.08072916666666667 0.919212962962963 0.08046875 0.919675925925926 0.078125 0.9201388888888888 0.07682291666666667 0.9210648148148148 0.07447916666666667 0.9215277777777777 0.07213541666666666 0.9224537037037037 0.07109375 0.9233796296296296 0.0703125 0.9233796296296296 0.06770833333333333 0.9252314814814815 0.06640625 0.9252314814814815 0.06484375 0.9261574074074074 0.06380208333333333 0.9261574074074074 0.06041666666666667 0.9275462962962963 0.05911458333333333 0.9284722222222223 0.058333333333333334 0.9284722222222223 0.055989583333333336 0.9298611111111111 0.05364583333333333 0.930324074074074 0.05234375 0.93125 0.05130208333333333 0.93125 0.04895833333333333 0.9326388888888889 0.04765625 0.9326388888888889 0.04739583333333333 0.9331018518518519 0.04609375 0.9331018518518519 0.04583333333333333 0.9335648148148148 0.04453125 0.9335648148148148 0.043229166666666666 0.9340277777777778 0.04192708333333333 0.9349537037037037 0.040625 0.9349537037037037 0.03854166666666667 0.9363425925925926 0.037760416666666664 0.9363425925925926 0.03671875 0.9372685185185186 0.03229166666666667 0.9391203703703703 0.030729166666666665 0.9391203703703703 0.03046875 0.9395833333333333 0.029166666666666667 0.9395833333333333 0.02890625 0.9400462962962963 0.027604166666666666 0.9400462962962963 0.02734375 0.9405092592592592 0.025520833333333333 0.9409722222222222 0.024479166666666666 0.9418981481481481 0.023697916666666666 0.9418981481481481 0.021354166666666667 0.9432870370370371 0.019010416666666665 0.94375 0.017447916666666667 0.944675925925926 0.015104166666666667 0.944675925925926 0.01484375 0.9451388888888889 0.009375 0.9451388888888889 0.009114583333333334 0.944675925925926 0.0078125 0.944675925925926 0.005729166666666666 0.94375 0.0033854166666666668 0.9418981481481481 0.0020833333333333333 0.9400462962962963 0.0013020833333333333 0.9395833333333333 0.0 0.9395833333333333
4 0.0970703125 0.7444444444444445 0.194140625 0.34305555555555556 0.0 0.6196759259259259 0.00234375 0.6196759259259259 0.0037760416666666667 0.6175925925925926 0.004036458333333334 0.6152777777777778 0.005989583333333334 0.6136574074074074 0.007291666666666667 0.6131944444444445 0.009375 0.6131944444444445 0.009635416666666667 0.6127314814814815 0.022135416666666668 0.6127314814814815 0.022395833333333334 0.6122685185185185 0.023697916666666666 0.6122685185185185 0.023958333333333335 0.6118055555555556 0.026302083333333334 0.6118055555555556 0.0265625 0.6122685185185185 0.028385416666666666 0.6127314814814815 0.029947916666666668 0.6136574074074074 0.031510416666666666 0.6150462962962963 0.031640625 0.6157407407407407 0.0328125 0.617824074074074 0.03307291666666667 0.617824074074074 0.036458333333333336 0.6238425925925926 0.03723958333333333 0.6243055555555556 0.039322916666666666 0.6243055555555556 0.040234375 0.6231481481481481 0.04049479166666667 0.6203703703703703 0.04205729166666667 0.6166666666666667 0.04205729166666667 0.6157407407407407 0.042708333333333334 0.6145833333333334 0.04401041666666667 0.6131944444444445 0.04739583333333333 0.6131944444444445 0.04869791666666667 0.6136574074074074 0.04921875 0.6131944444444445 0.05091145833333333 0.6101851851851852 0.05221354166666667 0.6064814814814815 0.05325520833333333 0.6046296296296296 0.053515625 0.6032407407407407 0.0546875 0.6006944444444444 0.055989583333333336 0.5993055555555555 0.06015625 0.5993055555555555 0.06041666666666667 0.5988425925925925 0.06171875 0.5988425925925925 0.06328125 0.5979166666666667 0.06536458333333334 0.5974537037037037 0.06692708333333333 0.5960648148148148 0.06744791666666666 0.5960648148148148 0.06848958333333334 0.594212962962963 0.06901041666666667 0.594212962962963 0.07109375 0.5923611111111111 0.07239583333333334 0.5923611111111111 0.07265625 0.5918981481481481 0.07421875 0.5918981481481481 0.07447916666666667 0.5914351851851852 0.07578125 0.5914351851851852 0.07604166666666666 0.5909722222222222 0.07734375 0.5909722222222222 0.07760416666666667 0.5905092592592592 0.07890625 0.5905092592592592 0.07916666666666666 0.5900462962962963 0.08072916666666667 0.5900462962962963 0.08203125 0.5895833333333333 0.08333333333333333 0.5886574074074075 0.08463541666666667 0.5886574074074075 0.08489583333333334 0.5881944444444445 0.08776041666666666 0.5872685185185185 0.08802083333333334 0.5868055555555556 0.08932291666666667 0.5868055555555556 0.0921875 0.5854166666666667 0.09453125 0.5849537037037037 0.09583333333333334 0.5840277777777778 0.09765625 0.5840277777777778 0.09791666666666667 0.5835648148148148 0.09973958333333334 0.5835648148148148 0.1 0.5831018518518518 0.10130208333333333 0.5831018518518518 0.1015625 0.5826388888888889 0.10286458333333333 0.5826388888888889 0.103125 0.5821759259259259 0.10494791666666667 0.5821759259259259 0.10520833333333333 0.5817129629629629 0.10677083333333333 0.5817129629629629 0.10885416666666667 0.580324074074074 0.1109375 0.5798611111111112 0.11223958333333334 0.5789351851851852 0.11354166666666667 0.5784722222222223 0.11484375 0.5784722222222223 0.11510416666666666 0.5780092592592593 0.11640625 0.5780092592592593 0.11666666666666667 0.5775462962962963 0.11796875 0.5775462962962963 0.11953125 0.5766203703703704 0.12109375 0.5766203703703704 0.12135416666666667 0.5761574074074074 0.12265625 0.5761574074074074 0.12291666666666666 0.5756944444444444 0.12526041666666668 0.5756944444444444 0.12552083333333333 0.5752314814814815 0.12734375 0.5752314814814815 0.12760416666666666 0.5747685185185185 0.12916666666666668 0.5747685185185185 0.12942708333333333 0.5743055555555555 0.13177083333333334 0.5738425925925926 0.13203125 0.5733796296296296 0.13385416666666666 0.5733796296296296 0.13411458333333334 0.5729166666666666 0.13541666666666666 0.5729166666666666 0.13567708333333334 0.5733796296296296 0.1375 0.5733796296296296 0.13828125 0.5738425925925926 0.14166666666666666 0.5775462962962963 0.142578125 0.5791666666666667 0.14309895833333333 0.5814814814814815 0.144140625 0.5884259259259259 0.14466145833333333 0.5898148148148148 0.14817708333333332 0.5960648148148148 0.14973958333333334 0.5979166666666667 0.151171875 0.600462962962963 0.15169270833333334 0.6023148148148149 0.15364583333333334 0.6057870370370371 0.15520833333333334 0.607175925925926 0.15572916666666667 0.6081018518518518 0.15807291666666667 0.6099537037037037 0.16328125 0.6192129629629629 0.16354166666666667 0.6192129629629629 0.17083333333333334 0.632175925925926 0.17317708333333334 0.6344907407407407 0.17434895833333333 0.6365740740740741 0.17513020833333334 0.6393518518518518 0.17643229166666666 0.6416666666666667 0.17643229166666666 0.6421296296296296 0.18372395833333333 0.6550925925925926 0.18450520833333334 0.6578703703703703 0.18619791666666666 0.6608796296296297 0.18776041666666668 0.6618055555555555 0.1890625 0.6631944444444444 0.190625 0.6636574074074074 0.1921875 0.6655092592592593 0.19361979166666668 0.6680555555555555 0.194140625 0.6708333333333333 0.194140625 0.6828703703703703 0.193359375 0.6865740740740741 0.193359375 0.687962962962963 0.19283854166666667 0.6898148148148148 0.192578125 0.6921296296296297 0.192578125 0.6953703703703704 0.19231770833333334 0.6958333333333333 0.19231770833333334 0.6981481481481482 0.19205729166666666 0.6986111111111111 0.19153645833333333 0.7041666666666667 0.19127604166666667 0.7046296296296296 0.19127604166666667 0.7069444444444445 0.19075520833333334 0.7097222222222223 0.19075520833333334 0.712037037037037 0.19049479166666666 0.7125 0.19049479166666666 0.7148148148148148 0.190234375 0.7152777777777778 0.190234375 0.7175925925925926 0.18971354166666668 0.7194444444444444 0.18971354166666668 0.7208333333333333 0.18919270833333332 0.7231481481481481 0.18893229166666667 0.725462962962963 0.18893229166666667 0.7314814814814815 0.188671875 0.7319444444444444 0.188671875 0.7375 0.18841145833333334 0.7379629629629629 0.18841145833333334 0.7421296296296296 0.18815104166666666 0.7425925925925926 0.18815104166666666 0.7453703703703703 0.18736979166666667 0.7509259259259259 0.18684895833333334 0.7523148148148148 0.18658854166666666 0.7546296296296297 0.18580729166666668 0.7569444444444444 0.185546875 0.7606481481481482 0.18528645833333332 0.7611111111111111 0.18528645833333332 0.7662037037037037 0.18502604166666667 0.7666666666666667 0.18502604166666667 0.7689814814814815 0.184765625 0.7694444444444445 0.184765625 0.7717592592592593 0.18450520833333334 0.7722222222222223 0.18450520833333334 0.774537037037037 0.18424479166666666 0.775 0.18424479166666666 0.7773148148148148 0.183984375 0.7777777777777778 0.183984375 0.7800925925925926 0.18372395833333333 0.7805555555555556 0.18372395833333333 0.7828703703703703 0.18346354166666667 0.7833333333333333 0.18346354166666667 0.7856481481481481 0.183203125 0.7861111111111111 0.183203125 0.7893518518518519 0.18294270833333334 0.7898148148148149 0.18294270833333334 0.7921296296296296 0.18268229166666666 0.7925925925925926 0.182421875 0.7967592592592593 0.18190104166666668 0.799074074074074 0.18190104166666668 0.8018518518518518 0.18138020833333332 0.8060185185185185 0.18059895833333334 0.8097222222222222 0.18059895833333334 0.8125 0.18033854166666666 0.812962962962963 0.18033854166666666 0.8157407407407408 0.180078125 0.8162037037037037 0.180078125 0.8185185185185185 0.17981770833333333 0.8189814814814815 0.17981770833333333 0.8212962962962963 0.17903645833333334 0.8263888888888888 0.17825520833333333 0.8287037037037037 0.17747395833333332 0.8319444444444445 0.176953125 0.8328703703703704 0.176171875 0.8361111111111111 0.173828125 0.8412037037037037 0.173046875 0.8444444444444444 0.17161458333333332 0.8469907407407408 0.16927083333333334 0.8483796296296297 0.16796875 0.8488425925925925 0.16666666666666666 0.8488425925925925 0.16640625 0.8493055555555555 0.16510416666666666 0.8493055555555555 0.16484375 0.8497685185185185 0.16197916666666667 0.8506944444444444 0.1609375 0.8516203703703704 0.15911458333333334 0.8520833333333333 0.1578125 0.8530092592592593 0.15703125 0.8530092592592593 0.1546875 0.8543981481481482 0.15338541666666666 0.8548611111111111 0.15208333333333332 0.8548611111111111 0.15182291666666667 0.8553240740740741 0.15052083333333333 0.8553240740740741 0.15026041666666667 0.8557870370370371 0.14791666666666667 0.85625 0.14713541666666666 0.857175925925926 0.1453125 0.8581018518518518 0.14479166666666668 0.8590277777777777 0.14296875 0.8604166666666667 0.14088541666666668 0.8608796296296296 0.13932291666666666 0.8618055555555556 0.13802083333333334 0.8618055555555556 0.13776041666666666 0.8622685185185185 0.13567708333333334 0.8622685185185185 0.13541666666666666 0.8627314814814815 0.13385416666666666 0.8627314814814815 0.13359375 0.8631944444444445 0.13229166666666667 0.8631944444444445 0.13203125 0.8636574074074074 0.12994791666666666 0.8645833333333334 0.12760416666666666 0.8650462962962963 0.12630208333333334 0.8659722222222223 0.12552083333333333 0.8659722222222223 0.12421875 0.8668981481481481 0.121875 0.8673611111111111 0.12057291666666667 0.868287037037037 0.11927083333333334 0.86875 0.11770833333333333 0.86875 0.11744791666666667 0.8692129629629629 0.11588541666666667 0.8692129629629629 0.11458333333333333 0.8696759259259259 0.11302083333333333 0.8710648148148148 0.11171875 0.8715277777777778 0.1109375 0.8724537037037037 0.109375 0.8729166666666667 0.1078125 0.8738425925925926 0.10546875 0.8743055555555556 0.10390625 0.8752314814814814 0.10260416666666666 0.8752314814814814 0.09973958333333334 0.8766203703703703 0.09609375 0.8775462962962963 0.09453125 0.8784722222222222 0.09375 0.8793981481481481 0.0921875 0.8803240740740741 0.08880208333333334 0.881712962962963 0.0875 0.881712962962963 0.08723958333333333 0.882175925925926 0.0859375 0.882175925925926 0.08463541666666667 0.8831018518518519 0.08359375 0.8831018518518519 0.08229166666666667 0.8840277777777777 0.08125 0.8840277777777777 0.08046875 0.8849537037037037 0.07916666666666666 0.8854166666666666 0.07786458333333333 0.8868055555555555 0.0765625 0.8877314814814815 0.07578125 0.8877314814814815 0.07447916666666667 0.8886574074074074 0.07317708333333334 0.8886574074074074 0.07291666666666667 0.8891203703703704 0.07161458333333333 0.8891203703703704 0.07135416666666666 0.8895833333333333 0.07005208333333333 0.8895833333333333 0.06979166666666667 0.8900462962962963 0.06848958333333334 0.8900462962962963 0.06822916666666666 0.8905092592592593 0.06666666666666667 0.8905092592592593 0.06640625 0.8909722222222223 0.06432291666666666 0.8909722222222223 0.06197916666666667 0.8923611111111112 0.05911458333333333 0.893287037037037 0.058854166666666666 0.89375 0.05651041666666667 0.8942129629629629 0.05625 0.8946759259259259 0.054947916666666666 0.8946759259259259 0.0546875 0.8951388888888889 0.053125 0.8951388888888889 0.0515625 0.8960648148148148 0.050520833333333334 0.8960648148148148 0.04921875 0.8969907407407407 0.046875 0.8974537037037037 0.045572916666666664 0.8983796296296296 0.04479166666666667 0.8983796296296296 0.043229166666666666 0.8997685185185185 0.04192708333333333 0.9002314814814815 0.040625 0.9011574074074075 0.0390625 0.9011574074074075 0.038802083333333334 0.9016203703703703 0.03723958333333333 0.9016203703703703 0.03567708333333333 0.9025462962962963 0.034375 0.9025462962962963 0.03411458333333333 0.9030092592592592 0.0328125 0.9030092592592592 0.03046875 0.9043981481481481 0.029166666666666667 0.9048611111111111 0.027864583333333335 0.9048611111111111 0.027604166666666666 0.9053240740740741 0.025260416666666667 0.905787037037037 0.0234375 0.9071759259259259 0.021614583333333333 0.9076388888888889 0.021354166666666667 0.9081018518518519 0.019010416666666665 0.9085648148148148 0.01875 0.9090277777777778 0.015104166666666667 0.9099537037037037 0.013802083333333333 0.9108796296296297 0.0125 0.9108796296296297 0.0109375 0.9118055555555555 0.009635416666666667 0.9118055555555555 0.007552083333333333 0.9131944444444444 0.00234375 0.9159722222222222 0.0 0.9159722222222222
3 0.3998697916666667 0.818287037037037 0.15572916666666664 0.3592592592592593 0.4591145833333333 0.9979166666666667 0.4578125 0.9974537037037037 0.44895833333333335 0.9974537037037037 0.44869791666666664 0.9979166666666667 0.43645833333333334 0.9979166666666667 0.4361979166666667 0.9974537037037037 0.43255208333333334 0.9974537037037037 0.4322916666666667 0.9979166666666667 0.42604166666666665 0.9979166666666667 0.42578125 0.9974537037037037 0.39739583333333334 0.9974537037037037 0.3971354166666667 0.9979166666666667 0.39088541666666665 0.9979166666666667 0.390625 0.9974537037037037 0.37838541666666664 0.9974537037037037 0.378125 0.9979166666666667 0.3763020833333333 0.9979166666666667 0.37604166666666666 0.9974537037037037 0.35885416666666664 0.9974537037037037 0.35859375 0.9979166666666667 0.35572916666666665 0.9979166666666667 0.35546875 0.9974537037037037 0.34375 0.9974537037037037 0.34348958333333335 0.9979166666666667 0.33489583333333334 0.9979166666666667 0.3346354166666667 0.9974537037037037 0.33255208333333336 0.9974537037037037 0.33229166666666665 0.9979166666666667 0.32526041666666666 0.9979166666666667 0.32395833333333335 0.9969907407407408 0.323046875 0.9953703703703703 0.322265625 0.9898148148148148 0.322265625 0.9768518518518519 0.32200520833333335 0.9763888888888889 0.32200520833333335 0.9736111111111111 0.322265625 0.9731481481481481 0.322265625 0.9449074074074074 0.32252604166666665 0.9444444444444444 0.32252604166666665 0.9328703703703703 0.32278645833333336 0.9324074074074075 0.32278645833333336 0.9231481481481482 0.32252604166666665 0.9226851851851852 0.32252604166666665 0.9180555555555555 0.32278645833333336 0.9175925925925926 0.32278645833333336 0.8856481481481482 0.323046875 0.8851851851851852 0.323046875 0.8592592592592593 0.32330729166666666 0.8587962962962963 0.32330729166666666 0.8481481481481481 0.323046875 0.8476851851851852 0.323046875 0.8347222222222223 0.32330729166666666 0.8342592592592593 0.32330729166666666 0.8046296296296296 0.3235677083333333 0.8041666666666667 0.3235677083333333 0.7819444444444444 0.323828125 0.7814814814814814 0.323828125 0.75 0.3240885416666667 0.749537037037037 0.3240885416666667 0.7444444444444445 0.323828125 0.7439814814814815 0.323828125 0.7129629629629629 0.3235677083333333 0.7125 0.3235677083333333 0.6976851851851852 0.323828125 0.6972222222222222 0.323828125 0.6930555555555555 0.3240885416666667 0.6925925925925925 0.3240885416666667 0.6898148148148148 0.3243489583333333 0.6893518518518519 0.3243489583333333 0.6856481481481481 0.32513020833333334 0.6819444444444445 0.3265625 0.6793981481481481 0.32786458333333335 0.6780092592592593 0.32838541666666665 0.6780092592592593 0.3299479166666667 0.6766203703703704 0.3307291666666667 0.6766203703703704 0.33177083333333335 0.6756944444444445 0.33359375 0.6752314814814815 0.3346354166666667 0.6743055555555556 0.33541666666666664 0.6743055555555556 0.33645833333333336 0.6733796296296296 0.3372395833333333 0.6733796296296296 0.3385416666666667 0.6724537037037037 0.33984375 0.6724537037037037 0.34010416666666665 0.6719907407407407 0.34140625 0.6719907407407407 0.3416666666666667 0.6715277777777777 0.34322916666666664 0.6715277777777777 0.34479166666666666 0.6706018518518518 0.34609375 0.6706018518518518 0.3463541666666667 0.6701388888888888 0.34765625 0.6701388888888888 0.34791666666666665 0.669675925925926 0.34921875 0.669675925925926 0.35052083333333334 0.66875 0.35572916666666665 0.6668981481481482 0.3567708333333333 0.6668981481481482 0.3580729166666667 0.6659722222222222 0.359375 0.6659722222222222 0.35963541666666665 0.6655092592592593 0.3609375 0.6655092592592593 0.3611979166666667 0.6650462962962963 0.36354166666666665 0.6645833333333333 0.36484375 0.6636574074074074 0.36614583333333334 0.6636574074074074 0.36770833333333336 0.6627314814814815 0.3690104166666667 0.6627314814814815 0.371875 0.6613425925925925 0.3736979166666667 0.6608796296296297 0.375 0.6599537037037037 0.37604166666666666 0.6599537037037037 0.37734375 0.6590277777777778 0.38125 0.6576388888888889 0.3828125 0.6576388888888889 0.38307291666666665 0.6571759259259259 0.3846354166666667 0.6571759259259259 0.3848958333333333 0.656712962962963 0.38619791666666664 0.656712962962963 0.38776041666666666 0.655787037037037 0.3888020833333333 0.655787037037037 0.38984375 0.6548611111111111 0.3921875 0.6539351851851852 0.3932291666666667 0.6539351851851852 0.39453125 0.6530092592592592 0.39557291666666666 0.6530092592592592 0.3984375 0.6516203703703703 0.3997395833333333 0.6516203703703703 0.4 0.6511574074074075 0.40130208333333334 0.6511574074074075 0.40286458333333336 0.6502314814814815 0.40520833333333334 0.6497685185185185 0.40651041666666665 0.6488425925925926 0.4088541666666667 0.6483796296296296 0.41041666666666665 0.6474537037037037 0.41171875 0.6474537037037037 0.415625 0.6460648148148148 0.41692708333333334 0.6451388888888889 0.41953125 0.6442129629629629 0.42083333333333334 0.6442129629629629 0.42109375 0.64375 0.42239583333333336 0.64375 0.42265625 0.643287037037037 0.42421875 0.643287037037037 0.42552083333333335 0.642824074074074 0.42682291666666666 0.6418981481481482 0.428125 0.6418981481481482 0.4283854166666667 0.6414351851851852 0.42994791666666665 0.6414351851851852 0.43020833333333336 0.6409722222222223 0.4317708333333333 0.6405092592592593 0.43333333333333335 0.6391203703703704 0.434375 0.6386574074074074 0.4393229166666667 0.6386574074074074 0.44140625 0.6405092592592593 0.44309895833333335 0.6435185185185185 0.44388020833333336 0.6462962962962963 0.444140625 0.649074074074074 0.4446614583333333 0.6513888888888889 0.4446614583333333 0.6532407407407408 0.4451822916666667 0.6555555555555556 0.4451822916666667 0.6578703703703703 0.4454427083333333 0.6583333333333333 0.4454427083333333 0.6611111111111111 0.44622395833333334 0.6680555555555555 0.446484375 0.6685185185185185 0.446484375 0.6708333333333333 0.44674479166666664 0.6712962962962963 0.44674479166666664 0.6736111111111112 0.44700520833333335 0.674074074074074 0.44700520833333335 0.6763888888888889 0.447265625 0.6768518518518518 0.447265625 0.6791666666666667 0.44752604166666665 0.6796296296296296 0.448046875 0.6847222222222222 0.44830729166666666 0.6851851851851852 0.44830729166666666 0.6875 0.4485677083333333 0.687962962962963 0.4485677083333333 0.6902777777777778 0.4493489583333333 0.6953703703703704 0.4493489583333333 0.6976851851851852 0.449609375 0.6981481481481482 0.449609375 0.700462962962963 0.45013020833333334 0.7032407407407407 0.45013020833333334 0.7055555555555556 0.450390625 0.7060185185185185 0.450390625 0.7083333333333334 0.45065104166666664 0.7087962962962963 0.45065104166666664 0.711574074074074 0.45091145833333335 0.712037037037037 0.45091145833333335 0.7148148148148148 0.451171875 0.7152777777777778 0.451171875 0.7175925925925926 0.45221354166666666 0.7268518518518519 0.452734375 0.7287037037037037 0.452734375 0.7300925925925926 0.4532552083333333 0.7319444444444444 0.453515625 0.7342592592592593 0.453515625 0.736574074074074 0.45403645833333334 0.7393518518518518 0.45403645833333334 0.7416666666666667 0.454296875 0.7421296296296296 0.454296875 0.7449074074074075 0.45455729166666664 0.7453703703703703 0.45455729166666664 0.7486111111111111 0.45481770833333335 0.7490740740740741 0.45481770833333335 0.7523148148148148 0.45559895833333336 0.7560185185185185 0.455859375 0.7597222222222222 0.45611979166666666 0.7601851851851852 0.456640625 0.7638888888888888 0.4571614583333333 0.7694444444444445 0.457421875 0.7699074074074074 0.457421875 0.7726851851851851 0.4576822916666667 0.7731481481481481 0.4576822916666667 0.7754629629629629 0.45794270833333334 0.7759259259259259 0.45794270833333334 0.7782407407407408 0.45846354166666664 0.7810185185185186 0.45846354166666664 0.7833333333333333 0.45872395833333335 0.7837962962962963 0.45872395833333335 0.7861111111111111 0.458984375 0.7865740740740741 0.458984375 0.7888888888888889 0.45950520833333336 0.7916666666666666 0.45950520833333336 0.7944444444444444 0.459765625 0.7967592592592593 0.460546875 0.8009259259259259 0.4608072916666667 0.8032407407407407 0.4608072916666667 0.8055555555555556 0.4615885416666667 0.8106481481481481 0.4615885416666667 0.812962962962963 0.46184895833333334 0.8134259259259259 0.46184895833333334 0.8157407407407408 0.462109375 0.8162037037037037 0.462109375 0.8189814814814815 0.46236979166666664 0.8194444444444444 0.46236979166666664 0.8217592592592593 0.46263020833333335 0.8222222222222222 0.46263020833333335 0.825462962962963 0.462890625 0.825925925925926 0.462890625 0.8287037037037037 0.46315104166666665 0.8291666666666667 0.46315104166666665 0.8314814814814815 0.46341145833333336 0.8319444444444445 0.46341145833333336 0.8342592592592593 0.463671875 0.8347222222222223 0.463671875 0.837037037037037 0.46393229166666666 0.8375 0.46393229166666666 0.8398148148148148 0.4641927083333333 0.8402777777777778 0.4641927083333333 0.8425925925925926 0.464453125 0.8430555555555556 0.4649739583333333 0.8472222222222222 0.4654947916666667 0.8495370370370371 0.4654947916666667 0.8527777777777777 0.46575520833333334 0.8532407407407407 0.46575520833333334 0.8574074074074074 0.46627604166666664 0.8601851851851852 0.46627604166666664 0.8625 0.46653645833333335 0.8629629629629629 0.46653645833333335 0.8652777777777778 0.46731770833333336 0.8694444444444445 0.467578125 0.8726851851851852 0.4680989583333333 0.875 0.4680989583333333 0.8763888888888889 0.4686197916666667 0.8787037037037037 0.4686197916666667 0.8810185185185185 0.4688802083333333 0.8814814814814815 0.4688802083333333 0.8842592592592593 0.469140625 0.8847222222222222 0.469140625 0.8875 0.4694010416666667 0.887962962962963 0.4694010416666667 0.8902777777777777 0.46966145833333334 0.8907407407407407 0.46966145833333334 0.8930555555555556 0.469921875 0.8935185185185185 0.469921875 0.8962962962962963 0.47018229166666664 0.8967592592592593 0.47018229166666664 0.9 0.47044270833333335 0.9004629629629629 0.47044270833333335 0.9032407407407408 0.470703125 0.9037037037037037 0.470703125 0.9060185185185186 0.47096354166666665 0.9064814814814814 0.47096354166666665 0.9097222222222222 0.47122395833333336 0.9101851851851852 0.47122395833333336 0.912962962962963 0.471484375 0.913425925925926 0.47174479166666666 0.9166666666666666 0.4720052083333333 0.9171296296296296 0.472265625 0.9203703703703704 0.4725260416666667 0.9208333333333333 0.4725260416666667 0.9231481481481482 0.4727864583333333 0.9236111111111112 0.4727864583333333 0.9259259259259259 0.473046875 0.9282407407407407 0.47356770833333334 0.9300925925925926 0.47356770833333334 0.9314814814814815 0.47408854166666664 0.9337962962962963 0.47408854166666664 0.937962962962963 0.47434895833333335 0.9384259259259259 0.47434895833333335 0.9412037037037037 0.47513020833333336 0.9449074074074074 0.475390625 0.9481481481481482 0.47565104166666666 0.9486111111111111 0.476171875 0.9532407407407407 0.476171875 0.9578703703703704 0.4764322916666667 0.9583333333333334 0.4764322916666667 0.962037037037037 0.4766927083333333 0.9625 0.4766927083333333 0.9648148148148148 0.476953125 0.9652777777777778 0.476953125 0.9685185185185186 0.4772135416666667 0.9689814814814814 0.4772135416666667 0.975462962962963 0.47747395833333334 0.975925925925926 0.47747395833333334 0.9856481481481482 0.477734375 0.9861111111111112 0.477734375 0.9921296296296296 0.47747395833333334 0.9925925925925926 0.4772135416666667 0.9953703703703703 0.4765625 0.9965277777777778 0.47552083333333334 0.9974537037037037 0.459375 0.9974537037037037 0.4591145833333333 0.9979166666666667
1 0.67578125 0.5662037037037038 0.04505208333333344 0.07361111111111118 0.6809895833333334 0.6030092592592593 0.6739583333333333 0.6030092592592593 0.67265625 0.6020833333333333 0.6705729166666666 0.6016203703703704 0.66875 0.6002314814814815 0.6666666666666666 0.5993055555555555 0.66484375 0.5974537037037037 0.6640625 0.5969907407407408 0.6625 0.5951388888888889 0.6604166666666667 0.5914351851851852 0.66015625 0.5914351851851852 0.6569010416666666 0.5856481481481481 0.656640625 0.5842592592592593 0.6553385416666667 0.5810185185185185 0.655078125 0.5796296296296296 0.6540364583333333 0.5763888888888888 0.6532552083333333 0.5722222222222222 0.653515625 0.5708333333333333 0.653515625 0.5662037037037037 0.6540364583333333 0.5625 0.6545572916666667 0.5601851851851852 0.6545572916666667 0.5583333333333333 0.6553385416666667 0.5550925925925926 0.655859375 0.5509259259259259 0.656640625 0.549074074074074 0.6569010416666666 0.5476851851851852 0.6579427083333333 0.5453703703703704 0.6587239583333333 0.5421296296296296 0.6592447916666667 0.5407407407407407 0.6602864583333333 0.5356481481481481 0.6614583333333334 0.5335648148148148 0.6622395833333333 0.5326388888888889 0.6640625 0.53125 0.6669270833333333 0.5298611111111111 0.66875 0.5298611111111111 0.6690104166666667 0.5293981481481481 0.6731770833333334 0.5293981481481481 0.6734375 0.5298611111111111 0.6763020833333333 0.5298611111111111 0.6765625 0.5303240740740741 0.678125 0.5303240740740741 0.6783854166666666 0.530787037037037 0.6807291666666667 0.53125 0.68203125 0.5321759259259259 0.6833333333333333 0.5326388888888889 0.6846354166666667 0.5340277777777778 0.6859375 0.5349537037037037 0.6875 0.5368055555555555 0.68828125 0.5372685185185185 0.6911458333333333 0.5405092592592593 0.6938802083333333 0.5453703703703704 0.6938802083333333 0.5458333333333333 0.6951822916666667 0.5481481481481482 0.6967447916666667 0.5523148148148148 0.6970052083333333 0.5541666666666667 0.698046875 0.5578703703703703 0.698046875 0.5615740740740741 0.6983072916666667 0.562037037037037 0.6983072916666667 0.5662037037037037 0.697265625 0.5726851851851852 0.6967447916666667 0.575 0.6959635416666666 0.5773148148148148 0.6959635416666666 0.5782407407407407 0.694921875 0.5814814814814815 0.694921875 0.5824074074074074 0.694140625 0.5847222222222223 0.6936197916666667 0.5875 0.691796875 0.5921296296296297 0.6888020833333334 0.5974537037037037 0.6872395833333333 0.5993055555555555 0.684375 0.6016203703703704 0.6809895833333334 0.6030092592592593
2 0.6149739583333333 0.4914351851851852 0.028124999999999956 0.04814814814814816 0.6171875 0.5155092592592593 0.61328125 0.5155092592592593 0.6130208333333333 0.5150462962962963 0.6114583333333333 0.5150462962962963 0.61015625 0.5145833333333333 0.60859375 0.5131944444444444 0.6080729166666666 0.5131944444444444 0.6059895833333333 0.5113425925925926 0.6049479166666667 0.5099537037037037 0.603515625 0.5074074074074074 0.602734375 0.5055555555555555 0.6016927083333333 0.5018518518518519 0.601171875 0.4976851851851852 0.6009114583333334 0.49722222222222223 0.6009114583333334 0.4810185185185185 0.6016927083333333 0.4777777777777778 0.601953125 0.4759259259259259 0.602734375 0.4740740740740741 0.60390625 0.47199074074074077 0.6041666666666666 0.47199074074074077 0.6057291666666667 0.46967592592592594 0.6072916666666667 0.46828703703703706 0.6096354166666667 0.4673611111111111 0.615625 0.4673611111111111 0.6169270833333333 0.46828703703703706 0.6192708333333333 0.46875 0.6221354166666667 0.4706018518518518 0.6244791666666667 0.4738425925925926 0.6247395833333333 0.4738425925925926 0.6264322916666667 0.47685185185185186 0.6274739583333333 0.48009259259259257 0.6287760416666667 0.4828703703703704 0.6287760416666667 0.48703703703703705 0.6290364583333333 0.48842592592592593 0.628515625 0.49074074074074076 0.6282552083333334 0.4930555555555556 0.627734375 0.49537037037037035 0.626953125 0.5013888888888889 0.626171875 0.5046296296296297 0.6251302083333333 0.5074074074074074 0.6223958333333334 0.5122685185185185 0.62109375 0.5136574074074074 0.61875 0.5150462962962963 0.6174479166666667 0.5150462962962963 0.6171875 0.5155092592592593
2 0.540234375 0.6000000000000001 0.02604166666666663 0.052314814814814814 0.53828125 0.6261574074074074 0.5361979166666667 0.6261574074074074 0.5333333333333333 0.6238425925925926 0.53203125 0.6224537037037037 0.5305989583333334 0.6203703703703703 0.5287760416666667 0.6152777777777778 0.5279947916666666 0.6092592592592593 0.527734375 0.6087962962962963 0.527734375 0.6064814814814815 0.5274739583333333 0.6060185185185185 0.5274739583333333 0.6027777777777777 0.5272135416666667 0.6023148148148149 0.5272135416666667 0.5990740740740741 0.5274739583333333 0.5986111111111111 0.5274739583333333 0.5953703703703703 0.527734375 0.5949074074074074 0.527734375 0.5888888888888889 0.5279947916666666 0.5884259259259259 0.5279947916666666 0.5861111111111111 0.5290364583333333 0.5828703703703704 0.5307291666666667 0.5798611111111112 0.5328125 0.5780092592592593 0.5356770833333333 0.5747685185185185 0.5372395833333333 0.5738425925925926 0.5411458333333333 0.5738425925925926 0.54375 0.5747685185185185 0.5440104166666667 0.5752314814814815 0.5455729166666666 0.5752314814814815 0.5473958333333333 0.5761574074074074 0.5489583333333333 0.5775462962962963 0.5497395833333333 0.5789351851851852 0.55078125 0.5798611111111112 0.551953125 0.5819444444444445 0.5529947916666667 0.5856481481481481 0.5529947916666667 0.5884259259259259 0.5532552083333333 0.5888888888888889 0.5532552083333333 0.6074074074074074 0.5529947916666667 0.6087962962962963 0.5520833333333334 0.6108796296296296 0.5510416666666667 0.6122685185185185 0.5497395833333333 0.6131944444444445 0.5479166666666667 0.6136574074074074 0.54765625 0.6141203703703704 0.5458333333333333 0.6145833333333334 0.54375 0.6164351851851851 0.5415364583333333 0.6203703703703703 0.5407552083333333 0.6231481481481481 0.5395833333333333 0.6252314814814814 0.53828125 0.6261574074074074
2 0.6361979166666667 0.5465277777777777 0.023177083333333348 0.020370370370370372 0.6299479166666667 0.5567129629629629 0.6263020833333334 0.5567129629629629 0.6251302083333333 0.5550925925925926 0.624609375 0.5532407407407407 0.624609375 0.5472222222222223 0.6251302083333333 0.5444444444444444 0.6265625 0.5418981481481482 0.628125 0.5400462962962963 0.6302083333333334 0.5381944444444444 0.6317708333333333 0.5372685185185185 0.6325520833333333 0.5372685185185185 0.63359375 0.5363425925925925 0.63671875 0.5363425925925925 0.6369791666666667 0.5368055555555555 0.6390625 0.5372685185185185 0.63984375 0.5381944444444444 0.64140625 0.5386574074074074 0.64296875 0.5400462962962963 0.64375 0.5414351851851852 0.6463541666666667 0.54375 0.6477864583333334 0.5458333333333333 0.6475260416666667 0.549074074074074 0.646875 0.5511574074074074 0.64609375 0.5511574074074074 0.6447916666666667 0.5520833333333334 0.6440104166666667 0.5520833333333334 0.6427083333333333 0.5530092592592593 0.64140625 0.5530092592592593 0.6411458333333333 0.5534722222222223 0.6393229166666666 0.5534722222222223 0.6390625 0.5539351851851851 0.6375 0.5539351851851851 0.6372395833333333 0.5543981481481481 0.6359375 0.5543981481481481 0.634375 0.555324074074074 0.6333333333333333 0.555324074074074 0.6317708333333333 0.55625 0.6302083333333334 0.55625 0.6299479166666667 0.5567129629629629
2 0.7829427083333333 0.4365740740740741 0.030208333333333393 0.04583333333333334 0.7854166666666667 0.45949074074074076 0.7825520833333334 0.45949074074074076 0.7822916666666667 0.45902777777777776 0.78046875 0.45902777777777776 0.7802083333333333 0.4585648148148148 0.77890625 0.4585648148148148 0.7786458333333334 0.45810185185185187 0.77578125 0.456712962962963 0.7744791666666667 0.45578703703703705 0.7739583333333333 0.4548611111111111 0.771875 0.4530092592592593 0.769140625 0.44814814814814813 0.7680989583333333 0.4439814814814815 0.7678385416666667 0.44212962962962965 0.7678385416666667 0.43472222222222223 0.768359375 0.4324074074074074 0.768359375 0.4310185185185185 0.7688802083333334 0.42916666666666664 0.769140625 0.42592592592592593 0.7701822916666666 0.42268518518518516 0.7704427083333333 0.4212962962962963 0.7712239583333333 0.41944444444444445 0.77265625 0.41689814814814813 0.7734375 0.41597222222222224 0.7752604166666667 0.41458333333333336 0.7765625 0.41412037037037036 0.77890625 0.41412037037037036 0.7791666666666667 0.4136574074074074 0.78046875 0.4136574074074074 0.7807291666666667 0.41412037037037036 0.7838541666666666 0.41412037037037036 0.7841145833333333 0.41458333333333336 0.7864583333333334 0.4150462962962963 0.7888020833333333 0.4164351851851852 0.7919270833333333 0.41967592592592595 0.7932291666666667 0.42060185185185184 0.7951822916666667 0.42407407407407405 0.7962239583333334 0.4263888888888889 0.798046875 0.4324074074074074 0.798046875 0.4351851851851852 0.7977864583333333 0.4356481481481482 0.7951822916666667 0.4449074074074074 0.794140625 0.44722222222222224 0.792578125 0.45185185185185184 0.7923177083333334 0.4532407407407407 0.7915364583333333 0.4550925925925926 0.7901041666666667 0.45717592592592593 0.7885416666666667 0.4585648148148148 0.7875 0.45902777777777776 0.7856770833333333 0.45902777777777776 0.7854166666666667 0.45949074074074076
11 0.7417317708333333 0.705324074074074 0.5160156250000001 0.5833333333333334 0.9997395833333333 0.8247685185185185 0.9979166666666667 0.8247685185185185 0.9966145833333333 0.8261574074074074 0.9940104166666667 0.8298611111111112 0.9932291666666667 0.830324074074074 0.99140625 0.8326388888888889 0.9890625 0.8368055555555556 0.9875 0.8386574074074075 0.9856770833333334 0.8400462962962963 0.9848958333333333 0.8400462962962963 0.9830729166666666 0.8414351851851852 0.9825520833333333 0.8414351851851852 0.98125 0.8428240740740741 0.9776041666666667 0.8460648148148148 0.9760416666666667 0.8479166666666667 0.9744791666666667 0.8502314814814815 0.9723958333333333 0.8520833333333333 0.9709635416666667 0.8546296296296296 0.9700520833333334 0.856712962962963 0.9682291666666667 0.8581018518518518 0.9671875 0.8585648148148148 0.9653645833333333 0.8599537037037037 0.9645833333333333 0.8599537037037037 0.9619791666666667 0.8618055555555556 0.9606770833333333 0.8622685185185185 0.959375 0.8636574074074074 0.9567708333333333 0.8655092592592593 0.9559895833333333 0.8655092592592593 0.9549479166666667 0.8664351851851851 0.9536458333333333 0.8664351851851851 0.9520833333333333 0.8673611111111111 0.95 0.867824074074074 0.9489583333333333 0.86875 0.946875 0.8696759259259259 0.9450520833333333 0.8710648148148148 0.9442708333333333 0.8710648148148148 0.9424479166666667 0.8724537037037037 0.94140625 0.8724537037037037 0.9356770833333333 0.8756944444444444 0.9346354166666667 0.8761574074074074 0.9322916666666666 0.8766203703703703 0.9309895833333334 0.8775462962962963 0.92890625 0.8780092592592592 0.9263020833333333 0.8798611111111111 0.9255208333333333 0.8798611111111111 0.9236979166666667 0.88125 0.9216145833333333 0.881712962962963 0.9205729166666666 0.8826388888888889 0.9197916666666667 0.8826388888888889 0.9182291666666667 0.8835648148148149 0.9174479166666667 0.8844907407407407 0.9151041666666667 0.8854166666666666 0.9143229166666667 0.8863425925925926 0.9130208333333333 0.8868055555555555 0.9119791666666667 0.8877314814814815 0.91015625 0.8881944444444444 0.9078125 0.8895833333333333 0.90703125 0.8895833333333333 0.9059895833333333 0.8905092592592593 0.90390625 0.8914351851851852 0.9036458333333334 0.8918981481481482 0.9002604166666667 0.89375 0.8994791666666667 0.89375 0.8981770833333333 0.8946759259259259 0.8953125 0.8956018518518518 0.8940104166666667 0.8965277777777778 0.8921875 0.8969907407407407 0.8919270833333334 0.8974537037037037 0.8895833333333333 0.8983796296296296 0.8859375 0.9006944444444445 0.8848958333333333 0.9006944444444445 0.8838541666666667 0.9016203703703703 0.88203125 0.9020833333333333 0.8809895833333333 0.9030092592592592 0.8763020833333334 0.9043981481481481 0.8752604166666667 0.9053240740740741 0.8744791666666667 0.9053240740740741 0.8723958333333334 0.9071759259259259 0.8684895833333334 0.9094907407407408 0.8674479166666667 0.9094907407407408 0.86484375 0.9113425925925925 0.8640625 0.9113425925925925 0.8630208333333333 0.9122685185185185 0.8611979166666667 0.9127314814814815 0.8609375 0.9131944444444444 0.85859375 0.9141203703703704 0.8565104166666667 0.9155092592592593 0.8541666666666666 0.9159722222222222 0.8515625 0.9173611111111111 0.8494791666666667 0.919212962962963 0.8473958333333333 0.919675925925926 0.84609375 0.9206018518518518 0.8447916666666667 0.9210648148148148 0.84296875 0.9210648148148148 0.8416666666666667 0.9215277777777777 0.8403645833333333 0.9224537037037037 0.8395833333333333 0.9224537037037037 0.8385416666666666 0.9233796296296296 0.8364583333333333 0.9238425925925926 0.8354166666666667 0.9247685185185185 0.8346354166666666 0.9247685185185185 0.8328125 0.9261574074074074 0.8307291666666666 0.9266203703703704 0.83046875 0.9270833333333334 0.8283854166666667 0.9280092592592593 0.8265625 0.9293981481481481 0.8244791666666667 0.9298611111111111 0.82421875 0.930324074074074 0.8229166666666666 0.930324074074074 0.82265625 0.930787037037037 0.8213541666666667 0.930787037037037 0.8200520833333333 0.93125 0.8177083333333334 0.9326388888888889 0.8169270833333333 0.9326388888888889 0.8158854166666667 0.9335648148148148 0.8135416666666667 0.9349537037037037 0.81171875 0.9354166666666667 0.8104166666666667 0.9363425925925926 0.8083333333333333 0.9363425925925926 0.8080729166666667 0.9368055555555556 0.8065104166666667 0.9368055555555556 0.8057291666666667 0.9363425925925926 0.803125 0.9340277777777778 0.7997395833333333 0.9280092592592593 0.7994791666666666 0.9280092592592593 0.7985677083333333 0.9259259259259259 0.798046875 0.9236111111111112 0.796484375 0.9185185185185185 0.796484375 0.9175925925925926 0.795703125 0.9143518518518519 0.7951822916666667 0.913425925925926 0.7946614583333333 0.9111111111111111 0.794140625 0.9101851851851852 0.7930989583333333 0.9046296296296297 0.793359375 0.9041666666666667 0.7936197916666666 0.9009259259259259 0.794140625 0.899537037037037 0.794140625 0.8967592592592593 0.7944010416666667 0.8962962962962963 0.7944010416666667 0.8898148148148148 0.7955729166666666 0.8881944444444444 0.796875 0.8872685185185185 0.7984375 0.8872685185185185 0.7986979166666667 0.8868055555555555 0.8010416666666667 0.8868055555555555 0.8013020833333333 0.8863425925925926 0.8075520833333333 0.8863425925925926 0.8088541666666667 0.8872685185185185 0.81015625 0.8877314814814815 0.8111979166666666 0.8872685185185185 0.8138020833333334 0.8840277777777777 0.8158854166666667 0.8803240740740741 0.8161458333333333 0.8803240740740741 0.81796875 0.8775462962962963 0.8182291666666667 0.8775462962962963 0.8205729166666667 0.8733796296296297 0.8223958333333333 0.8715277777777778 0.8239583333333333 0.86875 0.8252604166666667 0.8668981481481481 0.8260416666666667 0.8664351851851851 0.8283854166666667 0.8636574074074074 0.8315104166666667 0.8604166666666667 0.8330729166666667 0.8585648148148148 0.83671875 0.8520833333333333 0.8369791666666667 0.8520833333333333 0.8388020833333333 0.8488425925925925 0.8403645833333333 0.8469907407407408 0.8421875 0.8456018518518519 0.8440104166666667 0.843287037037037 0.8447916666666667 0.8418981481481481 0.8473958333333333 0.8391203703703703 0.8486979166666667 0.8372685185185185 0.85 0.8349537037037037 0.8502604166666666 0.8349537037037037 0.8518229166666667 0.8321759259259259 0.8520833333333333 0.8321759259259259 0.8536458333333333 0.8293981481481482 0.8552083333333333 0.8275462962962963 0.8565104166666667 0.8252314814814815 0.8580729166666666 0.8233796296296296 0.8645833333333334 0.8164351851851852 0.8690104166666667 0.8085648148148148 0.8692708333333333 0.8085648148148148 0.8708333333333333 0.805787037037037 0.871875 0.8043981481481481 0.8734375 0.8030092592592593 0.874609375 0.8009259259259259 0.8748697916666667 0.799074074074074 0.8756510416666666 0.7962962962962963 0.8756510416666666 0.7939814814814815 0.8751302083333333 0.7930555555555555 0.873828125 0.787962962962963 0.8735677083333333 0.7861111111111111 0.873046875 0.7851851851851852 0.8720052083333333 0.7819444444444444 0.8696614583333333 0.7777777777777778 0.8686197916666667 0.775 0.867578125 0.7712962962962963 0.8670572916666667 0.7703703703703704 0.8665364583333334 0.7680555555555556 0.8657552083333333 0.7657407407407407 0.862890625 0.7606481481481482 0.8623697916666667 0.7587962962962963 0.8595052083333333 0.7523148148148148 0.8595052083333333 0.7518518518518519 0.8579427083333333 0.7476851851851852 0.8553385416666667 0.7421296296296296 0.8540364583333333 0.737037037037037 0.8536458333333333 0.7363425925925926 0.8526041666666667 0.7363425925925926 0.8518229166666667 0.7372685185185185 0.8505208333333333 0.7377314814814815 0.84921875 0.7386574074074074 0.846875 0.742824074074074 0.8455729166666667 0.7442129629629629 0.8442708333333333 0.7465277777777778 0.8440104166666667 0.7465277777777778 0.8421875 0.7497685185185186 0.840625 0.7516203703703703 0.83828125 0.7557870370370371 0.8361979166666667 0.7581018518518519 0.8341145833333333 0.7618055555555555 0.83203125 0.7636574074074074 0.8290364583333333 0.7689814814814815 0.8282552083333333 0.7712962962962963 0.8274739583333334 0.7726851851851851 0.826953125 0.774537037037037 0.8252604166666667 0.7770833333333333 0.82421875 0.7780092592592592 0.8234375 0.7793981481481481 0.8221354166666667 0.780787037037037 0.8194010416666667 0.7856481481481481 0.8194010416666667 0.7861111111111111 0.8174479166666667 0.7895833333333333 0.81640625 0.7905092592592593 0.8123697916666667 0.7976851851851852 0.811328125 0.8 0.810546875 0.8023148148148148 0.8100260416666667 0.8060185185185185 0.8087239583333333 0.8083333333333333 0.8084635416666667 0.8092592592592592 0.8084635416666667 0.8134259259259259 0.8087239583333333 0.8157407407407408 0.8100260416666667 0.8194444444444444 0.811328125 0.825 0.8118489583333334 0.825925925925926 0.812890625 0.8296296296296296 0.8134114583333333 0.8324074074074074 0.814453125 0.8393518518518519 0.8154947916666667 0.8430555555555556 0.816015625 0.8486111111111111 0.8162760416666667 0.85 0.8157552083333334 0.8523148148148149 0.8149739583333333 0.8541666666666666 0.8140625 0.8553240740740741 0.812890625 0.8574074074074074 0.812890625 0.8578703703703704 0.8109375 0.8613425925925926 0.8098958333333334 0.8622685185185185 0.8075520833333333 0.8664351851851851 0.80546875 0.86875 0.80234375 0.8743055555555556 0.8013020833333333 0.8752314814814814 0.8001302083333334 0.8773148148148148 0.7993489583333333 0.8805555555555555 0.7984375 0.882175925925926 0.7973958333333333 0.8831018518518519 0.7953125 0.8840277777777777 0.7944010416666667 0.8861111111111111 0.794140625 0.8898148148148148 0.7932291666666667 0.8905092592592593 0.7911458333333333 0.8905092592592593 0.7877604166666666 0.8965277777777778 0.7854166666666667 0.8983796296296296 0.7841145833333333 0.8997685185185185 0.78359375 0.8997685185185185 0.78203125 0.9020833333333333 0.7817708333333333 0.9020833333333333 0.77734375 0.9099537037037037 0.7770833333333333 0.9099537037037037 0.77578125 0.9122685185185185 0.77421875 0.9141203703703704 0.771875 0.9182870370370371 0.7716145833333333 0.9182870370370371 0.7703125 0.9206018518518518 0.76796875 0.9233796296296296 0.7640625 0.930324074074074 0.7630208333333334 0.9317129629629629 0.7622395833333333 0.9321759259259259 0.7609375 0.9344907407407408 0.7606770833333333 0.9344907407407408 0.759375 0.9368055555555556 0.7591145833333334 0.9368055555555556 0.7579427083333333 0.9388888888888889 0.7579427083333333 0.9393518518518519 0.75625 0.9423611111111111 0.7546875 0.94375 0.753125 0.9460648148148149 0.7528645833333333 0.9460648148148149 0.750390625 0.950462962962963 0.749609375 0.9527777777777777 0.746875 0.9576388888888889 0.7466145833333333 0.9576388888888889 0.7454427083333334 0.9597222222222223 0.7454427083333334 0.9601851851851851 0.74375 0.9631944444444445 0.7416666666666667 0.9650462962962963 0.7401041666666667 0.9673611111111111 0.7388020833333333 0.968287037037037 0.7375 0.96875 0.7364583333333333 0.9696759259259259 0.73515625 0.9696759259259259 0.7338541666666667 0.9701388888888889 0.7325520833333333 0.9710648148148148 0.72890625 0.9719907407407408 0.7270833333333333 0.9733796296296297 0.7265625 0.9733796296296297 0.7252604166666666 0.9747685185185185 0.7234375 0.9756944444444444 0.7223958333333333 0.9756944444444444 0.72109375 0.9766203703703704 0.7192708333333333 0.9770833333333333 0.7182291666666667 0.9780092592592593 0.7174479166666666 0.9780092592592593 0.7161458333333334 0.9789351851851852 0.71484375 0.9789351851851852 0.7145833333333333 0.9793981481481482 0.71015625 0.9807870370370371 0.709375 0.981712962962963 0.7072916666666667 0.982175925925926 0.7059895833333333 0.9831018518518518 0.7041666666666667 0.9835648148148148 0.703125 0.9844907407407407 0.7005208333333334 0.9858796296296296 0.69921875 0.9858796296296296 0.69765625 0.9868055555555556 0.6966145833333334 0.9868055555555556 0.6942708333333333 0.9881944444444445 0.6911458333333333 0.9891203703703704 0.68984375 0.9900462962962963 0.6885416666666667 0.9905092592592593 0.6864583333333333 0.9905092592592593 0.6861979166666666 0.9909722222222223 0.6848958333333334 0.9909722222222223 0.68203125 0.9923611111111111 0.6796875 0.9923611111111111 0.6794270833333333 0.992824074074074 0.67734375 0.992824074074074 0.6770833333333334 0.993287037037037 0.66875 0.993287037037037 0.6684895833333333 0.99375 0.6666666666666666 0.99375 0.66640625 0.9942129629629629 0.6638020833333333 0.9942129629629629 0.6635416666666667 0.9946759259259259 0.6567708333333333 0.9946759259259259 0.6565104166666667 0.9951388888888889 0.6549479166666666 0.9951388888888889 0.6546875 0.9956018518518519 0.6486979166666667 0.9956018518518519 0.6484375 0.9960648148148148 0.6455729166666667 0.9960648148148148 0.64453125 0.9956018518518519 0.644921875 0.9935185185185185 0.645703125 0.9912037037037037 0.6479166666666667 0.9886574074074074 0.6494791666666667 0.9881944444444445 0.6510416666666666 0.9872685185185185 0.65234375 0.9872685185185185 0.6541666666666667 0.9863425925925926 0.6557291666666667 0.9849537037037037 0.65625 0.9840277777777777 0.6591145833333333 0.981712962962963 0.6606770833333333 0.98125 0.6630208333333333 0.9798611111111111 0.6638020833333333 0.9789351851851852 0.6661458333333333 0.9780092592592593 0.6671875 0.9770833333333333 0.66796875 0.9770833333333333 0.66953125 0.9761574074074074 0.6703125 0.9752314814814815 0.6716145833333333 0.9747685185185185 0.67421875 0.9729166666666667 0.67734375 0.9719907407407408 0.6783854166666666 0.9710648148148148 0.6791666666666667 0.9710648148148148 0.6809895833333334 0.9696759259259259 0.68203125 0.969212962962963 0.6838541666666667 0.969212962962963 0.6841145833333333 0.96875 0.6854166666666667 0.96875 0.6856770833333333 0.968287037037037 0.6890625 0.9668981481481481 0.6893229166666667 0.9664351851851852 0.6916666666666667 0.9655092592592592 0.69375 0.9641203703703703 0.6953125 0.9641203703703703 0.696875 0.9631944444444445 0.6986979166666667 0.9627314814814815 0.7026041666666667 0.9599537037037037 0.7033854166666667 0.9590277777777778 0.7046875 0.9585648148148148 0.7057291666666666 0.9576388888888889 0.7080729166666667 0.9567129629629629 0.7091145833333333 0.9567129629629629 0.7127604166666667 0.955324074074074 0.7138020833333333 0.9543981481481482 0.71640625 0.9530092592592593 0.717578125 0.950925925925926 0.718359375 0.9486111111111111 0.718359375 0.9425925925925925 0.7180989583333334 0.9402777777777778 0.7173177083333333 0.9375 0.7173177083333333 0.9365740740740741 0.7157552083333333 0.9305555555555556 0.7149739583333333 0.9282407407407407 0.7149739583333333 0.9273148148148148 0.7139322916666667 0.9236111111111112 0.7123697916666667 0.9199074074074074 0.7118489583333333 0.9180555555555555 0.7104166666666667 0.9155092592592593 0.7088541666666667 0.9141203703703704 0.7075520833333333 0.9136574074074074 0.70390625 0.9136574074074074 0.7026041666666667 0.9145833333333333 0.7015625 0.9145833333333333 0.7002604166666667 0.9155092592592593 0.696875 0.9164351851851852 0.6934895833333333 0.91875 0.6916666666666667 0.91875 0.69140625 0.919212962962963 0.6895833333333333 0.919212962962963 0.6861979166666666 0.9215277777777777 0.6841145833333333 0.9219907407407407 0.6838541666666667 0.9224537037037037 0.6815104166666667 0.9229166666666667 0.6791666666666667 0.9243055555555556 0.6783854166666666 0.9243055555555556 0.6770833333333334 0.9252314814814815 0.6760416666666667 0.9252314814814815 0.6747395833333333 0.9261574074074074 0.6739583333333333 0.9261574074074074 0.6723958333333333 0.9270833333333334 0.6708333333333333 0.9284722222222223 0.6700520833333333 0.9284722222222223 0.66875 0.9293981481481481 0.6674479166666667 0.9298611111111111 0.6661458333333333 0.9298611111111111 0.6645833333333333 0.930787037037037 0.6622395833333333 0.93125 0.6619791666666667 0.9317129629629629 0.6606770833333333 0.9317129629629629 0.6604166666666667 0.9321759259259259 0.6588541666666666 0.9321759259259259 0.6575520833333334 0.9326388888888889 0.6557291666666667 0.9340277777777778 0.6544270833333333 0.9344907407407408 0.6536458333333334 0.9354166666666667 0.6528645833333333 0.9354166666666667 0.6518229166666667 0.9363425925925926 0.6489583333333333 0.9372685185185186 0.6479166666666667 0.9381944444444444 0.6471354166666666 0.9381944444444444 0.6458333333333334 0.9391203703703703 0.6447916666666667 0.9391203703703703 0.64140625 0.9409722222222222 0.63828125 0.9418981481481481 0.6369791666666667 0.9428240740740741 0.6338541666666667 0.94375 0.63125 0.9456018518518519 0.6299479166666667 0.9460648148148149 0.6270833333333333 0.9460648148148149 0.6247395833333333 0.9474537037037037 0.6234375 0.9488425925925926 0.6213541666666667 0.9497685185185185 0.6197916666666666 0.9497685185185185 0.61953125 0.9502314814814815 0.6174479166666667 0.9506944444444444 0.61640625 0.9516203703703704 0.6145833333333334 0.9520833333333333 0.6143229166666667 0.9525462962962963 0.6130208333333333 0.9525462962962963 0.61015625 0.9539351851851852 0.6088541666666667 0.955324074074074 0.6075520833333333 0.95625 0.6057291666666667 0.9567129629629629 0.6041666666666666 0.9576388888888889 0.603125 0.9576388888888889 0.60078125 0.9590277777777778 0.5984375 0.9594907407407407 0.5981770833333333 0.9599537037037037 0.5966145833333333 0.9599537037037037 0.5963541666666666 0.9604166666666667 0.5950520833333334 0.9604166666666667 0.5934895833333333 0.9613425925925926 0.5916666666666667 0.9631944444444445 0.5903645833333333 0.9641203703703703 0.5895833333333333 0.9641203703703703 0.5885416666666666 0.9650462962962963 0.5864583333333333 0.9659722222222222 0.5828125 0.96875 0.5802083333333333 0.9701388888888889 0.5787760416666666 0.9726851851851852 0.577734375 0.9773148148148149 0.5774739583333334 0.9805555555555555 0.5766927083333333 0.9837962962962963 0.575390625 0.986574074074074 0.5743489583333333 0.9907407407407407 0.57265625 0.9942129629629629 0.57109375 0.9956018518518519 0.56875 0.9965277777777778 0.5651041666666666 0.9965277777777778 0.56484375 0.9969907407407408 0.559375 0.9969907407407408 0.5591145833333333 0.9965277777777778 0.5557291666666667 0.9965277777777778 0.55546875 0.9960648148148148 0.5455729166666666 0.9960648148148148 0.5442708333333334 0.9956018518518519 0.54375 0.9946759259259259 0.54140625 0.992824074074074 0.5399739583333333 0.9902777777777778 0.5397135416666666 0.9884259259259259 0.5391927083333333 0.987037037037037 0.5389322916666667 0.9847222222222223 0.5381510416666667 0.9819444444444444 0.537890625 0.9782407407407407 0.537109375 0.975 0.537109375 0.9740740740740741 0.536328125 0.9694444444444444 0.5358072916666666 0.9671296296296297 0.535546875 0.9629629629629629 0.5350260416666667 0.9606481481481481 0.5350260416666667 0.9592592592592593 0.533984375 0.9550925925925926 0.5334635416666667 0.9523148148148148 0.5334635416666667 0.950462962962963 0.5329427083333333 0.9462962962962963 0.532421875 0.9444444444444444 0.532421875 0.9425925925925925 0.5319010416666666 0.9398148148148148 0.5319010416666666 0.9375 0.531640625 0.937037037037037 0.531640625 0.9347222222222222 0.5313802083333333 0.9342592592592592 0.5311197916666667 0.9310185185185185 0.5305989583333334 0.9291666666666667 0.5295572916666667 0.9226851851851852 0.5290364583333333 0.9175925925925926 0.528515625 0.9157407407407407 0.528515625 0.9138888888888889 0.5274739583333333 0.9078703703703703 0.5272135416666667 0.9046296296296297 0.526171875 0.899537037037037 0.5256510416666667 0.8981481481481481 0.525390625 0.8939814814814815 0.5248697916666667 0.8921296296296296 0.5243489583333333 0.8861111111111111 0.5240885416666666 0.8856481481481482 0.5240885416666666 0.8833333333333333 0.5235677083333333 0.8805555555555555 0.5235677083333333 0.8782407407407408 0.5233072916666667 0.8777777777777778 0.522265625 0.8699074074074075 0.5220052083333333 0.8694444444444445 0.5217447916666667 0.8652777777777778 0.521484375 0.8648148148148148 0.521484375 0.862037037037037 0.520703125 0.8569444444444444 0.5209635416666667 0.8546296296296296 0.5209635416666667 0.8481481481481481 0.520703125 0.8476851851851852 0.520703125 0.8421296296296297 0.5204427083333333 0.8416666666666667 0.5204427083333333 0.8379629629629629 0.5201822916666666 0.8356481481481481 0.519140625 0.8314814814814815 0.5178385416666667 0.8287037037037037 0.5173177083333333 0.8245370370370371 0.516796875 0.8231481481481482 0.516796875 0.8217592592592593 0.5162760416666666 0.8194444444444444 0.5149739583333334 0.8152777777777778 0.5147135416666667 0.812962962962963 0.5141927083333333 0.8115740740740741 0.513671875 0.8087962962962963 0.5131510416666667 0.8046296296296296 0.5126302083333333 0.8023148148148148 0.5123697916666666 0.8 0.5123697916666666 0.7976851851851852 0.5115885416666667 0.7921296296296296 0.510546875 0.788425925925926 0.5100260416666667 0.7875 0.509765625 0.7851851851851852 0.509765625 0.7828703703703703 0.5095052083333333 0.7824074074074074 0.508984375 0.7768518518518519 0.5084635416666666 0.774074074074074 0.5084635416666666 0.7717592592592593 0.508203125 0.7712962962962963 0.508203125 0.7685185185185185 0.5069010416666667 0.7606481481481482 0.5063802083333333 0.7592592592592593 0.5061197916666667 0.7560185185185185 0.5055989583333333 0.7541666666666667 0.5055989583333333 0.7527777777777778 0.505078125 0.7509259259259259 0.505078125 0.749537037037037 0.504296875 0.7458333333333333 0.504296875 0.7430555555555556 0.5040364583333333 0.7425925925925926 0.5040364583333333 0.7402777777777778 0.5037760416666667 0.7384259259259259 0.502734375 0.7347222222222223 0.5022135416666667 0.7337962962962963 0.501953125 0.7310185185185185 0.501171875 0.7268518518518519 0.501171875 0.7245370370370371 0.5009114583333333 0.7222222222222222 0.5001302083333333 0.7180555555555556 0.4998697916666667 0.7138888888888889 0.4993489583333333 0.712037037037037 0.4993489583333333 0.7106481481481481 0.498046875 0.7064814814814815 0.49752604166666664 0.7041666666666667 0.497265625 0.700462962962963 0.4967447916666667 0.6976851851851852 0.4967447916666667 0.6953703703703704 0.496484375 0.6930555555555555 0.4959635416666667 0.6907407407407408 0.494921875 0.6837962962962963 0.49440104166666665 0.6828703703703703 0.494140625 0.6805555555555556 0.49361979166666664 0.6791666666666667 0.493359375 0.6763888888888889 0.49309895833333334 0.6759259259259259 0.49309895833333334 0.6726851851851852 0.4928385416666667 0.6722222222222223 0.4928385416666667 0.6694444444444444 0.492578125 0.6671296296296296 0.491796875 0.662962962962963 0.491796875 0.6601851851851852 0.4915364583333333 0.6597222222222222 0.4915364583333333 0.6569444444444444 0.49127604166666666 0.6550925925925926 0.49049479166666665 0.6527777777777778 0.48919270833333334 0.6467592592592593 0.4889322916666667 0.6425925925925926 0.488671875 0.6421296296296296 0.488671875 0.6393518518518518 0.4884114583333333 0.6388888888888888 0.4876302083333333 0.6328703703703704 0.48658854166666665 0.6296296296296297 0.48606770833333335 0.6240740740740741 0.485546875 0.6222222222222222 0.485546875 0.6194444444444445 0.48528645833333334 0.6189814814814815 0.48528645833333334 0.6162037037037037 0.4850260416666667 0.6138888888888889 0.4837239583333333 0.6087962962962963 0.4837239583333333 0.6064814814814815 0.4842447916666667 0.6046296296296296 0.4856770833333333 0.6020833333333333 0.48671875 0.6011574074074074 0.48880208333333336 0.6002314814814815 0.48984375 0.5993055555555555 0.49166666666666664 0.5988425925925925 0.49322916666666666 0.5979166666666667 0.4940104166666667 0.5969907407407408 0.4953125 0.5965277777777778 0.49609375 0.5956018518518519 0.49700520833333334 0.5935185185185186 0.49700520833333334 0.5893518518518519 0.4967447916666667 0.5888888888888889 0.4967447916666667 0.5861111111111111 0.4959635416666667 0.5833333333333334 0.4959635416666667 0.5824074074074074 0.49518229166666666 0.5800925925925926 0.49466145833333336 0.5768518518518518 0.494140625 0.575 0.49309895833333334 0.5685185185185185 0.49309895833333334 0.5671296296296297 0.492578125 0.5648148148148148 0.492578125 0.5625 0.4923177083333333 0.562037037037037 0.4923177083333333 0.5597222222222222 0.4920572916666667 0.5592592592592592 0.4920572916666667 0.5555555555555556 0.491796875 0.5550925925925926 0.491796875 0.5472222222222223 0.4920572916666667 0.5449074074074074 0.493359375 0.5407407407407407 0.49453125 0.5386574074074074 0.49583333333333335 0.5381944444444444 0.49713541666666666 0.5368055555555555 0.49856770833333336 0.5342592592592592 0.4993489583333333 0.5300925925925926 0.5001302083333333 0.5268518518518519 0.5001302083333333 0.5254629629629629 0.5009114583333333 0.5231481481481481 0.5018229166666667 0.5219907407407407 0.5028645833333333 0.5215277777777778 0.5059895833333333 0.5215277777777778 0.5078125 0.5206018518518518 0.5091145833333334 0.5192129629629629 0.5096354166666667 0.5192129629629629 0.5106770833333333 0.517824074074074 0.51171875 0.517824074074074 0.5130208333333334 0.5168981481481482 0.51640625 0.5168981481481482 0.5177083333333333 0.5173611111111112 0.51796875 0.5168981481481482 0.5192708333333333 0.5168981481481482 0.51953125 0.5164351851851852 0.5208333333333334 0.5164351851851852 0.52109375 0.5159722222222223 0.5263020833333333 0.5159722222222223 0.5265625 0.5155092592592593 0.5286458333333334 0.5155092592592593 0.5299479166666666 0.5145833333333333 0.53046875 0.5136574074074074 0.5317708333333333 0.5127314814814815 0.5328125 0.5113425925925926 0.53515625 0.5104166666666666 0.5361979166666667 0.5094907407407407 0.5395833333333333 0.5081018518518519 0.5408854166666667 0.5081018518518519 0.5411458333333333 0.5076388888888889 0.5424479166666667 0.5076388888888889 0.5427083333333333 0.507175925925926 0.5442708333333334 0.507175925925926 0.5458333333333333 0.50625 0.54765625 0.5057870370370371 0.5486979166666667 0.5048611111111111 0.5518229166666667 0.5039351851851852 0.5520833333333334 0.5034722222222222 0.5533854166666666 0.5034722222222222 0.5546875 0.5025462962962963 0.5559895833333334 0.5025462962962963 0.55625 0.5020833333333333 0.5583333333333333 0.5020833333333333 0.55859375 0.5016203703703703 0.5627604166666667 0.5016203703703703 0.5630208333333333 0.5020833333333333 0.565625 0.5020833333333333 0.5658854166666667 0.5016203703703703 0.5671875 0.5016203703703703 0.5674479166666667 0.5011574074074074 0.56875 0.5011574074074074 0.5716145833333334 0.4997685185185185 0.5734375 0.4979166666666667 0.5739583333333333 0.49699074074074073 0.5768229166666666 0.49560185185185185 0.5783854166666667 0.49560185185185185 0.5786458333333333 0.4951388888888889 0.58046875 0.4951388888888889 0.5807291666666666 0.4946759259259259 0.58203125 0.4946759259259259 0.5822916666666667 0.49421296296296297 0.5838541666666667 0.49421296296296297 0.5841145833333333 0.49375 0.5864583333333333 0.49375 0.58671875 0.493287037037037 0.5885416666666666 0.493287037037037 0.5888020833333333 0.4928240740740741 0.5903645833333333 0.4928240740740741 0.590625 0.49236111111111114 0.5924479166666666 0.49236111111111114 0.5942708333333333 0.49375 0.5958333333333333 0.4960648148148148 0.59921875 0.4979166666666667 0.6013020833333333 0.5002314814814814 0.6015625 0.5002314814814814 0.6028645833333334 0.5025462962962963 0.60390625 0.5034722222222222 0.6046875 0.5020833333333333 0.6067708333333334 0.5006944444444444 0.6078125 0.5011574074074074 0.6087239583333334 0.5032407407407408 0.608203125 0.5060185185185185 0.60703125 0.5076388888888889 0.60625 0.5081018518518519 0.6055989583333333 0.5097222222222222 0.60703125 0.5122685185185185 0.6104166666666667 0.5150462962962963 0.6106770833333334 0.5155092592592593 0.6213541666666667 0.5155092592592593 0.6216145833333333 0.5159722222222223 0.6244791666666667 0.5159722222222223 0.6260416666666667 0.518287037037037 0.6278645833333333 0.518287037037037 0.6276041666666666 0.5159722222222223 0.6260416666666667 0.5150462962962963 0.6256510416666666 0.5138888888888888 0.6256510416666666 0.5037037037037037 0.6268229166666667 0.5020833333333333 0.628125 0.5011574074074074 0.6291666666666667 0.4997685185185185 0.6303385416666667 0.4976851851851852 0.6303385416666667 0.49722222222222223 0.6317708333333333 0.4946759259259259 0.6341145833333334 0.493287037037037 0.6372395833333333 0.493287037037037 0.6375 0.49375 0.6390625 0.49375 0.6403645833333333 0.4946759259259259 0.6424479166666667 0.4951388888888889 0.643359375 0.49722222222222223 0.643359375 0.49953703703703706 0.6438802083333334 0.5018518518518519 0.6450520833333333 0.5030092592592592 0.6458333333333334 0.5030092592592592 0.646484375 0.5041666666666667 0.6470052083333333 0.5064814814814815 0.6470052083333333 0.5078703703703704 0.6475260416666667 0.5097222222222222 0.6477864583333334 0.5120370370370371 0.6477864583333334 0.5148148148148148 0.648046875 0.5166666666666667 0.6494791666666667 0.5192129629629629 0.6497395833333334 0.5192129629629629 0.6514322916666667 0.5222222222222223 0.651953125 0.5236111111111111 0.6529947916666666 0.5277777777777778 0.6537760416666667 0.5291666666666667 0.654296875 0.5314814814814814 0.654296875 0.538425925925926 0.6545572916666667 0.5393518518518519 0.65625 0.5423611111111111 0.6578125 0.54375 0.6583333333333333 0.5432870370370371 0.6595052083333334 0.5412037037037037 0.6595052083333334 0.5407407407407407 0.6614583333333334 0.5363425925925925 0.66328125 0.5344907407407408 0.6638020833333333 0.5344907407407408 0.6651041666666667 0.5331018518518519 0.6666666666666666 0.5326388888888889 0.6677083333333333 0.531712962962963 0.6713541666666667 0.531712962962963 0.6721354166666667 0.5326388888888889 0.6736979166666667 0.5331018518518519 0.6783854166666666 0.5331018518518519 0.6786458333333333 0.5335648148148148 0.6807291666666667 0.5335648148148148 0.6809895833333334 0.5340277777777778 0.6825520833333333 0.5340277777777778 0.6828125 0.5344907407407408 0.68515625 0.5354166666666667 0.6864583333333333 0.5363425925925925 0.6875 0.5363425925925925 0.6890625 0.5372685185185185 0.690234375 0.5347222222222222 0.690234375 0.5342592592592592 0.6916666666666667 0.531712962962963 0.6953125 0.5298611111111111 0.696484375 0.5277777777777778 0.697265625 0.5236111111111111 0.697265625 0.5180555555555556 0.6975260416666667 0.5162037037037037 0.698046875 0.5148148148148148 0.6985677083333334 0.5106481481481482 0.699609375 0.5064814814814815 0.7009114583333333 0.5 0.7014322916666667 0.4962962962962963 0.7024739583333334 0.4930555555555556 0.7029947916666667 0.48935185185185187 0.7040364583333333 0.48564814814814816 0.704296875 0.4824074074074074 0.705078125 0.4791666666666667 0.7053385416666667 0.4759259259259259 0.7071614583333333 0.4703703703703704 0.7071614583333333 0.46944444444444444 0.7079427083333333 0.4671296296296296 0.7092447916666667 0.4648148148148148 0.7102864583333334 0.4625 0.7110677083333333 0.4597222222222222 0.711328125 0.45740740740740743 0.712109375 0.45416666666666666 0.71328125 0.4525462962962963 0.7171875 0.45023148148148145 0.71796875 0.45023148148148145 0.7205729166666667 0.44884259259259257 0.7208333333333333 0.44837962962962963 0.7231770833333333 0.4479166666666667 0.7244791666666667 0.44699074074074074 0.72890625 0.44513888888888886 0.7325520833333333 0.44513888888888886 0.7328125 0.4446759259259259 0.7341145833333333 0.4446759259259259 0.734375 0.444212962962963 0.7356770833333334 0.444212962962963 0.7359375 0.44375 0.7377604166666667 0.44375 0.7380208333333333 0.44328703703703703 0.7395833333333334 0.44328703703703703 0.740625 0.4428240740740741 0.7419270833333333 0.4414351851851852 0.74609375 0.44004629629629627 0.74765625 0.4391203703703704 0.7502604166666667 0.4391203703703704 0.7505208333333333 0.4386574074074074 0.75234375 0.4386574074074074 0.7526041666666666 0.43819444444444444 0.75390625 0.43819444444444444 0.7541666666666667 0.4377314814814815 0.75546875 0.4377314814814815 0.7557291666666667 0.4372685185185185 0.75703125 0.4372685185185185 0.7583333333333333 0.43680555555555556 0.7596354166666667 0.4358796296296296 0.7640625 0.4358796296296296 0.7643229166666666 0.4354166666666667 0.7661458333333333 0.4354166666666667 0.7674479166666667 0.43449074074074073 0.76796875 0.4335648148148148 0.7690104166666667 0.43310185185185185 0.7701822916666666 0.4310185185185185 0.770703125 0.4287037037037037 0.770703125 0.4273148148148148 0.771875 0.42476851851851855 0.77265625 0.42430555555555555 0.7740885416666666 0.4217592592592593 0.7740885416666666 0.4212962962962963 0.7755208333333333 0.41967592592592595 0.7786458333333334 0.418287037037037 0.7809895833333333 0.418287037037037 0.78125 0.41782407407407407 0.7833333333333333 0.41782407407407407 0.7848958333333333 0.41875 0.7859375 0.41875 0.78828125 0.4201388888888889 0.7895833333333333 0.4201388888888889 0.78984375 0.42060185185185184 0.7911458333333333 0.42060185185185184 0.7921875 0.4219907407407407 0.79296875 0.4224537037037037 0.7942708333333334 0.42430555555555555 0.7963541666666667 0.42430555555555555 0.7966145833333333 0.4238425925925926 0.7981770833333334 0.4238425925925926 0.7989583333333333 0.4233796296296296 0.8013020833333333 0.42060185185185184 0.8020833333333334 0.42060185185185184 0.803125 0.41967592592592595 0.80390625 0.41967592592592595 0.8052083333333333 0.41875 0.8065104166666667 0.418287037037037 0.8083333333333333 0.418287037037037 0.80859375 0.41782407407407407 0.8098958333333334 0.41782407407407407 0.8111979166666666 0.4173611111111111 0.81328125 0.41597222222222224 0.8145833333333333 0.41550925925925924 0.8161458333333333 0.41550925925925924 0.81640625 0.4150462962962963 0.8182291666666667 0.4150462962962963 0.8184895833333333 0.41458333333333336 0.8200520833333333 0.41458333333333336 0.8203125 0.41412037037037036 0.8216145833333334 0.41412037037037036 0.821875 0.4136574074074074 0.8263020833333333 0.4136574074074074 0.8278645833333333 0.41458333333333336 0.8302083333333333 0.4150462962962963 0.8315104166666667 0.41597222222222224 0.8341145833333333 0.41689814814814813 0.8356770833333333 0.418287037037037 0.8377604166666667 0.42060185185185184 0.8393229166666667 0.42106481481481484 0.8395833333333333 0.4215277777777778 0.84140625 0.4219907407407407 0.8447916666666667 0.42430555555555555 0.84609375 0.42476851851851855 0.8471354166666667 0.42569444444444443 0.8484375 0.4275462962962963 0.8533854166666667 0.4363425925925926 0.8557291666666667 0.4391203703703704 0.8592447916666667 0.44537037037037036 0.8602864583333333 0.44814814814814813 0.8614583333333333 0.45023148148148145 0.86171875 0.45023148148148145 0.8692708333333333 0.4636574074074074 0.86953125 0.4636574074074074 0.8713541666666667 0.4668981481481482 0.8716145833333333 0.4668981481481482 0.8765625 0.4756944444444444 0.8768229166666667 0.4756944444444444 0.8783854166666667 0.47847222222222224 0.8799479166666667 0.48032407407407407 0.8819010416666667 0.4837962962962963 0.8819010416666667 0.4842592592592593 0.8850260416666667 0.4898148148148148 0.885546875 0.4935185185185185 0.8865885416666667 0.49675925925925923 0.8868489583333333 0.4986111111111111 0.8880208333333334 0.5016203703703703 0.8891927083333333 0.49953703703703706 0.8899739583333334 0.49583333333333335 0.8907552083333333 0.49398148148148147 0.8951822916666666 0.4861111111111111 0.8951822916666666 0.48564814814814816 0.898046875 0.48055555555555557 0.8985677083333333 0.4787037037037037 0.8993489583333333 0.4773148148148148 0.8998697916666667 0.475462962962963 0.9024739583333333 0.4708333333333333 0.9032552083333333 0.46805555555555556 0.9041666666666667 0.4664351851851852 0.9057291666666667 0.4650462962962963 0.90625 0.46412037037037035 0.9083333333333333 0.4622685185185185 0.9098958333333333 0.4613425925925926 0.9106770833333333 0.4613425925925926 0.91171875 0.46041666666666664 0.9138020833333333 0.4599537037037037 0.9161458333333333 0.4585648148148148 0.91796875 0.4585648148148148 0.9182291666666667 0.45810185185185187 0.9197916666666667 0.45810185185185187 0.92109375 0.4576388888888889 0.9234375 0.45625 0.9247395833333333 0.45578703703703705 0.9263020833333333 0.45578703703703705 0.9286458333333333 0.4548611111111111 0.93046875 0.4534722222222222 0.9315104166666667 0.4530092592592593 0.9338541666666667 0.4525462962962963 0.93515625 0.4516203703703704 0.9375 0.4511574074074074 0.9388020833333334 0.45023148148148145 0.9401041666666666 0.4497685185185185 0.94140625 0.4497685185185185 0.9416666666666667 0.44930555555555557 0.94296875 0.44930555555555557 0.9442708333333333 0.44837962962962963 0.9466145833333334 0.4479166666666667 0.946875 0.4474537037037037 0.9481770833333333 0.4474537037037037 0.9497395833333333 0.4465277777777778 0.9513020833333333 0.4465277777777778 0.9526041666666667 0.44560185185185186 0.9536458333333333 0.44560185185185186 0.9549479166666667 0.4446759259259259 0.95625 0.4446759259259259 0.9565104166666667 0.444212962962963 0.9580729166666667 0.444212962962963 0.9604166666666667 0.44328703703703703 0.9630208333333333 0.4414351851851852 0.9643229166666667 0.4414351851851852 0.965625 0.44050925925925927 0.9669270833333333 0.44004629629629627 0.9682291666666667 0.44004629629629627 0.9684895833333333 0.4395833333333333 0.9705729166666667 0.4395833333333333 0.9708333333333333 0.4391203703703704 0.9721354166666667 0.4391203703703704 0.9736979166666667 0.43819444444444444 0.975 0.43819444444444444 0.9765625 0.4372685185185185 0.9783854166666667 0.43680555555555556 0.9786458333333333 0.4363425925925926 0.9799479166666667 0.4363425925925926 0.9802083333333333 0.4358796296296296 0.9825520833333333 0.4354166666666667 0.9838541666666667 0.43449074074074073 0.98515625 0.43449074074074073 0.9864583333333333 0.4335648148148148 0.9875 0.4335648148148148 0.9888020833333333 0.4326388888888889 0.9901041666666667 0.4321759259259259 0.99140625 0.4321759259259259 0.9927083333333333 0.43125 0.9940104166666667 0.430787037037037 0.9955729166666667 0.430787037037037 0.9958333333333333 0.4303240740740741 0.99765625 0.4303240740740741 0.9979166666666667 0.42986111111111114 0.9997395833333333 0.42986111111111114
