6 0.21041666666666667 0.1417824074074074 0.22526041666666669 0.2835648148148148 0.2772135416666667 0.0 0.2772135416666667 0.0023148148148148147 0.27890625 0.004398148148148148 0.28020833333333334 0.005324074074074074 0.2813802083333333 0.007407407407407408 0.282421875 0.011574074074074073 0.282421875 0.012962962962962963 0.28294270833333335 0.014351851851851852 0.283203125 0.016666666666666666 0.2852864583333333 0.020370370370370372 0.2858072916666667 0.02175925925925926 0.28658854166666664 0.02546296296296296 0.28736979166666665 0.027314814814814816 0.288671875 0.02962962962962963 0.288671875 0.03009259259259259 0.28997395833333334 0.032407407407407406 0.29075520833333335 0.03518518518518519 0.29127604166666665 0.038425925925925926 0.2928385416666667 0.0412037037037037 0.2936197916666667 0.04351851851851852 0.2936197916666667 0.044444444444444446 0.29440104166666664 0.04675925925925926 0.294921875 0.049074074074074076 0.296484375 0.05416666666666667 0.297265625 0.058333333333333334 0.297265625 0.059722222222222225 0.29908854166666665 0.06712962962962964 0.3001302083333333 0.06944444444444445 0.3014322916666667 0.07453703703703704 0.301953125 0.07777777777777778 0.30247395833333335 0.07916666666666666 0.3048177083333333 0.08333333333333333 0.30559895833333334 0.08518518518518518 0.306640625 0.08935185185185185 0.30768229166666666 0.0912037037037037 0.3092447916666667 0.09490740740740741 0.309765625 0.09722222222222222 0.3123697916666667 0.10555555555555556 0.3123697916666667 0.10648148148148148 0.313671875 0.11018518518518519 0.31471354166666665 0.11527777777777778 0.3157552083333333 0.11851851851851852 0.3162760416666667 0.12175925925925926 0.317578125 0.1259259259259259 0.31809895833333335 0.12824074074074074 0.318359375 0.13194444444444445 0.3196614583333333 0.1375 0.3201822916666667 0.13842592592592592 0.321484375 0.14351851851851852 0.321484375 0.14583333333333334 0.32174479166666664 0.14629629629629629 0.32174479166666664 0.1486111111111111 0.322265625 0.15138888888888888 0.32252604166666665 0.15462962962962962 0.32278645833333336 0.1550925925925926 0.32278645833333336 0.1574074074074074 0.323046875 0.15787037037037038 0.323046875 0.16574074074074074 0.32252604166666665 0.1685185185185185 0.32252604166666665 0.17592592592592593 0.322265625 0.17777777777777778 0.32122395833333334 0.18101851851851852 0.32122395833333334 0.18194444444444444 0.318359375 0.1912037037037037 0.31419270833333335 0.1986111111111111 0.31419270833333335 0.19907407407407407 0.3123697916666667 0.2023148148148148 0.31158854166666666 0.20462962962962963 0.3106770833333333 0.20625 0.30911458333333336 0.2076388888888889 0.30703125 0.2099537037037037 0.30625 0.21041666666666667 0.3046875 0.21319444444444444 0.30442708333333335 0.21319444444444444 0.303125 0.21550925925925926 0.3020833333333333 0.21643518518518517 0.30078125 0.21828703703703703 0.29791666666666666 0.22060185185185185 0.29713541666666665 0.22152777777777777 0.2953125 0.22291666666666668 0.2947916666666667 0.2238425925925926 0.29296875 0.22523148148148148 0.29244791666666664 0.22615740740740742 0.2911458333333333 0.22708333333333333 0.28958333333333336 0.22893518518518519 0.2890625 0.22893518518518519 0.2877604166666667 0.23032407407407407 0.2864583333333333 0.23078703703703704 0.28567708333333336 0.23171296296296295 0.2828125 0.23310185185185187 0.28020833333333334 0.2349537037037037 0.2796875 0.2349537037037037 0.27708333333333335 0.23680555555555555 0.27630208333333334 0.23680555555555555 0.2752604166666667 0.2377314814814815 0.27291666666666664 0.2386574074074074 0.2708333333333333 0.24050925925925926 0.26901041666666664 0.2414351851851852 0.2682291666666667 0.2423611111111111 0.26640625 0.24328703703703702 0.265625 0.24421296296296297 0.26223958333333336 0.24606481481481482 0.26119791666666664 0.24699074074074073 0.2591145833333333 0.24791666666666667 0.2578125 0.2488425925925926 0.2565104166666667 0.2502314814814815 0.25494791666666666 0.25069444444444444 0.25390625 0.2516203703703704 0.25104166666666666 0.25300925925925927 0.24921875 0.25439814814814815 0.24557291666666667 0.25763888888888886 0.24244791666666668 0.2599537037037037 0.23958333333333334 0.26134259259259257 0.23776041666666667 0.26273148148148145 0.23671875 0.26273148148148145 0.23567708333333334 0.2636574074074074 0.23489583333333333 0.2636574074074074 0.23385416666666667 0.26458333333333334 0.23177083333333334 0.2655092592592593 0.22942708333333334 0.26689814814814816 0.228125 0.26828703703703705 0.22369791666666666 0.27199074074074076 0.22291666666666668 0.27199074074074076 0.22109375 0.27337962962962964 0.22005208333333334 0.27337962962962964 0.21588541666666666 0.27569444444444446 0.21484375 0.27662037037037035 0.2140625 0.27662037037037035 0.2125 0.2775462962962963 0.209375 0.2798611111111111 0.20494791666666667 0.28171296296296294 0.20026041666666666 0.28171296296296294 0.2 0.28217592592592594 0.19817708333333334 0.28217592592592594 0.19791666666666666 0.2826388888888889 0.19270833333333334 0.2826388888888889 0.19244791666666666 0.2831018518518518 0.190625 0.2831018518518518 0.19036458333333334 0.2835648148148148 0.18880208333333334 0.2835648148148148 0.18776041666666668 0.2831018518518518 0.18541666666666667 0.28125 0.184375 0.2798611111111111 0.178515625 0.26944444444444443 0.178515625 0.2689814814814815 0.17682291666666666 0.2659722222222222 0.17526041666666667 0.2655092592592593 0.175 0.2650462962962963 0.17135416666666667 0.2650462962962963 0.17109375 0.26458333333333334 0.16822916666666668 0.26458333333333334 0.16796875 0.2641203703703704 0.16666666666666666 0.2641203703703704 0.16640625 0.2636574074074074 0.16510416666666666 0.2636574074074074 0.16354166666666667 0.26273148148148145 0.1625 0.26087962962962963 0.15963541666666667 0.2585648148148148 0.15833333333333333 0.25810185185185186 0.15755208333333334 0.2571759259259259 0.15533854166666666 0.25324074074074077 0.15403645833333332 0.2490740740740741 0.15377604166666667 0.24675925925925926 0.15325520833333334 0.24537037037037038 0.15169270833333334 0.24259259259259258 0.151171875 0.24074074074074073 0.149609375 0.23703703703703705 0.148828125 0.23472222222222222 0.148828125 0.2337962962962963 0.14752604166666666 0.23055555555555557 0.14622395833333332 0.22546296296296298 0.14466145833333333 0.22268518518518518 0.144140625 0.21944444444444444 0.14231770833333332 0.21435185185185185 0.14205729166666667 0.21296296296296297 0.14075520833333333 0.21064814814814814 0.139453125 0.2074074074074074 0.139453125 0.2064814814814815 0.138671875 0.20416666666666666 0.138671875 0.20324074074074075 0.137890625 0.20046296296296295 0.13736979166666666 0.19953703703703704 0.13606770833333334 0.19537037037037036 0.13502604166666668 0.1925925925925926 0.134765625 0.1912037037037037 0.133203125 0.1884259259259259 0.131640625 0.1837962962962963 0.131640625 0.18287037037037038 0.130859375 0.18055555555555555 0.13033854166666667 0.17777777777777778 0.12825520833333334 0.17314814814814813 0.12721354166666668 0.16898148148148148 0.12486979166666666 0.16342592592592592 0.124609375 0.16203703703703703 0.123828125 0.16018518518518518 0.12356770833333333 0.15787037037037038 0.12278645833333333 0.1550925925925926 0.121484375 0.1527777777777778 0.12044270833333333 0.15 0.11888020833333333 0.14305555555555555 0.11705729166666666 0.1398148148148148 0.116015625 0.13657407407407407 0.11575520833333333 0.13425925925925927 0.115234375 0.13194444444444445 0.11393229166666667 0.12777777777777777 0.112890625 0.1259259259259259 0.11184895833333333 0.12222222222222222 0.11106770833333333 0.11851851851851852 0.11002604166666667 0.1162037037037037 0.10924479166666666 0.11388888888888889 0.10716145833333333 0.10694444444444444 0.10690104166666667 0.10324074074074074 0.105859375 0.09907407407407408 0.105078125 0.09722222222222222 0.102734375 0.09305555555555556 0.10169270833333334 0.08981481481481482 0.10065104166666666 0.08425925925925926 0.09856770833333334 0.07731481481481481 0.09778645833333334 0.07222222222222222 0.09778645833333334 0.06759259259259259 0.098046875 0.06712962962962964 0.098046875 0.06435185185185185 0.09856770833333334 0.0625 0.099609375 0.05740740740740741 0.10091145833333333 0.05416666666666667 0.10169270833333334 0.05092592592592592 0.10221354166666667 0.04953703703703704 0.104296875 0.04583333333333333 0.105078125 0.04351851851851852 0.10651041666666666 0.04097222222222222 0.10677083333333333 0.04097222222222222 0.10846354166666666 0.03796296296296296 0.10924479166666666 0.03564814814814815 0.11145833333333334 0.031712962962962964 0.11171875 0.031712962962962964 0.11354166666666667 0.02847222222222222 0.115625 0.026157407407407407 0.11627604166666666 0.024537037037037038 0.11875 0.02013888888888889 0.12057291666666667 0.018287037037037036 0.121875 0.01597222222222222 0.12317708333333334 0.014583333333333334 0.12447916666666667 0.01273148148148148 0.12630208333333334 0.00949074074074074 0.1265625 0.00949074074074074 0.128125 0.006712962962962963 0.12994791666666666 0.004861111111111111 0.13229166666666667 0.003935185185185185 0.13359375 0.0025462962962962965 0.13424479166666667 0.0023148148148148147 0.13424479166666667 0.0
3 0.36054687500000004 0.35578703703703707 0.1671875 0.23518518518518522 0.4080729166666667 0.47337962962962965 0.4036458333333333 0.47337962962962965 0.40234375 0.4724537037037037 0.4005208333333333 0.47199074074074077 0.39947916666666666 0.4710648148148148 0.39765625 0.4706018518518518 0.3966145833333333 0.46967592592592594 0.39427083333333335 0.46967592592592594 0.39401041666666664 0.46921296296296294 0.3924479166666667 0.46921296296296294 0.39010416666666664 0.4673611111111111 0.38645833333333335 0.4664351851851852 0.38307291666666665 0.46458333333333335 0.3807291666666667 0.46412037037037035 0.37838541666666664 0.46273148148148147 0.37734375 0.46273148148148147 0.375 0.4613425925925926 0.37395833333333334 0.46041666666666664 0.37265625 0.4599537037037037 0.37135416666666665 0.4599537037037037 0.37109375 0.45949074074074076 0.36953125 0.45949074074074076 0.36822916666666666 0.45902777777777776 0.36692708333333335 0.45810185185185187 0.36328125 0.45717592592592593 0.3619791666666667 0.45625 0.35963541666666665 0.45578703703703705 0.35833333333333334 0.4548611111111111 0.3575520833333333 0.4548611111111111 0.35625 0.45393518518518516 0.353125 0.4530092592592593 0.3515625 0.45208333333333334 0.34921875 0.4516203703703704 0.34791666666666665 0.45069444444444445 0.34713541666666664 0.45069444444444445 0.3450520833333333 0.44930555555555557 0.34375 0.44930555555555557 0.34348958333333335 0.44884259259259257 0.3419270833333333 0.44884259259259257 0.3416666666666667 0.44837962962962963 0.33984375 0.4479166666666667 0.3380208333333333 0.4465277777777778 0.3372395833333333 0.4465277777777778 0.3359375 0.44560185185185186 0.33359375 0.44513888888888886 0.33229166666666665 0.444212962962963 0.33125 0.444212962962963 0.3299479166666667 0.44328703703703703 0.32864583333333336 0.4428240740740741 0.32734375 0.4428240740740741 0.32578125 0.44189814814814815 0.32473958333333336 0.44189814814814815 0.3234375 0.4409722222222222 0.32265625 0.4409722222222222 0.3216145833333333 0.44004629629629627 0.318359375 0.43425925925925923 0.318359375 0.4337962962962963 0.3170572916666667 0.43148148148148147 0.31549479166666666 0.4273148148148148 0.31497395833333336 0.425 0.3138020833333333 0.42291666666666666 0.31354166666666666 0.42291666666666666 0.3123697916666667 0.42083333333333334 0.31158854166666666 0.41805555555555557 0.31106770833333336 0.41712962962962963 0.31028645833333335 0.41388888888888886 0.309765625 0.4125 0.3079427083333333 0.40879629629629627 0.307421875 0.4064814814814815 0.306640625 0.4041666666666667 0.305078125 0.4009259259259259 0.305078125 0.40046296296296297 0.30325520833333336 0.3958333333333333 0.30325520833333336 0.39537037037037037 0.30169270833333334 0.3925925925925926 0.3009114583333333 0.3902777777777778 0.299609375 0.38796296296296295 0.298828125 0.3861111111111111 0.298046875 0.38333333333333336 0.298046875 0.3824074074074074 0.29596354166666666 0.3768518518518518 0.29440104166666664 0.37407407407407406 0.293359375 0.37083333333333335 0.29205729166666666 0.3685185185185185 0.28997395833333334 0.36342592592592593 0.2889322916666667 0.36157407407407405 0.28763020833333336 0.3574074074074074 0.285546875 0.3523148148148148 0.2845052083333333 0.3486111111111111 0.28372395833333336 0.34675925925925927 0.281640625 0.34305555555555556 0.280078125 0.3388888888888889 0.27955729166666665 0.3365740740740741 0.278515625 0.3337962962962963 0.277734375 0.33240740740740743 0.276953125 0.3300925925925926 0.276953125 0.32592592592592595 0.2772135416666667 0.3236111111111111 0.277734375 0.32175925925925924 0.2828125 0.3127314814814815 0.2830729166666667 0.3127314814814815 0.2852864583333333 0.3087962962962963 0.286328125 0.3060185185185185 0.287890625 0.30324074074074076 0.287890625 0.30277777777777776 0.2890625 0.30069444444444443 0.2903645833333333 0.2988425925925926 0.29140625 0.29791666666666666 0.2928385416666667 0.2953703703703704 0.2936197916666667 0.29305555555555557 0.2953125 0.2900462962962963 0.2955729166666667 0.2900462962962963 0.3006510416666667 0.2810185185185185 0.301953125 0.2773148148148148 0.30442708333333335 0.27291666666666664 0.30546875 0.27152777777777776 0.3072916666666667 0.26967592592592593 0.308203125 0.26805555555555555 0.3087239583333333 0.2662037037037037 0.311328125 0.26157407407407407 0.3126302083333333 0.25787037037037036 0.3171875 0.24976851851851853 0.31744791666666666 0.24976851851851853 0.31861979166666665 0.24768518518518517 0.31861979166666665 0.24722222222222223 0.32005208333333335 0.24421296296296297 0.32135416666666666 0.2423611111111111 0.32395833333333335 0.24050925925925926 0.32447916666666665 0.23958333333333334 0.3263020833333333 0.23819444444444443 0.32760416666666664 0.23819444444444443 0.32786458333333335 0.2386574074074074 0.33098958333333334 0.2386574074074074 0.33125 0.23912037037037037 0.33307291666666666 0.23912037037037037 0.3333333333333333 0.23958333333333334 0.33489583333333334 0.23958333333333334 0.33515625 0.24004629629629629 0.33645833333333336 0.24004629629629629 0.33671875 0.24050925925925926 0.3385416666666667 0.24050925925925926 0.33880208333333334 0.24097222222222223 0.34140625 0.24097222222222223 0.3416666666666667 0.2414351851851852 0.34453125 0.2414351851851852 0.34479166666666666 0.24189814814814814 0.346875 0.24189814814814814 0.34713541666666664 0.2423611111111111 0.3484375 0.2423611111111111 0.34869791666666666 0.24282407407407408 0.35052083333333334 0.24282407407407408 0.35078125 0.24328703703703702 0.3528645833333333 0.24328703703703702 0.353125 0.24375 0.35520833333333335 0.24375 0.35546875 0.24421296296296297 0.3567708333333333 0.24421296296296297 0.35703125 0.24467592592592594 0.36015625 0.24467592592592594 0.36041666666666666 0.24513888888888888 0.3640625 0.24513888888888888 0.36432291666666666 0.24560185185185185 0.36640625 0.24560185185185185 0.36666666666666664 0.24606481481481482 0.36875 0.24606481481481482 0.3690104166666667 0.2465277777777778 0.37083333333333335 0.2465277777777778 0.37109375 0.24699074074074073 0.3729166666666667 0.24699074074074073 0.37421875 0.24791666666666667 0.37552083333333336 0.24837962962962962 0.3768229166666667 0.24837962962962962 0.3770833333333333 0.2488425925925926 0.3802083333333333 0.2488425925925926 0.38046875 0.24930555555555556 0.3828125 0.24976851851851853 0.3841145833333333 0.25069444444444444 0.3859375 0.25069444444444444 0.38619791666666664 0.2511574074074074 0.38828125 0.2511574074074074 0.3885416666666667 0.2516203703703704 0.3919270833333333 0.2516203703703704 0.39479166666666665 0.25300925925925927 0.39609375 0.25300925925925927 0.3963541666666667 0.2534722222222222 0.39791666666666664 0.2534722222222222 0.39817708333333335 0.2539351851851852 0.4002604166666667 0.2539351851851852 0.4005208333333333 0.25439814814814815 0.4046875 0.25439814814814815 0.4049479166666667 0.2548611111111111 0.4078125 0.2548611111111111 0.4080729166666667 0.2553240740740741 0.40963541666666664 0.2553240740740741 0.40989583333333335 0.25578703703703703 0.4114583333333333 0.25578703703703703 0.41171875 0.25625 0.4140625 0.25625 0.41432291666666665 0.256712962962963 0.4158854166666667 0.256712962962963 0.41692708333333334 0.2571759259259259 0.41848958333333336 0.2585648148148148 0.41940104166666664 0.26064814814814813 0.41966145833333335 0.26342592592592595 0.42018229166666665 0.2657407407407407 0.42018229166666665 0.2675925925925926 0.420703125 0.27037037037037037 0.420703125 0.27314814814814814 0.42096354166666666 0.27361111111111114 0.4220052083333333 0.27870370370370373 0.4225260416666667 0.2800925925925926 0.423046875 0.28425925925925927 0.423828125 0.28703703703703703 0.42408854166666665 0.28935185185185186 0.42486979166666666 0.2916666666666667 0.425390625 0.29398148148148145 0.4265625 0.29606481481481484 0.4276041666666667 0.2969907407407407 0.42877604166666666 0.29907407407407405 0.4295572916666667 0.30324074074074076 0.4295572916666667 0.3050925925925926 0.430078125 0.3074074074074074 0.430078125 0.30925925925925923 0.43059895833333334 0.31203703703703706 0.430859375 0.3148148148148148 0.43138020833333335 0.3162037037037037 0.432421875 0.32037037037037036 0.4329427083333333 0.3212962962962963 0.4342447916666667 0.3263888888888889 0.434765625 0.32916666666666666 0.435546875 0.3347222222222222 0.43606770833333336 0.33611111111111114 0.4368489583333333 0.34120370370370373 0.437890625 0.34629629629629627 0.439453125 0.35185185185185186 0.43997395833333336 0.35324074074074074 0.4407552083333333 0.3578703703703704 0.4407552083333333 0.3597222222222222 0.4415364583333333 0.3638888888888889 0.4420572916666667 0.36574074074074076 0.442578125 0.3699074074074074 0.443359375 0.37407407407407406 0.44388020833333336 0.37546296296296294 0.444140625 0.3773148148148148 0.444140625 0.38287037037037036 0.44361979166666665 0.38564814814814813 0.442578125 0.3875 0.4420572916666667 0.38935185185185184 0.4412760416666667 0.3907407407407407 0.441015625 0.3921296296296296 0.43919270833333335 0.3962962962962963 0.43919270833333335 0.39675925925925926 0.437890625 0.3990740740740741 0.437109375 0.4013888888888889 0.43528645833333335 0.40555555555555556 0.43502604166666664 0.40694444444444444 0.433984375 0.40925925925925927 0.433203125 0.4115740740740741 0.43111979166666664 0.4162037037037037 0.43111979166666664 0.4166666666666667 0.4298177083333333 0.41944444444444445 0.4290364583333333 0.42268518518518516 0.42799479166666665 0.425462962962963 0.42486979166666666 0.4310185185185185 0.423828125 0.43333333333333335 0.42330729166666664 0.4351851851851852 0.42278645833333334 0.4388888888888889 0.42096354166666666 0.4439814814814815 0.42096354166666666 0.4444444444444444 0.41940104166666664 0.44814814814814813 0.41888020833333334 0.45046296296296295 0.418359375 0.4513888888888889 0.4178385416666667 0.4537037037037037 0.41549479166666664 0.4587962962962963 0.414453125 0.4625 0.4139322916666667 0.4634259259259259 0.412890625 0.4666666666666667 0.41015625 0.47152777777777777 0.4080729166666667 0.47337962962962965
2 0.48164062500000004 0.6152777777777778 0.03437499999999999 0.06342592592592589 0.48333333333333334 0.6469907407407407 0.4786458333333333 0.6469907407407407 0.47734375 0.6465277777777778 0.47578125 0.6451388888888889 0.4747395833333333 0.6446759259259259 0.4734375 0.643287037037037 0.47265625 0.6418981481481482 0.47161458333333334 0.6409722222222223 0.47018229166666664 0.638425925925926 0.46966145833333334 0.6370370370370371 0.46783854166666666 0.6300925925925925 0.46627604166666664 0.625 0.46575520833333334 0.6226851851851852 0.4649739583333333 0.6171296296296296 0.4647135416666667 0.6166666666666667 0.4647135416666667 0.6138888888888889 0.464453125 0.6134259259259259 0.4647135416666667 0.611574074074074 0.4647135416666667 0.6064814814814815 0.465234375 0.6050925925925926 0.4654947916666667 0.6027777777777777 0.466015625 0.6013888888888889 0.466796875 0.5981481481481481 0.46731770833333336 0.5967592592592592 0.4713541666666667 0.5895833333333333 0.47291666666666665 0.5881944444444445 0.4734375 0.5872685185185185 0.475 0.5863425925925926 0.47578125 0.5854166666666667 0.4786458333333333 0.5844907407407407 0.47890625 0.5840277777777778 0.48046875 0.5840277777777778 0.48072916666666665 0.5835648148148148 0.48359375 0.5835648148148148 0.48385416666666664 0.5840277777777778 0.48541666666666666 0.5840277777777778 0.4856770833333333 0.5844907407407407 0.48854166666666665 0.5858796296296296 0.48984375 0.5877314814814815 0.490625 0.5881944444444445 0.49361979166666664 0.5935185185185186 0.49440104166666665 0.5962962962962963 0.494921875 0.5972222222222222 0.4954427083333333 0.5995370370370371 0.496484375 0.6027777777777777 0.496484375 0.6037037037037037 0.49752604166666664 0.6069444444444444 0.49752604166666664 0.6078703703703704 0.49830729166666665 0.612037037037037 0.49856770833333336 0.6125 0.49856770833333336 0.6148148148148148 0.498828125 0.6152777777777778 0.498828125 0.6222222222222222 0.49856770833333336 0.624537037037037 0.498046875 0.6259259259259259 0.49752604166666664 0.6291666666666667 0.4959635416666667 0.6342592592592593 0.49375 0.6381944444444444 0.49140625 0.6409722222222223 0.490625 0.6423611111111112 0.48932291666666666 0.643287037037037 0.48802083333333335 0.6446759259259259 0.4875 0.6446759259259259 0.4859375 0.6460648148148148 0.48489583333333336 0.6465277777777778 0.48359375 0.6465277777777778 0.48333333333333334 0.6469907407407407
2 0.5264322916666666 0.6743055555555555 0.03593750000000007 0.06944444444444453 0.5294270833333333 0.7090277777777778 0.52421875 0.7090277777777778 0.5229166666666667 0.7081018518518518 0.52109375 0.7076388888888889 0.5171875 0.7039351851851852 0.5158854166666667 0.7020833333333333 0.513671875 0.6981481481481482 0.512109375 0.6939814814814815 0.512109375 0.6930555555555555 0.511328125 0.6907407407407408 0.510546875 0.6856481481481481 0.5100260416666667 0.6842592592592592 0.5095052083333333 0.6814814814814815 0.508984375 0.6768518518518518 0.5087239583333333 0.6763888888888889 0.5087239583333333 0.6726851851851852 0.5084635416666666 0.6722222222222223 0.5084635416666666 0.6680555555555555 0.5087239583333333 0.6675925925925926 0.5087239583333333 0.6643518518518519 0.508984375 0.6638888888888889 0.508984375 0.6615740740740741 0.509765625 0.6587962962962963 0.509765625 0.6574074074074074 0.5102864583333333 0.6555555555555556 0.5123697916666666 0.6518518518518519 0.5123697916666666 0.6513888888888889 0.5135416666666667 0.6493055555555556 0.5169270833333334 0.6446759259259259 0.5182291666666666 0.643287037037037 0.51875 0.643287037037037 0.5197916666666667 0.6418981481481482 0.5221354166666666 0.6405092592592593 0.5234375 0.6400462962962963 0.5247395833333334 0.6400462962962963 0.525 0.6395833333333333 0.5268229166666667 0.6395833333333333 0.5270833333333333 0.6400462962962963 0.5291666666666667 0.6400462962962963 0.53046875 0.6414351851851852 0.5333333333333333 0.642824074074074 0.5354166666666667 0.6446759259259259 0.5397135416666666 0.6523148148148148 0.5407552083333333 0.6564814814814814 0.5415364583333333 0.6587962962962963 0.5428385416666667 0.6657407407407407 0.5428385416666667 0.6671296296296296 0.5436197916666666 0.6703703703703704 0.5436197916666666 0.6722222222222223 0.544140625 0.674537037037037 0.544140625 0.6773148148148148 0.5444010416666667 0.6777777777777778 0.5444010416666667 0.6833333333333333 0.544140625 0.6837962962962963 0.544140625 0.6861111111111111 0.5438802083333333 0.6865740740740741 0.543359375 0.6907407407407408 0.542578125 0.6935185185185185 0.5415364583333333 0.6962962962962963 0.5372395833333333 0.7039351851851852 0.5338541666666666 0.7067129629629629 0.5307291666666667 0.7081018518518518 0.5294270833333333 0.7090277777777778
2 0.4920572916666667 0.7692129629629629 0.0390625 0.07777777777777783 0.4979166666666667 0.8081018518518519 0.49375 0.8081018518518519 0.4921875 0.8071759259259259 0.4908854166666667 0.8071759259259259 0.4895833333333333 0.8067129629629629 0.48802083333333335 0.805324074074074 0.48671875 0.8048611111111111 0.4817708333333333 0.8002314814814815 0.47955729166666666 0.7962962962962963 0.477734375 0.7912037037037037 0.4772135416666667 0.7888888888888889 0.476171875 0.7861111111111111 0.47565104166666666 0.7837962962962963 0.474609375 0.7810185185185186 0.47408854166666664 0.7787037037037037 0.473828125 0.7763888888888889 0.4733072916666667 0.775 0.4733072916666667 0.7736111111111111 0.4727864583333333 0.7712962962962963 0.4727864583333333 0.7689814814814815 0.4725260416666667 0.7685185185185185 0.4725260416666667 0.7597222222222222 0.4727864583333333 0.7578703703703704 0.47356770833333334 0.7546296296296297 0.473828125 0.7523148148148148 0.47513020833333336 0.7476851851851852 0.476171875 0.7449074074074075 0.476953125 0.7435185185185185 0.477734375 0.7412037037037037 0.47890625 0.7391203703703704 0.48098958333333336 0.7368055555555556 0.4817708333333333 0.7354166666666667 0.48333333333333334 0.7340277777777777 0.48463541666666665 0.7335648148148148 0.4859375 0.732175925925926 0.4875 0.731712962962963 0.48854166666666665 0.7307870370370371 0.48984375 0.7303240740740741 0.49166666666666664 0.7303240740740741 0.49192708333333335 0.7307870370370371 0.4942708333333333 0.7307870370370371 0.49453125 0.73125 0.49635416666666665 0.731712962962963 0.49947916666666664 0.7335648148148148 0.5013020833333334 0.7354166666666667 0.5028645833333333 0.7381944444444445 0.503125 0.7381944444444445 0.5045572916666666 0.7407407407407407 0.5084635416666666 0.7518518518518519 0.508984375 0.7541666666666667 0.509765625 0.7564814814814815 0.5108072916666667 0.7611111111111111 0.5108072916666667 0.7625 0.511328125 0.7648148148148148 0.511328125 0.7671296296296296 0.5115885416666667 0.7675925925925926 0.5115885416666667 0.774074074074074 0.511328125 0.774537037037037 0.511328125 0.7768518518518519 0.5110677083333334 0.7791666666666667 0.510546875 0.7814814814814814 0.5100260416666667 0.7856481481481481 0.5084635416666666 0.7921296296296296 0.506640625 0.7958333333333333 0.5063802083333333 0.7972222222222223 0.5049479166666667 0.8002314814814815 0.5036458333333333 0.8016203703703704 0.5015625 0.805324074074074 0.50078125 0.805787037037037 0.49895833333333334 0.8076388888888889 0.4979166666666667 0.8081018518518519
2 0.5649739583333333 0.6585648148148149 0.03541666666666665 0.0703703703703703 0.5653645833333333 0.69375 0.56328125 0.69375 0.5630208333333333 0.6932870370370371 0.5609375 0.6932870370370371 0.56015625 0.6928240740740741 0.5552083333333333 0.6881944444444444 0.5524739583333333 0.6833333333333333 0.5514322916666666 0.6810185185185185 0.5506510416666667 0.6782407407407407 0.5501302083333334 0.6773148148148148 0.549609375 0.6736111111111112 0.548828125 0.6703703703703704 0.5485677083333333 0.6666666666666666 0.5483072916666667 0.6662037037037037 0.548046875 0.662962962962963 0.5475260416666666 0.6606481481481481 0.547265625 0.6583333333333333 0.547265625 0.649074074074074 0.5475260416666666 0.6467592592592593 0.5483072916666667 0.6421296296296296 0.548828125 0.6407407407407407 0.5501302083333334 0.6361111111111111 0.5509114583333333 0.6342592592592593 0.5526041666666667 0.63125 0.5541666666666667 0.6298611111111111 0.55546875 0.6280092592592592 0.5572916666666666 0.6266203703703703 0.55859375 0.6252314814814814 0.5609375 0.6238425925925926 0.5627604166666667 0.6238425925925926 0.5630208333333333 0.6233796296296297 0.5651041666666666 0.6233796296296297 0.5653645833333333 0.6238425925925926 0.5669270833333333 0.6238425925925926 0.5682291666666667 0.6243055555555556 0.5697916666666667 0.6256944444444444 0.5703125 0.6256944444444444 0.5734375 0.6280092592592592 0.5752604166666667 0.6307870370370371 0.5755208333333334 0.6307870370370371 0.578515625 0.6361111111111111 0.5787760416666666 0.6375 0.580078125 0.6412037037037037 0.580859375 0.6439814814814815 0.5811197916666667 0.6462962962962963 0.5819010416666667 0.65 0.5819010416666667 0.6523148148148148 0.582421875 0.6550925925925926 0.582421875 0.6578703703703703 0.5826822916666666 0.6583333333333333 0.5826822916666666 0.6708333333333333 0.582421875 0.6712962962962963 0.5819010416666667 0.675 0.580859375 0.6787037037037037 0.5795572916666667 0.6819444444444445 0.5765625 0.6872685185185186 0.5755208333333334 0.6886574074074074 0.5736979166666667 0.6900462962962963 0.5729166666666666 0.6909722222222222 0.5692708333333333 0.6928240740740741 0.56796875 0.6928240740740741 0.5677083333333334 0.6932870370370371 0.565625 0.6932870370370371 0.5653645833333333 0.69375
1 0.5565104166666667 0.5962962962962963 0.030468750000000044 0.05601851851851847 0.5559895833333334 0.6243055555555556 0.5557291666666667 0.6238425925925926 0.55390625 0.6238425925925926 0.5528645833333333 0.6233796296296297 0.5513020833333333 0.6219907407407408 0.5481770833333334 0.6201388888888889 0.546875 0.617824074074074 0.5466145833333333 0.617824074074074 0.5446614583333333 0.6134259259259259 0.543359375 0.6097222222222223 0.543359375 0.6087962962962963 0.5423177083333334 0.6027777777777777 0.541796875 0.600925925925926 0.5415364583333333 0.5986111111111111 0.5415364583333333 0.5962962962962963 0.5412760416666667 0.5958333333333333 0.5412760416666667 0.5893518518518519 0.5415364583333333 0.5888888888888889 0.5415364583333333 0.5861111111111111 0.5423177083333334 0.5833333333333334 0.5423177083333334 0.5824074074074074 0.5430989583333333 0.5800925925925926 0.5444010416666667 0.5777777777777777 0.5444010416666667 0.5773148148148148 0.54609375 0.5743055555555555 0.5484375 0.5715277777777777 0.55 0.5701388888888889 0.5505208333333333 0.5701388888888889 0.5520833333333334 0.56875 0.5533854166666666 0.56875 0.5536458333333333 0.5682870370370371 0.5596354166666667 0.5682870370370371 0.5609375 0.56875 0.5630208333333333 0.5706018518518519 0.5645833333333333 0.5715277777777777 0.5651041666666666 0.5724537037037037 0.56640625 0.5733796296296296 0.568359375 0.5768518518518518 0.569921875 0.5810185185185185 0.5709635416666666 0.5851851851851851 0.5712239583333333 0.5875 0.5712239583333333 0.5898148148148148 0.571484375 0.5902777777777778 0.571484375 0.5925925925925926 0.5717447916666667 0.5930555555555556 0.5717447916666667 0.6027777777777777 0.571484375 0.6032407407407407 0.571484375 0.6055555555555555 0.5712239583333333 0.6078703703703704 0.5694010416666667 0.6134259259259259 0.5671875 0.6168981481481481 0.5669270833333333 0.6168981481481481 0.5643229166666667 0.6206018518518519 0.56328125 0.6210648148148148 0.56171875 0.6224537037037037 0.5606770833333333 0.6229166666666667 0.559375 0.6229166666666667 0.5578125 0.6238425925925926 0.55625 0.6238425925925926 0.5559895833333334 0.6243055555555556
1 0.48880208333333336 0.6949074074074074 0.03255208333333337 0.06064814814814823 0.48984375 0.7252314814814815 0.48880208333333336 0.7247685185185185 0.48671875 0.7247685185185185 0.48541666666666666 0.7243055555555555 0.48463541666666665 0.7233796296296297 0.4825520833333333 0.7224537037037037 0.48151041666666666 0.7215277777777778 0.4791666666666667 0.71875 0.47747395833333334 0.7157407407407408 0.47747395833333334 0.7152777777777778 0.476171875 0.7125 0.47565104166666666 0.7101851851851851 0.47513020833333336 0.7092592592592593 0.473828125 0.7046296296296296 0.47356770833333334 0.7023148148148148 0.4727864583333333 0.6995370370370371 0.4725260416666667 0.6976851851851852 0.4725260416666667 0.6893518518518519 0.4727864583333333 0.687037037037037 0.473828125 0.6814814814814815 0.47434895833333335 0.6805555555555556 0.475390625 0.6768518518518518 0.4766927083333333 0.674537037037037 0.4766927083333333 0.674074074074074 0.4786458333333333 0.6706018518518518 0.48020833333333335 0.66875 0.48151041666666666 0.6678240740740741 0.4828125 0.6664351851851852 0.484375 0.6659722222222222 0.4856770833333333 0.6650462962962963 0.48723958333333334 0.6650462962962963 0.4875 0.6645833333333333 0.49114583333333334 0.6645833333333333 0.49140625 0.6650462962962963 0.49296875 0.6650462962962963 0.4940104166666667 0.6655092592592593 0.49583333333333335 0.6668981481481482 0.49635416666666665 0.6678240740740741 0.4979166666666667 0.669212962962963 0.499609375 0.6722222222222223 0.499609375 0.6726851851851852 0.5009114583333333 0.6754629629629629 0.501953125 0.6796296296296296 0.5024739583333333 0.6810185185185185 0.503515625 0.6861111111111111 0.5037760416666667 0.6884259259259259 0.504296875 0.6898148148148148 0.5045572916666666 0.6935185185185185 0.5048177083333333 0.6939814814814815 0.5048177083333333 0.6962962962962963 0.505078125 0.6967592592592593 0.505078125 0.6995370370370371 0.5048177083333333 0.7 0.5048177083333333 0.7037037037037037 0.504296875 0.7064814814814815 0.5037760416666667 0.7074074074074074 0.5032552083333334 0.7097222222222223 0.5009114583333333 0.7148148148148148 0.5009114583333333 0.7152777777777778 0.49947916666666664 0.7178240740740741 0.4981770833333333 0.719212962962963 0.49505208333333334 0.7219907407407408 0.4942708333333333 0.7229166666666667 0.4901041666666667 0.7247685185185185 0.48984375 0.7252314814814815
1 0.5358072916666666 0.7608796296296296 0.03489583333333335 0.06759259259259265 0.5388020833333333 0.794675925925926 0.5338541666666666 0.794675925925926 0.5325520833333334 0.794212962962963 0.5307291666666667 0.7928240740740741 0.5302083333333333 0.7928240740740741 0.5286458333333334 0.7914351851851852 0.52734375 0.7895833333333333 0.52578125 0.7881944444444444 0.524609375 0.7861111111111111 0.5240885416666666 0.7842592592592592 0.5233072916666667 0.7828703703703703 0.522265625 0.7800925925925926 0.5212239583333333 0.7754629629629629 0.5204427083333333 0.7731481481481481 0.5201822916666666 0.7708333333333334 0.5196614583333333 0.7694444444444445 0.5194010416666667 0.7666666666666667 0.5188802083333334 0.7648148148148148 0.5188802083333334 0.762962962962963 0.518359375 0.7606481481481482 0.518359375 0.7527777777777778 0.5186197916666667 0.7523148148148148 0.5188802083333334 0.7490740740740741 0.519140625 0.7486111111111111 0.5194010416666667 0.7458333333333333 0.5217447916666667 0.7384259259259259 0.525 0.7326388888888888 0.52578125 0.731712962962963 0.5276041666666667 0.7303240740740741 0.5286458333333334 0.7289351851851852 0.5302083333333333 0.7280092592592593 0.53125 0.7280092592592593 0.5325520833333334 0.7270833333333333 0.5375 0.7270833333333333 0.5416666666666666 0.7289351851851852 0.54375 0.7307870370370371 0.5455729166666666 0.7331018518518518 0.5485677083333333 0.7384259259259259 0.5493489583333333 0.7407407407407407 0.5501302083333334 0.7439814814814815 0.551171875 0.7472222222222222 0.551171875 0.7486111111111111 0.5522135416666667 0.7532407407407408 0.5529947916666667 0.7587962962962963 0.5529947916666667 0.7615740740740741 0.5532552083333333 0.7620370370370371 0.5532552083333333 0.7689814814814815 0.5529947916666667 0.7694444444444445 0.5529947916666667 0.7717592592592593 0.552734375 0.7722222222222223 0.5524739583333333 0.7754629629629629 0.5514322916666666 0.7791666666666667 0.5506510416666667 0.7810185185185186 0.5493489583333333 0.7833333333333333 0.5485677083333333 0.7856481481481481 0.5471354166666667 0.7881944444444444 0.5442708333333334 0.7914351851851852 0.5427083333333333 0.7923611111111111 0.54140625 0.79375 0.5403645833333334 0.794212962962963 0.5390625 0.794212962962963 0.5388020833333333 0.794675925925926
2 0.7627604166666666 0.5513888888888889 0.04192708333333328 0.06620370370370365 0.76640625 0.5844907407407407 0.7609375 0.5844907407407407 0.7606770833333333 0.5840277777777778 0.759375 0.5840277777777778 0.7583333333333333 0.5831018518518518 0.7575520833333333 0.5831018518518518 0.7559895833333333 0.5817129629629629 0.7546875 0.58125 0.7518229166666667 0.5784722222222223 0.7513020833333334 0.5784722222222223 0.74921875 0.5761574074074074 0.7463541666666667 0.5710648148148149 0.74609375 0.5710648148148149 0.743359375 0.5662037037037037 0.742578125 0.562037037037037 0.741796875 0.5592592592592592 0.741796875 0.5523148148148148 0.7428385416666666 0.5486111111111112 0.7428385416666666 0.5476851851851852 0.7436197916666667 0.5453703703703704 0.7438802083333333 0.5435185185185185 0.7444010416666667 0.5425925925925926 0.745703125 0.5375 0.7459635416666667 0.5342592592592592 0.7470052083333333 0.5300925925925926 0.7494791666666667 0.5256944444444445 0.7505208333333333 0.5243055555555556 0.75234375 0.5224537037037037 0.753125 0.5224537037037037 0.7541666666666667 0.5215277777777778 0.7549479166666667 0.5215277777777778 0.7557291666666667 0.5206018518518518 0.7588541666666667 0.51875 0.7658854166666667 0.51875 0.7669270833333334 0.518287037037037 0.7697916666666667 0.5196759259259259 0.77109375 0.5210648148148148 0.7716145833333333 0.5210648148148148 0.7739583333333333 0.5233796296296296 0.775 0.5238425925925926 0.77578125 0.5252314814814815 0.7770833333333333 0.5266203703703703 0.7813802083333333 0.5342592592592592 0.7826822916666667 0.5375 0.783203125 0.5398148148148149 0.783203125 0.5412037037037037 0.7837239583333333 0.5430555555555555 0.7837239583333333 0.5532407407407407 0.783203125 0.5550925925925926 0.7826822916666667 0.5583333333333333 0.7811197916666667 0.5634259259259259 0.780078125 0.5689814814814815 0.779296875 0.5712962962962963 0.7787760416666667 0.5736111111111111 0.7763020833333333 0.5780092592592593 0.7747395833333334 0.5798611111111112 0.7734375 0.580787037037037 0.76875 0.5835648148148148 0.76640625 0.5844907407407407
2 0.86328125 0.4175925925925926 0.04401041666666661 0.06157407407407406 0.8651041666666667 0.44837962962962963 0.8643229166666667 0.4479166666666667 0.8614583333333333 0.4479166666666667 0.8611979166666667 0.4474537037037037 0.8596354166666667 0.4474537037037037 0.859375 0.44699074074074074 0.8580729166666666 0.44699074074074074 0.85390625 0.44513888888888886 0.8526041666666667 0.444212962962963 0.85078125 0.4423611111111111 0.8502604166666666 0.4423611111111111 0.8463541666666666 0.4386574074074074 0.842578125 0.43194444444444446 0.841796875 0.42962962962962964 0.8412760416666667 0.4263888888888889 0.8412760416666667 0.42268518518518516 0.8415364583333333 0.4222222222222222 0.8415364583333333 0.4185185185185185 0.8420572916666667 0.4166666666666667 0.8430989583333334 0.4115740740740741 0.8436197916666667 0.41064814814814815 0.844921875 0.4046296296296296 0.8454427083333333 0.40370370370370373 0.8467447916666667 0.39861111111111114 0.8475260416666667 0.39675925925925926 0.8489583333333334 0.394212962962963 0.8526041666666667 0.3905092592592593 0.8546875 0.38958333333333334 0.85546875 0.3886574074074074 0.8578125 0.3872685185185185 0.86015625 0.3872685185185185 0.8604166666666667 0.38680555555555557 0.8661458333333333 0.38680555555555557 0.86640625 0.3872685185185185 0.8682291666666667 0.3872685185185185 0.86953125 0.38773148148148145 0.8721354166666667 0.38958333333333334 0.8747395833333333 0.3909722222222222 0.8755208333333333 0.3909722222222222 0.8768229166666667 0.39189814814814816 0.8791666666666667 0.394212962962963 0.88203125 0.39791666666666664 0.8837239583333333 0.4009259259259259 0.8837239583333333 0.4013888888888889 0.8850260416666667 0.4050925925925926 0.8852864583333333 0.4064814814814815 0.8852864583333333 0.41388888888888886 0.884765625 0.4166666666666667 0.8837239583333333 0.4203703703703704 0.8834635416666666 0.4222222222222222 0.8821614583333334 0.4263888888888889 0.8819010416666667 0.42777777777777776 0.8805989583333333 0.43194444444444446 0.8805989583333333 0.43287037037037035 0.8795572916666666 0.4361111111111111 0.8787760416666667 0.43796296296296294 0.8776041666666666 0.44004629629629627 0.87578125 0.4423611111111111 0.8744791666666667 0.44328703703703703 0.8734375 0.4446759259259259 0.8721354166666667 0.44560185185185186 0.8700520833333333 0.4465277777777778 0.8690104166666667 0.4474537037037037 0.8677083333333333 0.4474537037037037 0.8674479166666667 0.4479166666666667 0.8653645833333333 0.4479166666666667 0.8651041666666667 0.44837962962962963
2 0.9040364583333333 0.4946759259259259 0.04791666666666661 0.03333333333333338 0.8856770833333333 0.5113425925925926 0.8809895833333333 0.5113425925925926 0.880078125 0.5092592592592593 0.8811197916666667 0.5046296296296297 0.8811197916666667 0.5037037037037037 0.882421875 0.500462962962963 0.8834635416666666 0.4986111111111111 0.883984375 0.49675925925925923 0.886328125 0.49166666666666664 0.8876302083333333 0.487962962962963 0.8895833333333333 0.4844907407407407 0.89140625 0.4826388888888889 0.8942708333333333 0.480787037037037 0.8950520833333333 0.480787037037037 0.89609375 0.4798611111111111 0.8979166666666667 0.47939814814814813 0.8997395833333334 0.47800925925925924 0.9020833333333333 0.47800925925925924 0.90234375 0.47847222222222224 0.9057291666666667 0.47847222222222224 0.9059895833333333 0.4789351851851852 0.90859375 0.4789351851851852 0.91015625 0.4798611111111111 0.9114583333333334 0.4798611111111111 0.9135416666666667 0.48125 0.9143229166666667 0.48125 0.91796875 0.48356481481481484 0.9208333333333333 0.4858796296296296 0.9221354166666667 0.48726851851851855 0.9244791666666666 0.49050925925925926 0.9247395833333333 0.49050925925925926 0.927734375 0.49583333333333335 0.9279947916666667 0.49722222222222223 0.9274739583333333 0.49953703703703706 0.9268229166666667 0.5006944444444444 0.9255208333333333 0.5016203703703703 0.9239583333333333 0.5016203703703703 0.9236979166666667 0.5020833333333333 0.9216145833333333 0.5020833333333333 0.9213541666666667 0.5025462962962963 0.9192708333333334 0.5025462962962963 0.9190104166666667 0.5030092592592592 0.9171875 0.5030092592592592 0.9169270833333333 0.5034722222222222 0.915625 0.5034722222222222 0.9153645833333334 0.5039351851851852 0.9138020833333333 0.5039351851851852 0.9135416666666667 0.5043981481481481 0.91171875 0.5043981481481481 0.9114583333333334 0.5048611111111111 0.9098958333333333 0.5048611111111111 0.9096354166666667 0.5053240740740741 0.9080729166666667 0.5053240740740741 0.9078125 0.5057870370370371 0.90625 0.5057870370370371 0.9059895833333333 0.50625 0.9041666666666667 0.50625 0.90390625 0.506712962962963 0.9020833333333333 0.506712962962963 0.9018229166666667 0.507175925925926 0.9002604166666667 0.507175925925926 0.9 0.5076388888888889 0.8986979166666667 0.5076388888888889 0.8984375 0.5081018518518519 0.8971354166666666 0.5081018518518519 0.896875 0.5085648148148149 0.8953125 0.5085648148148149 0.8950520833333333 0.5090277777777777 0.89375 0.5090277777777777 0.8934895833333333 0.5094907407407407 0.8916666666666667 0.5094907407407407 0.89140625 0.5099537037037037 0.8890625 0.5099537037037037 0.8888020833333333 0.5104166666666666 0.8875 0.5104166666666666 0.8872395833333333 0.5108796296296296 0.8859375 0.5108796296296296 0.8856770833333333 0.5113425925925926
11 0.8323567708333333 0.7043981481481482 0.33476562500000007 0.586111111111111 0.9997395833333333 0.9960648148148148 0.9963541666666667 0.9960648148148148 0.99609375 0.9965277777777778 0.9921875 0.9965277777777778 0.9919270833333333 0.9960648148148148 0.9604166666666667 0.9960648148148148 0.96015625 0.9956018518518519 0.95703125 0.9956018518518519 0.9567708333333333 0.9960648148148148 0.9328125 0.9960648148148148 0.9325520833333333 0.9965277777777778 0.93046875 0.9965277777777778 0.9302083333333333 0.9960648148148148 0.8963541666666667 0.9960648148148148 0.89609375 0.9956018518518519 0.8901041666666667 0.9956018518518519 0.8897135416666667 0.9930555555555556 0.8895833333333333 0.9900462962962963 0.88671875 0.9900462962962963 0.886328125 0.9916666666666667 0.886328125 0.9935185185185185 0.8856770833333333 0.9956018518518519 0.8791666666666667 0.9956018518518519 0.8778645833333333 0.9942129629629629 0.8765625 0.9942129629629629 0.8752604166666667 0.9956018518518519 0.8684895833333334 0.9956018518518519 0.86640625 0.9969907407407408 0.8651041666666667 0.9969907407407408 0.86484375 0.9974537037037037 0.8609375 0.9974537037037037 0.8606770833333334 0.9969907407407408 0.859375 0.9969907407407408 0.8578125 0.9960648148148148 0.8247395833333333 0.9960648148148148 0.8236979166666667 0.9956018518518519 0.8209635416666666 0.9907407407407407 0.819921875 0.987037037037037 0.8196614583333334 0.9837962962962963 0.819140625 0.9814814814814815 0.819140625 0.9796296296296296 0.8186197916666667 0.9773148148148149 0.8186197916666667 0.975925925925926 0.8178385416666667 0.9731481481481481 0.8173177083333333 0.9722222222222222 0.816796875 0.9699074074074074 0.8154947916666667 0.9657407407407408 0.8149739583333333 0.9634259259259259 0.8141927083333333 0.9583333333333334 0.8131510416666666 0.9550925925925926 0.8118489583333334 0.9486111111111111 0.811328125 0.9444444444444444 0.8087239583333333 0.9356481481481481 0.808203125 0.9342592592592592 0.8079427083333334 0.9319444444444445 0.807421875 0.9296296296296296 0.806640625 0.9277777777777778 0.8061197916666667 0.9254629629629629 0.8053385416666666 0.9231481481481482 0.8048177083333333 0.9208333333333333 0.804296875 0.9171296296296296 0.8037760416666667 0.9157407407407407 0.8029947916666667 0.9115740740740741 0.801953125 0.9092592592592592 0.8009114583333333 0.9046296296296297 0.800390625 0.9032407407407408 0.7998697916666667 0.899074074074074 0.798828125 0.8958333333333334 0.7977864583333333 0.8912037037037037 0.797265625 0.8898148148148148 0.7962239583333334 0.8851851851851852 0.795703125 0.8837962962962963 0.7951822916666667 0.8800925925925925 0.794140625 0.8763888888888889 0.794140625 0.875462962962963 0.7930989583333333 0.8712962962962963 0.7928385416666667 0.8689814814814815 0.7923177083333334 0.8675925925925926 0.7899739583333333 0.8592592592592593 0.7899739583333333 0.8583333333333333 0.7889322916666667 0.8550925925925926 0.7884114583333334 0.8527777777777777 0.7881510416666667 0.850462962962963 0.787109375 0.8458333333333333 0.785546875 0.8416666666666667 0.7833333333333333 0.8377314814814815 0.7822916666666667 0.8377314814814815 0.78125 0.8386574074074075 0.77890625 0.8395833333333333 0.7770833333333333 0.8395833333333333 0.7768229166666667 0.8400462962962963 0.7744791666666667 0.8400462962962963 0.77421875 0.8405092592592592 0.7721354166666666 0.8405092592592592 0.771875 0.8409722222222222 0.7697916666666667 0.8409722222222222 0.76953125 0.8414351851851852 0.7630208333333334 0.8414351851851852 0.7627604166666667 0.8418981481481481 0.7596354166666667 0.8418981481481481 0.759375 0.8423611111111111 0.7559895833333333 0.8423611111111111 0.7557291666666667 0.8428240740740741 0.7520833333333333 0.8428240740740741 0.75078125 0.843287037037037 0.74765625 0.8451388888888889 0.7458333333333333 0.8451388888888889 0.7455729166666667 0.8456018518518519 0.7442708333333333 0.8456018518518519 0.74296875 0.8469907407407408 0.7420572916666667 0.8486111111111111 0.7415364583333334 0.850462962962963 0.7415364583333334 0.8564814814814815 0.741796875 0.8583333333333333 0.7423177083333333 0.8597222222222223 0.7423177083333333 0.8611111111111112 0.7428385416666666 0.8634259259259259 0.7428385416666666 0.8652777777777778 0.743359375 0.8675925925925926 0.743359375 0.8694444444444445 0.7444010416666667 0.875 0.7451822916666667 0.8763888888888889 0.7459635416666667 0.8791666666666667 0.746484375 0.8847222222222222 0.7483072916666667 0.8916666666666667 0.748828125 0.8925925925925926 0.749609375 0.8958333333333334 0.749609375 0.8972222222222223 0.7501302083333333 0.899074074074074 0.751171875 0.9055555555555556 0.751171875 0.9120370370370371 0.7526041666666666 0.9150462962962963 0.7536458333333333 0.9155092592592593 0.754296875 0.9166666666666666 0.7548177083333333 0.9185185185185185 0.755078125 0.9222222222222223 0.7555989583333333 0.924074074074074 0.7555989583333333 0.9259259259259259 0.7561197916666667 0.9287037037037037 0.7569010416666667 0.9310185185185185 0.758203125 0.937962962962963 0.758203125 0.9393518518518519 0.7587239583333333 0.9412037037037037 0.758984375 0.9435185185185185 0.7595052083333333 0.9449074074074074 0.7602864583333333 0.9490740740740741 0.760546875 0.9513888888888888 0.760546875 0.9537037037037037 0.7618489583333333 0.9578703703703704 0.7623697916666666 0.9601851851851851 0.7623697916666666 0.961574074074074 0.762890625 0.9634259259259259 0.762890625 0.9648148148148148 0.7634114583333333 0.9666666666666667 0.7634114583333333 0.9680555555555556 0.7641927083333333 0.9712962962962963 0.7654947916666667 0.975925925925926 0.7657552083333333 0.9791666666666666 0.766015625 0.9796296296296296 0.766015625 0.9824074074074074 0.7662760416666666 0.9828703703703704 0.7662760416666666 0.9851851851851852 0.7670572916666667 0.9888888888888889 0.7670572916666667 0.9916666666666667 0.7673177083333333 0.9921296296296296 0.7673177083333333 0.9953703703703703 0.7666666666666667 0.9960648148148148 0.7651041666666667 0.9960648148148148 0.76484375 0.9965277777777778 0.75234375 0.9965277777777778 0.7520833333333333 0.9960648148148148 0.75 0.9956018518518519 0.7484375 0.99375 0.7470052083333333 0.9907407407407407 0.7462239583333333 0.986574074074074 0.7446614583333333 0.9810185185185185 0.744140625 0.9787037037037037 0.743359375 0.9763888888888889 0.743359375 0.975 0.742578125 0.9722222222222222 0.7415364583333334 0.9662037037037037 0.7415364583333334 0.9643518518518519 0.7404947916666667 0.9587962962962963 0.739453125 0.9555555555555556 0.7389322916666666 0.9527777777777777 0.738671875 0.95 0.7381510416666667 0.9486111111111111 0.7381510416666667 0.9472222222222222 0.7373697916666667 0.9439814814814815 0.7365885416666667 0.9416666666666667 0.736328125 0.9393518518518519 0.735546875 0.9361111111111111 0.734765625 0.9296296296296296 0.7337239583333334 0.9259259259259259 0.733203125 0.9217592592592593 0.7326822916666667 0.9203703703703704 0.7319010416666667 0.9152777777777777 0.7313802083333333 0.913425925925926 0.7313802083333333 0.9120370370370371 0.730078125 0.9050925925925926 0.7287760416666667 0.9013888888888889 0.7287760416666667 0.9004629629629629 0.7279947916666667 0.8981481481481481 0.7274739583333333 0.8953703703703704 0.7274739583333333 0.8939814814814815 0.726953125 0.8921296296296296 0.7266927083333333 0.8888888888888888 0.7259114583333334 0.8856481481481482 0.7259114583333334 0.8842592592592593 0.725390625 0.8824074074074074 0.725390625 0.8810185185185185 0.7248697916666667 0.8796296296296297 0.7243489583333333 0.8759259259259259 0.7235677083333333 0.8736111111111111 0.722265625 0.8657407407407407 0.7209635416666667 0.861574074074074 0.720703125 0.8592592592592593 0.7201822916666667 0.8578703703703704 0.7201822916666667 0.8555555555555555 0.719921875 0.8550925925925926 0.719921875 0.8495370370370371 0.7196614583333333 0.8490740740740741 0.7196614583333333 0.8467592592592592 0.719140625 0.8439814814814814 0.719140625 0.8416666666666667 0.7188802083333333 0.8398148148148148 0.7180989583333334 0.836574074074074 0.7170572916666667 0.8347222222222223 0.716796875 0.8328703703703704 0.7162760416666667 0.8319444444444445 0.716015625 0.8300925925925926 0.7154947916666666 0.8287037037037037 0.7154947916666666 0.8273148148148148 0.7149739583333333 0.825462962962963 0.7147135416666667 0.8231481481481482 0.7141927083333334 0.8208333333333333 0.7134114583333333 0.8185185185185185 0.7126302083333333 0.8152777777777778 0.712109375 0.8106481481481481 0.7110677083333333 0.8041666666666667 0.710546875 0.8027777777777778 0.7100260416666667 0.8 0.7100260416666667 0.7986111111111112 0.708203125 0.7907407407407407 0.7076822916666666 0.787962962962963 0.707421875 0.7847222222222222 0.7063802083333334 0.7800925925925926 0.7053385416666667 0.7782407407407408 0.7053385416666667 0.7773148148148148 0.704296875 0.774074074074074 0.704296875 0.7717592592592593 0.7040364583333333 0.7712962962962963 0.7040364583333333 0.7689814814814815 0.7032552083333333 0.763425925925926 0.702734375 0.7611111111111111 0.701953125 0.7587962962962963 0.7014322916666667 0.7564814814814815 0.7009114583333333 0.7523148148148148 0.7006510416666667 0.7518518518518519 0.7001302083333333 0.7481481481481481 0.7001302083333333 0.7467592592592592 0.699609375 0.7449074074074075 0.699609375 0.7435185185185185 0.698828125 0.7407407407407407 0.698046875 0.736574074074074 0.6967447916666667 0.7324074074074074 0.696484375 0.7296296296296296 0.6962239583333333 0.7291666666666666 0.6959635416666666 0.725925925925926 0.695703125 0.725462962962963 0.6954427083333333 0.7222222222222222 0.694140625 0.7171296296296297 0.694140625 0.7157407407407408 0.6936197916666667 0.7138888888888889 0.693359375 0.7111111111111111 0.6923177083333333 0.7069444444444445 0.691796875 0.7041666666666667 0.6915364583333333 0.700462962962963 0.6907552083333334 0.6972222222222222 0.6897135416666667 0.6953703703703704 0.688671875 0.6916666666666667 0.6884114583333333 0.6888888888888889 0.6881510416666666 0.6884259259259259 0.687890625 0.6847222222222222 0.686328125 0.6773148148148148 0.6858072916666667 0.6759259259259259 0.685546875 0.6736111111111112 0.684765625 0.6708333333333333 0.6845052083333333 0.6685185185185185 0.6845052083333333 0.6657407407407407 0.6842447916666666 0.663425925925926 0.683203125 0.6578703703703703 0.6821614583333333 0.6550925925925926 0.680859375 0.65 0.6805989583333333 0.6467592592592593 0.680078125 0.6444444444444445 0.680078125 0.6425925925925926 0.6795572916666667 0.6388888888888888 0.6790364583333334 0.6365740740740741 0.6779947916666667 0.6333333333333333 0.677734375 0.6305555555555555 0.676953125 0.6277777777777778 0.676171875 0.6217592592592592 0.6756510416666667 0.6199074074074075 0.6756510416666667 0.6185185185185185 0.674609375 0.6143518518518518 0.6740885416666667 0.6134259259259259 0.6725260416666666 0.6074074074074074 0.6720052083333333 0.6023148148148149 0.671484375 0.5990740740740741 0.6709635416666667 0.5976851851851852 0.670703125 0.5958333333333333 0.6696614583333333 0.5925925925925926 0.669140625 0.5902777777777778 0.668359375 0.5851851851851851 0.668359375 0.5791666666666667 0.6678385416666667 0.5768518518518518 0.667578125 0.5745370370370371 0.666796875 0.5726851851851852 0.665234375 0.5648148148148148 0.665234375 0.5611111111111111 0.6649739583333333 0.5606481481481481 0.6649739583333333 0.5578703703703703 0.665234375 0.5560185185185185 0.66640625 0.5525462962962963 0.6677083333333333 0.5520833333333334 0.6684895833333333 0.5511574074074074 0.6700520833333333 0.5506944444444445 0.67109375 0.5497685185185185 0.671875 0.5497685185185185 0.6729166666666667 0.5488425925925926 0.67421875 0.5483796296296296 0.6763020833333333 0.5483796296296296 0.6765625 0.5479166666666667 0.67890625 0.5479166666666667 0.6791666666666667 0.5474537037037037 0.68125 0.5474537037037037 0.6815104166666667 0.5469907407407407 0.6828125 0.5469907407407407 0.68515625 0.5456018518518518 0.6864583333333333 0.5465277777777777 0.6881510416666666 0.549537037037037 0.6888020833333334 0.5516203703703704 0.6895833333333333 0.5516203703703704 0.6899739583333333 0.5509259259259259 0.6904947916666667 0.5472222222222223 0.6915364583333333 0.5435185185185185 0.6923177083333333 0.538425925925926 0.6923177083333333 0.5365740740740741 0.6928385416666667 0.5337962962962963 0.693359375 0.5324074074074074 0.6944010416666667 0.5263888888888889 0.6944010416666667 0.5231481481481481 0.6946614583333334 0.5226851851851851 0.6946614583333334 0.5171296296296296 0.694140625 0.5143518518518518 0.6936197916666667 0.512962962962963 0.6923177083333333 0.5060185185185185 0.6923177083333333 0.5046296296296297 0.691796875 0.5027777777777778 0.6915364583333333 0.500462962962963 0.691015625 0.49907407407407406 0.690234375 0.4949074074074074 0.690234375 0.4912037037037037 0.6899739583333333 0.48935185185185187 0.6907552083333334 0.4837962962962963 0.6920572916666666 0.48009259259259257 0.6920572916666666 0.47962962962962963 0.6942708333333333 0.4756944444444444 0.6953125 0.47476851851851853 0.6986979166666667 0.4706018518518518 0.6998697916666666 0.4671296296296296 0.7001302083333333 0.46296296296296297 0.701171875 0.4587962962962963 0.70390625 0.45393518518518516 0.70546875 0.4525462962962963 0.7078125 0.45208333333333334 0.7080729166666667 0.4516203703703704 0.7098958333333333 0.4516203703703704 0.71015625 0.4511574074074074 0.7125 0.4511574074074074 0.7138020833333333 0.45023148148148145 0.71484375 0.45023148148148145 0.7161458333333334 0.44930555555555557 0.7203125 0.44930555555555557 0.7213541666666666 0.44837962962962963 0.72265625 0.44837962962962963 0.7229166666666667 0.4479166666666667 0.72421875 0.4479166666666667 0.7244791666666667 0.4474537037037037 0.72578125 0.4474537037037037 0.72734375 0.4465277777777778 0.7294270833333333 0.4465277777777778 0.7296875 0.4460648148148148 0.7315104166666667 0.4460648148148148 0.7317708333333334 0.44560185185185186 0.7341145833333333 0.44513888888888886 0.7354166666666667 0.444212962962963 0.73671875 0.444212962962963 0.7369791666666666 0.44375 0.7385416666666667 0.44375 0.7388020833333333 0.44328703703703703 0.7401041666666667 0.44328703703703703 0.7403645833333333 0.4428240740740741 0.7416666666666667 0.4428240740740741 0.7432291666666667 0.44189814814814815 0.7447916666666666 0.44189814814814815 0.7450520833333333 0.4414351851851852 0.7466145833333333 0.4414351851851852 0.746875 0.4409722222222222 0.7481770833333333 0.4409722222222222 0.7484375 0.44050925925925927 0.7497395833333333 0.44050925925925927 0.75 0.44004629629629627 0.7515625 0.44004629629629627 0.7518229166666667 0.4395833333333333 0.7533854166666667 0.4395833333333333 0.7536458333333333 0.4391203703703704 0.7549479166666667 0.4391203703703704 0.7552083333333334 0.4386574074074074 0.7567708333333333 0.4386574074074074 0.75703125 0.43819444444444444 0.7583333333333333 0.43819444444444444 0.75859375 0.4377314814814815 0.76015625 0.4377314814814815 0.7604166666666666 0.4372685185185185 0.76171875 0.4372685185185185 0.7619791666666667 0.43680555555555556 0.76328125 0.43680555555555556 0.7635416666666667 0.4363425925925926 0.765625 0.4363425925925926 0.7658854166666667 0.4358796296296296 0.7671875 0.4358796296296296 0.7684895833333333 0.4354166666666667 0.76953125 0.43449074074074073 0.7708333333333334 0.43449074074074073 0.7723958333333333 0.4335648148148148 0.7734375 0.4335648148148148 0.7747395833333334 0.4326388888888889 0.7763020833333333 0.4326388888888889 0.7765625 0.4321759259259259 0.7783854166666667 0.4321759259259259 0.7786458333333334 0.43171296296296297 0.784375 0.43171296296296297 0.7846354166666667 0.43125 0.7875 0.43125 0.7877604166666666 0.430787037037037 0.78984375 0.430787037037037 0.7901041666666667 0.4303240740740741 0.7921875 0.4303240740740741 0.7924479166666667 0.42986111111111114 0.79453125 0.42986111111111114 0.79921875 0.42615740740740743 0.8002604166666667 0.42569444444444443 0.8015625 0.42569444444444443 0.8044270833333333 0.42430555555555555 0.8057291666666667 0.42430555555555555 0.8059895833333334 0.4238425925925926 0.8072916666666666 0.4238425925925926 0.8075520833333333 0.4233796296296296 0.8088541666666667 0.4233796296296296 0.8091145833333333 0.42291666666666666 0.8104166666666667 0.42291666666666666 0.8106770833333333 0.4224537037037037 0.8119791666666667 0.4224537037037037 0.81484375 0.42106481481481484 0.8161458333333333 0.42106481481481484 0.81640625 0.42060185185185184 0.81796875 0.42060185185185184 0.8182291666666667 0.4201388888888889 0.81953125 0.4201388888888889 0.82109375 0.41921296296296295 0.8223958333333333 0.41921296296296295 0.82265625 0.41875 0.8244791666666667 0.41875 0.8247395833333333 0.418287037037037 0.8263020833333333 0.418287037037037 0.8265625 0.41782407407407407 0.8283854166666667 0.41782407407407407 0.8286458333333333 0.4173611111111111 0.8299479166666667 0.4173611111111111 0.8302083333333333 0.41689814814814813 0.8317708333333333 0.41689814814814813 0.83203125 0.4164351851851852 0.8338541666666667 0.4164351851851852 0.8341145833333333 0.41597222222222224 0.8395833333333333 0.41597222222222224 0.83984375 0.4164351851851852 0.8419270833333333 0.41782407407407407 0.8421875 0.418287037037037 0.8432291666666667 0.41782407407407407 0.8450520833333334 0.41782407407407407 0.84609375 0.418287037037037 0.8470052083333334 0.41944444444444445 0.8475260416666667 0.42083333333333334 0.8470052083333334 0.4222222222222222 0.8467447916666667 0.42592592592592593 0.845703125 0.4300925925925926 0.8454427083333333 0.43194444444444446 0.8454427083333333 0.43472222222222223 0.845703125 0.4351851851851852 0.845703125 0.4375 0.8459635416666667 0.4398148148148148 0.8471354166666667 0.44050925925925927 0.8486979166666667 0.44050925925925927 0.8489583333333334 0.4409722222222222 0.8502604166666666 0.4409722222222222 0.8518229166666667 0.44189814814814815 0.8541666666666666 0.44189814814814815 0.8544270833333333 0.4423611111111111 0.8588541666666667 0.4423611111111111 0.8591145833333333 0.4428240740740741 0.8609375 0.4428240740740741 0.8611979166666667 0.44328703703703703 0.86796875 0.44328703703703703 0.8682291666666667 0.4428240740740741 0.8763020833333334 0.4428240740740741 0.8776041666666666 0.44189814814814815 0.8790364583333333 0.4393518518518518 0.8790364583333333 0.4388888888888889 0.881640625 0.43425925925925923 0.8829427083333333 0.4310185185185185 0.883984375 0.4273148148148148 0.8864583333333333 0.4233796296296296 0.8872395833333333 0.42291666666666666 0.8885416666666667 0.42106481481481484 0.8895833333333333 0.4201388888888889 0.89140625 0.4201388888888889 0.8916666666666667 0.41967592592592595 0.89375 0.41967592592592595 0.8940104166666667 0.41921296296296295 0.8955729166666667 0.41921296296296295 0.8958333333333334 0.41875 0.8971354166666666 0.41875 0.8973958333333333 0.41921296296296295 0.89921875 0.41921296296296295 0.8994791666666667 0.41967592592592595 0.9010416666666666 0.4201388888888889 0.9020833333333333 0.4215277777777778 0.9041666666666667 0.4233796296296296 0.905859375 0.42592592592592593 0.9069010416666666 0.42824074074074076 0.9076822916666667 0.4305555555555556 0.9111979166666667 0.43680555555555556 0.9114583333333334 0.43680555555555556 0.912890625 0.4393518518518518 0.9139322916666667 0.4425925925925926 0.9149739583333333 0.4449074074074074 0.9170572916666667 0.4486111111111111 0.9170572916666667 0.44907407407407407 0.9194010416666667 0.4532407407407407 0.919921875 0.4550925925925926 0.920703125 0.4564814814814815 0.921484375 0.4587962962962963 0.925390625 0.46574074074074073 0.925390625 0.46620370370370373 0.9266927083333333 0.4685185185185185 0.9272135416666667 0.4699074074074074 0.927734375 0.4726851851851852 0.9295572916666667 0.47638888888888886 0.9295572916666667 0.4791666666666667 0.930078125 0.4824074074074074 0.9337239583333333 0.4888888888888889 0.9337239583333333 0.4912037037037037 0.9326822916666667 0.49537037037037035 0.9341145833333333 0.49745370370370373 0.9372395833333333 0.49745370370370373 0.9385416666666667 0.4965277777777778 0.9432291666666667 0.4965277777777778 0.9434895833333333 0.4960648148148148 0.9466145833333334 0.4960648148148148 0.946875 0.49560185185185185 0.9518229166666666 0.49560185185185185 0.951953125 0.4949074074074074 0.953125 0.4928240740740741 0.9544270833333334 0.49189814814814814 0.9567708333333333 0.49189814814814814 0.95703125 0.4914351851851852 0.96015625 0.4914351851851852 0.9604166666666667 0.49189814814814814 0.9627604166666667 0.49189814814814814 0.9630208333333333 0.4914351851851852 0.9651041666666667 0.49050925925925926 0.9658854166666667 0.49050925925925926 0.9666666666666667 0.4895833333333333 0.96796875 0.48912037037037037 0.9686197916666667 0.48842592592592593 0.9673177083333333 0.48657407407407405 0.9665364583333333 0.4842592592592593 0.9665364583333333 0.48194444444444445 0.9673177083333333 0.48055555555555557 0.968359375 0.4773148148148148 0.9703125 0.47430555555555554 0.9713541666666666 0.47337962962962965 0.9725260416666667 0.4708333333333333 0.9733072916666666 0.4675925925925926 0.9766927083333333 0.4615740740740741 0.9766927083333333 0.46111111111111114 0.9782552083333333 0.4583333333333333 0.979296875 0.45601851851851855 0.9798177083333334 0.45416666666666666 0.9805989583333333 0.4527777777777778 0.981640625 0.449537037037037 0.9828125 0.4474537037037037 0.9838541666666667 0.4465277777777778 0.9850260416666666 0.4444444444444444 0.985546875 0.44166666666666665 0.9865885416666667 0.4388888888888889 0.9889322916666666 0.43472222222222223 0.98984375 0.4321759259259259 0.9901041666666667 0.4321759259259259 0.9912760416666667 0.4300925925925926 0.9928385416666666 0.425 0.994140625 0.42268518518518516 0.994140625 0.4222222222222222 0.9954427083333334 0.4199074074074074 0.9967447916666666 0.4166666666666667 0.9970052083333333 0.4148148148148148 0.9977864583333333 0.4125 0.9984375 0.4113425925925926 0.9997395833333333 0.4113425925925926
0 0.26210937500000003 0.5300925925925926 0.03541666666666668 0.05787037037037035 0.2638020833333333 0.5590277777777778 0.26171875 0.5585648148148148 0.259375 0.5571759259259259 0.256640625 0.5532407407407407 0.255859375 0.5509259259259259 0.255078125 0.549537037037037 0.2540364583333333 0.5467592592592593 0.253515625 0.5444444444444444 0.25247395833333336 0.5416666666666666 0.24986979166666667 0.5370370370370371 0.249609375 0.5356481481481481 0.2484375 0.5340277777777778 0.246484375 0.5305555555555556 0.24440104166666668 0.525 0.24440104166666668 0.5189814814814815 0.24466145833333333 0.5171296296296296 0.24674479166666666 0.5120370370370371 0.24791666666666667 0.5099537037037037 0.24895833333333334 0.5085648148148149 0.24973958333333332 0.5081018518518519 0.2513020833333333 0.5057870370370371 0.2552083333333333 0.5025462962962963 0.2559895833333333 0.5016203703703703 0.25703125 0.5011574074074074 0.26119791666666664 0.5011574074074074 0.26145833333333335 0.5016203703703703 0.2630208333333333 0.5016203703703703 0.2640625 0.5020833333333333 0.26588541666666665 0.5039351851851852 0.2674479166666667 0.506712962962963 0.2677083333333333 0.506712962962963 0.269140625 0.5092592592592593 0.2701822916666667 0.5120370370370371 0.272265625 0.5157407407407407 0.272265625 0.5162037037037037 0.27682291666666664 0.5243055555555556 0.2779947916666667 0.5259259259259259 0.2779947916666667 0.5263888888888889 0.279296875 0.5291666666666667 0.27981770833333336 0.5314814814814814 0.27981770833333336 0.538425925925926 0.27825520833333334 0.5430555555555555 0.2774739583333333 0.5444444444444444 0.2766927083333333 0.5467592592592593 0.27447916666666666 0.5506944444444445 0.2734375 0.5516203703703704 0.2721354166666667 0.5534722222222223 0.2708333333333333 0.5548611111111111 0.26901041666666664 0.55625 0.2682291666666667 0.5571759259259259 0.26536458333333335 0.5581018518518519 0.2638020833333333 0.5590277777777778
0 0.22499999999999998 0.5381944444444444 0.036718749999999994 0.05833333333333335 0.22578125 0.5673611111111111 0.22473958333333333 0.5673611111111111 0.22291666666666668 0.5659722222222222 0.2203125 0.5622685185185186 0.219140625 0.5601851851851852 0.218359375 0.5578703703703703 0.21731770833333333 0.5560185185185185 0.21653645833333332 0.5537037037037037 0.21380208333333334 0.5488425925925926 0.21354166666666666 0.5488425925925926 0.21158854166666666 0.5453703703703704 0.21106770833333333 0.5435185185185185 0.20846354166666667 0.5388888888888889 0.208203125 0.5375 0.206640625 0.5319444444444444 0.206640625 0.5296296296296297 0.20716145833333333 0.5268518518518519 0.20794270833333334 0.524074074074074 0.20950520833333333 0.5203703703703704 0.21145833333333333 0.5168981481481482 0.21171875 0.5168981481481482 0.21328125 0.5141203703703704 0.21614583333333334 0.5118055555555555 0.21848958333333332 0.5104166666666666 0.21979166666666666 0.5090277777777777 0.22526041666666666 0.5090277777777777 0.22760416666666666 0.5108796296296296 0.23151041666666666 0.517824074074074 0.23177083333333334 0.517824074074074 0.234765625 0.5231481481481481 0.234765625 0.5236111111111111 0.23671875 0.5270833333333333 0.23697916666666666 0.5270833333333333 0.23815104166666667 0.5291666666666667 0.23815104166666667 0.5296296296296297 0.24036458333333333 0.5335648148148148 0.240625 0.5335648148148148 0.24205729166666667 0.5361111111111111 0.242578125 0.5375 0.243359375 0.5425925925925926 0.243359375 0.5458333333333333 0.24283854166666666 0.5481481481481482 0.241796875 0.5513888888888889 0.24075520833333333 0.5537037037037037 0.23723958333333334 0.5599537037037037 0.2359375 0.5618055555555556 0.23333333333333334 0.5645833333333333 0.23151041666666666 0.5659722222222222 0.23046875 0.5659722222222222 0.22916666666666666 0.5668981481481481 0.22604166666666667 0.5668981481481481 0.22578125 0.5673611111111111
0 0.21119791666666665 0.5900462962962962 0.041406250000000006 0.059259259259259234 0.21614583333333334 0.6196759259259259 0.21171875 0.6196759259259259 0.21067708333333332 0.6192129629629629 0.20885416666666667 0.617824074074074 0.2078125 0.6164351851851851 0.20416666666666666 0.6099537037037037 0.20286458333333332 0.6081018518518518 0.20182291666666666 0.607175925925926 0.20052083333333334 0.6053240740740741 0.19869791666666667 0.6034722222222222 0.196875 0.6006944444444444 0.19661458333333334 0.6006944444444444 0.19505208333333332 0.5979166666666667 0.19375 0.5965277777777778 0.191796875 0.5930555555555556 0.19049479166666666 0.587037037037037 0.19075520833333334 0.5833333333333334 0.191796875 0.5796296296296296 0.192578125 0.5782407407407407 0.193359375 0.575925925925926 0.19388020833333333 0.5736111111111111 0.1953125 0.5710648148148149 0.19557291666666668 0.5710648148148149 0.19791666666666666 0.5668981481481481 0.2 0.5650462962962963 0.20182291666666666 0.5641203703703703 0.20520833333333333 0.5608796296296297 0.20651041666666667 0.5604166666666667 0.209375 0.5604166666666667 0.21067708333333332 0.5618055555555556 0.21197916666666666 0.5627314814814814 0.21380208333333334 0.5645833333333333 0.21588541666666666 0.5682870370370371 0.21666666666666667 0.56875 0.21822916666666667 0.5706018518518519 0.22005208333333334 0.5738425925925926 0.2203125 0.5738425925925926 0.22239583333333332 0.5770833333333333 0.2265625 0.580787037037037 0.22734375 0.5817129629629629 0.22916666666666666 0.5849537037037037 0.230078125 0.5861111111111111 0.230859375 0.5879629629629629 0.23111979166666666 0.5898148148148148 0.23190104166666667 0.5925925925925926 0.23190104166666667 0.5944444444444444 0.23138020833333334 0.5962962962962963 0.23138020833333334 0.5976851851851852 0.23033854166666667 0.6018518518518519 0.22955729166666666 0.6032407407407407 0.22877604166666668 0.6055555555555555 0.2265625 0.6094907407407407 0.22630208333333332 0.6094907407407407 0.225 0.6118055555555556 0.22473958333333333 0.6118055555555556 0.22317708333333333 0.6141203703703704 0.22239583333333332 0.6145833333333334 0.22109375 0.6164351851851851 0.21901041666666668 0.617824074074074 0.21744791666666666 0.6192129629629629 0.21614583333333334 0.6196759259259259
0 0.186328125 0.5534722222222221 0.03958333333333333 0.05740740740740746 0.1890625 0.5821759259259259 0.18723958333333332 0.5817129629629629 0.18697916666666667 0.58125 0.18567708333333333 0.58125 0.18463541666666666 0.580787037037037 0.18255208333333334 0.5789351851851852 0.18059895833333334 0.575462962962963 0.180078125 0.5736111111111111 0.17760416666666667 0.569212962962963 0.1765625 0.5682870370370371 0.1734375 0.5636574074074074 0.17317708333333334 0.5636574074074074 0.17057291666666666 0.5590277777777778 0.1703125 0.5590277777777778 0.16705729166666666 0.5532407407407407 0.16653645833333333 0.5513888888888889 0.16653645833333333 0.5439814814814815 0.167578125 0.5407407407407407 0.168359375 0.5388888888888889 0.17161458333333332 0.5331018518518519 0.17421875 0.5298611111111111 0.175 0.5293981481481481 0.17760416666666667 0.5266203703703703 0.17916666666666667 0.5261574074074075 0.18046875 0.5252314814814815 0.18177083333333333 0.5252314814814815 0.18203125 0.5247685185185185 0.18489583333333334 0.5247685185185185 0.1859375 0.5252314814814815 0.18802083333333333 0.5275462962962963 0.18828125 0.5275462962962963 0.19244791666666666 0.5349537037037037 0.19270833333333334 0.5349537037037037 0.1953125 0.5395833333333333 0.19557291666666668 0.5395833333333333 0.19713541666666667 0.5418981481481482 0.1984375 0.5428240740740741 0.20052083333333334 0.5456018518518518 0.20260416666666667 0.5469907407407407 0.20442708333333334 0.5497685185185185 0.2046875 0.5497685185185185 0.20559895833333333 0.5523148148148148 0.20559895833333333 0.5546296296296296 0.20611979166666666 0.5578703703703703 0.205859375 0.5587962962962963 0.20442708333333334 0.5608796296296297 0.19869791666666667 0.5659722222222222 0.19765625 0.5673611111111111 0.19609375 0.5701388888888889 0.19583333333333333 0.5701388888888889 0.19466145833333334 0.5722222222222222 0.19388020833333333 0.5740740740740741 0.19283854166666667 0.5773148148148148 0.19114583333333332 0.580324074074074 0.1890625 0.5821759259259259
0 0.17083333333333334 0.6046296296296296 0.03880208333333335 0.0532407407407407 0.17760416666666667 0.63125 0.17291666666666666 0.63125 0.17135416666666667 0.6303240740740741 0.16953125 0.6284722222222222 0.16796875 0.6256944444444444 0.16770833333333332 0.6256944444444444 0.16588541666666667 0.6224537037037037 0.165625 0.6224537037037037 0.16302083333333334 0.61875 0.16015625 0.6164351851851851 0.15859375 0.6145833333333334 0.1578125 0.6131944444444445 0.15651041666666668 0.6118055555555556 0.15520833333333334 0.6099537037037037 0.15390625 0.6076388888888888 0.15364583333333334 0.6076388888888888 0.15247395833333333 0.6055555555555555 0.15143229166666666 0.6018518518518519 0.15143229166666666 0.5981481481481481 0.151953125 0.5949074074074074 0.15403645833333332 0.5893518518518519 0.15703125 0.5840277777777778 0.15807291666666667 0.5831018518518518 0.15885416666666666 0.5817129629629629 0.15963541666666667 0.58125 0.16145833333333334 0.5784722222222223 0.16223958333333333 0.5780092592592593 0.16770833333333332 0.5780092592592593 0.16796875 0.5784722222222223 0.16927083333333334 0.5784722222222223 0.17057291666666666 0.5793981481481482 0.17265625 0.5817129629629629 0.1734375 0.5821759259259259 0.175 0.5844907407407407 0.17526041666666667 0.5844907407407407 0.17682291666666666 0.5868055555555556 0.178125 0.5877314814814815 0.18203125 0.593287037037037 0.18645833333333334 0.5969907407407408 0.18723958333333332 0.5979166666666667 0.18841145833333334 0.6 0.189453125 0.6037037037037037 0.190234375 0.6087962962962963 0.190234375 0.6143518518518518 0.18919270833333332 0.6171296296296296 0.18841145833333334 0.6199074074074075 0.18723958333333332 0.6219907407407408 0.18619791666666666 0.6229166666666667 0.18541666666666667 0.6243055555555556 0.18385416666666668 0.6261574074074074 0.17916666666666667 0.6303240740740741 0.17760416666666667 0.63125
4 0.2559895833333333 0.6449074074074074 0.2393229166666667 0.3032407407407407 0.2171875 0.7965277777777777 0.21302083333333333 0.7965277777777777 0.21223958333333334 0.7960648148148148 0.209765625 0.7916666666666666 0.208984375 0.7893518518518519 0.20625 0.7858796296296297 0.20338541666666668 0.7831018518518519 0.20182291666666666 0.780787037037037 0.20052083333333334 0.7798611111111111 0.19921875 0.7784722222222222 0.19765625 0.7775462962962963 0.19583333333333333 0.7756944444444445 0.19427083333333334 0.7729166666666667 0.19348958333333333 0.7724537037037037 0.19088541666666667 0.7696759259259259 0.18854166666666666 0.7664351851851852 0.1875 0.7659722222222223 0.18671875 0.7650462962962963 0.18541666666666667 0.7645833333333333 0.18411458333333333 0.7631944444444444 0.18229166666666666 0.7618055555555555 0.17942708333333332 0.7576388888888889 0.178125 0.75625 0.17682291666666666 0.7553240740740741 0.17395833333333333 0.7516203703703703 0.17057291666666666 0.7483796296296297 0.16848958333333333 0.7469907407407408 0.16510416666666666 0.74375 0.16432291666666668 0.743287037037037 0.16171875 0.7405092592592593 0.16041666666666668 0.7395833333333334 0.15989583333333332 0.7386574074074074 0.1578125 0.7368055555555556 0.15729166666666666 0.7368055555555556 0.15494791666666666 0.7344907407407407 0.15286458333333333 0.73125 0.15208333333333332 0.7307870370370371 0.15078125 0.7289351851851852 0.14869791666666668 0.7270833333333333 0.14765625 0.7256944444444444 0.14713541666666666 0.7256944444444444 0.14583333333333334 0.7243055555555555 0.14375 0.7229166666666667 0.1421875 0.7206018518518519 0.14036458333333332 0.71875 0.13828125 0.7155092592592592 0.13802083333333334 0.7155092592592592 0.13658854166666667 0.7125 0.136328125 0.7106481481481481 0.13658854166666667 0.7092592592592593 0.13658854166666667 0.7041666666666667 0.13684895833333333 0.7037037037037037 0.137890625 0.6976851851851852 0.138671875 0.6958333333333333 0.13971354166666666 0.6912037037037037 0.140234375 0.687037037037037 0.14127604166666666 0.6842592592592592 0.141796875 0.6819444444444445 0.14231770833333332 0.6810185185185185 0.14361979166666666 0.6763888888888889 0.14388020833333334 0.674074074074074 0.14440104166666667 0.6726851851851852 0.14466145833333333 0.6703703703703704 0.14544270833333334 0.6675925925925926 0.146484375 0.6652777777777777 0.14752604166666666 0.6592592592592592 0.14934895833333334 0.6527777777777778 0.15091145833333333 0.6486111111111111 0.15143229166666666 0.6458333333333334 0.15169270833333334 0.6430555555555556 0.15221354166666667 0.6407407407407407 0.15299479166666666 0.638425925925926 0.15481770833333333 0.6351851851851852 0.15533854166666666 0.6324074074074074 0.15533854166666666 0.6300925925925925 0.15559895833333334 0.6282407407407408 0.15716145833333334 0.6226851851851852 0.157421875 0.6203703703703703 0.15859375 0.618287037037037 0.16145833333333334 0.6196759259259259 0.16223958333333333 0.6206018518518519 0.16302083333333334 0.6206018518518519 0.16458333333333333 0.6219907407407408 0.165625 0.6233796296296297 0.16666666666666666 0.6256944444444444 0.16796875 0.6275462962962963 0.17135416666666667 0.63125 0.17291666666666666 0.631712962962963 0.17317708333333334 0.632175925925926 0.17447916666666666 0.632175925925926 0.17473958333333334 0.631712962962963 0.1765625 0.631712962962963 0.17786458333333333 0.63125 0.17942708333333332 0.6298611111111111 0.18098958333333334 0.6289351851851852 0.18229166666666666 0.6275462962962963 0.18307291666666667 0.6261574074074074 0.18489583333333334 0.6247685185185186 0.18619791666666666 0.6229166666666667 0.18723958333333332 0.6219907407407408 0.18919270833333332 0.6185185185185185 0.18919270833333332 0.6180555555555556 0.19518229166666667 0.6074074074074074 0.19596354166666666 0.6050925925925926 0.196875 0.6039351851851852 0.19765625 0.6039351851851852 0.19895833333333332 0.6053240740740741 0.19947916666666668 0.6053240740740741 0.20078125 0.606712962962963 0.20182291666666666 0.607175925925926 0.20260416666666667 0.6085648148148148 0.20338541666666668 0.6090277777777777 0.20546875 0.6127314814814815 0.20703125 0.6141203703703704 0.20833333333333334 0.6159722222222223 0.20989583333333334 0.6168981481481481 0.21067708333333332 0.617824074074074 0.21223958333333334 0.61875 0.21458333333333332 0.61875 0.21484375 0.618287037037037 0.21692708333333333 0.618287037037037 0.2171875 0.617824074074074 0.21901041666666668 0.617824074074074 0.2203125 0.6173611111111111 0.22317708333333333 0.6141203703703704 0.2234375 0.6141203703703704 0.22604166666666667 0.6094907407407407 0.22630208333333332 0.6094907407407407 0.22955729166666666 0.6037037037037037 0.230859375 0.6 0.231640625 0.5944444444444444 0.231640625 0.5925925925925926 0.23111979166666666 0.5902777777777778 0.22981770833333334 0.5861111111111111 0.228125 0.5831018518518518 0.22682291666666668 0.5817129629629629 0.22565104166666666 0.5796296296296296 0.224609375 0.575 0.223828125 0.5736111111111111 0.22408854166666667 0.5722222222222222 0.22552083333333334 0.5710648148148149 0.22786458333333334 0.5706018518518519 0.2296875 0.56875 0.2328125 0.5645833333333333 0.23567708333333334 0.5622685185185186 0.2375 0.5594907407407408 0.23776041666666667 0.5594907407407408 0.24153645833333334 0.5527777777777778 0.24231770833333333 0.5509259259259259 0.24361979166666667 0.5458333333333333 0.24388020833333332 0.5439814814814815 0.24388020833333332 0.5375 0.24453125 0.5358796296296297 0.24739583333333334 0.5358796296296297 0.24908854166666666 0.5388888888888889 0.24908854166666666 0.5393518518518519 0.252734375 0.5458333333333333 0.2537760416666667 0.5486111111111112 0.255859375 0.5523148148148148 0.255859375 0.5527777777777778 0.25833333333333336 0.5571759259259259 0.26015625 0.5590277777777778 0.2643229166666667 0.5590277777777778 0.26614583333333336 0.5576388888888889 0.2669270833333333 0.5576388888888889 0.27005208333333336 0.5548611111111111 0.27057291666666666 0.5548611111111111 0.27265625 0.5530092592592593 0.27369791666666665 0.5511574074074074 0.2752604166666667 0.5493055555555556 0.2774739583333333 0.5453703703703704 0.278515625 0.5425925925925926 0.27981770833333336 0.5375 0.27981770833333336 0.5310185185185186 0.27955729166666665 0.5291666666666667 0.27903645833333335 0.5277777777777778 0.27877604166666664 0.5259259259259259 0.27643229166666666 0.5217592592592593 0.27513020833333335 0.5157407407407407 0.2735677083333333 0.5125 0.2733072916666667 0.5106481481481482 0.27395833333333336 0.5090277777777777 0.2747395833333333 0.5085648148148149 0.2765625 0.5085648148148149 0.27682291666666664 0.5081018518518519 0.2786458333333333 0.5081018518518519 0.28098958333333335 0.50625 0.28229166666666666 0.5057870370370371 0.2838541666666667 0.5057870370370371 0.28411458333333334 0.5053240740740741 0.2859375 0.5053240740740741 0.28619791666666666 0.5048611111111111 0.2875 0.5048611111111111 0.2877604166666667 0.5043981481481481 0.2890625 0.5043981481481481 0.28932291666666665 0.5039351851851852 0.290625 0.5039351851851852 0.2908854166666667 0.5034722222222222 0.29244791666666664 0.5034722222222222 0.29270833333333335 0.5030092592592592 0.29401041666666666 0.5030092592592592 0.2942708333333333 0.5025462962962963 0.2955729166666667 0.5025462962962963 0.29583333333333334 0.5020833333333333 0.2981770833333333 0.5016203703703703 0.2984375 0.5011574074074074 0.29973958333333334 0.5011574074074074 0.3 0.5006944444444444 0.3020833333333333 0.5006944444444444 0.30234375 0.5002314814814814 0.30416666666666664 0.5002314814814814 0.30442708333333335 0.4997685185185185 0.30572916666666666 0.4997685185185185 0.3059895833333333 0.49930555555555556 0.30755208333333334 0.49930555555555556 0.3078125 0.4988425925925926 0.3098958333333333 0.4988425925925926 0.3109375 0.4983796296296296 0.31328125 0.4965277777777778 0.3143229166666667 0.4960648148148148 0.315625 0.4960648148148148 0.31588541666666664 0.49560185185185185 0.3177083333333333 0.49560185185185185 0.31796875 0.4951388888888889 0.31927083333333334 0.4951388888888889 0.32083333333333336 0.49421296296296297 0.3223958333333333 0.49421296296296297 0.32265625 0.49375 0.32473958333333336 0.49375 0.325 0.493287037037037 0.3294270833333333 0.493287037037037 0.3307291666666667 0.49421296296296297 0.332421875 0.49722222222222223 0.33372395833333335 0.5027777777777778 0.33502604166666666 0.5069444444444444 0.335546875 0.5078703703703704 0.3360677083333333 0.5101851851851852 0.337109375 0.512962962962963 0.338671875 0.5157407407407407 0.3391927083333333 0.5171296296296296 0.340234375 0.5212962962962963 0.34127604166666664 0.524074074074074 0.34348958333333335 0.5280092592592592 0.3458333333333333 0.5303240740740741 0.34674479166666666 0.5319444444444444 0.3475260416666667 0.5342592592592592 0.34856770833333334 0.5361111111111111 0.350390625 0.5407407407407407 0.350390625 0.5412037037037037 0.35299479166666664 0.5458333333333333 0.353515625 0.5476851851851852 0.355078125 0.5513888888888889 0.355859375 0.5541666666666667 0.35716145833333335 0.5564814814814815 0.358203125 0.5587962962962963 0.358984375 0.5615740740740741 0.3595052083333333 0.5625 0.36028645833333334 0.5652777777777778 0.362890625 0.5699074074074074 0.362890625 0.5703703703703704 0.36419270833333334 0.5731481481481482 0.364453125 0.5745370370370371 0.36627604166666666 0.5777777777777777 0.367578125 0.5814814814814815 0.36809895833333334 0.5824074074074074 0.36861979166666664 0.5847222222222223 0.36953125 0.5868055555555556 0.37109375 0.5881944444444445 0.372265625 0.5902777777777778 0.373828125 0.5949074074074074 0.374609375 0.5962962962962963 0.3756510416666667 0.600462962962963 0.375390625 0.6023148148148149 0.375390625 0.6046296296296296 0.3751302083333333 0.6050925925925926 0.3751302083333333 0.6078703703703704 0.3748697916666667 0.6101851851851852 0.3743489583333333 0.6125 0.37408854166666666 0.6148148148148148 0.37408854166666666 0.6185185185185185 0.373828125 0.6189814814814815 0.373828125 0.6217592592592592 0.37356770833333336 0.6222222222222222 0.37356770833333336 0.624537037037037 0.37330729166666665 0.625 0.37330729166666665 0.6273148148148148 0.373046875 0.6277777777777778 0.373046875 0.6305555555555555 0.37278645833333335 0.6310185185185185 0.37278645833333335 0.6337962962962963 0.37252604166666664 0.6342592592592593 0.37252604166666664 0.6407407407407407 0.372265625 0.6412037037037037 0.372265625 0.6486111111111111 0.37200520833333334 0.649074074074074 0.37200520833333334 0.6513888888888889 0.371484375 0.6541666666666667 0.371484375 0.6564814814814814 0.3712239583333333 0.6569444444444444 0.3712239583333333 0.6606481481481481 0.3709635416666667 0.6611111111111111 0.3709635416666667 0.663425925925926 0.370703125 0.6638888888888889 0.3704427083333333 0.6671296296296296 0.369921875 0.6689814814814815 0.369921875 0.6712962962962963 0.36966145833333336 0.6717592592592593 0.36966145833333336 0.6768518518518518 0.36940104166666665 0.6773148148148148 0.36940104166666665 0.6800925925925926 0.369140625 0.6805555555555556 0.369140625 0.6833333333333333 0.36888020833333335 0.6837962962962963 0.36888020833333335 0.687037037037037 0.36861979166666664 0.6875 0.36861979166666664 0.6902777777777778 0.368359375 0.6907407407407408 0.368359375 0.6930555555555555 0.3678385416666667 0.6953703703703704 0.367578125 0.6976851851851852 0.367578125 0.7013888888888888 0.3673177083333333 0.7018518518518518 0.3673177083333333 0.7060185185185185 0.3670572916666667 0.7064814814814815 0.3670572916666667 0.7111111111111111 0.366796875 0.711574074074074 0.366796875 0.7138888888888889 0.36627604166666666 0.7166666666666667 0.36627604166666666 0.7189814814814814 0.366015625 0.7194444444444444 0.366015625 0.7236111111111111 0.36575520833333336 0.7240740740740741 0.36575520833333336 0.7268518518518519 0.365234375 0.7287037037037037 0.364453125 0.7333333333333333 0.364453125 0.737037037037037 0.36419270833333334 0.7375 0.36419270833333334 0.7402777777777778 0.3639322916666667 0.7407407407407407 0.3639322916666667 0.7435185185185185 0.363671875 0.7439814814814815 0.363671875 0.7462962962962963 0.3626302083333333 0.75 0.36158854166666665 0.7518518518518519 0.360546875 0.7550925925925925 0.359375 0.757175925925926 0.35859375 0.7581018518518519 0.35520833333333335 0.7599537037037037 0.353125 0.7613425925925926 0.35130208333333335 0.7613425925925926 0.35104166666666664 0.7618055555555555 0.34921875 0.7618055555555555 0.34661458333333334 0.7627314814814815 0.3463541666666667 0.7631944444444444 0.3416666666666667 0.7631944444444444 0.34140625 0.7636574074074074 0.33984375 0.7636574074074074 0.33958333333333335 0.7641203703703704 0.33828125 0.7641203703703704 0.3380208333333333 0.7645833333333333 0.33619791666666665 0.7645833333333333 0.3359375 0.7650462962962963 0.3341145833333333 0.7650462962962963 0.3338541666666667 0.7655092592592593 0.33151041666666664 0.7655092592592593 0.33125 0.7659722222222223 0.3294270833333333 0.7659722222222223 0.328125 0.7664351851851852 0.3268229166666667 0.7673611111111112 0.3255208333333333 0.7673611111111112 0.32526041666666666 0.767824074074074 0.3234375 0.767824074074074 0.32317708333333334 0.768287037037037 0.321875 0.768287037037037 0.32057291666666665 0.7692129629629629 0.31927083333333334 0.7696759259259259 0.31796875 0.7696759259259259 0.3177083333333333 0.7701388888888889 0.3138020833333333 0.7701388888888889 0.3109375 0.7715277777777778 0.30911458333333336 0.7715277777777778 0.30885416666666665 0.7719907407407407 0.3067708333333333 0.7719907407407407 0.30520833333333336 0.7729166666666667 0.3028645833333333 0.7733796296296296 0.3026041666666667 0.7738425925925926 0.30104166666666665 0.7738425925925926 0.30078125 0.7743055555555556 0.2989583333333333 0.7743055555555556 0.2986979166666667 0.7747685185185185 0.29609375 0.7756944444444445 0.2947916666666667 0.7756944444444445 0.29453125 0.7761574074074075 0.29322916666666665 0.7761574074074075 0.29296875 0.7766203703703703 0.2911458333333333 0.7766203703703703 0.2908854166666667 0.7770833333333333 0.28958333333333336 0.7770833333333333 0.28932291666666665 0.7775462962962963 0.28802083333333334 0.7775462962962963 0.2877604166666667 0.7780092592592592 0.2859375 0.7780092592592592 0.28567708333333336 0.7784722222222222 0.2833333333333333 0.7784722222222222 0.2830729166666667 0.7789351851851852 0.28125 0.7789351851851852 0.28098958333333335 0.7793981481481481 0.2796875 0.7793981481481481 0.2794270833333333 0.7798611111111111 0.2765625 0.7798611111111111 0.27630208333333334 0.7803240740740741 0.2747395833333333 0.7803240740740741 0.27447916666666666 0.780787037037037 0.27265625 0.78125 0.27239583333333334 0.781712962962963 0.27109375 0.781712962962963 0.2708333333333333 0.7821759259259259 0.26875 0.7821759259259259 0.26848958333333334 0.7826388888888889 0.2669270833333333 0.7826388888888889 0.26458333333333334 0.7840277777777778 0.26328125 0.7844907407407408 0.26145833333333335 0.7844907407407408 0.26119791666666664 0.7849537037037037 0.2596354166666667 0.7849537037037037 0.259375 0.7854166666666667 0.25755208333333335 0.7854166666666667 0.25729166666666664 0.7858796296296297 0.2552083333333333 0.7858796296296297 0.25494791666666666 0.7863425925925925 0.253125 0.7863425925925925 0.25286458333333334 0.7868055555555555 0.2513020833333333 0.7868055555555555 0.25104166666666666 0.7872685185185185 0.24921875 0.7872685185185185 0.24895833333333334 0.7877314814814815 0.24765625 0.7877314814814815 0.24557291666666667 0.7891203703703704 0.24427083333333333 0.7895833333333333 0.24140625 0.7895833333333333 0.24114583333333334 0.7900462962962963 0.23932291666666666 0.7900462962962963 0.2390625 0.7905092592592593 0.2375 0.7905092592592593 0.23723958333333334 0.7909722222222222 0.2359375 0.7909722222222222 0.23567708333333334 0.7914351851851852 0.234375 0.7914351851851852 0.23411458333333332 0.7918981481481482 0.2328125 0.7918981481481482 0.23255208333333333 0.7923611111111111 0.23125 0.7923611111111111 0.23098958333333333 0.7928240740740741 0.22890625 0.7928240740740741 0.22864583333333333 0.7932870370370371 0.22630208333333332 0.7932870370370371 0.22604166666666667 0.79375 0.22447916666666667 0.79375 0.22421875 0.794212962962963 0.221875 0.794212962962963 0.22161458333333334 0.794675925925926 0.22005208333333334 0.794675925925926 0.21901041666666668 0.7951388888888888 0.2171875 0.7965277777777777
12 0.2962239583333333 0.7046296296296297 0.18489583333333334 0.23842592592592593 0.22916666666666666 0.8238425925925926 0.22552083333333334 0.8238425925925926 0.22526041666666666 0.8233796296296296 0.22395833333333334 0.8233796296296296 0.22265625 0.8224537037037037 0.22135416666666666 0.8210648148148149 0.21953125 0.819675925925926 0.21640625 0.8159722222222222 0.21276041666666667 0.8127314814814814 0.21041666666666667 0.8104166666666667 0.20911458333333333 0.8099537037037037 0.20729166666666668 0.8081018518518519 0.20455729166666667 0.8032407407407407 0.20403645833333334 0.8013888888888889 0.20403645833333334 0.799074074074074 0.20377604166666666 0.7986111111111112 0.20377604166666666 0.7939814814814815 0.204296875 0.7912037037037037 0.20546875 0.7891203703703704 0.20677083333333332 0.7900462962962963 0.20807291666666666 0.7914351851851852 0.20872395833333332 0.7930555555555555 0.21067708333333332 0.7965277777777777 0.21276041666666667 0.7983796296296296 0.2140625 0.7979166666666667 0.21588541666666666 0.7979166666666667 0.21614583333333334 0.7974537037037037 0.21796875 0.7974537037037037 0.21822916666666667 0.7969907407407407 0.21979166666666666 0.7969907407407407 0.22005208333333334 0.7965277777777777 0.22135416666666666 0.7965277777777777 0.22161458333333334 0.7960648148148148 0.22291666666666668 0.7960648148148148 0.22317708333333333 0.7956018518518518 0.22447916666666667 0.7956018518518518 0.22473958333333333 0.7951388888888888 0.22630208333333332 0.7951388888888888 0.2265625 0.794675925925926 0.228125 0.794675925925926 0.22838541666666667 0.794212962962963 0.22994791666666667 0.794212962962963 0.23020833333333332 0.79375 0.23203125 0.79375 0.23229166666666667 0.7932870370370371 0.23359375 0.7932870370370371 0.23385416666666667 0.7928240740740741 0.23541666666666666 0.7928240740740741 0.23567708333333334 0.7923611111111111 0.23697916666666666 0.7923611111111111 0.23723958333333334 0.7918981481481482 0.23854166666666668 0.7918981481481482 0.23880208333333333 0.7914351851851852 0.24010416666666667 0.7914351851851852 0.24036458333333333 0.7909722222222222 0.24244791666666668 0.7909722222222222 0.24270833333333333 0.7905092592592593 0.24453125 0.7905092592592593 0.24609375 0.7895833333333333 0.24739583333333334 0.7895833333333333 0.24765625 0.7891203703703704 0.24895833333333334 0.7891203703703704 0.24921875 0.7886574074074074 0.25078125 0.7886574074074074 0.25104166666666666 0.7881944444444444 0.25286458333333334 0.7881944444444444 0.253125 0.7877314814814815 0.25494791666666666 0.7877314814814815 0.2552083333333333 0.7872685185185185 0.25677083333333334 0.7872685185185185 0.25703125 0.7868055555555555 0.25885416666666666 0.7868055555555555 0.2591145833333333 0.7863425925925925 0.2609375 0.7863425925925925 0.26119791666666664 0.7858796296296297 0.2625 0.7858796296296297 0.26276041666666666 0.7854166666666667 0.2640625 0.7854166666666667 0.2643229166666667 0.7849537037037037 0.26588541666666665 0.7849537037037037 0.2674479166666667 0.7840277777777778 0.26875 0.7840277777777778 0.26901041666666664 0.7835648148148148 0.2703125 0.7835648148148148 0.27057291666666666 0.7831018518518519 0.2721354166666667 0.7831018518518519 0.27239583333333334 0.7826388888888889 0.27369791666666665 0.7826388888888889 0.27395833333333336 0.7821759259259259 0.2752604166666667 0.7821759259259259 0.2755208333333333 0.781712962962963 0.27682291666666664 0.781712962962963 0.27708333333333335 0.78125 0.27890625 0.78125 0.2791666666666667 0.780787037037037 0.28072916666666664 0.780787037037037 0.28098958333333335 0.7803240740740741 0.28229166666666666 0.7803240740740741 0.2825520833333333 0.7798611111111111 0.28411458333333334 0.7798611111111111 0.28567708333333336 0.7789351851851852 0.2869791666666667 0.7789351851851852 0.2872395833333333 0.7784722222222222 0.2890625 0.7784722222222222 0.28932291666666665 0.7780092592592592 0.2911458333333333 0.7780092592592592 0.29270833333333335 0.7770833333333333 0.2950520833333333 0.7766203703703703 0.2953125 0.7761574074074075 0.29765625 0.7761574074074075 0.29791666666666666 0.7756944444444445 0.29973958333333334 0.7756944444444445 0.3 0.7752314814814815 0.30130208333333336 0.7752314814814815 0.3015625 0.7747685185185185 0.3033854166666667 0.7747685185185185 0.30364583333333334 0.7743055555555556 0.30494791666666665 0.7743055555555556 0.30520833333333336 0.7738425925925926 0.3067708333333333 0.7738425925925926 0.30703125 0.7733796296296296 0.30859375 0.7733796296296296 0.30885416666666665 0.7729166666666667 0.3104166666666667 0.7729166666666667 0.3106770833333333 0.7724537037037037 0.31197916666666664 0.7724537037037037 0.31223958333333335 0.7719907407407407 0.3138020833333333 0.7719907407407407 0.3140625 0.7715277777777778 0.31536458333333334 0.7715277777777778 0.315625 0.7710648148148148 0.31692708333333336 0.7710648148148148 0.3171875 0.7706018518518518 0.3184895833333333 0.7706018518518518 0.31875 0.7701388888888889 0.3203125 0.7701388888888889 0.32057291666666665 0.7696759259259259 0.3221354166666667 0.7696759259259259 0.3223958333333333 0.7692129629629629 0.32395833333333335 0.7692129629629629 0.32421875 0.76875 0.32578125 0.76875 0.3260416666666667 0.768287037037037 0.32734375 0.768287037037037 0.32760416666666664 0.767824074074074 0.32890625 0.767824074074074 0.32916666666666666 0.7673611111111112 0.33098958333333334 0.7673611111111112 0.33125 0.7668981481481482 0.3328125 0.7668981481481482 0.33307291666666666 0.7664351851851852 0.3346354166666667 0.7664351851851852 0.33489583333333334 0.7659722222222223 0.33697916666666666 0.7659722222222223 0.3372395833333333 0.7655092592592593 0.33880208333333334 0.7655092592592593 0.3390625 0.7650462962962963 0.340625 0.7650462962962963 0.34088541666666666 0.7645833333333333 0.3424479166666667 0.7645833333333333 0.34270833333333334 0.7641203703703704 0.34427083333333336 0.7641203703703704 0.34453125 0.7636574074074074 0.34609375 0.7636574074074074 0.3463541666666667 0.7631944444444444 0.34791666666666665 0.7631944444444444 0.34817708333333336 0.7627314814814815 0.35 0.7627314814814815 0.3502604166666667 0.7622685185185185 0.35208333333333336 0.7622685185185185 0.35234375 0.7618055555555555 0.35390625 0.7618055555555555 0.3541666666666667 0.7613425925925926 0.35598958333333336 0.7613425925925926 0.3572916666666667 0.7608796296296296 0.35911458333333335 0.7594907407407407 0.3606770833333333 0.7576388888888889 0.36236979166666666 0.7546296296296297 0.3631510416666667 0.7527777777777778 0.36419270833333334 0.7476851851851852 0.364453125 0.7472222222222222 0.364453125 0.7449074074074075 0.36471354166666664 0.7444444444444445 0.36471354166666664 0.7416666666666667 0.36497395833333335 0.7412037037037037 0.36497395833333335 0.7384259259259259 0.365234375 0.7361111111111112 0.36575520833333336 0.7337962962962963 0.36575520833333336 0.7314814814814815 0.366015625 0.7310185185185185 0.366015625 0.7277777777777777 0.36627604166666666 0.7273148148148149 0.36627604166666666 0.7240740740740741 0.3665364583333333 0.7236111111111111 0.3665364583333333 0.7194444444444444 0.366796875 0.7189814814814814 0.366796875 0.7148148148148148 0.3670572916666667 0.7143518518518519 0.3670572916666667 0.7101851851851851 0.3673177083333333 0.7097222222222223 0.3673177083333333 0.7060185185185185 0.367578125 0.7055555555555556 0.367578125 0.7018518518518518 0.3678385416666667 0.7013888888888888 0.3678385416666667 0.6972222222222222 0.36809895833333334 0.6967592592592593 0.36809895833333334 0.6939814814814815 0.368359375 0.6935185185185185 0.368359375 0.6907407407407408 0.36861979166666664 0.6902777777777778 0.36861979166666664 0.687962962962963 0.36888020833333335 0.6875 0.36888020833333335 0.6842592592592592 0.369140625 0.6837962962962963 0.369140625 0.6800925925925926 0.36940104166666665 0.6796296296296296 0.36940104166666665 0.6759259259259259 0.36966145833333336 0.6754629629629629 0.36966145833333336 0.6722222222222223 0.369921875 0.6717592592592593 0.369921875 0.6689814814814815 0.37018229166666666 0.6685185185185185 0.37018229166666666 0.6657407407407407 0.3704427083333333 0.6652777777777777 0.3704427083333333 0.6625 0.370703125 0.6620370370370371 0.370703125 0.6597222222222222 0.3709635416666667 0.6592592592592592 0.3709635416666667 0.6564814814814814 0.3712239583333333 0.6560185185185186 0.3712239583333333 0.6527777777777778 0.371484375 0.6523148148148148 0.371484375 0.649537037037037 0.3717447916666667 0.649074074074074 0.3717447916666667 0.6467592592592593 0.37200520833333334 0.6462962962962963 0.37200520833333334 0.6435185185185185 0.372265625 0.6430555555555556 0.372265625 0.6398148148148148 0.37252604166666664 0.6393518518518518 0.37252604166666664 0.6370370370370371 0.37278645833333335 0.6365740740740741 0.37278645833333335 0.6337962962962963 0.373046875 0.6333333333333333 0.373046875 0.6305555555555555 0.37330729166666665 0.6300925925925925 0.37330729166666665 0.6263888888888889 0.37356770833333336 0.6259259259259259 0.37356770833333336 0.6226851851851852 0.373828125 0.6222222222222222 0.373828125 0.6194444444444445 0.37408854166666666 0.6189814814814815 0.37408854166666666 0.6162037037037037 0.3743489583333333 0.6157407407407407 0.3743489583333333 0.611574074074074 0.374609375 0.6111111111111112 0.374609375 0.6046296296296296 0.3748697916666667 0.6041666666666666 0.3748697916666667 0.5995370370370371 0.374609375 0.5990740740740741 0.37408854166666666 0.5949074074074074 0.37356770833333336 0.5935185185185186 0.37330729166666665 0.5893518518518519 0.37278645833333335 0.5875 0.37395833333333334 0.5858796296296296 0.37526041666666665 0.5854166666666667 0.3765625 0.5854166666666667 0.3770833333333333 0.5858796296296296 0.37864583333333335 0.5886574074074075 0.38033854166666664 0.5902777777777778 0.38138020833333336 0.5925925925925926 0.3821614583333333 0.5953703703703703 0.3834635416666667 0.5981481481481481 0.38528645833333336 0.6032407407407407 0.385546875 0.6046296296296296 0.3868489583333333 0.6069444444444444 0.387890625 0.6101851851851852 0.38841145833333335 0.6148148148148148 0.388671875 0.6152777777777778 0.38841145833333335 0.6175925925925926 0.38841145833333335 0.6263888888888889 0.38815104166666664 0.6268518518518519 0.38815104166666664 0.6319444444444444 0.387890625 0.6324074074074074 0.387890625 0.6356481481481482 0.38763020833333334 0.6361111111111111 0.38763020833333334 0.6388888888888888 0.3873697916666667 0.6393518518518518 0.3873697916666667 0.6425925925925926 0.387109375 0.6430555555555556 0.387109375 0.6462962962962963 0.3868489583333333 0.6467592592592593 0.3868489583333333 0.6504629629629629 0.3865885416666667 0.6509259259259259 0.3865885416666667 0.6550925925925926 0.386328125 0.6555555555555556 0.386328125 0.6597222222222222 0.3860677083333333 0.6601851851851852 0.3860677083333333 0.6638888888888889 0.38580729166666666 0.6643518518518519 0.38580729166666666 0.6675925925925926 0.385546875 0.6680555555555555 0.385546875 0.6722222222222223 0.38528645833333336 0.6726851851851852 0.38528645833333336 0.6768518518518518 0.38502604166666665 0.6773148148148148 0.38502604166666665 0.6800925925925926 0.384765625 0.6805555555555556 0.384765625 0.6847222222222222 0.38450520833333335 0.6851851851851852 0.38450520833333335 0.6912037037037037 0.38424479166666664 0.6916666666666667 0.38424479166666664 0.6949074074074074 0.383984375 0.6953703703703704 0.383984375 0.6986111111111111 0.38372395833333334 0.6990740740740741 0.38372395833333334 0.7023148148148148 0.3834635416666667 0.7027777777777777 0.3834635416666667 0.7060185185185185 0.383203125 0.7064814814814815 0.383203125 0.7101851851851851 0.3829427083333333 0.7106481481481481 0.3829427083333333 0.7143518518518519 0.3826822916666667 0.7148148148148148 0.3826822916666667 0.7180555555555556 0.382421875 0.7185185185185186 0.382421875 0.7222222222222222 0.3821614583333333 0.7226851851851852 0.3821614583333333 0.7263888888888889 0.38190104166666666 0.7268518518518519 0.38190104166666666 0.7291666666666666 0.381640625 0.7296296296296296 0.381640625 0.7333333333333333 0.38138020833333336 0.7337962962962963 0.38138020833333336 0.737037037037037 0.38111979166666665 0.7375 0.38111979166666665 0.7402777777777778 0.380859375 0.7407407407407407 0.380859375 0.7439814814814815 0.38059895833333335 0.7444444444444445 0.38059895833333335 0.7490740740740741 0.38033854166666664 0.749537037037037 0.38033854166666664 0.7541666666666667 0.380078125 0.7546296296296297 0.380078125 0.7606481481481482 0.37981770833333334 0.7611111111111111 0.37981770833333334 0.763425925925926 0.3795572916666667 0.7638888888888888 0.3795572916666667 0.7666666666666667 0.379296875 0.7671296296296296 0.379296875 0.7694444444444445 0.3790364583333333 0.7699074074074074 0.3787760416666667 0.7736111111111111 0.37747395833333336 0.7777777777777778 0.37473958333333335 0.7826388888888889 0.3734375 0.7844907407407408 0.3723958333333333 0.7854166666666667 0.37161458333333336 0.7854166666666667 0.3690104166666667 0.7872685185185185 0.36744791666666665 0.7872685185185185 0.3671875 0.7877314814814815 0.3653645833333333 0.7877314814814815 0.3651041666666667 0.7881944444444444 0.36380208333333336 0.7881944444444444 0.36223958333333334 0.7891203703703704 0.3606770833333333 0.7891203703703704 0.36041666666666666 0.7895833333333333 0.35885416666666664 0.7895833333333333 0.35859375 0.7900462962962963 0.35703125 0.7900462962962963 0.3567708333333333 0.7905092592592593 0.35520833333333335 0.7905092592592593 0.35494791666666664 0.7909722222222222 0.353125 0.7909722222222222 0.3528645833333333 0.7914351851851852 0.35130208333333335 0.7914351851851852 0.35104166666666664 0.7918981481481482 0.3494791666666667 0.7918981481481482 0.34921875 0.7923611111111111 0.34765625 0.7923611111111111 0.34739583333333335 0.7928240740740741 0.34609375 0.7928240740740741 0.3458333333333333 0.7932870370370371 0.34453125 0.7932870370370371 0.34427083333333336 0.79375 0.34296875 0.79375 0.34270833333333334 0.794212962962963 0.34088541666666666 0.794212962962963 0.340625 0.794675925925926 0.33828125 0.794675925925926 0.3380208333333333 0.7951388888888888 0.33671875 0.7951388888888888 0.33515625 0.7960648148148148 0.33359375 0.7960648148148148 0.3333333333333333 0.7965277777777777 0.33177083333333335 0.7965277777777777 0.3302083333333333 0.7974537037037037 0.32864583333333336 0.7974537037037037 0.32838541666666665 0.7979166666666667 0.3265625 0.7979166666666667 0.3263020833333333 0.7983796296296296 0.325 0.7983796296296296 0.32473958333333336 0.7988425925925926 0.32317708333333334 0.7988425925925926 0.3229166666666667 0.7993055555555556 0.3216145833333333 0.7993055555555556 0.32135416666666666 0.7997685185185185 0.31979166666666664 0.7997685185185185 0.31953125 0.8002314814814815 0.31796875 0.8002314814814815 0.3177083333333333 0.8006944444444445 0.31640625 0.8006944444444445 0.31614583333333335 0.8011574074074074 0.3145833333333333 0.8011574074074074 0.3143229166666667 0.8016203703703704 0.31223958333333335 0.8016203703703704 0.31197916666666664 0.8020833333333334 0.3104166666666667 0.8020833333333334 0.31015625 0.8025462962962963 0.30885416666666665 0.8025462962962963 0.30859375 0.8030092592592593 0.30703125 0.8030092592592593 0.3067708333333333 0.8034722222222223 0.30520833333333336 0.8034722222222223 0.30494791666666665 0.8039351851851851 0.3033854166666667 0.8039351851851851 0.303125 0.8043981481481481 0.3015625 0.8043981481481481 0.30130208333333336 0.8048611111111111 0.29973958333333334 0.8048611111111111 0.2994791666666667 0.805324074074074 0.29791666666666666 0.805324074074074 0.29765625 0.805787037037037 0.29609375 0.805787037037037 0.29583333333333334 0.80625 0.29453125 0.80625 0.2942708333333333 0.8067129629629629 0.29270833333333335 0.8067129629629629 0.29244791666666664 0.8071759259259259 0.2911458333333333 0.8071759259259259 0.28958333333333336 0.8081018518518519 0.28828125 0.8081018518518519 0.28802083333333334 0.8085648148148148 0.2864583333333333 0.8085648148148148 0.28619791666666666 0.8090277777777778 0.28411458333333334 0.8090277777777778 0.2838541666666667 0.8094907407407408 0.2825520833333333 0.8094907407407408 0.28229166666666666 0.8099537037037037 0.28046875 0.8099537037037037 0.28020833333333334 0.8104166666666667 0.27890625 0.8104166666666667 0.2786458333333333 0.8108796296296297 0.2765625 0.8108796296296297 0.27630208333333334 0.8113425925925926 0.275 0.8113425925925926 0.2747395833333333 0.8118055555555556 0.2734375 0.8118055555555556 0.271875 0.8127314814814814 0.27057291666666666 0.8127314814814814 0.2703125 0.8131944444444444 0.26901041666666664 0.8131944444444444 0.26875 0.8136574074074074 0.2674479166666667 0.8136574074074074 0.2671875 0.8141203703703703 0.26510416666666664 0.8141203703703703 0.26484375 0.8145833333333333 0.26328125 0.8145833333333333 0.2630208333333333 0.8150462962962963 0.2609375 0.8150462962962963 0.26067708333333334 0.8155092592592592 0.2591145833333333 0.8155092592592592 0.2578125 0.8164351851851852 0.2565104166666667 0.8168981481481481 0.25494791666666666 0.8168981481481481 0.2546875 0.8173611111111111 0.25338541666666664 0.8173611111111111 0.253125 0.8178240740740741 0.2518229166666667 0.8178240740740741 0.2515625 0.8182870370370371 0.24921875 0.8182870370370371 0.24895833333333334 0.81875 0.246875 0.81875 0.24661458333333333 0.819212962962963 0.24453125 0.819212962962963 0.24427083333333333 0.819675925925926 0.24296875 0.819675925925926 0.24270833333333333 0.8201388888888889 0.24140625 0.8201388888888889 0.23984375 0.8210648148148149 0.23828125 0.8210648148148149 0.23802083333333332 0.8215277777777777 0.23671875 0.8215277777777777 0.23645833333333333 0.8219907407407407 0.23463541666666668 0.8219907407407407 0.234375 0.8224537037037037 0.23255208333333333 0.8224537037037037 0.23229166666666667 0.8229166666666666 0.23098958333333333 0.8229166666666666 0.23072916666666668 0.8233796296296296 0.22942708333333334 0.8233796296296296 0.22916666666666666 0.8238425925925926
4 0.10032552083333333 0.7504629629629629 0.20065104166666667 0.3671296296296297 0.0 0.756712962962963 0.0013020833333333333 0.756712962962963 0.0016927083333333334 0.7560185185185185 0.0024739583333333332 0.7532407407407408 0.0024739583333333332 0.7518518518518519 0.002994791666666667 0.749537037037037 0.004296875 0.7462962962962963 0.005078125 0.7449074074074075 0.006119791666666667 0.7412037037037037 0.006119791666666667 0.7402777777777778 0.008203125 0.7342592592592593 0.009244791666666667 0.7319444444444444 0.011067708333333334 0.725 0.012109375 0.7222222222222222 0.013671875 0.7194444444444444 0.014192708333333333 0.7180555555555556 0.014453125 0.7157407407407408 0.016276041666666668 0.7097222222222223 0.018098958333333335 0.7060185185185185 0.018619791666666666 0.7032407407407407 0.019401041666666667 0.700462962962963 0.021484375 0.6953703703703704 0.022005208333333335 0.6930555555555555 0.023828125 0.687037037037037 0.024609375 0.6856481481481481 0.025911458333333335 0.6824074074074075 0.026432291666666666 0.6800925925925926 0.027473958333333333 0.6777777777777778 0.028776041666666665 0.6736111111111112 0.029817708333333335 0.6712962962962963 0.030078125 0.6699074074074074 0.031119791666666667 0.6675925925925926 0.03268229166666667 0.662962962962963 0.03372395833333333 0.6606481481481481 0.034765625 0.6569444444444444 0.03502604166666667 0.6550925925925926 0.035807291666666664 0.6527777777777778 0.037369791666666666 0.649074074074074 0.037890625 0.6467592592592593 0.03919270833333333 0.6439814814814815 0.039713541666666664 0.6421296296296296 0.04049479166666667 0.6407407407407407 0.040755208333333334 0.6393518518518518 0.041796875 0.6370370370370371 0.04283854166666667 0.6337962962962963 0.04309895833333333 0.6324074074074074 0.044661458333333334 0.6287037037037037 0.046223958333333336 0.6236111111111111 0.04778645833333333 0.6203703703703703 0.04778645833333333 0.6199074074074075 0.050130208333333336 0.6134259259259259 0.050390625 0.612037037037037 0.051432291666666664 0.6092592592592593 0.052473958333333334 0.6074074074074074 0.054296875 0.6018518518518519 0.05455729166666667 0.600462962962963 0.05625 0.5974537037037037 0.05703125 0.5965277777777778 0.06041666666666667 0.59375 0.06276041666666667 0.5928240740740741 0.06380208333333333 0.5918981481481481 0.06458333333333334 0.5918981481481481 0.065625 0.5909722222222222 0.06822916666666666 0.5900462962962963 0.06979166666666667 0.5900462962962963 0.07005208333333333 0.5895833333333333 0.07161458333333333 0.5895833333333333 0.071875 0.5891203703703703 0.0734375 0.5891203703703703 0.07369791666666667 0.5886574074074075 0.07526041666666666 0.5886574074074075 0.07552083333333333 0.5881944444444445 0.07734375 0.5881944444444445 0.07760416666666667 0.5877314814814815 0.0796875 0.5877314814814815 0.08125 0.5868055555555556 0.08359375 0.5863425925925926 0.08515625 0.5849537037037037 0.0859375 0.5849537037037037 0.08723958333333333 0.5840277777777778 0.08854166666666667 0.5840277777777778 0.08880208333333334 0.5835648148148148 0.09036458333333333 0.5835648148148148 0.090625 0.5831018518518518 0.0921875 0.5831018518518518 0.09244791666666667 0.5826388888888889 0.0953125 0.5826388888888889 0.09557291666666666 0.5821759259259259 0.09713541666666667 0.5821759259259259 0.09739583333333333 0.5817129629629629 0.09921875 0.5817129629629629 0.09947916666666666 0.58125 0.1015625 0.58125 0.10182291666666667 0.580787037037037 0.1046875 0.580787037037037 0.10494791666666667 0.580324074074074 0.10703125 0.580324074074074 0.11015625 0.5784722222222223 0.11145833333333334 0.5784722222222223 0.11171875 0.5780092592592593 0.1140625 0.5775462962962963 0.11640625 0.5761574074074074 0.11822916666666666 0.5756944444444444 0.11848958333333333 0.5752314814814815 0.11979166666666667 0.5752314814814815 0.12005208333333334 0.5747685185185185 0.12239583333333333 0.5747685185185185 0.12265625 0.5743055555555555 0.12473958333333333 0.5743055555555555 0.125 0.5738425925925926 0.1265625 0.5738425925925926 0.12682291666666667 0.5733796296296296 0.128125 0.5733796296296296 0.12838541666666667 0.5729166666666666 0.1296875 0.5729166666666666 0.13255208333333332 0.5715277777777777 0.13385416666666666 0.5715277777777777 0.13411458333333334 0.5710648148148149 0.13567708333333334 0.5710648148148149 0.1359375 0.5706018518518519 0.13723958333333333 0.5706018518518519 0.1375 0.5701388888888889 0.13880208333333333 0.5701388888888889 0.1390625 0.569675925925926 0.14036458333333332 0.569675925925926 0.14192708333333334 0.56875 0.14322916666666666 0.56875 0.14348958333333334 0.5682870370370371 0.14505208333333333 0.5682870370370371 0.1453125 0.5678240740740741 0.146875 0.5678240740740741 0.14713541666666666 0.5673611111111111 0.14869791666666668 0.5673611111111111 0.14895833333333333 0.5668981481481481 0.15286458333333333 0.5668981481481481 0.15494791666666666 0.5678240740740741 0.15625 0.569212962962963 0.15846354166666668 0.5722222222222222 0.158984375 0.5736111111111111 0.15872395833333333 0.575925925925926 0.15872395833333333 0.5787037037037037 0.15846354166666668 0.5796296296296296 0.15572916666666667 0.5844907407407407 0.15546875 0.5844907407407407 0.15377604166666667 0.5875 0.152734375 0.5916666666666667 0.15169270833333334 0.5939814814814814 0.151171875 0.5967592592592592 0.15065104166666668 0.5981481481481481 0.15065104166666668 0.6023148148148149 0.151171875 0.6037037037037037 0.15169270833333334 0.6064814814814815 0.153515625 0.6097222222222223 0.154296875 0.612037037037037 0.155859375 0.6148148148148148 0.157421875 0.6189814814814815 0.15768229166666667 0.6217592592592592 0.15638020833333333 0.624537037037037 0.15638020833333333 0.625 0.15403645833333332 0.6291666666666667 0.15325520833333334 0.6319444444444444 0.152734375 0.6361111111111111 0.15221354166666667 0.6388888888888888 0.15065104166666668 0.6444444444444445 0.15065104166666668 0.6453703703703704 0.14986979166666667 0.6476851851851851 0.149609375 0.6504629629629629 0.14908854166666666 0.6527777777777778 0.14596354166666667 0.6615740740740741 0.14544270833333334 0.6638888888888889 0.14518229166666666 0.6662037037037037 0.14388020833333334 0.6703703703703704 0.14361979166666666 0.6726851851851852 0.142578125 0.6768518518518518 0.141796875 0.6791666666666667 0.141796875 0.6805555555555556 0.14127604166666666 0.6833333333333333 0.140234375 0.687037037037037 0.138671875 0.6898148148148148 0.13815104166666667 0.6912037037037037 0.13763020833333334 0.6944444444444444 0.137109375 0.6962962962962963 0.137109375 0.6976851851851852 0.13658854166666667 0.6995370370370371 0.13658854166666667 0.700925925925926 0.13580729166666666 0.7032407407407407 0.13528645833333333 0.7060185185185185 0.13528645833333333 0.7087962962962963 0.13502604166666668 0.7111111111111111 0.13528645833333333 0.7125 0.13658854166666667 0.7148148148148148 0.13736979166666666 0.7171296296296297 0.1390625 0.7196759259259259 0.14088541666666668 0.7210648148148148 0.14244791666666667 0.7229166666666667 0.14388020833333334 0.725462962962963 0.14440104166666667 0.7277777777777777 0.14557291666666666 0.7298611111111111 0.14609375 0.7298611111111111 0.1484375 0.732175925925926 0.15104166666666666 0.7340277777777777 0.15260416666666668 0.7354166666666667 0.15338541666666666 0.7354166666666667 0.15572916666666667 0.7372685185185185 0.15703125 0.7386574074074074 0.15989583333333332 0.742824074074074 0.16119791666666666 0.74375 0.16302083333333334 0.7460648148148148 0.16484375 0.7474537037037037 0.16640625 0.7479166666666667 0.16927083333333334 0.7502314814814814 0.17213541666666668 0.7539351851851852 0.1734375 0.75625 0.17526041666666667 0.7581018518518519 0.17604166666666668 0.7594907407407407 0.17760416666666667 0.7613425925925926 0.178125 0.7613425925925926 0.17942708333333332 0.7627314814814815 0.18072916666666666 0.7636574074074074 0.18203125 0.7641203703703704 0.18411458333333333 0.7664351851851852 0.18515625 0.768287037037037 0.18671875 0.7692129629629629 0.18841145833333334 0.7717592592592593 0.18932291666666667 0.7738425925925926 0.19088541666666667 0.7752314814814815 0.19270833333333334 0.7756944444444445 0.19401041666666666 0.7766203703703703 0.19557291666666668 0.7784722222222222 0.19635416666666666 0.7789351851851852 0.19856770833333334 0.7828703703703703 0.19934895833333333 0.7851851851851852 0.200390625 0.7870370370370371 0.20065104166666667 0.7893518518518519 0.200390625 0.7898148148148149 0.200390625 0.7939814814814815 0.199609375 0.7986111111111112 0.19856770833333334 0.8027777777777778 0.19856770833333334 0.8037037037037037 0.19752604166666668 0.8074074074074075 0.197265625 0.8097222222222222 0.195703125 0.8171296296296297 0.19466145833333334 0.8203703703703704 0.19440104166666666 0.8226851851851852 0.19388020833333333 0.8245370370370371 0.19388020833333333 0.825925925925926 0.19283854166666667 0.8296296296296296 0.19283854166666667 0.8305555555555556 0.19205729166666666 0.8328703703703704 0.191796875 0.8356481481481481 0.19153645833333333 0.8361111111111111 0.190234375 0.8430555555555556 0.190234375 0.8439814814814814 0.18841145833333334 0.85 0.18841145833333334 0.850925925925926 0.18658854166666666 0.8592592592592593 0.186328125 0.8625 0.18606770833333333 0.8629629629629629 0.18580729166666668 0.8662037037037037 0.185546875 0.8666666666666667 0.18502604166666667 0.8717592592592592 0.18424479166666666 0.8736111111111111 0.183984375 0.875462962962963 0.183203125 0.8787037037037037 0.18268229166666666 0.8837962962962963 0.18216145833333333 0.8865740740740741 0.18111979166666667 0.8898148148148148 0.18033854166666666 0.8949074074074074 0.17903645833333334 0.9 0.17708333333333334 0.9043981481481481 0.17682291666666666 0.9043981481481481 0.17447916666666666 0.9081018518518519 0.17005208333333333 0.9122685185185185 0.16901041666666666 0.9127314814814815 0.16744791666666667 0.9127314814814815 0.1671875 0.9131944444444444 0.16588541666666667 0.9131944444444444 0.16458333333333333 0.9141203703703704 0.16328125 0.9141203703703704 0.16302083333333334 0.9145833333333333 0.16145833333333334 0.9145833333333333 0.16119791666666666 0.9150462962962963 0.15885416666666666 0.9150462962962963 0.15859375 0.9155092592592593 0.15729166666666666 0.9155092592592593 0.15703125 0.9159722222222222 0.15572916666666667 0.9159722222222222 0.15546875 0.9164351851851852 0.15416666666666667 0.9164351851851852 0.15390625 0.9168981481481482 0.15208333333333332 0.9168981481481482 0.15182291666666667 0.9173611111111111 0.15 0.9173611111111111 0.14973958333333334 0.9178240740740741 0.1484375 0.9178240740740741 0.146875 0.91875 0.14453125 0.91875 0.14427083333333332 0.919212962962963 0.14192708333333334 0.919212962962963 0.14166666666666666 0.919675925925926 0.14036458333333332 0.919675925925926 0.13880208333333333 0.9206018518518518 0.1375 0.9206018518518518 0.13723958333333333 0.9210648148148148 0.1359375 0.9210648148148148 0.13567708333333334 0.9215277777777777 0.134375 0.9215277777777777 0.13411458333333334 0.9219907407407407 0.13255208333333332 0.9219907407407407 0.13229166666666667 0.9224537037037037 0.13098958333333333 0.9224537037037037 0.13072916666666667 0.9229166666666667 0.12916666666666668 0.9229166666666667 0.12890625 0.9233796296296296 0.12734375 0.9233796296296296 0.12708333333333333 0.9238425925925926 0.12552083333333333 0.9238425925925926 0.12526041666666668 0.9243055555555556 0.12369791666666667 0.9243055555555556 0.1234375 0.9247685185185185 0.121875 0.9247685185185185 0.12161458333333333 0.9252314814814815 0.1203125 0.9252314814814815 0.12005208333333334 0.9256944444444445 0.11875 0.9256944444444445 0.11848958333333333 0.9261574074074074 0.11588541666666667 0.9261574074074074 0.115625 0.9266203703703704 0.11380208333333333 0.9266203703703704 0.11354166666666667 0.9270833333333334 0.11171875 0.9270833333333334 0.11145833333333334 0.9275462962962963 0.11015625 0.9275462962962963 0.10989583333333333 0.9280092592592593 0.1078125 0.9280092592592593 0.10755208333333334 0.9284722222222223 0.10572916666666667 0.9284722222222223 0.10546875 0.9289351851851851 0.10364583333333334 0.9289351851851851 0.10338541666666666 0.9293981481481481 0.10182291666666667 0.9293981481481481 0.1015625 0.9298611111111111 0.10026041666666667 0.9298611111111111 0.1 0.930324074074074 0.0984375 0.930324074074074 0.09817708333333333 0.930787037037037 0.09661458333333334 0.930787037037037 0.09635416666666667 0.93125 0.09453125 0.93125 0.09427083333333333 0.9317129629629629 0.09270833333333334 0.9317129629629629 0.09244791666666667 0.9321759259259259 0.09010416666666667 0.9321759259259259 0.08984375 0.9326388888888889 0.08776041666666666 0.9326388888888889 0.0875 0.9331018518518519 0.08541666666666667 0.9331018518518519 0.08515625 0.9335648148148148 0.08229166666666667 0.9335648148148148 0.08203125 0.9340277777777778 0.07942708333333333 0.9340277777777778 0.07916666666666666 0.9335648148148148 0.07760416666666667 0.9335648148148148 0.07734375 0.9331018518518519 0.07604166666666666 0.9331018518518519 0.07578125 0.9326388888888889 0.07369791666666667 0.9317129629629629 0.07265625 0.9317129629629629 0.07057291666666667 0.930324074074074 0.06979166666666667 0.930324074074074 0.06875 0.9293981481481481 0.06796875 0.9293981481481481 0.065625 0.9280092592592593 0.06458333333333334 0.9280092592592593 0.06276041666666667 0.9266203703703704 0.05963541666666667 0.9247685185185185 0.05755208333333333 0.9238425925925926 0.054947916666666666 0.9219907407407407 0.05260416666666667 0.9210648148148148 0.05 0.919212962962963 0.04921875 0.919212962962963 0.04739583333333333 0.9178240740740741 0.0453125 0.9173611111111111 0.042708333333333334 0.9164351851851852 0.04244791666666667 0.9159722222222222 0.04088541666666667 0.9155092592592593 0.03958333333333333 0.9141203703703704 0.0390625 0.9141203703703704 0.03802083333333333 0.9127314814814815 0.0375 0.9127314814814815 0.03619791666666667 0.9113425925925925 0.034895833333333334 0.9104166666666667 0.0328125 0.9094907407407408 0.031510416666666666 0.9081018518518519 0.0296875 0.9071759259259259 0.028385416666666666 0.905787037037037 0.026822916666666665 0.9048611111111111 0.024479166666666666 0.9039351851851852 0.0234375 0.9030092592592592 0.02265625 0.9030092592592592 0.021614583333333333 0.9020833333333333 0.020833333333333332 0.9020833333333333 0.01953125 0.9011574074074075 0.0171875 0.9002314814814815 0.014322916666666666 0.8979166666666667 0.01171875 0.8956018518518518 0.010416666666666666 0.8946759259259259 0.008854166666666666 0.8942129629629629 0.00546875 0.8918981481481482 0.004427083333333333 0.8909722222222223 0.003125 0.8905092592592593 0.0018229166666666667 0.8895833333333333 0.0 0.8895833333333333
12 0.26471354166666666 0.9438657407407407 0.20520833333333333 0.1113425925925926 0.163671875 0.999537037037037 0.162109375 0.9972222222222222 0.162109375 0.9944444444444445 0.16236979166666668 0.9939814814814815 0.16236979166666668 0.9916666666666667 0.16315104166666666 0.987037037037037 0.163671875 0.9851851851851852 0.16393229166666667 0.9824074074074074 0.16471354166666666 0.9800925925925926 0.16471354166666666 0.9791666666666666 0.166015625 0.9745370370370371 0.16627604166666668 0.9722222222222222 0.16809895833333333 0.9662037037037037 0.16888020833333334 0.961574074074074 0.16888020833333334 0.9601851851851851 0.16966145833333332 0.9574074074074074 0.17018229166666668 0.9537037037037037 0.170703125 0.9523148148148148 0.171484375 0.9472222222222222 0.17252604166666666 0.9439814814814815 0.17330729166666667 0.9402777777777778 0.17565104166666667 0.9361111111111111 0.17643229166666666 0.9333333333333333 0.17864583333333334 0.9293981481481481 0.17890625 0.9293981481481481 0.18098958333333334 0.9261574074074074 0.18255208333333334 0.9252314814814815 0.18333333333333332 0.9243055555555556 0.1859375 0.9229166666666667 0.1890625 0.9229166666666667 0.18932291666666667 0.9224537037037037 0.19088541666666667 0.9224537037037037 0.19244791666666666 0.9215277777777777 0.19401041666666666 0.9215277777777777 0.19427083333333334 0.9210648148148148 0.19609375 0.9210648148148148 0.19635416666666666 0.9206018518518518 0.19895833333333332 0.9206018518518518 0.19921875 0.9201388888888888 0.20130208333333333 0.9201388888888888 0.2015625 0.919675925925926 0.203125 0.919675925925926 0.20338541666666668 0.919212962962963 0.2046875 0.919212962962963 0.20494791666666667 0.91875 0.20703125 0.91875 0.20729166666666668 0.9182870370370371 0.20911458333333333 0.9182870370370371 0.209375 0.9178240740740741 0.21197916666666666 0.9178240740740741 0.21223958333333334 0.9173611111111111 0.2140625 0.9173611111111111 0.21432291666666667 0.9168981481481482 0.21588541666666666 0.9168981481481482 0.21614583333333334 0.9164351851851852 0.21744791666666666 0.9164351851851852 0.21901041666666668 0.9155092592592593 0.2203125 0.9155092592592593 0.22057291666666667 0.9150462962962963 0.22213541666666667 0.9150462962962963 0.22369791666666666 0.9141203703703704 0.225 0.9141203703703704 0.22526041666666666 0.9136574074074074 0.22760416666666666 0.9136574074074074 0.22786458333333334 0.9131944444444444 0.23020833333333332 0.9131944444444444 0.23046875 0.9127314814814815 0.23177083333333334 0.9127314814814815 0.23203125 0.9122685185185185 0.23333333333333334 0.9122685185185185 0.23359375 0.9118055555555555 0.2359375 0.9118055555555555 0.23619791666666667 0.9113425925925925 0.23854166666666668 0.9113425925925925 0.23880208333333333 0.9108796296296297 0.240625 0.9108796296296297 0.24088541666666666 0.9104166666666667 0.24296875 0.9104166666666667 0.24322916666666666 0.9099537037037037 0.2453125 0.9099537037037037 0.24557291666666667 0.9094907407407408 0.24713541666666666 0.9094907407407408 0.24739583333333334 0.9090277777777778 0.24921875 0.9090277777777778 0.24947916666666667 0.9085648148148148 0.2515625 0.9085648148148148 0.2518229166666667 0.9081018518518519 0.25338541666666664 0.9081018518518519 0.25625 0.906712962962963 0.2591145833333333 0.906712962962963 0.259375 0.90625 0.26145833333333335 0.90625 0.26171875 0.905787037037037 0.2630208333333333 0.905787037037037 0.26328125 0.9053240740740741 0.26510416666666664 0.9053240740740741 0.26536458333333335 0.9048611111111111 0.26796875 0.9048611111111111 0.2682291666666667 0.9043981481481481 0.27005208333333336 0.9043981481481481 0.2703125 0.9039351851851852 0.2721354166666667 0.9039351851851852 0.27239583333333334 0.9034722222222222 0.2747395833333333 0.9034722222222222 0.275 0.9030092592592592 0.27708333333333335 0.9030092592592592 0.27734375 0.9025462962962963 0.27890625 0.9025462962962963 0.2791666666666667 0.9020833333333333 0.28072916666666664 0.9020833333333333 0.28098958333333335 0.9016203703703703 0.2825520833333333 0.9016203703703703 0.2828125 0.9011574074074075 0.28463541666666664 0.9011574074074075 0.28489583333333335 0.9006944444444445 0.28671875 0.9006944444444445 0.2869791666666667 0.9002314814814815 0.28828125 0.9002314814814815 0.28854166666666664 0.8997685185185185 0.29010416666666666 0.8997685185185185 0.2903645833333333 0.8993055555555556 0.29270833333333335 0.8993055555555556 0.29296875 0.8988425925925926 0.2950520833333333 0.8988425925925926 0.2953125 0.8983796296296296 0.296875 0.8983796296296296 0.29713541666666665 0.8979166666666667 0.29921875 0.8979166666666667 0.2994791666666667 0.8974537037037037 0.3015625 0.8974537037037037 0.30182291666666666 0.8969907407407407 0.30442708333333335 0.8969907407407407 0.3046875 0.8965277777777778 0.30703125 0.8965277777777778 0.3072916666666667 0.8960648148148148 0.30911458333333336 0.8960648148148148 0.309375 0.8956018518518518 0.31171875 0.8956018518518518 0.31197916666666664 0.8951388888888889 0.3143229166666667 0.8951388888888889 0.3145833333333333 0.8946759259259259 0.31640625 0.8946759259259259 0.31666666666666665 0.8942129629629629 0.31796875 0.8942129629629629 0.3182291666666667 0.89375 0.31953125 0.89375 0.31979166666666664 0.893287037037037 0.32109375 0.893287037037037 0.32135416666666666 0.892824074074074 0.3234375 0.892824074074074 0.32369791666666664 0.8923611111111112 0.32578125 0.8923611111111112 0.3260416666666667 0.8918981481481482 0.328125 0.8918981481481482 0.32838541666666665 0.8914351851851852 0.3302083333333333 0.8914351851851852 0.33046875 0.8909722222222223 0.33255208333333336 0.8909722222222223 0.3328125 0.8905092592592593 0.3346354166666667 0.8905092592592593 0.33489583333333334 0.8900462962962963 0.3375 0.8900462962962963 0.3377604166666667 0.8895833333333333 0.33932291666666664 0.8895833333333333 0.33958333333333335 0.8891203703703704 0.3411458333333333 0.8891203703703704 0.34140625 0.8886574074074074 0.34375 0.8886574074074074 0.34401041666666665 0.8881944444444444 0.3484375 0.8881944444444444 0.34869791666666666 0.8886574074074074 0.35 0.8886574074074074 0.35078125 0.8895833333333333 0.35234375 0.8905092592592593 0.35546875 0.8942129629629629 0.3580729166666667 0.8969907407407407 0.3609375 0.9006944444444445 0.36223958333333334 0.9020833333333333 0.36354166666666665 0.9039351851851852 0.36497395833333335 0.9064814814814814 0.36575520833333336 0.9097222222222222 0.3670572916666667 0.9138888888888889 0.3673177083333333 0.9162037037037037 0.3673177083333333 0.925 0.3670572916666667 0.9254629629629629 0.3670572916666667 0.9324074074074075 0.366796875 0.9328703703703703 0.366796875 0.9361111111111111 0.3665364583333333 0.9365740740740741 0.3665364583333333 0.9393518518518519 0.36627604166666666 0.9398148148148148 0.36627604166666666 0.9435185185185185 0.366015625 0.9439814814814815 0.366015625 0.9476851851851852 0.36575520833333336 0.9481481481481482 0.36575520833333336 0.9550925925925926 0.36549479166666665 0.9555555555555556 0.36549479166666665 0.9578703703703704 0.365234375 0.9583333333333334 0.365234375 0.9606481481481481 0.36497395833333335 0.9611111111111111 0.36497395833333335 0.9643518518518519 0.36471354166666664 0.9648148148148148 0.36471354166666664 0.9671296296296297 0.364453125 0.9675925925925926 0.364453125 0.9712962962962963 0.36419270833333334 0.9717592592592592 0.36419270833333334 0.9768518518518519 0.3639322916666667 0.9773148148148149 0.3639322916666667 0.9819444444444444 0.3634114583333333 0.9837962962962963 0.3631510416666667 0.9861111111111112 0.3626302083333333 0.9875 0.362109375 0.9907407407407407 0.362109375 0.9953703703703703 0.36184895833333336 0.9967592592592592 0.3606770833333333 0.9988425925925926 0.3600260416666667 0.999537037037037
13 0.05227864583333333 0.611111111111111 0.10455729166666666 0.28379629629629627 0.0 0.46921296296296294 0.0018229166666666667 0.46921296296296294 0.0026041666666666665 0.46967592592592594 0.004427083333333333 0.47199074074074077 0.00546875 0.47291666666666665 0.0067708333333333336 0.47476851851851853 0.008072916666666667 0.47708333333333336 0.011458333333333333 0.480787037037037 0.0125 0.4826388888888889 0.015104166666666667 0.48541666666666666 0.01796875 0.4895833333333333 0.018229166666666668 0.4895833333333333 0.0203125 0.49236111111111114 0.021354166666666667 0.493287037037037 0.023697916666666666 0.49699074074074073 0.027604166666666666 0.5006944444444444 0.02890625 0.5025462962962963 0.029947916666666668 0.5034722222222222 0.03125 0.5053240740740741 0.03307291666666667 0.506712962962963 0.034895833333333334 0.5090277777777777 0.0359375 0.5108796296296296 0.03958333333333333 0.5141203703703704 0.040625 0.5155092592592593 0.0421875 0.518287037037037 0.04375 0.5196759259259259 0.04505208333333333 0.5215277777777778 0.04583333333333333 0.5219907407407407 0.05078125 0.5280092592592592 0.05234375 0.5293981481481481 0.05677083333333333 0.531712962962963 0.058854166666666666 0.5344907407407408 0.06067708333333333 0.5358796296296297 0.0625 0.5381944444444444 0.06458333333333334 0.5400462962962963 0.06640625 0.5423611111111111 0.0671875 0.5428240740740741 0.0703125 0.5469907407407407 0.071875 0.5483796296296296 0.07317708333333334 0.5502314814814815 0.07395833333333333 0.5506944444444445 0.07552083333333333 0.5534722222222223 0.07760416666666667 0.555324074074074 0.0796875 0.5576388888888889 0.0859375 0.5576388888888889 0.08619791666666667 0.5571759259259259 0.0890625 0.5571759259259259 0.08932291666666667 0.5567129629629629 0.0921875 0.5567129629629629 0.09427083333333333 0.5590277777777778 0.09453125 0.5590277777777778 0.09544270833333333 0.5611111111111111 0.096875 0.5636574074074074 0.09765625 0.5641203703703703 0.09947916666666666 0.5659722222222222 0.10130208333333333 0.569675925925926 0.10338541666666666 0.5715277777777777 0.10455729166666666 0.5736111111111111 0.10325520833333333 0.5773148148148148 0.10234375 0.5789351851851852 0.10104166666666667 0.5789351851851852 0.10078125 0.5793981481481482 0.09921875 0.5793981481481482 0.09895833333333333 0.5798611111111112 0.09635416666666667 0.5798611111111112 0.09609375 0.580324074074074 0.09453125 0.580324074074074 0.09427083333333333 0.580787037037037 0.090625 0.580787037037037 0.09036458333333333 0.58125 0.08723958333333333 0.58125 0.08385416666666666 0.5826388888888889 0.08359375 0.5831018518518518 0.08177083333333333 0.5835648148148148 0.08098958333333334 0.5844907407407407 0.07994791666666666 0.5849537037037037 0.07942708333333333 0.5858796296296296 0.07734375 0.5863425925925926 0.07708333333333334 0.5868055555555556 0.07578125 0.5868055555555556 0.07552083333333333 0.5872685185185185 0.07395833333333333 0.5872685185185185 0.07369791666666667 0.5877314814814815 0.07213541666666666 0.5877314814814815 0.071875 0.5881944444444445 0.07057291666666667 0.5881944444444445 0.0703125 0.5886574074074075 0.06901041666666667 0.5886574074074075 0.06875 0.5891203703703703 0.06692708333333333 0.5891203703703703 0.06666666666666667 0.5895833333333333 0.06536458333333334 0.5895833333333333 0.06510416666666667 0.5900462962962963 0.06276041666666667 0.5909722222222222 0.06171875 0.5918981481481481 0.059895833333333336 0.5928240740740741 0.05859375 0.594212962962963 0.05677083333333333 0.5956018518518519 0.05455729166666667 0.5995370370370371 0.05325520833333333 0.6032407407407407 0.05091145833333333 0.6074074074074074 0.050130208333333336 0.6101851851851852 0.048567708333333334 0.6138888888888889 0.04830729166666667 0.6152777777777778 0.047265625 0.6175925925925926 0.04700520833333333 0.6189814814814815 0.04440104166666667 0.6263888888888889 0.04388020833333333 0.6287037037037037 0.041796875 0.6337962962962963 0.039713541666666664 0.6402777777777777 0.03763020833333333 0.6462962962962963 0.036328125 0.6486111111111111 0.03528645833333333 0.6513888888888889 0.033984375 0.6564814814814814 0.03268229166666667 0.6592592592592592 0.03138020833333333 0.6625 0.030338541666666666 0.6662037037037037 0.029817708333333335 0.6694444444444444 0.027994791666666668 0.6736111111111112 0.026171875 0.6796296296296296 0.025130208333333334 0.6819444444444445 0.024348958333333334 0.6851851851851852 0.023307291666666667 0.6875 0.022786458333333332 0.6893518518518519 0.021223958333333334 0.6925925925925925 0.020442708333333334 0.6949074074074074 0.020182291666666668 0.6967592592592593 0.018098958333333335 0.7032407407407407 0.016015625 0.7078703703703704 0.013932291666666667 0.7152777777777778 0.012109375 0.7189814814814814 0.011328125 0.7212962962962963 0.009765625 0.7273148148148149 0.007682291666666666 0.7328703703703704 0.0069010416666666664 0.7361111111111112 0.006380208333333333 0.7375 0.006119791666666667 0.7393518518518518 0.004557291666666667 0.7425925925925926 0.0037760416666666667 0.7453703703703703 0.0032552083333333335 0.7462962962962963 0.0022135416666666666 0.750462962962963 0.0013020833333333333 0.7530092592592592 0.0 0.7530092592592592
8 0.8684244791666667 0.06886574074074074 0.2626302083333334 0.13773148148148148 0.9997395833333333 0.029861111111111113 0.9984375 0.029861111111111113 0.9977864583333333 0.03194444444444444 0.997265625 0.03518518518518519 0.997265625 0.0375 0.995703125 0.04351851851851852 0.9946614583333333 0.046296296296296294 0.9944010416666667 0.04861111111111111 0.9938802083333333 0.05 0.9936197916666667 0.052314814814814814 0.9928385416666666 0.05462962962962963 0.991796875 0.0587962962962963 0.991015625 0.06111111111111111 0.991015625 0.062037037037037036 0.990234375 0.06435185185185185 0.990234375 0.06527777777777778 0.9889322916666666 0.0699074074074074 0.9889322916666666 0.07083333333333333 0.9881510416666667 0.07361111111111111 0.9873697916666667 0.07546296296296297 0.9868489583333333 0.0787037037037037 0.985546875 0.08287037037037037 0.9845052083333333 0.08518518518518518 0.9834635416666667 0.08981481481481482 0.9819010416666667 0.09398148148148149 0.9819010416666667 0.09444444444444444 0.9799479166666667 0.09791666666666667 0.9783854166666667 0.09930555555555555 0.976953125 0.10185185185185185 0.976953125 0.10231481481481482 0.9744791666666667 0.10671296296296297 0.9734375 0.10810185185185185 0.96953125 0.11226851851851852 0.9690104166666667 0.11226851851851852 0.9674479166666666 0.11412037037037037 0.9645833333333333 0.11643518518518518 0.9627604166666667 0.11828703703703704 0.9609375 0.11921296296296297 0.9596354166666666 0.12060185185185185 0.9583333333333334 0.12152777777777778 0.95625 0.1224537037037037 0.95546875 0.12337962962962963 0.9528645833333333 0.12430555555555556 0.9513020833333333 0.12523148148148147 0.9411458333333333 0.12523148148148147 0.9408854166666667 0.12569444444444444 0.93359375 0.12569444444444444 0.9333333333333333 0.1261574074074074 0.91953125 0.1261574074074074 0.9192708333333334 0.12662037037037038 0.9104166666666667 0.12662037037037038 0.91015625 0.12708333333333333 0.9036458333333334 0.12708333333333333 0.9033854166666667 0.1275462962962963 0.8940104166666667 0.1275462962962963 0.89375 0.12800925925925927 0.8817708333333333 0.12800925925925927 0.8815104166666666 0.1284722222222222 0.8755208333333333 0.1284722222222222 0.8752604166666667 0.12893518518518518 0.8723958333333334 0.12893518518518518 0.8721354166666667 0.12939814814814815 0.8666666666666667 0.12939814814814815 0.86640625 0.12986111111111112 0.8604166666666667 0.12986111111111112 0.86015625 0.13032407407407406 0.8526041666666667 0.13032407407407406 0.85234375 0.13078703703703703 0.8479166666666667 0.13078703703703703 0.84765625 0.13125 0.8372395833333334 0.13125 0.8369791666666667 0.13171296296296298 0.834375 0.13171296296296298 0.8341145833333333 0.13217592592592592 0.828125 0.13217592592592592 0.8278645833333333 0.1326388888888889 0.82578125 0.1326388888888889 0.8255208333333334 0.13310185185185186 0.8197916666666667 0.13310185185185186 0.81953125 0.1335648148148148 0.8119791666666667 0.1335648148148148 0.81171875 0.13402777777777777 0.80546875 0.13402777777777777 0.8052083333333333 0.13449074074074074 0.7986979166666667 0.13449074074074074 0.7984375 0.13495370370370371 0.7947916666666667 0.13495370370370371 0.79453125 0.13541666666666666 0.7893229166666667 0.13541666666666666 0.7890625 0.13587962962962963 0.78203125 0.13587962962962963 0.7817708333333333 0.1363425925925926 0.7765625 0.1363425925925926 0.7763020833333333 0.13680555555555557 0.7666666666666667 0.13680555555555557 0.76640625 0.1372685185185185 0.7591145833333334 0.1372685185185185 0.7588541666666667 0.13773148148148148 0.75234375 0.13773148148148148 0.7520833333333333 0.1372685185185185 0.7486979166666666 0.13587962962962963 0.7453125 0.1326388888888889 0.7434895833333334 0.13125 0.7423177083333333 0.12916666666666668 0.7412760416666667 0.12638888888888888 0.7389322916666666 0.12222222222222222 0.7381510416666667 0.11898148148148148 0.7376302083333334 0.11481481481481481 0.7373697916666667 0.11435185185185186 0.7373697916666667 0.10925925925925926 0.737109375 0.1087962962962963 0.7373697916666667 0.10648148148148148 0.7373697916666667 0.10277777777777777 0.7376302083333334 0.10231481481481482 0.7376302083333334 0.09907407407407408 0.737890625 0.09861111111111111 0.737890625 0.0962962962962963 0.7381510416666667 0.09583333333333334 0.7381510416666667 0.09351851851851851 0.7384114583333333 0.09305555555555556 0.7384114583333333 0.09027777777777778 0.738671875 0.08981481481481482 0.738671875 0.08703703703703704 0.7389322916666666 0.08657407407407407 0.7389322916666666 0.08287037037037037 0.738671875 0.0824074074074074 0.738671875 0.0787037037037037 0.7389322916666666 0.07824074074074074 0.7389322916666666 0.07083333333333333 0.7391927083333333 0.07037037037037037 0.7391927083333333 0.06481481481481481 0.739453125 0.06435185185185185 0.739453125 0.05740740740740741 0.7399739583333333 0.055092592592592596 0.7404947916666667 0.04953703703703704 0.741015625 0.04722222222222222 0.7412760416666667 0.04398148148148148 0.7415364583333334 0.04351851851851852 0.741796875 0.04027777777777778 0.7423177083333333 0.038425925925925926 0.742578125 0.03518518518518519 0.743359375 0.03194444444444444 0.743359375 0.024074074074074074 0.7436197916666667 0.02361111111111111 0.744140625 0.01990740740740741 0.7451822916666667 0.015277777777777777 0.7451822916666667 0.012962962962962963 0.7454427083333334 0.0125 0.7454427083333334 0.010185185185185186 0.7459635416666667 0.007407407407407408 0.7470052083333333 0.004166666666666667 0.747265625 0.0023148148148148147 0.747265625 0.0
3 0.5369791666666667 0.7122685185185185 0.16484375 0.425 0.5072916666666667 0.9247685185185185 0.50390625 0.9247685185185185 0.5036458333333333 0.9243055555555556 0.5020833333333333 0.9238425925925926 0.500390625 0.9208333333333333 0.4993489583333333 0.9175925925925926 0.49856770833333336 0.9157407407407407 0.497265625 0.913425925925926 0.496484375 0.9111111111111111 0.49440104166666665 0.9069444444444444 0.493359375 0.9041666666666667 0.492578125 0.9013888888888889 0.49127604166666666 0.899074074074074 0.49049479166666665 0.8967592592592593 0.489453125 0.8949074074074074 0.488671875 0.8925925925925926 0.4876302083333333 0.8907407407407407 0.48684895833333336 0.888425925925926 0.485546875 0.8856481481481482 0.4842447916666667 0.8810185185185185 0.483984375 0.8796296296296297 0.482421875 0.8759259259259259 0.48138020833333334 0.8722222222222222 0.4803385416666667 0.8699074074074075 0.4798177083333333 0.8680555555555556 0.47825520833333335 0.8652777777777778 0.477734375 0.8634259259259259 0.4759114583333333 0.8583333333333333 0.475390625 0.8560185185185185 0.47317708333333336 0.8520833333333333 0.4703125 0.8493055555555555 0.4680989583333333 0.8453703703703703 0.46731770833333336 0.8425925925925926 0.46731770833333336 0.8393518518518519 0.46705729166666665 0.8388888888888889 0.46705729166666665 0.8356481481481481 0.466796875 0.8351851851851851 0.466796875 0.8328703703703704 0.46653645833333335 0.8324074074074074 0.46653645833333335 0.8296296296296296 0.46627604166666664 0.8291666666666667 0.46627604166666664 0.8226851851851852 0.466015625 0.8222222222222222 0.466015625 0.8166666666666667 0.46575520833333334 0.8162037037037037 0.46575520833333334 0.8111111111111111 0.4654947916666667 0.8106481481481481 0.4654947916666667 0.8055555555555556 0.465234375 0.8050925925925926 0.465234375 0.799537037037037 0.4649739583333333 0.799074074074074 0.4649739583333333 0.7944444444444444 0.4647135416666667 0.7939814814814815 0.4647135416666667 0.7870370370370371 0.464453125 0.7865740740740741 0.464453125 0.7828703703703703 0.4641927083333333 0.7824074074074074 0.4641927083333333 0.7782407407407408 0.46393229166666666 0.7777777777777778 0.46393229166666666 0.7708333333333334 0.463671875 0.7703703703703704 0.463671875 0.7648148148148148 0.46341145833333336 0.7643518518518518 0.46341145833333336 0.7601851851851852 0.46315104166666665 0.7597222222222222 0.46315104166666665 0.7555555555555555 0.462890625 0.7550925925925925 0.462890625 0.750462962962963 0.46263020833333335 0.75 0.46263020833333335 0.7439814814814815 0.46236979166666664 0.7435185185185185 0.46236979166666664 0.7379629629629629 0.462109375 0.7375 0.462109375 0.7310185185185185 0.46184895833333334 0.7305555555555555 0.46184895833333334 0.7240740740740741 0.4615885416666667 0.7236111111111111 0.4615885416666667 0.7194444444444444 0.461328125 0.7189814814814814 0.461328125 0.7138888888888889 0.4610677083333333 0.7134259259259259 0.4610677083333333 0.7078703703703704 0.4608072916666667 0.7074074074074074 0.4608072916666667 0.7013888888888888 0.460546875 0.700925925925926 0.460546875 0.6962962962962963 0.4602864583333333 0.6958333333333333 0.4602864583333333 0.6930555555555555 0.46002604166666666 0.6925925925925925 0.46002604166666666 0.6888888888888889 0.459765625 0.6884259259259259 0.459765625 0.6819444444444445 0.45950520833333336 0.6814814814814815 0.45950520833333336 0.6759259259259259 0.45924479166666665 0.6754629629629629 0.45924479166666665 0.6675925925925926 0.458984375 0.6671296296296296 0.458984375 0.6620370370370371 0.45872395833333335 0.6615740740740741 0.45872395833333335 0.6541666666666667 0.45846354166666664 0.6537037037037037 0.45846354166666664 0.649537037037037 0.458203125 0.649074074074074 0.458203125 0.6421296296296296 0.45794270833333334 0.6416666666666667 0.45794270833333334 0.6370370370370371 0.4576822916666667 0.6365740740740741 0.4576822916666667 0.6324074074074074 0.457421875 0.6319444444444444 0.457421875 0.6277777777777778 0.4571614583333333 0.6273148148148148 0.4571614583333333 0.6208333333333333 0.4569010416666667 0.6203703703703703 0.4569010416666667 0.6157407407407407 0.456640625 0.6152777777777778 0.456640625 0.6092592592592593 0.4563802083333333 0.6087962962962963 0.4563802083333333 0.6041666666666666 0.45611979166666666 0.6037037037037037 0.45611979166666666 0.5981481481481481 0.455859375 0.5976851851851852 0.455859375 0.5916666666666667 0.45559895833333336 0.5912037037037037 0.45559895833333336 0.5856481481481481 0.45533854166666665 0.5851851851851851 0.45533854166666665 0.5800925925925926 0.455078125 0.5796296296296296 0.455078125 0.5731481481481482 0.45481770833333335 0.5726851851851852 0.45481770833333335 0.5657407407407408 0.45455729166666664 0.5652777777777778 0.45455729166666664 0.549537037037037 0.45481770833333335 0.549074074074074 0.45481770833333335 0.5467592592592593 0.45533854166666665 0.5439814814814815 0.45755208333333336 0.5409722222222222 0.459375 0.5395833333333333 0.46015625 0.5395833333333333 0.46119791666666665 0.5386574074074074 0.4640625 0.5377314814814815 0.46536458333333336 0.5368055555555555 0.4703125 0.5354166666666667 0.47161458333333334 0.5344907407407408 0.47239583333333335 0.5344907407407408 0.4744791666666667 0.5331018518518519 0.47578125 0.5331018518518519 0.47994791666666664 0.53125 0.48411458333333335 0.5298611111111111 0.48541666666666666 0.5289351851851852 0.4864583333333333 0.5289351851851852 0.48776041666666664 0.5280092592592592 0.48984375 0.5270833333333333 0.49375 0.5256944444444445 0.49609375 0.5252314814814815 0.49895833333333334 0.5238425925925926 0.5002604166666667 0.5238425925925926 0.5005208333333333 0.5233796296296296 0.5018229166666667 0.5233796296296296 0.5020833333333333 0.5229166666666667 0.5033854166666667 0.5229166666666667 0.5059895833333333 0.5219907407407407 0.5072916666666667 0.5210648148148148 0.5080729166666667 0.5210648148148148 0.509375 0.5201388888888889 0.5104166666666666 0.5201388888888889 0.51171875 0.5192129629629629 0.5135416666666667 0.51875 0.5145833333333333 0.517824074074074 0.5184895833333333 0.5164351851851852 0.51875 0.5159722222222223 0.5200520833333333 0.5159722222222223 0.5203125 0.5155092592592593 0.5216145833333333 0.5155092592592593 0.521875 0.5150462962962963 0.5231770833333333 0.5150462962962963 0.5255208333333333 0.5136574074074074 0.5286458333333334 0.5127314814814815 0.5296875 0.5118055555555555 0.5309895833333333 0.5118055555555555 0.53125 0.5113425925925926 0.5330729166666667 0.5113425925925926 0.5333333333333333 0.5108796296296296 0.5354166666666667 0.5104166666666666 0.5375 0.5090277777777777 0.5388020833333333 0.5090277777777777 0.5390625 0.5085648148148149 0.5403645833333334 0.5085648148148149 0.5416666666666666 0.5081018518518519 0.54296875 0.507175925925926 0.5450520833333333 0.50625 0.546875 0.5057870370370371 0.5481770833333334 0.5048611111111111 0.5494791666666666 0.5048611111111111 0.5497395833333333 0.5043981481481481 0.5515625 0.5043981481481481 0.5528645833333333 0.5034722222222222 0.5541666666666667 0.5030092592592592 0.55546875 0.5020833333333333 0.5565104166666667 0.5020833333333333 0.5578125 0.5011574074074074 0.5604166666666667 0.5002314814814814 0.5622395833333333 0.5002314814814814 0.5625 0.4997685185185185 0.5658854166666667 0.4997685185185185 0.5661458333333333 0.5002314814814814 0.56875 0.5011574074074074 0.5700520833333333 0.5025462962962963 0.5709635416666666 0.5041666666666667 0.5717447916666667 0.5078703703703704 0.5720052083333333 0.5115740740740741 0.572265625 0.5120370370370371 0.5725260416666667 0.5162037037037037 0.573046875 0.5189814814814815 0.573828125 0.5217592592592593 0.5743489583333333 0.5226851851851851 0.5751302083333333 0.5254629629629629 0.575390625 0.5273148148148148 0.575390625 0.5300925925925926 0.5756510416666667 0.5324074074074074 0.5764322916666667 0.5361111111111111 0.5764322916666667 0.5370370370370371 0.5772135416666667 0.5393518518518519 0.577734375 0.5425925925925926 0.5779947916666667 0.5462962962962963 0.5790364583333333 0.5509259259259259 0.5795572916666667 0.5560185185185185 0.580078125 0.5578703703703703 0.5805989583333333 0.5634259259259259 0.581640625 0.5662037037037037 0.582421875 0.5689814814814815 0.5829427083333333 0.5717592592592593 0.583203125 0.575462962962963 0.5837239583333333 0.5773148148148148 0.5842447916666667 0.5814814814814815 0.5845052083333333 0.5819444444444445 0.5850260416666667 0.5875 0.5860677083333333 0.5921296296296297 0.586328125 0.5953703703703703 0.5868489583333333 0.5972222222222222 0.5876302083333333 0.6013888888888889 0.587890625 0.6055555555555555 0.5884114583333333 0.6074074074074074 0.588671875 0.6101851851851852 0.5891927083333334 0.611574074074074 0.589453125 0.6138888888888889 0.5899739583333333 0.6152777777777778 0.5904947916666666 0.6194444444444445 0.5907552083333333 0.6199074074074075 0.5912760416666667 0.6240740740740741 0.5920572916666667 0.6273148148148148 0.5920572916666667 0.6282407407407408 0.5928385416666667 0.6324074074074074 0.5930989583333334 0.6328703703703704 0.5938802083333333 0.6375 0.5946614583333333 0.6430555555555556 0.5951822916666667 0.6486111111111111 0.5954427083333333 0.649074074074074 0.595703125 0.6523148148148148 0.5962239583333333 0.6541666666666667 0.5967447916666667 0.6578703703703703 0.5967447916666667 0.6592592592592592 0.5975260416666667 0.6625 0.5977864583333333 0.6648148148148149 0.598828125 0.6685185185185185 0.5993489583333333 0.6726851851851852 0.6001302083333333 0.6773148148148148 0.6006510416666667 0.6791666666666667 0.6006510416666667 0.6805555555555556 0.6014322916666667 0.6851851851851852 0.601953125 0.687037037037037 0.601953125 0.6884259259259259 0.6024739583333333 0.6907407407407408 0.602734375 0.6939814814814815 0.603515625 0.6972222222222222 0.604296875 0.7032407407407407 0.605078125 0.7064814814814815 0.605078125 0.7074074074074074 0.6061197916666666 0.711574074074074 0.6061197916666666 0.7129629629629629 0.6069010416666667 0.7175925925925926 0.607421875 0.7194444444444444 0.607421875 0.7208333333333333 0.6079427083333333 0.7226851851851852 0.6079427083333333 0.7240740740740741 0.6087239583333334 0.7273148148148149 0.6092447916666667 0.7314814814814815 0.609765625 0.7337962962962963 0.6100260416666666 0.737037037037037 0.6108072916666667 0.7407407407407407 0.6108072916666667 0.7430555555555556 0.6110677083333333 0.7453703703703703 0.612109375 0.7486111111111111 0.6126302083333334 0.7509259259259259 0.612890625 0.7532407407407408 0.613671875 0.7564814814814815 0.6141927083333333 0.7606481481481482 0.6147135416666667 0.7625 0.6149739583333333 0.7657407407407407 0.616015625 0.7703703703703704 0.616015625 0.7717592592592593 0.6165364583333334 0.7736111111111111 0.616796875 0.7768518518518519 0.6178385416666666 0.7814814814814814 0.6180989583333333 0.7856481481481481 0.618359375 0.7861111111111111 0.618359375 0.7888888888888889 0.6186197916666667 0.7893518518518519 0.6186197916666667 0.8041666666666667 0.6188802083333333 0.8046296296296296 0.6188802083333333 0.8263888888888888 0.619140625 0.8268518518518518 0.619140625 0.8601851851851852 0.6194010416666667 0.8606481481481482 0.6194010416666667 0.8726851851851852 0.619140625 0.8731481481481481 0.619140625 0.8782407407407408 0.6188802083333333 0.8787037037037037 0.6188802083333333 0.8810185185185185 0.618359375 0.8842592592592593 0.6166666666666667 0.8872685185185185 0.61484375 0.8886574074074074 0.6130208333333333 0.8891203703703704 0.61171875 0.8900462962962963 0.6104166666666667 0.8905092592592593 0.6091145833333333 0.8905092592592593 0.6088541666666667 0.8909722222222223 0.6072916666666667 0.8909722222222223 0.60703125 0.8914351851851852 0.6033854166666667 0.8914351851851852 0.603125 0.8918981481481482 0.6018229166666667 0.8918981481481482 0.6005208333333333 0.892824074074074 0.59921875 0.893287037037037 0.5973958333333333 0.893287037037037 0.5971354166666667 0.89375 0.5958333333333333 0.89375 0.59453125 0.8946759259259259 0.5927083333333333 0.8951388888888889 0.59140625 0.8960648148148148 0.5901041666666667 0.8960648148148148 0.58984375 0.8965277777777778 0.5885416666666666 0.8965277777777778 0.5859375 0.8974537037037037 0.5848958333333333 0.8983796296296296 0.5833333333333334 0.8983796296296296 0.5830729166666667 0.8988425925925926 0.58125 0.8988425925925926 0.5799479166666667 0.8993055555555556 0.5786458333333333 0.9002314814814815 0.57734375 0.9002314814814815 0.57578125 0.9011574074074075 0.57421875 0.9011574074074075 0.5739583333333333 0.9016203703703703 0.57265625 0.9016203703703703 0.57109375 0.9025462962962963 0.5658854166666667 0.9043981481481481 0.5635416666666667 0.9048611111111111 0.56328125 0.9053240740740741 0.56171875 0.9053240740740741 0.56015625 0.90625 0.5588541666666667 0.90625 0.5572916666666666 0.9071759259259259 0.5559895833333334 0.9071759259259259 0.5546875 0.9081018518518519 0.5536458333333333 0.9081018518518519 0.5520833333333334 0.9090277777777778 0.5505208333333333 0.9090277777777778 0.5489583333333333 0.9099537037037037 0.5453125 0.9108796296296297 0.5450520833333333 0.9113425925925925 0.5424479166666667 0.9122685185185185 0.5408854166666667 0.9136574074074074 0.5401041666666667 0.9136574074074074 0.5390625 0.9145833333333333 0.53671875 0.9155092592592593 0.53515625 0.9164351851851852 0.53359375 0.9164351851851852 0.5333333333333333 0.9168981481481482 0.5317708333333333 0.9168981481481482 0.5315104166666667 0.9173611111111111 0.5296875 0.9173611111111111 0.5294270833333333 0.9178240740740741 0.5276041666666667 0.9178240740740741 0.52734375 0.9182870370370371 0.5255208333333333 0.9182870370370371 0.5252604166666667 0.91875 0.5239583333333333 0.91875 0.5223958333333333 0.919675925925926 0.52109375 0.919675925925926 0.5208333333333334 0.9201388888888888 0.5190104166666667 0.9201388888888888 0.5174479166666667 0.9210648148148148 0.5143229166666666 0.9219907407407407 0.5130208333333334 0.9229166666666667 0.51171875 0.9229166666666667 0.5114583333333333 0.9233796296296296 0.51015625 0.9233796296296296 0.5072916666666667 0.9247685185185185
6 0.21041666666666667 0.1417824074074074 0.22526041666666669 0.2835648148148148 0.2772135416666667 0.0 0.2772135416666667 0.0023148148148148147 0.27890625 0.004398148148148148 0.28020833333333334 0.005324074074074074 0.2813802083333333 0.007407407407407408 0.282421875 0.011574074074074073 0.282421875 0.012962962962962963 0.28294270833333335 0.014351851851851852 0.283203125 0.016666666666666666 0.2852864583333333 0.020370370370370372 0.2858072916666667 0.02175925925925926 0.28658854166666664 0.02546296296296296 0.28736979166666665 0.027314814814814816 0.288671875 0.02962962962962963 0.288671875 0.03009259259259259 0.28997395833333334 0.032407407407407406 0.29075520833333335 0.03518518518518519 0.29127604166666665 0.038425925925925926 0.2928385416666667 0.0412037037037037 0.2936197916666667 0.04351851851851852 0.2936197916666667 0.044444444444444446 0.29440104166666664 0.04675925925925926 0.294921875 0.049074074074074076 0.296484375 0.05416666666666667 0.297265625 0.058333333333333334 0.297265625 0.059722222222222225 0.29908854166666665 0.06712962962962964 0.3001302083333333 0.06944444444444445 0.3014322916666667 0.07453703703703704 0.301953125 0.07777777777777778 0.30247395833333335 0.07916666666666666 0.3048177083333333 0.08333333333333333 0.30559895833333334 0.08518518518518518 0.306640625 0.08935185185185185 0.30768229166666666 0.0912037037037037 0.3092447916666667 0.09490740740740741 0.309765625 0.09722222222222222 0.3123697916666667 0.10555555555555556 0.3123697916666667 0.10648148148148148 0.313671875 0.11018518518518519 0.31471354166666665 0.11527777777777778 0.3157552083333333 0.11851851851851852 0.3162760416666667 0.12175925925925926 0.317578125 0.1259259259259259 0.31809895833333335 0.12824074074074074 0.318359375 0.13194444444444445 0.3196614583333333 0.1375 0.3201822916666667 0.13842592592592592 0.321484375 0.14351851851851852 0.321484375 0.14583333333333334 0.32174479166666664 0.14629629629629629 0.32174479166666664 0.1486111111111111 0.322265625 0.15138888888888888 0.32252604166666665 0.15462962962962962 0.32278645833333336 0.1550925925925926 0.32278645833333336 0.1574074074074074 0.323046875 0.15787037037037038 0.323046875 0.16574074074074074 0.32252604166666665 0.1685185185185185 0.32252604166666665 0.17592592592592593 0.322265625 0.17777777777777778 0.32122395833333334 0.18101851851851852 0.32122395833333334 0.18194444444444444 0.318359375 0.1912037037037037 0.31419270833333335 0.1986111111111111 0.31419270833333335 0.19907407407407407 0.3123697916666667 0.2023148148148148 0.31158854166666666 0.20462962962962963 0.3106770833333333 0.20625 0.30911458333333336 0.2076388888888889 0.30703125 0.2099537037037037 0.30625 0.21041666666666667 0.3046875 0.21319444444444444 0.30442708333333335 0.21319444444444444 0.303125 0.21550925925925926 0.3020833333333333 0.21643518518518517 0.30078125 0.21828703703703703 0.29791666666666666 0.22060185185185185 0.29713541666666665 0.22152777777777777 0.2953125 0.22291666666666668 0.2947916666666667 0.2238425925925926 0.29296875 0.22523148148148148 0.29244791666666664 0.22615740740740742 0.2911458333333333 0.22708333333333333 0.28958333333333336 0.22893518518518519 0.2890625 0.22893518518518519 0.2877604166666667 0.23032407407407407 0.2864583333333333 0.23078703703703704 0.28567708333333336 0.23171296296296295 0.2828125 0.23310185185185187 0.28020833333333334 0.2349537037037037 0.2796875 0.2349537037037037 0.27708333333333335 0.23680555555555555 0.27630208333333334 0.23680555555555555 0.2752604166666667 0.2377314814814815 0.27291666666666664 0.2386574074074074 0.2708333333333333 0.24050925925925926 0.26901041666666664 0.2414351851851852 0.2682291666666667 0.2423611111111111 0.26640625 0.24328703703703702 0.265625 0.24421296296296297 0.26223958333333336 0.24606481481481482 0.26119791666666664 0.24699074074074073 0.2591145833333333 0.24791666666666667 0.2578125 0.2488425925925926 0.2565104166666667 0.2502314814814815 0.25494791666666666 0.25069444444444444 0.25390625 0.2516203703703704 0.25104166666666666 0.25300925925925927 0.24921875 0.25439814814814815 0.24557291666666667 0.25763888888888886 0.24244791666666668 0.2599537037037037 0.23958333333333334 0.26134259259259257 0.23776041666666667 0.26273148148148145 0.23671875 0.26273148148148145 0.23567708333333334 0.2636574074074074 0.23489583333333333 0.2636574074074074 0.23385416666666667 0.26458333333333334 0.23177083333333334 0.2655092592592593 0.22942708333333334 0.26689814814814816 0.228125 0.26828703703703705 0.22369791666666666 0.27199074074074076 0.22291666666666668 0.27199074074074076 0.22109375 0.27337962962962964 0.22005208333333334 0.27337962962962964 0.21588541666666666 0.27569444444444446 0.21484375 0.27662037037037035 0.2140625 0.27662037037037035 0.2125 0.2775462962962963 0.209375 0.2798611111111111 0.20494791666666667 0.28171296296296294 0.20026041666666666 0.28171296296296294 0.2 0.28217592592592594 0.19817708333333334 0.28217592592592594 0.19791666666666666 0.2826388888888889 0.19270833333333334 0.2826388888888889 0.19244791666666666 0.2831018518518518 0.190625 0.2831018518518518 0.19036458333333334 0.2835648148148148 0.18880208333333334 0.2835648148148148 0.18776041666666668 0.2831018518518518 0.18541666666666667 0.28125 0.184375 0.2798611111111111 0.178515625 0.26944444444444443 0.178515625 0.2689814814814815 0.17682291666666666 0.2659722222222222 0.17526041666666667 0.2655092592592593 0.175 0.2650462962962963 0.17135416666666667 0.2650462962962963 0.17109375 0.26458333333333334 0.16822916666666668 0.26458333333333334 0.16796875 0.2641203703703704 0.16666666666666666 0.2641203703703704 0.16640625 0.2636574074074074 0.16510416666666666 0.2636574074074074 0.16354166666666667 0.26273148148148145 0.1625 0.26087962962962963 0.15963541666666667 0.2585648148148148 0.15833333333333333 0.25810185185185186 0.15755208333333334 0.2571759259259259 0.15533854166666666 0.25324074074074077 0.15403645833333332 0.2490740740740741 0.15377604166666667 0.24675925925925926 0.15325520833333334 0.24537037037037038 0.15169270833333334 0.24259259259259258 0.151171875 0.24074074074074073 0.149609375 0.23703703703703705 0.148828125 0.23472222222222222 0.148828125 0.2337962962962963 0.14752604166666666 0.23055555555555557 0.14622395833333332 0.22546296296296298 0.14466145833333333 0.22268518518518518 0.144140625 0.21944444444444444 0.14231770833333332 0.21435185185185185 0.14205729166666667 0.21296296296296297 0.14075520833333333 0.21064814814814814 0.139453125 0.2074074074074074 0.139453125 0.2064814814814815 0.138671875 0.20416666666666666 0.138671875 0.20324074074074075 0.137890625 0.20046296296296295 0.13736979166666666 0.19953703703703704 0.13606770833333334 0.19537037037037036 0.13502604166666668 0.1925925925925926 0.134765625 0.1912037037037037 0.133203125 0.1884259259259259 0.131640625 0.1837962962962963 0.131640625 0.18287037037037038 0.130859375 0.18055555555555555 0.13033854166666667 0.17777777777777778 0.12825520833333334 0.17314814814814813 0.12721354166666668 0.16898148148148148 0.12486979166666666 0.16342592592592592 0.124609375 0.16203703703703703 0.123828125 0.16018518518518518 0.12356770833333333 0.15787037037037038 0.12278645833333333 0.1550925925925926 0.121484375 0.1527777777777778 0.12044270833333333 0.15 0.11888020833333333 0.14305555555555555 0.11705729166666666 0.1398148148148148 0.116015625 0.13657407407407407 0.11575520833333333 0.13425925925925927 0.115234375 0.13194444444444445 0.11393229166666667 0.12777777777777777 0.112890625 0.1259259259259259 0.11184895833333333 0.12222222222222222 0.11106770833333333 0.11851851851851852 0.11002604166666667 0.1162037037037037 0.10924479166666666 0.11388888888888889 0.10716145833333333 0.10694444444444444 0.10690104166666667 0.10324074074074074 0.105859375 0.09907407407407408 0.105078125 0.09722222222222222 0.102734375 0.09305555555555556 0.10169270833333334 0.08981481481481482 0.10065104166666666 0.08425925925925926 0.09856770833333334 0.07731481481481481 0.09778645833333334 0.07222222222222222 0.09778645833333334 0.06759259259259259 0.098046875 0.06712962962962964 0.098046875 0.06435185185185185 0.09856770833333334 0.0625 0.099609375 0.05740740740740741 0.10091145833333333 0.05416666666666667 0.10169270833333334 0.05092592592592592 0.10221354166666667 0.04953703703703704 0.104296875 0.04583333333333333 0.105078125 0.04351851851851852 0.10651041666666666 0.04097222222222222 0.10677083333333333 0.04097222222222222 0.10846354166666666 0.03796296296296296 0.10924479166666666 0.03564814814814815 0.11145833333333334 0.031712962962962964 0.11171875 0.031712962962962964 0.11354166666666667 0.02847222222222222 0.115625 0.026157407407407407 0.11627604166666666 0.024537037037037038 0.11875 0.02013888888888889 0.12057291666666667 0.018287037037037036 0.121875 0.01597222222222222 0.12317708333333334 0.014583333333333334 0.12447916666666667 0.01273148148148148 0.12630208333333334 0.00949074074074074 0.1265625 0.00949074074074074 0.128125 0.006712962962962963 0.12994791666666666 0.004861111111111111 0.13229166666666667 0.003935185185185185 0.13359375 0.0025462962962962965 0.13424479166666667 0.0023148148148148147 0.13424479166666667 0.0
3 0.36054687500000004 0.35578703703703707 0.1671875 0.23518518518518522 0.4080729166666667 0.47337962962962965 0.4036458333333333 0.47337962962962965 0.40234375 0.4724537037037037 0.4005208333333333 0.47199074074074077 0.39947916666666666 0.4710648148148148 0.39765625 0.4706018518518518 0.3966145833333333 0.46967592592592594 0.39427083333333335 0.46967592592592594 0.39401041666666664 0.46921296296296294 0.3924479166666667 0.46921296296296294 0.39010416666666664 0.4673611111111111 0.38645833333333335 0.4664351851851852 0.38307291666666665 0.46458333333333335 0.3807291666666667 0.46412037037037035 0.37838541666666664 0.46273148148148147 0.37734375 0.46273148148148147 0.375 0.4613425925925926 0.37395833333333334 0.46041666666666664 0.37265625 0.4599537037037037 0.37135416666666665 0.4599537037037037 0.37109375 0.45949074074074076 0.36953125 0.45949074074074076 0.36822916666666666 0.45902777777777776 0.36692708333333335 0.45810185185185187 0.36328125 0.45717592592592593 0.3619791666666667 0.45625 0.35963541666666665 0.45578703703703705 0.35833333333333334 0.4548611111111111 0.3575520833333333 0.4548611111111111 0.35625 0.45393518518518516 0.353125 0.4530092592592593 0.3515625 0.45208333333333334 0.34921875 0.4516203703703704 0.34791666666666665 0.45069444444444445 0.34713541666666664 0.45069444444444445 0.3450520833333333 0.44930555555555557 0.34375 0.44930555555555557 0.34348958333333335 0.44884259259259257 0.3419270833333333 0.44884259259259257 0.3416666666666667 0.44837962962962963 0.33984375 0.4479166666666667 0.3380208333333333 0.4465277777777778 0.3372395833333333 0.4465277777777778 0.3359375 0.44560185185185186 0.33359375 0.44513888888888886 0.33229166666666665 0.444212962962963 0.33125 0.444212962962963 0.3299479166666667 0.44328703703703703 0.32864583333333336 0.4428240740740741 0.32734375 0.4428240740740741 0.32578125 0.44189814814814815 0.32473958333333336 0.44189814814814815 0.3234375 0.4409722222222222 0.32265625 0.4409722222222222 0.3216145833333333 0.44004629629629627 0.318359375 0.43425925925925923 0.318359375 0.4337962962962963 0.3170572916666667 0.43148148148148147 0.31549479166666666 0.4273148148148148 0.31497395833333336 0.425 0.3138020833333333 0.42291666666666666 0.31354166666666666 0.42291666666666666 0.3123697916666667 0.42083333333333334 0.31158854166666666 0.41805555555555557 0.31106770833333336 0.41712962962962963 0.31028645833333335 0.41388888888888886 0.309765625 0.4125 0.3079427083333333 0.40879629629629627 0.307421875 0.4064814814814815 0.306640625 0.4041666666666667 0.305078125 0.4009259259259259 0.305078125 0.40046296296296297 0.30325520833333336 0.3958333333333333 0.30325520833333336 0.39537037037037037 0.30169270833333334 0.3925925925925926 0.3009114583333333 0.3902777777777778 0.299609375 0.38796296296296295 0.298828125 0.3861111111111111 0.298046875 0.38333333333333336 0.298046875 0.3824074074074074 0.29596354166666666 0.3768518518518518 0.29440104166666664 0.37407407407407406 0.293359375 0.37083333333333335 0.29205729166666666 0.3685185185185185 0.28997395833333334 0.36342592592592593 0.2889322916666667 0.36157407407407405 0.28763020833333336 0.3574074074074074 0.285546875 0.3523148148148148 0.2845052083333333 0.3486111111111111 0.28372395833333336 0.34675925925925927 0.281640625 0.34305555555555556 0.280078125 0.3388888888888889 0.27955729166666665 0.3365740740740741 0.278515625 0.3337962962962963 0.277734375 0.33240740740740743 0.276953125 0.3300925925925926 0.276953125 0.32592592592592595 0.2772135416666667 0.3236111111111111 0.277734375 0.32175925925925924 0.2828125 0.3127314814814815 0.2830729166666667 0.3127314814814815 0.2852864583333333 0.3087962962962963 0.286328125 0.3060185185185185 0.287890625 0.30324074074074076 0.287890625 0.30277777777777776 0.2890625 0.30069444444444443 0.2903645833333333 0.2988425925925926 0.29140625 0.29791666666666666 0.2928385416666667 0.2953703703703704 0.2936197916666667 0.29305555555555557 0.2953125 0.2900462962962963 0.2955729166666667 0.2900462962962963 0.3006510416666667 0.2810185185185185 0.301953125 0.2773148148148148 0.30442708333333335 0.27291666666666664 0.30546875 0.27152777777777776 0.3072916666666667 0.26967592592592593 0.308203125 0.26805555555555555 0.3087239583333333 0.2662037037037037 0.311328125 0.26157407407407407 0.3126302083333333 0.25787037037037036 0.3171875 0.24976851851851853 0.31744791666666666 0.24976851851851853 0.31861979166666665 0.24768518518518517 0.31861979166666665 0.24722222222222223 0.32005208333333335 0.24421296296296297 0.32135416666666666 0.2423611111111111 0.32395833333333335 0.24050925925925926 0.32447916666666665 0.23958333333333334 0.3263020833333333 0.23819444444444443 0.32760416666666664 0.23819444444444443 0.32786458333333335 0.2386574074074074 0.33098958333333334 0.2386574074074074 0.33125 0.23912037037037037 0.33307291666666666 0.23912037037037037 0.3333333333333333 0.23958333333333334 0.33489583333333334 0.23958333333333334 0.33515625 0.24004629629629629 0.33645833333333336 0.24004629629629629 0.33671875 0.24050925925925926 0.3385416666666667 0.24050925925925926 0.33880208333333334 0.24097222222222223 0.34140625 0.24097222222222223 0.3416666666666667 0.2414351851851852 0.34453125 0.2414351851851852 0.34479166666666666 0.24189814814814814 0.346875 0.24189814814814814 0.34713541666666664 0.2423611111111111 0.3484375 0.2423611111111111 0.34869791666666666 0.24282407407407408 0.35052083333333334 0.24282407407407408 0.35078125 0.24328703703703702 0.3528645833333333 0.24328703703703702 0.353125 0.24375 0.35520833333333335 0.24375 0.35546875 0.24421296296296297 0.3567708333333333 0.24421296296296297 0.35703125 0.24467592592592594 0.36015625 0.24467592592592594 0.36041666666666666 0.24513888888888888 0.3640625 0.24513888888888888 0.36432291666666666 0.24560185185185185 0.36640625 0.24560185185185185 0.36666666666666664 0.24606481481481482 0.36875 0.24606481481481482 0.3690104166666667 0.2465277777777778 0.37083333333333335 0.2465277777777778 0.37109375 0.24699074074074073 0.3729166666666667 0.24699074074074073 0.37421875 0.24791666666666667 0.37552083333333336 0.24837962962962962 0.3768229166666667 0.24837962962962962 0.3770833333333333 0.2488425925925926 0.3802083333333333 0.2488425925925926 0.38046875 0.24930555555555556 0.3828125 0.24976851851851853 0.3841145833333333 0.25069444444444444 0.3859375 0.25069444444444444 0.38619791666666664 0.2511574074074074 0.38828125 0.2511574074074074 0.3885416666666667 0.2516203703703704 0.3919270833333333 0.2516203703703704 0.39479166666666665 0.25300925925925927 0.39609375 0.25300925925925927 0.3963541666666667 0.2534722222222222 0.39791666666666664 0.2534722222222222 0.39817708333333335 0.2539351851851852 0.4002604166666667 0.2539351851851852 0.4005208333333333 0.25439814814814815 0.4046875 0.25439814814814815 0.4049479166666667 0.2548611111111111 0.4078125 0.2548611111111111 0.4080729166666667 0.2553240740740741 0.40963541666666664 0.2553240740740741 0.40989583333333335 0.25578703703703703 0.4114583333333333 0.25578703703703703 0.41171875 0.25625 0.4140625 0.25625 0.41432291666666665 0.256712962962963 0.4158854166666667 0.256712962962963 0.41692708333333334 0.2571759259259259 0.41848958333333336 0.2585648148148148 0.41940104166666664 0.26064814814814813 0.41966145833333335 0.26342592592592595 0.42018229166666665 0.2657407407407407 0.42018229166666665 0.2675925925925926 0.420703125 0.27037037037037037 0.420703125 0.27314814814814814 0.42096354166666666 0.27361111111111114 0.4220052083333333 0.27870370370370373 0.4225260416666667 0.2800925925925926 0.423046875 0.28425925925925927 0.423828125 0.28703703703703703 0.42408854166666665 0.28935185185185186 0.42486979166666666 0.2916666666666667 0.425390625 0.29398148148148145 0.4265625 0.29606481481481484 0.4276041666666667 0.2969907407407407 0.42877604166666666 0.29907407407407405 0.4295572916666667 0.30324074074074076 0.4295572916666667 0.3050925925925926 0.430078125 0.3074074074074074 0.430078125 0.30925925925925923 0.43059895833333334 0.31203703703703706 0.430859375 0.3148148148148148 0.43138020833333335 0.3162037037037037 0.432421875 0.32037037037037036 0.4329427083333333 0.3212962962962963 0.4342447916666667 0.3263888888888889 0.434765625 0.32916666666666666 0.435546875 0.3347222222222222 0.43606770833333336 0.33611111111111114 0.4368489583333333 0.34120370370370373 0.437890625 0.34629629629629627 0.439453125 0.35185185185185186 0.43997395833333336 0.35324074074074074 0.4407552083333333 0.3578703703703704 0.4407552083333333 0.3597222222222222 0.4415364583333333 0.3638888888888889 0.4420572916666667 0.36574074074074076 0.442578125 0.3699074074074074 0.443359375 0.37407407407407406 0.44388020833333336 0.37546296296296294 0.444140625 0.3773148148148148 0.444140625 0.38287037037037036 0.44361979166666665 0.38564814814814813 0.442578125 0.3875 0.4420572916666667 0.38935185185185184 0.4412760416666667 0.3907407407407407 0.441015625 0.3921296296296296 0.43919270833333335 0.3962962962962963 0.43919270833333335 0.39675925925925926 0.437890625 0.3990740740740741 0.437109375 0.4013888888888889 0.43528645833333335 0.40555555555555556 0.43502604166666664 0.40694444444444444 0.433984375 0.40925925925925927 0.433203125 0.4115740740740741 0.43111979166666664 0.4162037037037037 0.43111979166666664 0.4166666666666667 0.4298177083333333 0.41944444444444445 0.4290364583333333 0.42268518518518516 0.42799479166666665 0.425462962962963 0.42486979166666666 0.4310185185185185 0.423828125 0.43333333333333335 0.42330729166666664 0.4351851851851852 0.42278645833333334 0.4388888888888889 0.42096354166666666 0.4439814814814815 0.42096354166666666 0.4444444444444444 0.41940104166666664 0.44814814814814813 0.41888020833333334 0.45046296296296295 0.418359375 0.4513888888888889 0.4178385416666667 0.4537037037037037 0.41549479166666664 0.4587962962962963 0.414453125 0.4625 0.4139322916666667 0.4634259259259259 0.412890625 0.4666666666666667 0.41015625 0.47152777777777777 0.4080729166666667 0.47337962962962965
2 0.48164062500000004 0.6152777777777778 0.03437499999999999 0.06342592592592589 0.48333333333333334 0.6469907407407407 0.4786458333333333 0.6469907407407407 0.47734375 0.6465277777777778 0.47578125 0.6451388888888889 0.4747395833333333 0.6446759259259259 0.4734375 0.643287037037037 0.47265625 0.6418981481481482 0.47161458333333334 0.6409722222222223 0.47018229166666664 0.638425925925926 0.46966145833333334 0.6370370370370371 0.46783854166666666 0.6300925925925925 0.46627604166666664 0.625 0.46575520833333334 0.6226851851851852 0.4649739583333333 0.6171296296296296 0.4647135416666667 0.6166666666666667 0.4647135416666667 0.6138888888888889 0.464453125 0.6134259259259259 0.4647135416666667 0.611574074074074 0.4647135416666667 0.6064814814814815 0.465234375 0.6050925925925926 0.4654947916666667 0.6027777777777777 0.466015625 0.6013888888888889 0.466796875 0.5981481481481481 0.46731770833333336 0.5967592592592592 0.4713541666666667 0.5895833333333333 0.47291666666666665 0.5881944444444445 0.4734375 0.5872685185185185 0.475 0.5863425925925926 0.47578125 0.5854166666666667 0.4786458333333333 0.5844907407407407 0.47890625 0.5840277777777778 0.48046875 0.5840277777777778 0.48072916666666665 0.5835648148148148 0.48359375 0.5835648148148148 0.48385416666666664 0.5840277777777778 0.48541666666666666 0.5840277777777778 0.4856770833333333 0.5844907407407407 0.48854166666666665 0.5858796296296296 0.48984375 0.5877314814814815 0.490625 0.5881944444444445 0.49361979166666664 0.5935185185185186 0.49440104166666665 0.5962962962962963 0.494921875 0.5972222222222222 0.4954427083333333 0.5995370370370371 0.496484375 0.6027777777777777 0.496484375 0.6037037037037037 0.49752604166666664 0.6069444444444444 0.49752604166666664 0.6078703703703704 0.49830729166666665 0.612037037037037 0.49856770833333336 0.6125 0.49856770833333336 0.6148148148148148 0.498828125 0.6152777777777778 0.498828125 0.6222222222222222 0.49856770833333336 0.624537037037037 0.498046875 0.6259259259259259 0.49752604166666664 0.6291666666666667 0.4959635416666667 0.6342592592592593 0.49375 0.6381944444444444 0.49140625 0.6409722222222223 0.490625 0.6423611111111112 0.48932291666666666 0.643287037037037 0.48802083333333335 0.6446759259259259 0.4875 0.6446759259259259 0.4859375 0.6460648148148148 0.48489583333333336 0.6465277777777778 0.48359375 0.6465277777777778 0.48333333333333334 0.6469907407407407
2 0.5264322916666666 0.6743055555555555 0.03593750000000007 0.06944444444444453 0.5294270833333333 0.7090277777777778 0.52421875 0.7090277777777778 0.5229166666666667 0.7081018518518518 0.52109375 0.7076388888888889 0.5171875 0.7039351851851852 0.5158854166666667 0.7020833333333333 0.513671875 0.6981481481481482 0.512109375 0.6939814814814815 0.512109375 0.6930555555555555 0.511328125 0.6907407407407408 0.510546875 0.6856481481481481 0.5100260416666667 0.6842592592592592 0.5095052083333333 0.6814814814814815 0.508984375 0.6768518518518518 0.5087239583333333 0.6763888888888889 0.5087239583333333 0.6726851851851852 0.5084635416666666 0.6722222222222223 0.5084635416666666 0.6680555555555555 0.5087239583333333 0.6675925925925926 0.5087239583333333 0.6643518518518519 0.508984375 0.6638888888888889 0.508984375 0.6615740740740741 0.509765625 0.6587962962962963 0.509765625 0.6574074074074074 0.5102864583333333 0.6555555555555556 0.5123697916666666 0.6518518518518519 0.5123697916666666 0.6513888888888889 0.5135416666666667 0.6493055555555556 0.5169270833333334 0.6446759259259259 0.5182291666666666 0.643287037037037 0.51875 0.643287037037037 0.5197916666666667 0.6418981481481482 0.5221354166666666 0.6405092592592593 0.5234375 0.6400462962962963 0.5247395833333334 0.6400462962962963 0.525 0.6395833333333333 0.5268229166666667 0.6395833333333333 0.5270833333333333 0.6400462962962963 0.5291666666666667 0.6400462962962963 0.53046875 0.6414351851851852 0.5333333333333333 0.642824074074074 0.5354166666666667 0.6446759259259259 0.5397135416666666 0.6523148148148148 0.5407552083333333 0.6564814814814814 0.5415364583333333 0.6587962962962963 0.5428385416666667 0.6657407407407407 0.5428385416666667 0.6671296296296296 0.5436197916666666 0.6703703703703704 0.5436197916666666 0.6722222222222223 0.544140625 0.674537037037037 0.544140625 0.6773148148148148 0.5444010416666667 0.6777777777777778 0.5444010416666667 0.6833333333333333 0.544140625 0.6837962962962963 0.544140625 0.6861111111111111 0.5438802083333333 0.6865740740740741 0.543359375 0.6907407407407408 0.542578125 0.6935185185185185 0.5415364583333333 0.6962962962962963 0.5372395833333333 0.7039351851851852 0.5338541666666666 0.7067129629629629 0.5307291666666667 0.7081018518518518 0.5294270833333333 0.7090277777777778
2 0.4920572916666667 0.7692129629629629 0.0390625 0.07777777777777783 0.4979166666666667 0.8081018518518519 0.49375 0.8081018518518519 0.4921875 0.8071759259259259 0.4908854166666667 0.8071759259259259 0.4895833333333333 0.8067129629629629 0.48802083333333335 0.805324074074074 0.48671875 0.8048611111111111 0.4817708333333333 0.8002314814814815 0.47955729166666666 0.7962962962962963 0.477734375 0.7912037037037037 0.4772135416666667 0.7888888888888889 0.476171875 0.7861111111111111 0.47565104166666666 0.7837962962962963 0.474609375 0.7810185185185186 0.47408854166666664 0.7787037037037037 0.473828125 0.7763888888888889 0.4733072916666667 0.775 0.4733072916666667 0.7736111111111111 0.4727864583333333 0.7712962962962963 0.4727864583333333 0.7689814814814815 0.4725260416666667 0.7685185185185185 0.4725260416666667 0.7597222222222222 0.4727864583333333 0.7578703703703704 0.47356770833333334 0.7546296296296297 0.473828125 0.7523148148148148 0.47513020833333336 0.7476851851851852 0.476171875 0.7449074074074075 0.476953125 0.7435185185185185 0.477734375 0.7412037037037037 0.47890625 0.7391203703703704 0.48098958333333336 0.7368055555555556 0.4817708333333333 0.7354166666666667 0.48333333333333334 0.7340277777777777 0.48463541666666665 0.7335648148148148 0.4859375 0.732175925925926 0.4875 0.731712962962963 0.48854166666666665 0.7307870370370371 0.48984375 0.7303240740740741 0.49166666666666664 0.7303240740740741 0.49192708333333335 0.7307870370370371 0.4942708333333333 0.7307870370370371 0.49453125 0.73125 0.49635416666666665 0.731712962962963 0.49947916666666664 0.7335648148148148 0.5013020833333334 0.7354166666666667 0.5028645833333333 0.7381944444444445 0.503125 0.7381944444444445 0.5045572916666666 0.7407407407407407 0.5084635416666666 0.7518518518518519 0.508984375 0.7541666666666667 0.509765625 0.7564814814814815 0.5108072916666667 0.7611111111111111 0.5108072916666667 0.7625 0.511328125 0.7648148148148148 0.511328125 0.7671296296296296 0.5115885416666667 0.7675925925925926 0.5115885416666667 0.774074074074074 0.511328125 0.774537037037037 0.511328125 0.7768518518518519 0.5110677083333334 0.7791666666666667 0.510546875 0.7814814814814814 0.5100260416666667 0.7856481481481481 0.5084635416666666 0.7921296296296296 0.506640625 0.7958333333333333 0.5063802083333333 0.7972222222222223 0.5049479166666667 0.8002314814814815 0.5036458333333333 0.8016203703703704 0.5015625 0.805324074074074 0.50078125 0.805787037037037 0.49895833333333334 0.8076388888888889 0.4979166666666667 0.8081018518518519
2 0.5649739583333333 0.6585648148148149 0.03541666666666665 0.0703703703703703 0.5653645833333333 0.69375 0.56328125 0.69375 0.5630208333333333 0.6932870370370371 0.5609375 0.6932870370370371 0.56015625 0.6928240740740741 0.5552083333333333 0.6881944444444444 0.5524739583333333 0.6833333333333333 0.5514322916666666 0.6810185185185185 0.5506510416666667 0.6782407407407407 0.5501302083333334 0.6773148148148148 0.549609375 0.6736111111111112 0.548828125 0.6703703703703704 0.5485677083333333 0.6666666666666666 0.5483072916666667 0.6662037037037037 0.548046875 0.662962962962963 0.5475260416666666 0.6606481481481481 0.547265625 0.6583333333333333 0.547265625 0.649074074074074 0.5475260416666666 0.6467592592592593 0.5483072916666667 0.6421296296296296 0.548828125 0.6407407407407407 0.5501302083333334 0.6361111111111111 0.5509114583333333 0.6342592592592593 0.5526041666666667 0.63125 0.5541666666666667 0.6298611111111111 0.55546875 0.6280092592592592 0.5572916666666666 0.6266203703703703 0.55859375 0.6252314814814814 0.5609375 0.6238425925925926 0.5627604166666667 0.6238425925925926 0.5630208333333333 0.6233796296296297 0.5651041666666666 0.6233796296296297 0.5653645833333333 0.6238425925925926 0.5669270833333333 0.6238425925925926 0.5682291666666667 0.6243055555555556 0.5697916666666667 0.6256944444444444 0.5703125 0.6256944444444444 0.5734375 0.6280092592592592 0.5752604166666667 0.6307870370370371 0.5755208333333334 0.6307870370370371 0.578515625 0.6361111111111111 0.5787760416666666 0.6375 0.580078125 0.6412037037037037 0.580859375 0.6439814814814815 0.5811197916666667 0.6462962962962963 0.5819010416666667 0.65 0.5819010416666667 0.6523148148148148 0.582421875 0.6550925925925926 0.582421875 0.6578703703703703 0.5826822916666666 0.6583333333333333 0.5826822916666666 0.6708333333333333 0.582421875 0.6712962962962963 0.5819010416666667 0.675 0.580859375 0.6787037037037037 0.5795572916666667 0.6819444444444445 0.5765625 0.6872685185185186 0.5755208333333334 0.6886574074074074 0.5736979166666667 0.6900462962962963 0.5729166666666666 0.6909722222222222 0.5692708333333333 0.6928240740740741 0.56796875 0.6928240740740741 0.5677083333333334 0.6932870370370371 0.565625 0.6932870370370371 0.5653645833333333 0.69375
1 0.5565104166666667 0.5962962962962963 0.030468750000000044 0.05601851851851847 0.5559895833333334 0.6243055555555556 0.5557291666666667 0.6238425925925926 0.55390625 0.6238425925925926 0.5528645833333333 0.6233796296296297 0.5513020833333333 0.6219907407407408 0.5481770833333334 0.6201388888888889 0.546875 0.617824074074074 0.5466145833333333 0.617824074074074 0.5446614583333333 0.6134259259259259 0.543359375 0.6097222222222223 0.543359375 0.6087962962962963 0.5423177083333334 0.6027777777777777 0.541796875 0.600925925925926 0.5415364583333333 0.5986111111111111 0.5415364583333333 0.5962962962962963 0.5412760416666667 0.5958333333333333 0.5412760416666667 0.5893518518518519 0.5415364583333333 0.5888888888888889 0.5415364583333333 0.5861111111111111 0.5423177083333334 0.5833333333333334 0.5423177083333334 0.5824074074074074 0.5430989583333333 0.5800925925925926 0.5444010416666667 0.5777777777777777 0.5444010416666667 0.5773148148148148 0.54609375 0.5743055555555555 0.5484375 0.5715277777777777 0.55 0.5701388888888889 0.5505208333333333 0.5701388888888889 0.5520833333333334 0.56875 0.5533854166666666 0.56875 0.5536458333333333 0.5682870370370371 0.5596354166666667 0.5682870370370371 0.5609375 0.56875 0.5630208333333333 0.5706018518518519 0.5645833333333333 0.5715277777777777 0.5651041666666666 0.5724537037037037 0.56640625 0.5733796296296296 0.568359375 0.5768518518518518 0.569921875 0.5810185185185185 0.5709635416666666 0.5851851851851851 0.5712239583333333 0.5875 0.5712239583333333 0.5898148148148148 0.571484375 0.5902777777777778 0.571484375 0.5925925925925926 0.5717447916666667 0.5930555555555556 0.5717447916666667 0.6027777777777777 0.571484375 0.6032407407407407 0.571484375 0.6055555555555555 0.5712239583333333 0.6078703703703704 0.5694010416666667 0.6134259259259259 0.5671875 0.6168981481481481 0.5669270833333333 0.6168981481481481 0.5643229166666667 0.6206018518518519 0.56328125 0.6210648148148148 0.56171875 0.6224537037037037 0.5606770833333333 0.6229166666666667 0.559375 0.6229166666666667 0.5578125 0.6238425925925926 0.55625 0.6238425925925926 0.5559895833333334 0.6243055555555556
1 0.48880208333333336 0.6949074074074074 0.03255208333333337 0.06064814814814823 0.48984375 0.7252314814814815 0.48880208333333336 0.7247685185185185 0.48671875 0.7247685185185185 0.48541666666666666 0.7243055555555555 0.48463541666666665 0.7233796296296297 0.4825520833333333 0.7224537037037037 0.48151041666666666 0.7215277777777778 0.4791666666666667 0.71875 0.47747395833333334 0.7157407407407408 0.47747395833333334 0.7152777777777778 0.476171875 0.7125 0.47565104166666666 0.7101851851851851 0.47513020833333336 0.7092592592592593 0.473828125 0.7046296296296296 0.47356770833333334 0.7023148148148148 0.4727864583333333 0.6995370370370371 0.4725260416666667 0.6976851851851852 0.4725260416666667 0.6893518518518519 0.4727864583333333 0.687037037037037 0.473828125 0.6814814814814815 0.47434895833333335 0.6805555555555556 0.475390625 0.6768518518518518 0.4766927083333333 0.674537037037037 0.4766927083333333 0.674074074074074 0.4786458333333333 0.6706018518518518 0.48020833333333335 0.66875 0.48151041666666666 0.6678240740740741 0.4828125 0.6664351851851852 0.484375 0.6659722222222222 0.4856770833333333 0.6650462962962963 0.48723958333333334 0.6650462962962963 0.4875 0.6645833333333333 0.49114583333333334 0.6645833333333333 0.49140625 0.6650462962962963 0.49296875 0.6650462962962963 0.4940104166666667 0.6655092592592593 0.49583333333333335 0.6668981481481482 0.49635416666666665 0.6678240740740741 0.4979166666666667 0.669212962962963 0.499609375 0.6722222222222223 0.499609375 0.6726851851851852 0.5009114583333333 0.6754629629629629 0.501953125 0.6796296296296296 0.5024739583333333 0.6810185185185185 0.503515625 0.6861111111111111 0.5037760416666667 0.6884259259259259 0.504296875 0.6898148148148148 0.5045572916666666 0.6935185185185185 0.5048177083333333 0.6939814814814815 0.5048177083333333 0.6962962962962963 0.505078125 0.6967592592592593 0.505078125 0.6995370370370371 0.5048177083333333 0.7 0.5048177083333333 0.7037037037037037 0.504296875 0.7064814814814815 0.5037760416666667 0.7074074074074074 0.5032552083333334 0.7097222222222223 0.5009114583333333 0.7148148148148148 0.5009114583333333 0.7152777777777778 0.49947916666666664 0.7178240740740741 0.4981770833333333 0.719212962962963 0.49505208333333334 0.7219907407407408 0.4942708333333333 0.7229166666666667 0.4901041666666667 0.7247685185185185 0.48984375 0.7252314814814815
1 0.5358072916666666 0.7608796296296296 0.03489583333333335 0.06759259259259265 0.5388020833333333 0.794675925925926 0.5338541666666666 0.794675925925926 0.5325520833333334 0.794212962962963 0.5307291666666667 0.7928240740740741 0.5302083333333333 0.7928240740740741 0.5286458333333334 0.7914351851851852 0.52734375 0.7895833333333333 0.52578125 0.7881944444444444 0.524609375 0.7861111111111111 0.5240885416666666 0.7842592592592592 0.5233072916666667 0.7828703703703703 0.522265625 0.7800925925925926 0.5212239583333333 0.7754629629629629 0.5204427083333333 0.7731481481481481 0.5201822916666666 0.7708333333333334 0.5196614583333333 0.7694444444444445 0.5194010416666667 0.7666666666666667 0.5188802083333334 0.7648148148148148 0.5188802083333334 0.762962962962963 0.518359375 0.7606481481481482 0.518359375 0.7527777777777778 0.5186197916666667 0.7523148148148148 0.5188802083333334 0.7490740740740741 0.519140625 0.7486111111111111 0.5194010416666667 0.7458333333333333 0.5217447916666667 0.7384259259259259 0.525 0.7326388888888888 0.52578125 0.731712962962963 0.5276041666666667 0.7303240740740741 0.5286458333333334 0.7289351851851852 0.5302083333333333 0.7280092592592593 0.53125 0.7280092592592593 0.5325520833333334 0.7270833333333333 0.5375 0.7270833333333333 0.5416666666666666 0.7289351851851852 0.54375 0.7307870370370371 0.5455729166666666 0.7331018518518518 0.5485677083333333 0.7384259259259259 0.5493489583333333 0.7407407407407407 0.5501302083333334 0.7439814814814815 0.551171875 0.7472222222222222 0.551171875 0.7486111111111111 0.5522135416666667 0.7532407407407408 0.5529947916666667 0.7587962962962963 0.5529947916666667 0.7615740740740741 0.5532552083333333 0.7620370370370371 0.5532552083333333 0.7689814814814815 0.5529947916666667 0.7694444444444445 0.5529947916666667 0.7717592592592593 0.552734375 0.7722222222222223 0.5524739583333333 0.7754629629629629 0.5514322916666666 0.7791666666666667 0.5506510416666667 0.7810185185185186 0.5493489583333333 0.7833333333333333 0.5485677083333333 0.7856481481481481 0.5471354166666667 0.7881944444444444 0.5442708333333334 0.7914351851851852 0.5427083333333333 0.7923611111111111 0.54140625 0.79375 0.5403645833333334 0.794212962962963 0.5390625 0.794212962962963 0.5388020833333333 0.794675925925926
2 0.7627604166666666 0.5513888888888889 0.04192708333333328 0.06620370370370365 0.76640625 0.5844907407407407 0.7609375 0.5844907407407407 0.7606770833333333 0.5840277777777778 0.759375 0.5840277777777778 0.7583333333333333 0.5831018518518518 0.7575520833333333 0.5831018518518518 0.7559895833333333 0.5817129629629629 0.7546875 0.58125 0.7518229166666667 0.5784722222222223 0.7513020833333334 0.5784722222222223 0.74921875 0.5761574074074074 0.7463541666666667 0.5710648148148149 0.74609375 0.5710648148148149 0.743359375 0.5662037037037037 0.742578125 0.562037037037037 0.741796875 0.5592592592592592 0.741796875 0.5523148148148148 0.7428385416666666 0.5486111111111112 0.7428385416666666 0.5476851851851852 0.7436197916666667 0.5453703703703704 0.7438802083333333 0.5435185185185185 0.7444010416666667 0.5425925925925926 0.745703125 0.5375 0.7459635416666667 0.5342592592592592 0.7470052083333333 0.5300925925925926 0.7494791666666667 0.5256944444444445 0.7505208333333333 0.5243055555555556 0.75234375 0.5224537037037037 0.753125 0.5224537037037037 0.7541666666666667 0.5215277777777778 0.7549479166666667 0.5215277777777778 0.7557291666666667 0.5206018518518518 0.7588541666666667 0.51875 0.7658854166666667 0.51875 0.7669270833333334 0.518287037037037 0.7697916666666667 0.5196759259259259 0.77109375 0.5210648148148148 0.7716145833333333 0.5210648148148148 0.7739583333333333 0.5233796296296296 0.775 0.5238425925925926 0.77578125 0.5252314814814815 0.7770833333333333 0.5266203703703703 0.7813802083333333 0.5342592592592592 0.7826822916666667 0.5375 0.783203125 0.5398148148148149 0.783203125 0.5412037037037037 0.7837239583333333 0.5430555555555555 0.7837239583333333 0.5532407407407407 0.783203125 0.5550925925925926 0.7826822916666667 0.5583333333333333 0.7811197916666667 0.5634259259259259 0.780078125 0.5689814814814815 0.779296875 0.5712962962962963 0.7787760416666667 0.5736111111111111 0.7763020833333333 0.5780092592592593 0.7747395833333334 0.5798611111111112 0.7734375 0.580787037037037 0.76875 0.5835648148148148 0.76640625 0.5844907407407407
2 0.86328125 0.4175925925925926 0.04401041666666661 0.06157407407407406 0.8651041666666667 0.44837962962962963 0.8643229166666667 0.4479166666666667 0.8614583333333333 0.4479166666666667 0.8611979166666667 0.4474537037037037 0.8596354166666667 0.4474537037037037 0.859375 0.44699074074074074 0.8580729166666666 0.44699074074074074 0.85390625 0.44513888888888886 0.8526041666666667 0.444212962962963 0.85078125 0.4423611111111111 0.8502604166666666 0.4423611111111111 0.8463541666666666 0.4386574074074074 0.842578125 0.43194444444444446 0.841796875 0.42962962962962964 0.8412760416666667 0.4263888888888889 0.8412760416666667 0.42268518518518516 0.8415364583333333 0.4222222222222222 0.8415364583333333 0.4185185185185185 0.8420572916666667 0.4166666666666667 0.8430989583333334 0.4115740740740741 0.8436197916666667 0.41064814814814815 0.844921875 0.4046296296296296 0.8454427083333333 0.40370370370370373 0.8467447916666667 0.39861111111111114 0.8475260416666667 0.39675925925925926 0.8489583333333334 0.394212962962963 0.8526041666666667 0.3905092592592593 0.8546875 0.38958333333333334 0.85546875 0.3886574074074074 0.8578125 0.3872685185185185 0.86015625 0.3872685185185185 0.8604166666666667 0.38680555555555557 0.8661458333333333 0.38680555555555557 0.86640625 0.3872685185185185 0.8682291666666667 0.3872685185185185 0.86953125 0.38773148148148145 0.8721354166666667 0.38958333333333334 0.8747395833333333 0.3909722222222222 0.8755208333333333 0.3909722222222222 0.8768229166666667 0.39189814814814816 0.8791666666666667 0.394212962962963 0.88203125 0.39791666666666664 0.8837239583333333 0.4009259259259259 0.8837239583333333 0.4013888888888889 0.8850260416666667 0.4050925925925926 0.8852864583333333 0.4064814814814815 0.8852864583333333 0.41388888888888886 0.884765625 0.4166666666666667 0.8837239583333333 0.4203703703703704 0.8834635416666666 0.4222222222222222 0.8821614583333334 0.4263888888888889 0.8819010416666667 0.42777777777777776 0.8805989583333333 0.43194444444444446 0.8805989583333333 0.43287037037037035 0.8795572916666666 0.4361111111111111 0.8787760416666667 0.43796296296296294 0.8776041666666666 0.44004629629629627 0.87578125 0.4423611111111111 0.8744791666666667 0.44328703703703703 0.8734375 0.4446759259259259 0.8721354166666667 0.44560185185185186 0.8700520833333333 0.4465277777777778 0.8690104166666667 0.4474537037037037 0.8677083333333333 0.4474537037037037 0.8674479166666667 0.4479166666666667 0.8653645833333333 0.4479166666666667 0.8651041666666667 0.44837962962962963
2 0.9040364583333333 0.4946759259259259 0.04791666666666661 0.03333333333333338 0.8856770833333333 0.5113425925925926 0.8809895833333333 0.5113425925925926 0.880078125 0.5092592592592593 0.8811197916666667 0.5046296296296297 0.8811197916666667 0.5037037037037037 0.882421875 0.500462962962963 0.8834635416666666 0.4986111111111111 0.883984375 0.49675925925925923 0.886328125 0.49166666666666664 0.8876302083333333 0.487962962962963 0.8895833333333333 0.4844907407407407 0.89140625 0.4826388888888889 0.8942708333333333 0.480787037037037 0.8950520833333333 0.480787037037037 0.89609375 0.4798611111111111 0.8979166666666667 0.47939814814814813 0.8997395833333334 0.47800925925925924 0.9020833333333333 0.47800925925925924 0.90234375 0.47847222222222224 0.9057291666666667 0.47847222222222224 0.9059895833333333 0.4789351851851852 0.90859375 0.4789351851851852 0.91015625 0.4798611111111111 0.9114583333333334 0.4798611111111111 0.9135416666666667 0.48125 0.9143229166666667 0.48125 0.91796875 0.48356481481481484 0.9208333333333333 0.4858796296296296 0.9221354166666667 0.48726851851851855 0.9244791666666666 0.49050925925925926 0.9247395833333333 0.49050925925925926 0.927734375 0.49583333333333335 0.9279947916666667 0.49722222222222223 0.9274739583333333 0.49953703703703706 0.9268229166666667 0.5006944444444444 0.9255208333333333 0.5016203703703703 0.9239583333333333 0.5016203703703703 0.9236979166666667 0.5020833333333333 0.9216145833333333 0.5020833333333333 0.9213541666666667 0.5025462962962963 0.9192708333333334 0.5025462962962963 0.9190104166666667 0.5030092592592592 0.9171875 0.5030092592592592 0.9169270833333333 0.5034722222222222 0.915625 0.5034722222222222 0.9153645833333334 0.5039351851851852 0.9138020833333333 0.5039351851851852 0.9135416666666667 0.5043981481481481 0.91171875 0.5043981481481481 0.9114583333333334 0.5048611111111111 0.9098958333333333 0.5048611111111111 0.9096354166666667 0.5053240740740741 0.9080729166666667 0.5053240740740741 0.9078125 0.5057870370370371 0.90625 0.5057870370370371 0.9059895833333333 0.50625 0.9041666666666667 0.50625 0.90390625 0.506712962962963 0.9020833333333333 0.506712962962963 0.9018229166666667 0.507175925925926 0.9002604166666667 0.507175925925926 0.9 0.5076388888888889 0.8986979166666667 0.5076388888888889 0.8984375 0.5081018518518519 0.8971354166666666 0.5081018518518519 0.896875 0.5085648148148149 0.8953125 0.5085648148148149 0.8950520833333333 0.5090277777777777 0.89375 0.5090277777777777 0.8934895833333333 0.5094907407407407 0.8916666666666667 0.5094907407407407 0.89140625 0.5099537037037037 0.8890625 0.5099537037037037 0.8888020833333333 0.5104166666666666 0.8875 0.5104166666666666 0.8872395833333333 0.5108796296296296 0.8859375 0.5108796296296296 0.8856770833333333 0.5113425925925926
11 0.8323567708333333 0.7043981481481482 0.33476562500000007 0.586111111111111 0.9997395833333333 0.9960648148148148 0.9963541666666667 0.9960648148148148 0.99609375 0.9965277777777778 0.9921875 0.9965277777777778 0.9919270833333333 0.9960648148148148 0.9604166666666667 0.9960648148148148 0.96015625 0.9956018518518519 0.95703125 0.9956018518518519 0.9567708333333333 0.9960648148148148 0.9328125 0.9960648148148148 0.9325520833333333 0.9965277777777778 0.93046875 0.9965277777777778 0.9302083333333333 0.9960648148148148 0.8963541666666667 0.9960648148148148 0.89609375 0.9956018518518519 0.8901041666666667 0.9956018518518519 0.8897135416666667 0.9930555555555556 0.8895833333333333 0.9900462962962963 0.88671875 0.9900462962962963 0.886328125 0.9916666666666667 0.886328125 0.9935185185185185 0.8856770833333333 0.9956018518518519 0.8791666666666667 0.9956018518518519 0.8778645833333333 0.9942129629629629 0.8765625 0.9942129629629629 0.8752604166666667 0.9956018518518519 0.8684895833333334 0.9956018518518519 0.86640625 0.9969907407407408 0.8651041666666667 0.9969907407407408 0.86484375 0.9974537037037037 0.8609375 0.9974537037037037 0.8606770833333334 0.9969907407407408 0.859375 0.9969907407407408 0.8578125 0.9960648148148148 0.8247395833333333 0.9960648148148148 0.8236979166666667 0.9956018518518519 0.8209635416666666 0.9907407407407407 0.819921875 0.987037037037037 0.8196614583333334 0.9837962962962963 0.819140625 0.9814814814814815 0.819140625 0.9796296296296296 0.8186197916666667 0.9773148148148149 0.8186197916666667 0.975925925925926 0.8178385416666667 0.9731481481481481 0.8173177083333333 0.9722222222222222 0.816796875 0.9699074074074074 0.8154947916666667 0.9657407407407408 0.8149739583333333 0.9634259259259259 0.8141927083333333 0.9583333333333334 0.8131510416666666 0.9550925925925926 0.8118489583333334 0.9486111111111111 0.811328125 0.9444444444444444 0.8087239583333333 0.9356481481481481 0.808203125 0.9342592592592592 0.8079427083333334 0.9319444444444445 0.807421875 0.9296296296296296 0.806640625 0.9277777777777778 0.8061197916666667 0.9254629629629629 0.8053385416666666 0.9231481481481482 0.8048177083333333 0.9208333333333333 0.804296875 0.9171296296296296 0.8037760416666667 0.9157407407407407 0.8029947916666667 0.9115740740740741 0.801953125 0.9092592592592592 0.8009114583333333 0.9046296296296297 0.800390625 0.9032407407407408 0.7998697916666667 0.899074074074074 0.798828125 0.8958333333333334 0.7977864583333333 0.8912037037037037 0.797265625 0.8898148148148148 0.7962239583333334 0.8851851851851852 0.795703125 0.8837962962962963 0.7951822916666667 0.8800925925925925 0.794140625 0.8763888888888889 0.794140625 0.875462962962963 0.7930989583333333 0.8712962962962963 0.7928385416666667 0.8689814814814815 0.7923177083333334 0.8675925925925926 0.7899739583333333 0.8592592592592593 0.7899739583333333 0.8583333333333333 0.7889322916666667 0.8550925925925926 0.7884114583333334 0.8527777777777777 0.7881510416666667 0.850462962962963 0.787109375 0.8458333333333333 0.785546875 0.8416666666666667 0.7833333333333333 0.8377314814814815 0.7822916666666667 0.8377314814814815 0.78125 0.8386574074074075 0.77890625 0.8395833333333333 0.7770833333333333 0.8395833333333333 0.7768229166666667 0.8400462962962963 0.7744791666666667 0.8400462962962963 0.77421875 0.8405092592592592 0.7721354166666666 0.8405092592592592 0.771875 0.8409722222222222 0.7697916666666667 0.8409722222222222 0.76953125 0.8414351851851852 0.7630208333333334 0.8414351851851852 0.7627604166666667 0.8418981481481481 0.7596354166666667 0.8418981481481481 0.759375 0.8423611111111111 0.7559895833333333 0.8423611111111111 0.7557291666666667 0.8428240740740741 0.7520833333333333 0.8428240740740741 0.75078125 0.843287037037037 0.74765625 0.8451388888888889 0.7458333333333333 0.8451388888888889 0.7455729166666667 0.8456018518518519 0.7442708333333333 0.8456018518518519 0.74296875 0.8469907407407408 0.7420572916666667 0.8486111111111111 0.7415364583333334 0.850462962962963 0.7415364583333334 0.8564814814814815 0.741796875 0.8583333333333333 0.7423177083333333 0.8597222222222223 0.7423177083333333 0.8611111111111112 0.7428385416666666 0.8634259259259259 0.7428385416666666 0.8652777777777778 0.743359375 0.8675925925925926 0.743359375 0.8694444444444445 0.7444010416666667 0.875 0.7451822916666667 0.8763888888888889 0.7459635416666667 0.8791666666666667 0.746484375 0.8847222222222222 0.7483072916666667 0.8916666666666667 0.748828125 0.8925925925925926 0.749609375 0.8958333333333334 0.749609375 0.8972222222222223 0.7501302083333333 0.899074074074074 0.751171875 0.9055555555555556 0.751171875 0.9120370370370371 0.7526041666666666 0.9150462962962963 0.7536458333333333 0.9155092592592593 0.754296875 0.9166666666666666 0.7548177083333333 0.9185185185185185 0.755078125 0.9222222222222223 0.7555989583333333 0.924074074074074 0.7555989583333333 0.9259259259259259 0.7561197916666667 0.9287037037037037 0.7569010416666667 0.9310185185185185 0.758203125 0.937962962962963 0.758203125 0.9393518518518519 0.7587239583333333 0.9412037037037037 0.758984375 0.9435185185185185 0.7595052083333333 0.9449074074074074 0.7602864583333333 0.9490740740740741 0.760546875 0.9513888888888888 0.760546875 0.9537037037037037 0.7618489583333333 0.9578703703703704 0.7623697916666666 0.9601851851851851 0.7623697916666666 0.961574074074074 0.762890625 0.9634259259259259 0.762890625 0.9648148148148148 0.7634114583333333 0.9666666666666667 0.7634114583333333 0.9680555555555556 0.7641927083333333 0.9712962962962963 0.7654947916666667 0.975925925925926 0.7657552083333333 0.9791666666666666 0.766015625 0.9796296296296296 0.766015625 0.9824074074074074 0.7662760416666666 0.9828703703703704 0.7662760416666666 0.9851851851851852 0.7670572916666667 0.9888888888888889 0.7670572916666667 0.9916666666666667 0.7673177083333333 0.9921296296296296 0.7673177083333333 0.9953703703703703 0.7666666666666667 0.9960648148148148 0.7651041666666667 0.9960648148148148 0.76484375 0.9965277777777778 0.75234375 0.9965277777777778 0.7520833333333333 0.9960648148148148 0.75 0.9956018518518519 0.7484375 0.99375 0.7470052083333333 0.9907407407407407 0.7462239583333333 0.986574074074074 0.7446614583333333 0.9810185185185185 0.744140625 0.9787037037037037 0.743359375 0.9763888888888889 0.743359375 0.975 0.742578125 0.9722222222222222 0.7415364583333334 0.9662037037037037 0.7415364583333334 0.9643518518518519 0.7404947916666667 0.9587962962962963 0.739453125 0.9555555555555556 0.7389322916666666 0.9527777777777777 0.738671875 0.95 0.7381510416666667 0.9486111111111111 0.7381510416666667 0.9472222222222222 0.7373697916666667 0.9439814814814815 0.7365885416666667 0.9416666666666667 0.736328125 0.9393518518518519 0.735546875 0.9361111111111111 0.734765625 0.9296296296296296 0.7337239583333334 0.9259259259259259 0.733203125 0.9217592592592593 0.7326822916666667 0.9203703703703704 0.7319010416666667 0.9152777777777777 0.7313802083333333 0.913425925925926 0.7313802083333333 0.9120370370370371 0.730078125 0.9050925925925926 0.7287760416666667 0.9013888888888889 0.7287760416666667 0.9004629629629629 0.7279947916666667 0.8981481481481481 0.7274739583333333 0.8953703703703704 0.7274739583333333 0.8939814814814815 0.726953125 0.8921296296296296 0.7266927083333333 0.8888888888888888 0.7259114583333334 0.8856481481481482 0.7259114583333334 0.8842592592592593 0.725390625 0.8824074074074074 0.725390625 0.8810185185185185 0.7248697916666667 0.8796296296296297 0.7243489583333333 0.8759259259259259 0.7235677083333333 0.8736111111111111 0.722265625 0.8657407407407407 0.7209635416666667 0.861574074074074 0.720703125 0.8592592592592593 0.7201822916666667 0.8578703703703704 0.7201822916666667 0.8555555555555555 0.719921875 0.8550925925925926 0.719921875 0.8495370370370371 0.7196614583333333 0.8490740740740741 0.7196614583333333 0.8467592592592592 0.719140625 0.8439814814814814 0.719140625 0.8416666666666667 0.7188802083333333 0.8398148148148148 0.7180989583333334 0.836574074074074 0.7170572916666667 0.8347222222222223 0.716796875 0.8328703703703704 0.7162760416666667 0.8319444444444445 0.716015625 0.8300925925925926 0.7154947916666666 0.8287037037037037 0.7154947916666666 0.8273148148148148 0.7149739583333333 0.825462962962963 0.7147135416666667 0.8231481481481482 0.7141927083333334 0.8208333333333333 0.7134114583333333 0.8185185185185185 0.7126302083333333 0.8152777777777778 0.712109375 0.8106481481481481 0.7110677083333333 0.8041666666666667 0.710546875 0.8027777777777778 0.7100260416666667 0.8 0.7100260416666667 0.7986111111111112 0.708203125 0.7907407407407407 0.7076822916666666 0.787962962962963 0.707421875 0.7847222222222222 0.7063802083333334 0.7800925925925926 0.7053385416666667 0.7782407407407408 0.7053385416666667 0.7773148148148148 0.704296875 0.774074074074074 0.704296875 0.7717592592592593 0.7040364583333333 0.7712962962962963 0.7040364583333333 0.7689814814814815 0.7032552083333333 0.763425925925926 0.702734375 0.7611111111111111 0.701953125 0.7587962962962963 0.7014322916666667 0.7564814814814815 0.7009114583333333 0.7523148148148148 0.7006510416666667 0.7518518518518519 0.7001302083333333 0.7481481481481481 0.7001302083333333 0.7467592592592592 0.699609375 0.7449074074074075 0.699609375 0.7435185185185185 0.698828125 0.7407407407407407 0.698046875 0.736574074074074 0.6967447916666667 0.7324074074074074 0.696484375 0.7296296296296296 0.6962239583333333 0.7291666666666666 0.6959635416666666 0.725925925925926 0.695703125 0.725462962962963 0.6954427083333333 0.7222222222222222 0.694140625 0.7171296296296297 0.694140625 0.7157407407407408 0.6936197916666667 0.7138888888888889 0.693359375 0.7111111111111111 0.6923177083333333 0.7069444444444445 0.691796875 0.7041666666666667 0.6915364583333333 0.700462962962963 0.6907552083333334 0.6972222222222222 0.6897135416666667 0.6953703703703704 0.688671875 0.6916666666666667 0.6884114583333333 0.6888888888888889 0.6881510416666666 0.6884259259259259 0.687890625 0.6847222222222222 0.686328125 0.6773148148148148 0.6858072916666667 0.6759259259259259 0.685546875 0.6736111111111112 0.684765625 0.6708333333333333 0.6845052083333333 0.6685185185185185 0.6845052083333333 0.6657407407407407 0.6842447916666666 0.663425925925926 0.683203125 0.6578703703703703 0.6821614583333333 0.6550925925925926 0.680859375 0.65 0.6805989583333333 0.6467592592592593 0.680078125 0.6444444444444445 0.680078125 0.6425925925925926 0.6795572916666667 0.6388888888888888 0.6790364583333334 0.6365740740740741 0.6779947916666667 0.6333333333333333 0.677734375 0.6305555555555555 0.676953125 0.6277777777777778 0.676171875 0.6217592592592592 0.6756510416666667 0.6199074074074075 0.6756510416666667 0.6185185185185185 0.674609375 0.6143518518518518 0.6740885416666667 0.6134259259259259 0.6725260416666666 0.6074074074074074 0.6720052083333333 0.6023148148148149 0.671484375 0.5990740740740741 0.6709635416666667 0.5976851851851852 0.670703125 0.5958333333333333 0.6696614583333333 0.5925925925925926 0.669140625 0.5902777777777778 0.668359375 0.5851851851851851 0.668359375 0.5791666666666667 0.6678385416666667 0.5768518518518518 0.667578125 0.5745370370370371 0.666796875 0.5726851851851852 0.665234375 0.5648148148148148 0.665234375 0.5611111111111111 0.6649739583333333 0.5606481481481481 0.6649739583333333 0.5578703703703703 0.665234375 0.5560185185185185 0.66640625 0.5525462962962963 0.6677083333333333 0.5520833333333334 0.6684895833333333 0.5511574074074074 0.6700520833333333 0.5506944444444445 0.67109375 0.5497685185185185 0.671875 0.5497685185185185 0.6729166666666667 0.5488425925925926 0.67421875 0.5483796296296296 0.6763020833333333 0.5483796296296296 0.6765625 0.5479166666666667 0.67890625 0.5479166666666667 0.6791666666666667 0.5474537037037037 0.68125 0.5474537037037037 0.6815104166666667 0.5469907407407407 0.6828125 0.5469907407407407 0.68515625 0.5456018518518518 0.6864583333333333 0.5465277777777777 0.6881510416666666 0.549537037037037 0.6888020833333334 0.5516203703703704 0.6895833333333333 0.5516203703703704 0.6899739583333333 0.5509259259259259 0.6904947916666667 0.5472222222222223 0.6915364583333333 0.5435185185185185 0.6923177083333333 0.538425925925926 0.6923177083333333 0.5365740740740741 0.6928385416666667 0.5337962962962963 0.693359375 0.5324074074074074 0.6944010416666667 0.5263888888888889 0.6944010416666667 0.5231481481481481 0.6946614583333334 0.5226851851851851 0.6946614583333334 0.5171296296296296 0.694140625 0.5143518518518518 0.6936197916666667 0.512962962962963 0.6923177083333333 0.5060185185185185 0.6923177083333333 0.5046296296296297 0.691796875 0.5027777777777778 0.6915364583333333 0.500462962962963 0.691015625 0.49907407407407406 0.690234375 0.4949074074074074 0.690234375 0.4912037037037037 0.6899739583333333 0.48935185185185187 0.6907552083333334 0.4837962962962963 0.6920572916666666 0.48009259259259257 0.6920572916666666 0.47962962962962963 0.6942708333333333 0.4756944444444444 0.6953125 0.47476851851851853 0.6986979166666667 0.4706018518518518 0.6998697916666666 0.4671296296296296 0.7001302083333333 0.46296296296296297 0.701171875 0.4587962962962963 0.70390625 0.45393518518518516 0.70546875 0.4525462962962963 0.7078125 0.45208333333333334 0.7080729166666667 0.4516203703703704 0.7098958333333333 0.4516203703703704 0.71015625 0.4511574074074074 0.7125 0.4511574074074074 0.7138020833333333 0.45023148148148145 0.71484375 0.45023148148148145 0.7161458333333334 0.44930555555555557 0.7203125 0.44930555555555557 0.7213541666666666 0.44837962962962963 0.72265625 0.44837962962962963 0.7229166666666667 0.4479166666666667 0.72421875 0.4479166666666667 0.7244791666666667 0.4474537037037037 0.72578125 0.4474537037037037 0.72734375 0.4465277777777778 0.7294270833333333 0.4465277777777778 0.7296875 0.4460648148148148 0.7315104166666667 0.4460648148148148 0.7317708333333334 0.44560185185185186 0.7341145833333333 0.44513888888888886 0.7354166666666667 0.444212962962963 0.73671875 0.444212962962963 0.7369791666666666 0.44375 0.7385416666666667 0.44375 0.7388020833333333 0.44328703703703703 0.7401041666666667 0.44328703703703703 0.7403645833333333 0.4428240740740741 0.7416666666666667 0.4428240740740741 0.7432291666666667 0.44189814814814815 0.7447916666666666 0.44189814814814815 0.7450520833333333 0.4414351851851852 0.7466145833333333 0.4414351851851852 0.746875 0.4409722222222222 0.7481770833333333 0.4409722222222222 0.7484375 0.44050925925925927 0.7497395833333333 0.44050925925925927 0.75 0.44004629629629627 0.7515625 0.44004629629629627 0.7518229166666667 0.4395833333333333 0.7533854166666667 0.4395833333333333 0.7536458333333333 0.4391203703703704 0.7549479166666667 0.4391203703703704 0.7552083333333334 0.4386574074074074 0.7567708333333333 0.4386574074074074 0.75703125 0.43819444444444444 0.7583333333333333 0.43819444444444444 0.75859375 0.4377314814814815 0.76015625 0.4377314814814815 0.7604166666666666 0.4372685185185185 0.76171875 0.4372685185185185 0.7619791666666667 0.43680555555555556 0.76328125 0.43680555555555556 0.7635416666666667 0.4363425925925926 0.765625 0.4363425925925926 0.7658854166666667 0.4358796296296296 0.7671875 0.4358796296296296 0.7684895833333333 0.4354166666666667 0.76953125 0.43449074074074073 0.7708333333333334 0.43449074074074073 0.7723958333333333 0.4335648148148148 0.7734375 0.4335648148148148 0.7747395833333334 0.4326388888888889 0.7763020833333333 0.4326388888888889 0.7765625 0.4321759259259259 0.7783854166666667 0.4321759259259259 0.7786458333333334 0.43171296296296297 0.784375 0.43171296296296297 0.7846354166666667 0.43125 0.7875 0.43125 0.7877604166666666 0.430787037037037 0.78984375 0.430787037037037 0.7901041666666667 0.4303240740740741 0.7921875 0.4303240740740741 0.7924479166666667 0.42986111111111114 0.79453125 0.42986111111111114 0.79921875 0.42615740740740743 0.8002604166666667 0.42569444444444443 0.8015625 0.42569444444444443 0.8044270833333333 0.42430555555555555 0.8057291666666667 0.42430555555555555 0.8059895833333334 0.4238425925925926 0.8072916666666666 0.4238425925925926 0.8075520833333333 0.4233796296296296 0.8088541666666667 0.4233796296296296 0.8091145833333333 0.42291666666666666 0.8104166666666667 0.42291666666666666 0.8106770833333333 0.4224537037037037 0.8119791666666667 0.4224537037037037 0.81484375 0.42106481481481484 0.8161458333333333 0.42106481481481484 0.81640625 0.42060185185185184 0.81796875 0.42060185185185184 0.8182291666666667 0.4201388888888889 0.81953125 0.4201388888888889 0.82109375 0.41921296296296295 0.8223958333333333 0.41921296296296295 0.82265625 0.41875 0.8244791666666667 0.41875 0.8247395833333333 0.418287037037037 0.8263020833333333 0.418287037037037 0.8265625 0.41782407407407407 0.8283854166666667 0.41782407407407407 0.8286458333333333 0.4173611111111111 0.8299479166666667 0.4173611111111111 0.8302083333333333 0.41689814814814813 0.8317708333333333 0.41689814814814813 0.83203125 0.4164351851851852 0.8338541666666667 0.4164351851851852 0.8341145833333333 0.41597222222222224 0.8395833333333333 0.41597222222222224 0.83984375 0.4164351851851852 0.8419270833333333 0.41782407407407407 0.8421875 0.418287037037037 0.8432291666666667 0.41782407407407407 0.8450520833333334 0.41782407407407407 0.84609375 0.418287037037037 0.8470052083333334 0.41944444444444445 0.8475260416666667 0.42083333333333334 0.8470052083333334 0.4222222222222222 0.8467447916666667 0.42592592592592593 0.845703125 0.4300925925925926 0.8454427083333333 0.43194444444444446 0.8454427083333333 0.43472222222222223 0.845703125 0.4351851851851852 0.845703125 0.4375 0.8459635416666667 0.4398148148148148 0.8471354166666667 0.44050925925925927 0.8486979166666667 0.44050925925925927 0.8489583333333334 0.4409722222222222 0.8502604166666666 0.4409722222222222 0.8518229166666667 0.44189814814814815 0.8541666666666666 0.44189814814814815 0.8544270833333333 0.4423611111111111 0.8588541666666667 0.4423611111111111 0.8591145833333333 0.4428240740740741 0.8609375 0.4428240740740741 0.8611979166666667 0.44328703703703703 0.86796875 0.44328703703703703 0.8682291666666667 0.4428240740740741 0.8763020833333334 0.4428240740740741 0.8776041666666666 0.44189814814814815 0.8790364583333333 0.4393518518518518 0.8790364583333333 0.4388888888888889 0.881640625 0.43425925925925923 0.8829427083333333 0.4310185185185185 0.883984375 0.4273148148148148 0.8864583333333333 0.4233796296296296 0.8872395833333333 0.42291666666666666 0.8885416666666667 0.42106481481481484 0.8895833333333333 0.4201388888888889 0.89140625 0.4201388888888889 0.8916666666666667 0.41967592592592595 0.89375 0.41967592592592595 0.8940104166666667 0.41921296296296295 0.8955729166666667 0.41921296296296295 0.8958333333333334 0.41875 0.8971354166666666 0.41875 0.8973958333333333 0.41921296296296295 0.89921875 0.41921296296296295 0.8994791666666667 0.41967592592592595 0.9010416666666666 0.4201388888888889 0.9020833333333333 0.4215277777777778 0.9041666666666667 0.4233796296296296 0.905859375 0.42592592592592593 0.9069010416666666 0.42824074074074076 0.9076822916666667 0.4305555555555556 0.9111979166666667 0.43680555555555556 0.9114583333333334 0.43680555555555556 0.912890625 0.4393518518518518 0.9139322916666667 0.4425925925925926 0.9149739583333333 0.4449074074074074 0.9170572916666667 0.4486111111111111 0.9170572916666667 0.44907407407407407 0.9194010416666667 0.4532407407407407 0.919921875 0.4550925925925926 0.920703125 0.4564814814814815 0.921484375 0.4587962962962963 0.925390625 0.46574074074074073 0.925390625 0.46620370370370373 0.9266927083333333 0.4685185185185185 0.9272135416666667 0.4699074074074074 0.927734375 0.4726851851851852 0.9295572916666667 0.47638888888888886 0.9295572916666667 0.4791666666666667 0.930078125 0.4824074074074074 0.9337239583333333 0.4888888888888889 0.9337239583333333 0.4912037037037037 0.9326822916666667 0.49537037037037035 0.9341145833333333 0.49745370370370373 0.9372395833333333 0.49745370370370373 0.9385416666666667 0.4965277777777778 0.9432291666666667 0.4965277777777778 0.9434895833333333 0.4960648148148148 0.9466145833333334 0.4960648148148148 0.946875 0.49560185185185185 0.9518229166666666 0.49560185185185185 0.951953125 0.4949074074074074 0.953125 0.4928240740740741 0.9544270833333334 0.49189814814814814 0.9567708333333333 0.49189814814814814 0.95703125 0.4914351851851852 0.96015625 0.4914351851851852 0.9604166666666667 0.49189814814814814 0.9627604166666667 0.49189814814814814 0.9630208333333333 0.4914351851851852 0.9651041666666667 0.49050925925925926 0.9658854166666667 0.49050925925925926 0.9666666666666667 0.4895833333333333 0.96796875 0.48912037037037037 0.9686197916666667 0.48842592592592593 0.9673177083333333 0.48657407407407405 0.9665364583333333 0.4842592592592593 0.9665364583333333 0.48194444444444445 0.9673177083333333 0.48055555555555557 0.968359375 0.4773148148148148 0.9703125 0.47430555555555554 0.9713541666666666 0.47337962962962965 0.9725260416666667 0.4708333333333333 0.9733072916666666 0.4675925925925926 0.9766927083333333 0.4615740740740741 0.9766927083333333 0.46111111111111114 0.9782552083333333 0.4583333333333333 0.979296875 0.45601851851851855 0.9798177083333334 0.45416666666666666 0.9805989583333333 0.4527777777777778 0.981640625 0.449537037037037 0.9828125 0.4474537037037037 0.9838541666666667 0.4465277777777778 0.9850260416666666 0.4444444444444444 0.985546875 0.44166666666666665 0.9865885416666667 0.4388888888888889 0.9889322916666666 0.43472222222222223 0.98984375 0.4321759259259259 0.9901041666666667 0.4321759259259259 0.9912760416666667 0.4300925925925926 0.9928385416666666 0.425 0.994140625 0.42268518518518516 0.994140625 0.4222222222222222 0.9954427083333334 0.4199074074074074 0.9967447916666666 0.4166666666666667 0.9970052083333333 0.4148148148148148 0.9977864583333333 0.4125 0.9984375 0.4113425925925926 0.9997395833333333 0.4113425925925926
0 0.26210937500000003 0.5300925925925926 0.03541666666666668 0.05787037037037035 0.2638020833333333 0.5590277777777778 0.26171875 0.5585648148148148 0.259375 0.5571759259259259 0.256640625 0.5532407407407407 0.255859375 0.5509259259259259 0.255078125 0.549537037037037 0.2540364583333333 0.5467592592592593 0.253515625 0.5444444444444444 0.25247395833333336 0.5416666666666666 0.24986979166666667 0.5370370370370371 0.249609375 0.5356481481481481 0.2484375 0.5340277777777778 0.246484375 0.5305555555555556 0.24440104166666668 0.525 0.24440104166666668 0.5189814814814815 0.24466145833333333 0.5171296296296296 0.24674479166666666 0.5120370370370371 0.24791666666666667 0.5099537037037037 0.24895833333333334 0.5085648148148149 0.24973958333333332 0.5081018518518519 0.2513020833333333 0.5057870370370371 0.2552083333333333 0.5025462962962963 0.2559895833333333 0.5016203703703703 0.25703125 0.5011574074074074 0.26119791666666664 0.5011574074074074 0.26145833333333335 0.5016203703703703 0.2630208333333333 0.5016203703703703 0.2640625 0.5020833333333333 0.26588541666666665 0.5039351851851852 0.2674479166666667 0.506712962962963 0.2677083333333333 0.506712962962963 0.269140625 0.5092592592592593 0.2701822916666667 0.5120370370370371 0.272265625 0.5157407407407407 0.272265625 0.5162037037037037 0.27682291666666664 0.5243055555555556 0.2779947916666667 0.5259259259259259 0.2779947916666667 0.5263888888888889 0.279296875 0.5291666666666667 0.27981770833333336 0.5314814814814814 0.27981770833333336 0.538425925925926 0.27825520833333334 0.5430555555555555 0.2774739583333333 0.5444444444444444 0.2766927083333333 0.5467592592592593 0.27447916666666666 0.5506944444444445 0.2734375 0.5516203703703704 0.2721354166666667 0.5534722222222223 0.2708333333333333 0.5548611111111111 0.26901041666666664 0.55625 0.2682291666666667 0.5571759259259259 0.26536458333333335 0.5581018518518519 0.2638020833333333 0.5590277777777778
0 0.22499999999999998 0.5381944444444444 0.036718749999999994 0.05833333333333335 0.22578125 0.5673611111111111 0.22473958333333333 0.5673611111111111 0.22291666666666668 0.5659722222222222 0.2203125 0.5622685185185186 0.219140625 0.5601851851851852 0.218359375 0.5578703703703703 0.21731770833333333 0.5560185185185185 0.21653645833333332 0.5537037037037037 0.21380208333333334 0.5488425925925926 0.21354166666666666 0.5488425925925926 0.21158854166666666 0.5453703703703704 0.21106770833333333 0.5435185185185185 0.20846354166666667 0.5388888888888889 0.208203125 0.5375 0.206640625 0.5319444444444444 0.206640625 0.5296296296296297 0.20716145833333333 0.5268518518518519 0.20794270833333334 0.524074074074074 0.20950520833333333 0.5203703703703704 0.21145833333333333 0.5168981481481482 0.21171875 0.5168981481481482 0.21328125 0.5141203703703704 0.21614583333333334 0.5118055555555555 0.21848958333333332 0.5104166666666666 0.21979166666666666 0.5090277777777777 0.22526041666666666 0.5090277777777777 0.22760416666666666 0.5108796296296296 0.23151041666666666 0.517824074074074 0.23177083333333334 0.517824074074074 0.234765625 0.5231481481481481 0.234765625 0.5236111111111111 0.23671875 0.5270833333333333 0.23697916666666666 0.5270833333333333 0.23815104166666667 0.5291666666666667 0.23815104166666667 0.5296296296296297 0.24036458333333333 0.5335648148148148 0.240625 0.5335648148148148 0.24205729166666667 0.5361111111111111 0.242578125 0.5375 0.243359375 0.5425925925925926 0.243359375 0.5458333333333333 0.24283854166666666 0.5481481481481482 0.241796875 0.5513888888888889 0.24075520833333333 0.5537037037037037 0.23723958333333334 0.5599537037037037 0.2359375 0.5618055555555556 0.23333333333333334 0.5645833333333333 0.23151041666666666 0.5659722222222222 0.23046875 0.5659722222222222 0.22916666666666666 0.5668981481481481 0.22604166666666667 0.5668981481481481 0.22578125 0.5673611111111111
0 0.21119791666666665 0.5900462962962962 0.041406250000000006 0.059259259259259234 0.21614583333333334 0.6196759259259259 0.21171875 0.6196759259259259 0.21067708333333332 0.6192129629629629 0.20885416666666667 0.617824074074074 0.2078125 0.6164351851851851 0.20416666666666666 0.6099537037037037 0.20286458333333332 0.6081018518518518 0.20182291666666666 0.607175925925926 0.20052083333333334 0.6053240740740741 0.19869791666666667 0.6034722222222222 0.196875 0.6006944444444444 0.19661458333333334 0.6006944444444444 0.19505208333333332 0.5979166666666667 0.19375 0.5965277777777778 0.191796875 0.5930555555555556 0.19049479166666666 0.587037037037037 0.19075520833333334 0.5833333333333334 0.191796875 0.5796296296296296 0.192578125 0.5782407407407407 0.193359375 0.575925925925926 0.19388020833333333 0.5736111111111111 0.1953125 0.5710648148148149 0.19557291666666668 0.5710648148148149 0.19791666666666666 0.5668981481481481 0.2 0.5650462962962963 0.20182291666666666 0.5641203703703703 0.20520833333333333 0.5608796296296297 0.20651041666666667 0.5604166666666667 0.209375 0.5604166666666667 0.21067708333333332 0.5618055555555556 0.21197916666666666 0.5627314814814814 0.21380208333333334 0.5645833333333333 0.21588541666666666 0.5682870370370371 0.21666666666666667 0.56875 0.21822916666666667 0.5706018518518519 0.22005208333333334 0.5738425925925926 0.2203125 0.5738425925925926 0.22239583333333332 0.5770833333333333 0.2265625 0.580787037037037 0.22734375 0.5817129629629629 0.22916666666666666 0.5849537037037037 0.230078125 0.5861111111111111 0.230859375 0.5879629629629629 0.23111979166666666 0.5898148148148148 0.23190104166666667 0.5925925925925926 0.23190104166666667 0.5944444444444444 0.23138020833333334 0.5962962962962963 0.23138020833333334 0.5976851851851852 0.23033854166666667 0.6018518518518519 0.22955729166666666 0.6032407407407407 0.22877604166666668 0.6055555555555555 0.2265625 0.6094907407407407 0.22630208333333332 0.6094907407407407 0.225 0.6118055555555556 0.22473958333333333 0.6118055555555556 0.22317708333333333 0.6141203703703704 0.22239583333333332 0.6145833333333334 0.22109375 0.6164351851851851 0.21901041666666668 0.617824074074074 0.21744791666666666 0.6192129629629629 0.21614583333333334 0.6196759259259259
0 0.186328125 0.5534722222222221 0.03958333333333333 0.05740740740740746 0.1890625 0.5821759259259259 0.18723958333333332 0.5817129629629629 0.18697916666666667 0.58125 0.18567708333333333 0.58125 0.18463541666666666 0.580787037037037 0.18255208333333334 0.5789351851851852 0.18059895833333334 0.575462962962963 0.180078125 0.5736111111111111 0.17760416666666667 0.569212962962963 0.1765625 0.5682870370370371 0.1734375 0.5636574074074074 0.17317708333333334 0.5636574074074074 0.17057291666666666 0.5590277777777778 0.1703125 0.5590277777777778 0.16705729166666666 0.5532407407407407 0.16653645833333333 0.5513888888888889 0.16653645833333333 0.5439814814814815 0.167578125 0.5407407407407407 0.168359375 0.5388888888888889 0.17161458333333332 0.5331018518518519 0.17421875 0.5298611111111111 0.175 0.5293981481481481 0.17760416666666667 0.5266203703703703 0.17916666666666667 0.5261574074074075 0.18046875 0.5252314814814815 0.18177083333333333 0.5252314814814815 0.18203125 0.5247685185185185 0.18489583333333334 0.5247685185185185 0.1859375 0.5252314814814815 0.18802083333333333 0.5275462962962963 0.18828125 0.5275462962962963 0.19244791666666666 0.5349537037037037 0.19270833333333334 0.5349537037037037 0.1953125 0.5395833333333333 0.19557291666666668 0.5395833333333333 0.19713541666666667 0.5418981481481482 0.1984375 0.5428240740740741 0.20052083333333334 0.5456018518518518 0.20260416666666667 0.5469907407407407 0.20442708333333334 0.5497685185185185 0.2046875 0.5497685185185185 0.20559895833333333 0.5523148148148148 0.20559895833333333 0.5546296296296296 0.20611979166666666 0.5578703703703703 0.205859375 0.5587962962962963 0.20442708333333334 0.5608796296296297 0.19869791666666667 0.5659722222222222 0.19765625 0.5673611111111111 0.19609375 0.5701388888888889 0.19583333333333333 0.5701388888888889 0.19466145833333334 0.5722222222222222 0.19388020833333333 0.5740740740740741 0.19283854166666667 0.5773148148148148 0.19114583333333332 0.580324074074074 0.1890625 0.5821759259259259
0 0.17083333333333334 0.6046296296296296 0.03880208333333335 0.0532407407407407 0.17760416666666667 0.63125 0.17291666666666666 0.63125 0.17135416666666667 0.6303240740740741 0.16953125 0.6284722222222222 0.16796875 0.6256944444444444 0.16770833333333332 0.6256944444444444 0.16588541666666667 0.6224537037037037 0.165625 0.6224537037037037 0.16302083333333334 0.61875 0.16015625 0.6164351851851851 0.15859375 0.6145833333333334 0.1578125 0.6131944444444445 0.15651041666666668 0.6118055555555556 0.15520833333333334 0.6099537037037037 0.15390625 0.6076388888888888 0.15364583333333334 0.6076388888888888 0.15247395833333333 0.6055555555555555 0.15143229166666666 0.6018518518518519 0.15143229166666666 0.5981481481481481 0.151953125 0.5949074074074074 0.15403645833333332 0.5893518518518519 0.15703125 0.5840277777777778 0.15807291666666667 0.5831018518518518 0.15885416666666666 0.5817129629629629 0.15963541666666667 0.58125 0.16145833333333334 0.5784722222222223 0.16223958333333333 0.5780092592592593 0.16770833333333332 0.5780092592592593 0.16796875 0.5784722222222223 0.16927083333333334 0.5784722222222223 0.17057291666666666 0.5793981481481482 0.17265625 0.5817129629629629 0.1734375 0.5821759259259259 0.175 0.5844907407407407 0.17526041666666667 0.5844907407407407 0.17682291666666666 0.5868055555555556 0.178125 0.5877314814814815 0.18203125 0.593287037037037 0.18645833333333334 0.5969907407407408 0.18723958333333332 0.5979166666666667 0.18841145833333334 0.6 0.189453125 0.6037037037037037 0.190234375 0.6087962962962963 0.190234375 0.6143518518518518 0.18919270833333332 0.6171296296296296 0.18841145833333334 0.6199074074074075 0.18723958333333332 0.6219907407407408 0.18619791666666666 0.6229166666666667 0.18541666666666667 0.6243055555555556 0.18385416666666668 0.6261574074074074 0.17916666666666667 0.6303240740740741 0.17760416666666667 0.63125
4 0.2559895833333333 0.6449074074074074 0.2393229166666667 0.3032407407407407 0.2171875 0.7965277777777777 0.21302083333333333 0.7965277777777777 0.21223958333333334 0.7960648148148148 0.209765625 0.7916666666666666 0.208984375 0.7893518518518519 0.20625 0.7858796296296297 0.20338541666666668 0.7831018518518519 0.20182291666666666 0.780787037037037 0.20052083333333334 0.7798611111111111 0.19921875 0.7784722222222222 0.19765625 0.7775462962962963 0.19583333333333333 0.7756944444444445 0.19427083333333334 0.7729166666666667 0.19348958333333333 0.7724537037037037 0.19088541666666667 0.7696759259259259 0.18854166666666666 0.7664351851851852 0.1875 0.7659722222222223 0.18671875 0.7650462962962963 0.18541666666666667 0.7645833333333333 0.18411458333333333 0.7631944444444444 0.18229166666666666 0.7618055555555555 0.17942708333333332 0.7576388888888889 0.178125 0.75625 0.17682291666666666 0.7553240740740741 0.17395833333333333 0.7516203703703703 0.17057291666666666 0.7483796296296297 0.16848958333333333 0.7469907407407408 0.16510416666666666 0.74375 0.16432291666666668 0.743287037037037 0.16171875 0.7405092592592593 0.16041666666666668 0.7395833333333334 0.15989583333333332 0.7386574074074074 0.1578125 0.7368055555555556 0.15729166666666666 0.7368055555555556 0.15494791666666666 0.7344907407407407 0.15286458333333333 0.73125 0.15208333333333332 0.7307870370370371 0.15078125 0.7289351851851852 0.14869791666666668 0.7270833333333333 0.14765625 0.7256944444444444 0.14713541666666666 0.7256944444444444 0.14583333333333334 0.7243055555555555 0.14375 0.7229166666666667 0.1421875 0.7206018518518519 0.14036458333333332 0.71875 0.13828125 0.7155092592592592 0.13802083333333334 0.7155092592592592 0.13658854166666667 0.7125 0.136328125 0.7106481481481481 0.13658854166666667 0.7092592592592593 0.13658854166666667 0.7041666666666667 0.13684895833333333 0.7037037037037037 0.137890625 0.6976851851851852 0.138671875 0.6958333333333333 0.13971354166666666 0.6912037037037037 0.140234375 0.687037037037037 0.14127604166666666 0.6842592592592592 0.141796875 0.6819444444444445 0.14231770833333332 0.6810185185185185 0.14361979166666666 0.6763888888888889 0.14388020833333334 0.674074074074074 0.14440104166666667 0.6726851851851852 0.14466145833333333 0.6703703703703704 0.14544270833333334 0.6675925925925926 0.146484375 0.6652777777777777 0.14752604166666666 0.6592592592592592 0.14934895833333334 0.6527777777777778 0.15091145833333333 0.6486111111111111 0.15143229166666666 0.6458333333333334 0.15169270833333334 0.6430555555555556 0.15221354166666667 0.6407407407407407 0.15299479166666666 0.638425925925926 0.15481770833333333 0.6351851851851852 0.15533854166666666 0.6324074074074074 0.15533854166666666 0.6300925925925925 0.15559895833333334 0.6282407407407408 0.15716145833333334 0.6226851851851852 0.157421875 0.6203703703703703 0.15859375 0.618287037037037 0.16145833333333334 0.6196759259259259 0.16223958333333333 0.6206018518518519 0.16302083333333334 0.6206018518518519 0.16458333333333333 0.6219907407407408 0.165625 0.6233796296296297 0.16666666666666666 0.6256944444444444 0.16796875 0.6275462962962963 0.17135416666666667 0.63125 0.17291666666666666 0.631712962962963 0.17317708333333334 0.632175925925926 0.17447916666666666 0.632175925925926 0.17473958333333334 0.631712962962963 0.1765625 0.631712962962963 0.17786458333333333 0.63125 0.17942708333333332 0.6298611111111111 0.18098958333333334 0.6289351851851852 0.18229166666666666 0.6275462962962963 0.18307291666666667 0.6261574074074074 0.18489583333333334 0.6247685185185186 0.18619791666666666 0.6229166666666667 0.18723958333333332 0.6219907407407408 0.18919270833333332 0.6185185185185185 0.18919270833333332 0.6180555555555556 0.19518229166666667 0.6074074074074074 0.19596354166666666 0.6050925925925926 0.196875 0.6039351851851852 0.19765625 0.6039351851851852 0.19895833333333332 0.6053240740740741 0.19947916666666668 0.6053240740740741 0.20078125 0.606712962962963 0.20182291666666666 0.607175925925926 0.20260416666666667 0.6085648148148148 0.20338541666666668 0.6090277777777777 0.20546875 0.6127314814814815 0.20703125 0.6141203703703704 0.20833333333333334 0.6159722222222223 0.20989583333333334 0.6168981481481481 0.21067708333333332 0.617824074074074 0.21223958333333334 0.61875 0.21458333333333332 0.61875 0.21484375 0.618287037037037 0.21692708333333333 0.618287037037037 0.2171875 0.617824074074074 0.21901041666666668 0.617824074074074 0.2203125 0.6173611111111111 0.22317708333333333 0.6141203703703704 0.2234375 0.6141203703703704 0.22604166666666667 0.6094907407407407 0.22630208333333332 0.6094907407407407 0.22955729166666666 0.6037037037037037 0.230859375 0.6 0.231640625 0.5944444444444444 0.231640625 0.5925925925925926 0.23111979166666666 0.5902777777777778 0.22981770833333334 0.5861111111111111 0.228125 0.5831018518518518 0.22682291666666668 0.5817129629629629 0.22565104166666666 0.5796296296296296 0.224609375 0.575 0.223828125 0.5736111111111111 0.22408854166666667 0.5722222222222222 0.22552083333333334 0.5710648148148149 0.22786458333333334 0.5706018518518519 0.2296875 0.56875 0.2328125 0.5645833333333333 0.23567708333333334 0.5622685185185186 0.2375 0.5594907407407408 0.23776041666666667 0.5594907407407408 0.24153645833333334 0.5527777777777778 0.24231770833333333 0.5509259259259259 0.24361979166666667 0.5458333333333333 0.24388020833333332 0.5439814814814815 0.24388020833333332 0.5375 0.24453125 0.5358796296296297 0.24739583333333334 0.5358796296296297 0.24908854166666666 0.5388888888888889 0.24908854166666666 0.5393518518518519 0.252734375 0.5458333333333333 0.2537760416666667 0.5486111111111112 0.255859375 0.5523148148148148 0.255859375 0.5527777777777778 0.25833333333333336 0.5571759259259259 0.26015625 0.5590277777777778 0.2643229166666667 0.5590277777777778 0.26614583333333336 0.5576388888888889 0.2669270833333333 0.5576388888888889 0.27005208333333336 0.5548611111111111 0.27057291666666666 0.5548611111111111 0.27265625 0.5530092592592593 0.27369791666666665 0.5511574074074074 0.2752604166666667 0.5493055555555556 0.2774739583333333 0.5453703703703704 0.278515625 0.5425925925925926 0.27981770833333336 0.5375 0.27981770833333336 0.5310185185185186 0.27955729166666665 0.5291666666666667 0.27903645833333335 0.5277777777777778 0.27877604166666664 0.5259259259259259 0.27643229166666666 0.5217592592592593 0.27513020833333335 0.5157407407407407 0.2735677083333333 0.5125 0.2733072916666667 0.5106481481481482 0.27395833333333336 0.5090277777777777 0.2747395833333333 0.5085648148148149 0.2765625 0.5085648148148149 0.27682291666666664 0.5081018518518519 0.2786458333333333 0.5081018518518519 0.28098958333333335 0.50625 0.28229166666666666 0.5057870370370371 0.2838541666666667 0.5057870370370371 0.28411458333333334 0.5053240740740741 0.2859375 0.5053240740740741 0.28619791666666666 0.5048611111111111 0.2875 0.5048611111111111 0.2877604166666667 0.5043981481481481 0.2890625 0.5043981481481481 0.28932291666666665 0.5039351851851852 0.290625 0.5039351851851852 0.2908854166666667 0.5034722222222222 0.29244791666666664 0.5034722222222222 0.29270833333333335 0.5030092592592592 0.29401041666666666 0.5030092592592592 0.2942708333333333 0.5025462962962963 0.2955729166666667 0.5025462962962963 0.29583333333333334 0.5020833333333333 0.2981770833333333 0.5016203703703703 0.2984375 0.5011574074074074 0.29973958333333334 0.5011574074074074 0.3 0.5006944444444444 0.3020833333333333 0.5006944444444444 0.30234375 0.5002314814814814 0.30416666666666664 0.5002314814814814 0.30442708333333335 0.4997685185185185 0.30572916666666666 0.4997685185185185 0.3059895833333333 0.49930555555555556 0.30755208333333334 0.49930555555555556 0.3078125 0.4988425925925926 0.3098958333333333 0.4988425925925926 0.3109375 0.4983796296296296 0.31328125 0.4965277777777778 0.3143229166666667 0.4960648148148148 0.315625 0.4960648148148148 0.31588541666666664 0.49560185185185185 0.3177083333333333 0.49560185185185185 0.31796875 0.4951388888888889 0.31927083333333334 0.4951388888888889 0.32083333333333336 0.49421296296296297 0.3223958333333333 0.49421296296296297 0.32265625 0.49375 0.32473958333333336 0.49375 0.325 0.493287037037037 0.3294270833333333 0.493287037037037 0.3307291666666667 0.49421296296296297 0.332421875 0.49722222222222223 0.33372395833333335 0.5027777777777778 0.33502604166666666 0.5069444444444444 0.335546875 0.5078703703703704 0.3360677083333333 0.5101851851851852 0.337109375 0.512962962962963 0.338671875 0.5157407407407407 0.3391927083333333 0.5171296296296296 0.340234375 0.5212962962962963 0.34127604166666664 0.524074074074074 0.34348958333333335 0.5280092592592592 0.3458333333333333 0.5303240740740741 0.34674479166666666 0.5319444444444444 0.3475260416666667 0.5342592592592592 0.34856770833333334 0.5361111111111111 0.350390625 0.5407407407407407 0.350390625 0.5412037037037037 0.35299479166666664 0.5458333333333333 0.353515625 0.5476851851851852 0.355078125 0.5513888888888889 0.355859375 0.5541666666666667 0.35716145833333335 0.5564814814814815 0.358203125 0.5587962962962963 0.358984375 0.5615740740740741 0.3595052083333333 0.5625 0.36028645833333334 0.5652777777777778 0.362890625 0.5699074074074074 0.362890625 0.5703703703703704 0.36419270833333334 0.5731481481481482 0.364453125 0.5745370370370371 0.36627604166666666 0.5777777777777777 0.367578125 0.5814814814814815 0.36809895833333334 0.5824074074074074 0.36861979166666664 0.5847222222222223 0.36953125 0.5868055555555556 0.37109375 0.5881944444444445 0.372265625 0.5902777777777778 0.373828125 0.5949074074074074 0.374609375 0.5962962962962963 0.3756510416666667 0.600462962962963 0.375390625 0.6023148148148149 0.375390625 0.6046296296296296 0.3751302083333333 0.6050925925925926 0.3751302083333333 0.6078703703703704 0.3748697916666667 0.6101851851851852 0.3743489583333333 0.6125 0.37408854166666666 0.6148148148148148 0.37408854166666666 0.6185185185185185 0.373828125 0.6189814814814815 0.373828125 0.6217592592592592 0.37356770833333336 0.6222222222222222 0.37356770833333336 0.624537037037037 0.37330729166666665 0.625 0.37330729166666665 0.6273148148148148 0.373046875 0.6277777777777778 0.373046875 0.6305555555555555 0.37278645833333335 0.6310185185185185 0.37278645833333335 0.6337962962962963 0.37252604166666664 0.6342592592592593 0.37252604166666664 0.6407407407407407 0.372265625 0.6412037037037037 0.372265625 0.6486111111111111 0.37200520833333334 0.649074074074074 0.37200520833333334 0.6513888888888889 0.371484375 0.6541666666666667 0.371484375 0.6564814814814814 0.3712239583333333 0.6569444444444444 0.3712239583333333 0.6606481481481481 0.3709635416666667 0.6611111111111111 0.3709635416666667 0.663425925925926 0.370703125 0.6638888888888889 0.3704427083333333 0.6671296296296296 0.369921875 0.6689814814814815 0.369921875 0.6712962962962963 0.36966145833333336 0.6717592592592593 0.36966145833333336 0.6768518518518518 0.36940104166666665 0.6773148148148148 0.36940104166666665 0.6800925925925926 0.369140625 0.6805555555555556 0.369140625 0.6833333333333333 0.36888020833333335 0.6837962962962963 0.36888020833333335 0.687037037037037 0.36861979166666664 0.6875 0.36861979166666664 0.6902777777777778 0.368359375 0.6907407407407408 0.368359375 0.6930555555555555 0.3678385416666667 0.6953703703703704 0.367578125 0.6976851851851852 0.367578125 0.7013888888888888 0.3673177083333333 0.7018518518518518 0.3673177083333333 0.7060185185185185 0.3670572916666667 0.7064814814814815 0.3670572916666667 0.7111111111111111 0.366796875 0.711574074074074 0.366796875 0.7138888888888889 0.36627604166666666 0.7166666666666667 0.36627604166666666 0.7189814814814814 0.366015625 0.7194444444444444 0.366015625 0.7236111111111111 0.36575520833333336 0.7240740740740741 0.36575520833333336 0.7268518518518519 0.365234375 0.7287037037037037 0.364453125 0.7333333333333333 0.364453125 0.737037037037037 0.36419270833333334 0.7375 0.36419270833333334 0.7402777777777778 0.3639322916666667 0.7407407407407407 0.3639322916666667 0.7435185185185185 0.363671875 0.7439814814814815 0.363671875 0.7462962962962963 0.3626302083333333 0.75 0.36158854166666665 0.7518518518518519 0.360546875 0.7550925925925925 0.359375 0.757175925925926 0.35859375 0.7581018518518519 0.35520833333333335 0.7599537037037037 0.353125 0.7613425925925926 0.35130208333333335 0.7613425925925926 0.35104166666666664 0.7618055555555555 0.34921875 0.7618055555555555 0.34661458333333334 0.7627314814814815 0.3463541666666667 0.7631944444444444 0.3416666666666667 0.7631944444444444 0.34140625 0.7636574074074074 0.33984375 0.7636574074074074 0.33958333333333335 0.7641203703703704 0.33828125 0.7641203703703704 0.3380208333333333 0.7645833333333333 0.33619791666666665 0.7645833333333333 0.3359375 0.7650462962962963 0.3341145833333333 0.7650462962962963 0.3338541666666667 0.7655092592592593 0.33151041666666664 0.7655092592592593 0.33125 0.7659722222222223 0.3294270833333333 0.7659722222222223 0.328125 0.7664351851851852 0.3268229166666667 0.7673611111111112 0.3255208333333333 0.7673611111111112 0.32526041666666666 0.767824074074074 0.3234375 0.767824074074074 0.32317708333333334 0.768287037037037 0.321875 0.768287037037037 0.32057291666666665 0.7692129629629629 0.31927083333333334 0.7696759259259259 0.31796875 0.7696759259259259 0.3177083333333333 0.7701388888888889 0.3138020833333333 0.7701388888888889 0.3109375 0.7715277777777778 0.30911458333333336 0.7715277777777778 0.30885416666666665 0.7719907407407407 0.3067708333333333 0.7719907407407407 0.30520833333333336 0.7729166666666667 0.3028645833333333 0.7733796296296296 0.3026041666666667 0.7738425925925926 0.30104166666666665 0.7738425925925926 0.30078125 0.7743055555555556 0.2989583333333333 0.7743055555555556 0.2986979166666667 0.7747685185185185 0.29609375 0.7756944444444445 0.2947916666666667 0.7756944444444445 0.29453125 0.7761574074074075 0.29322916666666665 0.7761574074074075 0.29296875 0.7766203703703703 0.2911458333333333 0.7766203703703703 0.2908854166666667 0.7770833333333333 0.28958333333333336 0.7770833333333333 0.28932291666666665 0.7775462962962963 0.28802083333333334 0.7775462962962963 0.2877604166666667 0.7780092592592592 0.2859375 0.7780092592592592 0.28567708333333336 0.7784722222222222 0.2833333333333333 0.7784722222222222 0.2830729166666667 0.7789351851851852 0.28125 0.7789351851851852 0.28098958333333335 0.7793981481481481 0.2796875 0.7793981481481481 0.2794270833333333 0.7798611111111111 0.2765625 0.7798611111111111 0.27630208333333334 0.7803240740740741 0.2747395833333333 0.7803240740740741 0.27447916666666666 0.780787037037037 0.27265625 0.78125 0.27239583333333334 0.781712962962963 0.27109375 0.781712962962963 0.2708333333333333 0.7821759259259259 0.26875 0.7821759259259259 0.26848958333333334 0.7826388888888889 0.2669270833333333 0.7826388888888889 0.26458333333333334 0.7840277777777778 0.26328125 0.7844907407407408 0.26145833333333335 0.7844907407407408 0.26119791666666664 0.7849537037037037 0.2596354166666667 0.7849537037037037 0.259375 0.7854166666666667 0.25755208333333335 0.7854166666666667 0.25729166666666664 0.7858796296296297 0.2552083333333333 0.7858796296296297 0.25494791666666666 0.7863425925925925 0.253125 0.7863425925925925 0.25286458333333334 0.7868055555555555 0.2513020833333333 0.7868055555555555 0.25104166666666666 0.7872685185185185 0.24921875 0.7872685185185185 0.24895833333333334 0.7877314814814815 0.24765625 0.7877314814814815 0.24557291666666667 0.7891203703703704 0.24427083333333333 0.7895833333333333 0.24140625 0.7895833333333333 0.24114583333333334 0.7900462962962963 0.23932291666666666 0.7900462962962963 0.2390625 0.7905092592592593 0.2375 0.7905092592592593 0.23723958333333334 0.7909722222222222 0.2359375 0.7909722222222222 0.23567708333333334 0.7914351851851852 0.234375 0.7914351851851852 0.23411458333333332 0.7918981481481482 0.2328125 0.7918981481481482 0.23255208333333333 0.7923611111111111 0.23125 0.7923611111111111 0.23098958333333333 0.7928240740740741 0.22890625 0.7928240740740741 0.22864583333333333 0.7932870370370371 0.22630208333333332 0.7932870370370371 0.22604166666666667 0.79375 0.22447916666666667 0.79375 0.22421875 0.794212962962963 0.221875 0.794212962962963 0.22161458333333334 0.794675925925926 0.22005208333333334 0.794675925925926 0.21901041666666668 0.7951388888888888 0.2171875 0.7965277777777777
12 0.2962239583333333 0.7046296296296297 0.18489583333333334 0.23842592592592593 0.22916666666666666 0.8238425925925926 0.22552083333333334 0.8238425925925926 0.22526041666666666 0.8233796296296296 0.22395833333333334 0.8233796296296296 0.22265625 0.8224537037037037 0.22135416666666666 0.8210648148148149 0.21953125 0.819675925925926 0.21640625 0.8159722222222222 0.21276041666666667 0.8127314814814814 0.21041666666666667 0.8104166666666667 0.20911458333333333 0.8099537037037037 0.20729166666666668 0.8081018518518519 0.20455729166666667 0.8032407407407407 0.20403645833333334 0.8013888888888889 0.20403645833333334 0.799074074074074 0.20377604166666666 0.7986111111111112 0.20377604166666666 0.7939814814814815 0.204296875 0.7912037037037037 0.20546875 0.7891203703703704 0.20677083333333332 0.7900462962962963 0.20807291666666666 0.7914351851851852 0.20872395833333332 0.7930555555555555 0.21067708333333332 0.7965277777777777 0.21276041666666667 0.7983796296296296 0.2140625 0.7979166666666667 0.21588541666666666 0.7979166666666667 0.21614583333333334 0.7974537037037037 0.21796875 0.7974537037037037 0.21822916666666667 0.7969907407407407 0.21979166666666666 0.7969907407407407 0.22005208333333334 0.7965277777777777 0.22135416666666666 0.7965277777777777 0.22161458333333334 0.7960648148148148 0.22291666666666668 0.7960648148148148 0.22317708333333333 0.7956018518518518 0.22447916666666667 0.7956018518518518 0.22473958333333333 0.7951388888888888 0.22630208333333332 0.7951388888888888 0.2265625 0.794675925925926 0.228125 0.794675925925926 0.22838541666666667 0.794212962962963 0.22994791666666667 0.794212962962963 0.23020833333333332 0.79375 0.23203125 0.79375 0.23229166666666667 0.7932870370370371 0.23359375 0.7932870370370371 0.23385416666666667 0.7928240740740741 0.23541666666666666 0.7928240740740741 0.23567708333333334 0.7923611111111111 0.23697916666666666 0.7923611111111111 0.23723958333333334 0.7918981481481482 0.23854166666666668 0.7918981481481482 0.23880208333333333 0.7914351851851852 0.24010416666666667 0.7914351851851852 0.24036458333333333 0.7909722222222222 0.24244791666666668 0.7909722222222222 0.24270833333333333 0.7905092592592593 0.24453125 0.7905092592592593 0.24609375 0.7895833333333333 0.24739583333333334 0.7895833333333333 0.24765625 0.7891203703703704 0.24895833333333334 0.7891203703703704 0.24921875 0.7886574074074074 0.25078125 0.7886574074074074 0.25104166666666666 0.7881944444444444 0.25286458333333334 0.7881944444444444 0.253125 0.7877314814814815 0.25494791666666666 0.7877314814814815 0.2552083333333333 0.7872685185185185 0.25677083333333334 0.7872685185185185 0.25703125 0.7868055555555555 0.25885416666666666 0.7868055555555555 0.2591145833333333 0.7863425925925925 0.2609375 0.7863425925925925 0.26119791666666664 0.7858796296296297 0.2625 0.7858796296296297 0.26276041666666666 0.7854166666666667 0.2640625 0.7854166666666667 0.2643229166666667 0.7849537037037037 0.26588541666666665 0.7849537037037037 0.2674479166666667 0.7840277777777778 0.26875 0.7840277777777778 0.26901041666666664 0.7835648148148148 0.2703125 0.7835648148148148 0.27057291666666666 0.7831018518518519 0.2721354166666667 0.7831018518518519 0.27239583333333334 0.7826388888888889 0.27369791666666665 0.7826388888888889 0.27395833333333336 0.7821759259259259 0.2752604166666667 0.7821759259259259 0.2755208333333333 0.781712962962963 0.27682291666666664 0.781712962962963 0.27708333333333335 0.78125 0.27890625 0.78125 0.2791666666666667 0.780787037037037 0.28072916666666664 0.780787037037037 0.28098958333333335 0.7803240740740741 0.28229166666666666 0.7803240740740741 0.2825520833333333 0.7798611111111111 0.28411458333333334 0.7798611111111111 0.28567708333333336 0.7789351851851852 0.2869791666666667 0.7789351851851852 0.2872395833333333 0.7784722222222222 0.2890625 0.7784722222222222 0.28932291666666665 0.7780092592592592 0.2911458333333333 0.7780092592592592 0.29270833333333335 0.7770833333333333 0.2950520833333333 0.7766203703703703 0.2953125 0.7761574074074075 0.29765625 0.7761574074074075 0.29791666666666666 0.7756944444444445 0.29973958333333334 0.7756944444444445 0.3 0.7752314814814815 0.30130208333333336 0.7752314814814815 0.3015625 0.7747685185185185 0.3033854166666667 0.7747685185185185 0.30364583333333334 0.7743055555555556 0.30494791666666665 0.7743055555555556 0.30520833333333336 0.7738425925925926 0.3067708333333333 0.7738425925925926 0.30703125 0.7733796296296296 0.30859375 0.7733796296296296 0.30885416666666665 0.7729166666666667 0.3104166666666667 0.7729166666666667 0.3106770833333333 0.7724537037037037 0.31197916666666664 0.7724537037037037 0.31223958333333335 0.7719907407407407 0.3138020833333333 0.7719907407407407 0.3140625 0.7715277777777778 0.31536458333333334 0.7715277777777778 0.315625 0.7710648148148148 0.31692708333333336 0.7710648148148148 0.3171875 0.7706018518518518 0.3184895833333333 0.7706018518518518 0.31875 0.7701388888888889 0.3203125 0.7701388888888889 0.32057291666666665 0.7696759259259259 0.3221354166666667 0.7696759259259259 0.3223958333333333 0.7692129629629629 0.32395833333333335 0.7692129629629629 0.32421875 0.76875 0.32578125 0.76875 0.3260416666666667 0.768287037037037 0.32734375 0.768287037037037 0.32760416666666664 0.767824074074074 0.32890625 0.767824074074074 0.32916666666666666 0.7673611111111112 0.33098958333333334 0.7673611111111112 0.33125 0.7668981481481482 0.3328125 0.7668981481481482 0.33307291666666666 0.7664351851851852 0.3346354166666667 0.7664351851851852 0.33489583333333334 0.7659722222222223 0.33697916666666666 0.7659722222222223 0.3372395833333333 0.7655092592592593 0.33880208333333334 0.7655092592592593 0.3390625 0.7650462962962963 0.340625 0.7650462962962963 0.34088541666666666 0.7645833333333333 0.3424479166666667 0.7645833333333333 0.34270833333333334 0.7641203703703704 0.34427083333333336 0.7641203703703704 0.34453125 0.7636574074074074 0.34609375 0.7636574074074074 0.3463541666666667 0.7631944444444444 0.34791666666666665 0.7631944444444444 0.34817708333333336 0.7627314814814815 0.35 0.7627314814814815 0.3502604166666667 0.7622685185185185 0.35208333333333336 0.7622685185185185 0.35234375 0.7618055555555555 0.35390625 0.7618055555555555 0.3541666666666667 0.7613425925925926 0.35598958333333336 0.7613425925925926 0.3572916666666667 0.7608796296296296 0.35911458333333335 0.7594907407407407 0.3606770833333333 0.7576388888888889 0.36236979166666666 0.7546296296296297 0.3631510416666667 0.7527777777777778 0.36419270833333334 0.7476851851851852 0.364453125 0.7472222222222222 0.364453125 0.7449074074074075 0.36471354166666664 0.7444444444444445 0.36471354166666664 0.7416666666666667 0.36497395833333335 0.7412037037037037 0.36497395833333335 0.7384259259259259 0.365234375 0.7361111111111112 0.36575520833333336 0.7337962962962963 0.36575520833333336 0.7314814814814815 0.366015625 0.7310185185185185 0.366015625 0.7277777777777777 0.36627604166666666 0.7273148148148149 0.36627604166666666 0.7240740740740741 0.3665364583333333 0.7236111111111111 0.3665364583333333 0.7194444444444444 0.366796875 0.7189814814814814 0.366796875 0.7148148148148148 0.3670572916666667 0.7143518518518519 0.3670572916666667 0.7101851851851851 0.3673177083333333 0.7097222222222223 0.3673177083333333 0.7060185185185185 0.367578125 0.7055555555555556 0.367578125 0.7018518518518518 0.3678385416666667 0.7013888888888888 0.3678385416666667 0.6972222222222222 0.36809895833333334 0.6967592592592593 0.36809895833333334 0.6939814814814815 0.368359375 0.6935185185185185 0.368359375 0.6907407407407408 0.36861979166666664 0.6902777777777778 0.36861979166666664 0.687962962962963 0.36888020833333335 0.6875 0.36888020833333335 0.6842592592592592 0.369140625 0.6837962962962963 0.369140625 0.6800925925925926 0.36940104166666665 0.6796296296296296 0.36940104166666665 0.6759259259259259 0.36966145833333336 0.6754629629629629 0.36966145833333336 0.6722222222222223 0.369921875 0.6717592592592593 0.369921875 0.6689814814814815 0.37018229166666666 0.6685185185185185 0.37018229166666666 0.6657407407407407 0.3704427083333333 0.6652777777777777 0.3704427083333333 0.6625 0.370703125 0.6620370370370371 0.370703125 0.6597222222222222 0.3709635416666667 0.6592592592592592 0.3709635416666667 0.6564814814814814 0.3712239583333333 0.6560185185185186 0.3712239583333333 0.6527777777777778 0.371484375 0.6523148148148148 0.371484375 0.649537037037037 0.3717447916666667 0.649074074074074 0.3717447916666667 0.6467592592592593 0.37200520833333334 0.6462962962962963 0.37200520833333334 0.6435185185185185 0.372265625 0.6430555555555556 0.372265625 0.6398148148148148 0.37252604166666664 0.6393518518518518 0.37252604166666664 0.6370370370370371 0.37278645833333335 0.6365740740740741 0.37278645833333335 0.6337962962962963 0.373046875 0.6333333333333333 0.373046875 0.6305555555555555 0.37330729166666665 0.6300925925925925 0.37330729166666665 0.6263888888888889 0.37356770833333336 0.6259259259259259 0.37356770833333336 0.6226851851851852 0.373828125 0.6222222222222222 0.373828125 0.6194444444444445 0.37408854166666666 0.6189814814814815 0.37408854166666666 0.6162037037037037 0.3743489583333333 0.6157407407407407 0.3743489583333333 0.611574074074074 0.374609375 0.6111111111111112 0.374609375 0.6046296296296296 0.3748697916666667 0.6041666666666666 0.3748697916666667 0.5995370370370371 0.374609375 0.5990740740740741 0.37408854166666666 0.5949074074074074 0.37356770833333336 0.5935185185185186 0.37330729166666665 0.5893518518518519 0.37278645833333335 0.5875 0.37395833333333334 0.5858796296296296 0.37526041666666665 0.5854166666666667 0.3765625 0.5854166666666667 0.3770833333333333 0.5858796296296296 0.37864583333333335 0.5886574074074075 0.38033854166666664 0.5902777777777778 0.38138020833333336 0.5925925925925926 0.3821614583333333 0.5953703703703703 0.3834635416666667 0.5981481481481481 0.38528645833333336 0.6032407407407407 0.385546875 0.6046296296296296 0.3868489583333333 0.6069444444444444 0.387890625 0.6101851851851852 0.38841145833333335 0.6148148148148148 0.388671875 0.6152777777777778 0.38841145833333335 0.6175925925925926 0.38841145833333335 0.6263888888888889 0.38815104166666664 0.6268518518518519 0.38815104166666664 0.6319444444444444 0.387890625 0.6324074074074074 0.387890625 0.6356481481481482 0.38763020833333334 0.6361111111111111 0.38763020833333334 0.6388888888888888 0.3873697916666667 0.6393518518518518 0.3873697916666667 0.6425925925925926 0.387109375 0.6430555555555556 0.387109375 0.6462962962962963 0.3868489583333333 0.6467592592592593 0.3868489583333333 0.6504629629629629 0.3865885416666667 0.6509259259259259 0.3865885416666667 0.6550925925925926 0.386328125 0.6555555555555556 0.386328125 0.6597222222222222 0.3860677083333333 0.6601851851851852 0.3860677083333333 0.6638888888888889 0.38580729166666666 0.6643518518518519 0.38580729166666666 0.6675925925925926 0.385546875 0.6680555555555555 0.385546875 0.6722222222222223 0.38528645833333336 0.6726851851851852 0.38528645833333336 0.6768518518518518 0.38502604166666665 0.6773148148148148 0.38502604166666665 0.6800925925925926 0.384765625 0.6805555555555556 0.384765625 0.6847222222222222 0.38450520833333335 0.6851851851851852 0.38450520833333335 0.6912037037037037 0.38424479166666664 0.6916666666666667 0.38424479166666664 0.6949074074074074 0.383984375 0.6953703703703704 0.383984375 0.6986111111111111 0.38372395833333334 0.6990740740740741 0.38372395833333334 0.7023148148148148 0.3834635416666667 0.7027777777777777 0.3834635416666667 0.7060185185185185 0.383203125 0.7064814814814815 0.383203125 0.7101851851851851 0.3829427083333333 0.7106481481481481 0.3829427083333333 0.7143518518518519 0.3826822916666667 0.7148148148148148 0.3826822916666667 0.7180555555555556 0.382421875 0.7185185185185186 0.382421875 0.7222222222222222 0.3821614583333333 0.7226851851851852 0.3821614583333333 0.7263888888888889 0.38190104166666666 0.7268518518518519 0.38190104166666666 0.7291666666666666 0.381640625 0.7296296296296296 0.381640625 0.7333333333333333 0.38138020833333336 0.7337962962962963 0.38138020833333336 0.737037037037037 0.38111979166666665 0.7375 0.38111979166666665 0.7402777777777778 0.380859375 0.7407407407407407 0.380859375 0.7439814814814815 0.38059895833333335 0.7444444444444445 0.38059895833333335 0.7490740740740741 0.38033854166666664 0.749537037037037 0.38033854166666664 0.7541666666666667 0.380078125 0.7546296296296297 0.380078125 0.7606481481481482 0.37981770833333334 0.7611111111111111 0.37981770833333334 0.763425925925926 0.3795572916666667 0.7638888888888888 0.3795572916666667 0.7666666666666667 0.379296875 0.7671296296296296 0.379296875 0.7694444444444445 0.3790364583333333 0.7699074074074074 0.3787760416666667 0.7736111111111111 0.37747395833333336 0.7777777777777778 0.37473958333333335 0.7826388888888889 0.3734375 0.7844907407407408 0.3723958333333333 0.7854166666666667 0.37161458333333336 0.7854166666666667 0.3690104166666667 0.7872685185185185 0.36744791666666665 0.7872685185185185 0.3671875 0.7877314814814815 0.3653645833333333 0.7877314814814815 0.3651041666666667 0.7881944444444444 0.36380208333333336 0.7881944444444444 0.36223958333333334 0.7891203703703704 0.3606770833333333 0.7891203703703704 0.36041666666666666 0.7895833333333333 0.35885416666666664 0.7895833333333333 0.35859375 0.7900462962962963 0.35703125 0.7900462962962963 0.3567708333333333 0.7905092592592593 0.35520833333333335 0.7905092592592593 0.35494791666666664 0.7909722222222222 0.353125 0.7909722222222222 0.3528645833333333 0.7914351851851852 0.35130208333333335 0.7914351851851852 0.35104166666666664 0.7918981481481482 0.3494791666666667 0.7918981481481482 0.34921875 0.7923611111111111 0.34765625 0.7923611111111111 0.34739583333333335 0.7928240740740741 0.34609375 0.7928240740740741 0.3458333333333333 0.7932870370370371 0.34453125 0.7932870370370371 0.34427083333333336 0.79375 0.34296875 0.79375 0.34270833333333334 0.794212962962963 0.34088541666666666 0.794212962962963 0.340625 0.794675925925926 0.33828125 0.794675925925926 0.3380208333333333 0.7951388888888888 0.33671875 0.7951388888888888 0.33515625 0.7960648148148148 0.33359375 0.7960648148148148 0.3333333333333333 0.7965277777777777 0.33177083333333335 0.7965277777777777 0.3302083333333333 0.7974537037037037 0.32864583333333336 0.7974537037037037 0.32838541666666665 0.7979166666666667 0.3265625 0.7979166666666667 0.3263020833333333 0.7983796296296296 0.325 0.7983796296296296 0.32473958333333336 0.7988425925925926 0.32317708333333334 0.7988425925925926 0.3229166666666667 0.7993055555555556 0.3216145833333333 0.7993055555555556 0.32135416666666666 0.7997685185185185 0.31979166666666664 0.7997685185185185 0.31953125 0.8002314814814815 0.31796875 0.8002314814814815 0.3177083333333333 0.8006944444444445 0.31640625 0.8006944444444445 0.31614583333333335 0.8011574074074074 0.3145833333333333 0.8011574074074074 0.3143229166666667 0.8016203703703704 0.31223958333333335 0.8016203703703704 0.31197916666666664 0.8020833333333334 0.3104166666666667 0.8020833333333334 0.31015625 0.8025462962962963 0.30885416666666665 0.8025462962962963 0.30859375 0.8030092592592593 0.30703125 0.8030092592592593 0.3067708333333333 0.8034722222222223 0.30520833333333336 0.8034722222222223 0.30494791666666665 0.8039351851851851 0.3033854166666667 0.8039351851851851 0.303125 0.8043981481481481 0.3015625 0.8043981481481481 0.30130208333333336 0.8048611111111111 0.29973958333333334 0.8048611111111111 0.2994791666666667 0.805324074074074 0.29791666666666666 0.805324074074074 0.29765625 0.805787037037037 0.29609375 0.805787037037037 0.29583333333333334 0.80625 0.29453125 0.80625 0.2942708333333333 0.8067129629629629 0.29270833333333335 0.8067129629629629 0.29244791666666664 0.8071759259259259 0.2911458333333333 0.8071759259259259 0.28958333333333336 0.8081018518518519 0.28828125 0.8081018518518519 0.28802083333333334 0.8085648148148148 0.2864583333333333 0.8085648148148148 0.28619791666666666 0.8090277777777778 0.28411458333333334 0.8090277777777778 0.2838541666666667 0.8094907407407408 0.2825520833333333 0.8094907407407408 0.28229166666666666 0.8099537037037037 0.28046875 0.8099537037037037 0.28020833333333334 0.8104166666666667 0.27890625 0.8104166666666667 0.2786458333333333 0.8108796296296297 0.2765625 0.8108796296296297 0.27630208333333334 0.8113425925925926 0.275 0.8113425925925926 0.2747395833333333 0.8118055555555556 0.2734375 0.8118055555555556 0.271875 0.8127314814814814 0.27057291666666666 0.8127314814814814 0.2703125 0.8131944444444444 0.26901041666666664 0.8131944444444444 0.26875 0.8136574074074074 0.2674479166666667 0.8136574074074074 0.2671875 0.8141203703703703 0.26510416666666664 0.8141203703703703 0.26484375 0.8145833333333333 0.26328125 0.8145833333333333 0.2630208333333333 0.8150462962962963 0.2609375 0.8150462962962963 0.26067708333333334 0.8155092592592592 0.2591145833333333 0.8155092592592592 0.2578125 0.8164351851851852 0.2565104166666667 0.8168981481481481 0.25494791666666666 0.8168981481481481 0.2546875 0.8173611111111111 0.25338541666666664 0.8173611111111111 0.253125 0.8178240740740741 0.2518229166666667 0.8178240740740741 0.2515625 0.8182870370370371 0.24921875 0.8182870370370371 0.24895833333333334 0.81875 0.246875 0.81875 0.24661458333333333 0.819212962962963 0.24453125 0.819212962962963 0.24427083333333333 0.819675925925926 0.24296875 0.819675925925926 0.24270833333333333 0.8201388888888889 0.24140625 0.8201388888888889 0.23984375 0.8210648148148149 0.23828125 0.8210648148148149 0.23802083333333332 0.8215277777777777 0.23671875 0.8215277777777777 0.23645833333333333 0.8219907407407407 0.23463541666666668 0.8219907407407407 0.234375 0.8224537037037037 0.23255208333333333 0.8224537037037037 0.23229166666666667 0.8229166666666666 0.23098958333333333 0.8229166666666666 0.23072916666666668 0.8233796296296296 0.22942708333333334 0.8233796296296296 0.22916666666666666 0.8238425925925926
4 0.10032552083333333 0.7504629629629629 0.20065104166666667 0.3671296296296297 0.0 0.756712962962963 0.0013020833333333333 0.756712962962963 0.0016927083333333334 0.7560185185185185 0.0024739583333333332 0.7532407407407408 0.0024739583333333332 0.7518518518518519 0.002994791666666667 0.749537037037037 0.004296875 0.7462962962962963 0.005078125 0.7449074074074075 0.006119791666666667 0.7412037037037037 0.006119791666666667 0.7402777777777778 0.008203125 0.7342592592592593 0.009244791666666667 0.7319444444444444 0.011067708333333334 0.725 0.012109375 0.7222222222222222 0.013671875 0.7194444444444444 0.014192708333333333 0.7180555555555556 0.014453125 0.7157407407407408 0.016276041666666668 0.7097222222222223 0.018098958333333335 0.7060185185185185 0.018619791666666666 0.7032407407407407 0.019401041666666667 0.700462962962963 0.021484375 0.6953703703703704 0.022005208333333335 0.6930555555555555 0.023828125 0.687037037037037 0.024609375 0.6856481481481481 0.025911458333333335 0.6824074074074075 0.026432291666666666 0.6800925925925926 0.027473958333333333 0.6777777777777778 0.028776041666666665 0.6736111111111112 0.029817708333333335 0.6712962962962963 0.030078125 0.6699074074074074 0.031119791666666667 0.6675925925925926 0.03268229166666667 0.662962962962963 0.03372395833333333 0.6606481481481481 0.034765625 0.6569444444444444 0.03502604166666667 0.6550925925925926 0.035807291666666664 0.6527777777777778 0.037369791666666666 0.649074074074074 0.037890625 0.6467592592592593 0.03919270833333333 0.6439814814814815 0.039713541666666664 0.6421296296296296 0.04049479166666667 0.6407407407407407 0.040755208333333334 0.6393518518518518 0.041796875 0.6370370370370371 0.04283854166666667 0.6337962962962963 0.04309895833333333 0.6324074074074074 0.044661458333333334 0.6287037037037037 0.046223958333333336 0.6236111111111111 0.04778645833333333 0.6203703703703703 0.04778645833333333 0.6199074074074075 0.050130208333333336 0.6134259259259259 0.050390625 0.612037037037037 0.051432291666666664 0.6092592592592593 0.052473958333333334 0.6074074074074074 0.054296875 0.6018518518518519 0.05455729166666667 0.600462962962963 0.05625 0.5974537037037037 0.05703125 0.5965277777777778 0.06041666666666667 0.59375 0.06276041666666667 0.5928240740740741 0.06380208333333333 0.5918981481481481 0.06458333333333334 0.5918981481481481 0.065625 0.5909722222222222 0.06822916666666666 0.5900462962962963 0.06979166666666667 0.5900462962962963 0.07005208333333333 0.5895833333333333 0.07161458333333333 0.5895833333333333 0.071875 0.5891203703703703 0.0734375 0.5891203703703703 0.07369791666666667 0.5886574074074075 0.07526041666666666 0.5886574074074075 0.07552083333333333 0.5881944444444445 0.07734375 0.5881944444444445 0.07760416666666667 0.5877314814814815 0.0796875 0.5877314814814815 0.08125 0.5868055555555556 0.08359375 0.5863425925925926 0.08515625 0.5849537037037037 0.0859375 0.5849537037037037 0.08723958333333333 0.5840277777777778 0.08854166666666667 0.5840277777777778 0.08880208333333334 0.5835648148148148 0.09036458333333333 0.5835648148148148 0.090625 0.5831018518518518 0.0921875 0.5831018518518518 0.09244791666666667 0.5826388888888889 0.0953125 0.5826388888888889 0.09557291666666666 0.5821759259259259 0.09713541666666667 0.5821759259259259 0.09739583333333333 0.5817129629629629 0.09921875 0.5817129629629629 0.09947916666666666 0.58125 0.1015625 0.58125 0.10182291666666667 0.580787037037037 0.1046875 0.580787037037037 0.10494791666666667 0.580324074074074 0.10703125 0.580324074074074 0.11015625 0.5784722222222223 0.11145833333333334 0.5784722222222223 0.11171875 0.5780092592592593 0.1140625 0.5775462962962963 0.11640625 0.5761574074074074 0.11822916666666666 0.5756944444444444 0.11848958333333333 0.5752314814814815 0.11979166666666667 0.5752314814814815 0.12005208333333334 0.5747685185185185 0.12239583333333333 0.5747685185185185 0.12265625 0.5743055555555555 0.12473958333333333 0.5743055555555555 0.125 0.5738425925925926 0.1265625 0.5738425925925926 0.12682291666666667 0.5733796296296296 0.128125 0.5733796296296296 0.12838541666666667 0.5729166666666666 0.1296875 0.5729166666666666 0.13255208333333332 0.5715277777777777 0.13385416666666666 0.5715277777777777 0.13411458333333334 0.5710648148148149 0.13567708333333334 0.5710648148148149 0.1359375 0.5706018518518519 0.13723958333333333 0.5706018518518519 0.1375 0.5701388888888889 0.13880208333333333 0.5701388888888889 0.1390625 0.569675925925926 0.14036458333333332 0.569675925925926 0.14192708333333334 0.56875 0.14322916666666666 0.56875 0.14348958333333334 0.5682870370370371 0.14505208333333333 0.5682870370370371 0.1453125 0.5678240740740741 0.146875 0.5678240740740741 0.14713541666666666 0.5673611111111111 0.14869791666666668 0.5673611111111111 0.14895833333333333 0.5668981481481481 0.15286458333333333 0.5668981481481481 0.15494791666666666 0.5678240740740741 0.15625 0.569212962962963 0.15846354166666668 0.5722222222222222 0.158984375 0.5736111111111111 0.15872395833333333 0.575925925925926 0.15872395833333333 0.5787037037037037 0.15846354166666668 0.5796296296296296 0.15572916666666667 0.5844907407407407 0.15546875 0.5844907407407407 0.15377604166666667 0.5875 0.152734375 0.5916666666666667 0.15169270833333334 0.5939814814814814 0.151171875 0.5967592592592592 0.15065104166666668 0.5981481481481481 0.15065104166666668 0.6023148148148149 0.151171875 0.6037037037037037 0.15169270833333334 0.6064814814814815 0.153515625 0.6097222222222223 0.154296875 0.612037037037037 0.155859375 0.6148148148148148 0.157421875 0.6189814814814815 0.15768229166666667 0.6217592592592592 0.15638020833333333 0.624537037037037 0.15638020833333333 0.625 0.15403645833333332 0.6291666666666667 0.15325520833333334 0.6319444444444444 0.152734375 0.6361111111111111 0.15221354166666667 0.6388888888888888 0.15065104166666668 0.6444444444444445 0.15065104166666668 0.6453703703703704 0.14986979166666667 0.6476851851851851 0.149609375 0.6504629629629629 0.14908854166666666 0.6527777777777778 0.14596354166666667 0.6615740740740741 0.14544270833333334 0.6638888888888889 0.14518229166666666 0.6662037037037037 0.14388020833333334 0.6703703703703704 0.14361979166666666 0.6726851851851852 0.142578125 0.6768518518518518 0.141796875 0.6791666666666667 0.141796875 0.6805555555555556 0.14127604166666666 0.6833333333333333 0.140234375 0.687037037037037 0.138671875 0.6898148148148148 0.13815104166666667 0.6912037037037037 0.13763020833333334 0.6944444444444444 0.137109375 0.6962962962962963 0.137109375 0.6976851851851852 0.13658854166666667 0.6995370370370371 0.13658854166666667 0.700925925925926 0.13580729166666666 0.7032407407407407 0.13528645833333333 0.7060185185185185 0.13528645833333333 0.7087962962962963 0.13502604166666668 0.7111111111111111 0.13528645833333333 0.7125 0.13658854166666667 0.7148148148148148 0.13736979166666666 0.7171296296296297 0.1390625 0.7196759259259259 0.14088541666666668 0.7210648148148148 0.14244791666666667 0.7229166666666667 0.14388020833333334 0.725462962962963 0.14440104166666667 0.7277777777777777 0.14557291666666666 0.7298611111111111 0.14609375 0.7298611111111111 0.1484375 0.732175925925926 0.15104166666666666 0.7340277777777777 0.15260416666666668 0.7354166666666667 0.15338541666666666 0.7354166666666667 0.15572916666666667 0.7372685185185185 0.15703125 0.7386574074074074 0.15989583333333332 0.742824074074074 0.16119791666666666 0.74375 0.16302083333333334 0.7460648148148148 0.16484375 0.7474537037037037 0.16640625 0.7479166666666667 0.16927083333333334 0.7502314814814814 0.17213541666666668 0.7539351851851852 0.1734375 0.75625 0.17526041666666667 0.7581018518518519 0.17604166666666668 0.7594907407407407 0.17760416666666667 0.7613425925925926 0.178125 0.7613425925925926 0.17942708333333332 0.7627314814814815 0.18072916666666666 0.7636574074074074 0.18203125 0.7641203703703704 0.18411458333333333 0.7664351851851852 0.18515625 0.768287037037037 0.18671875 0.7692129629629629 0.18841145833333334 0.7717592592592593 0.18932291666666667 0.7738425925925926 0.19088541666666667 0.7752314814814815 0.19270833333333334 0.7756944444444445 0.19401041666666666 0.7766203703703703 0.19557291666666668 0.7784722222222222 0.19635416666666666 0.7789351851851852 0.19856770833333334 0.7828703703703703 0.19934895833333333 0.7851851851851852 0.200390625 0.7870370370370371 0.20065104166666667 0.7893518518518519 0.200390625 0.7898148148148149 0.200390625 0.7939814814814815 0.199609375 0.7986111111111112 0.19856770833333334 0.8027777777777778 0.19856770833333334 0.8037037037037037 0.19752604166666668 0.8074074074074075 0.197265625 0.8097222222222222 0.195703125 0.8171296296296297 0.19466145833333334 0.8203703703703704 0.19440104166666666 0.8226851851851852 0.19388020833333333 0.8245370370370371 0.19388020833333333 0.825925925925926 0.19283854166666667 0.8296296296296296 0.19283854166666667 0.8305555555555556 0.19205729166666666 0.8328703703703704 0.191796875 0.8356481481481481 0.19153645833333333 0.8361111111111111 0.190234375 0.8430555555555556 0.190234375 0.8439814814814814 0.18841145833333334 0.85 0.18841145833333334 0.850925925925926 0.18658854166666666 0.8592592592592593 0.186328125 0.8625 0.18606770833333333 0.8629629629629629 0.18580729166666668 0.8662037037037037 0.185546875 0.8666666666666667 0.18502604166666667 0.8717592592592592 0.18424479166666666 0.8736111111111111 0.183984375 0.875462962962963 0.183203125 0.8787037037037037 0.18268229166666666 0.8837962962962963 0.18216145833333333 0.8865740740740741 0.18111979166666667 0.8898148148148148 0.18033854166666666 0.8949074074074074 0.17903645833333334 0.9 0.17708333333333334 0.9043981481481481 0.17682291666666666 0.9043981481481481 0.17447916666666666 0.9081018518518519 0.17005208333333333 0.9122685185185185 0.16901041666666666 0.9127314814814815 0.16744791666666667 0.9127314814814815 0.1671875 0.9131944444444444 0.16588541666666667 0.9131944444444444 0.16458333333333333 0.9141203703703704 0.16328125 0.9141203703703704 0.16302083333333334 0.9145833333333333 0.16145833333333334 0.9145833333333333 0.16119791666666666 0.9150462962962963 0.15885416666666666 0.9150462962962963 0.15859375 0.9155092592592593 0.15729166666666666 0.9155092592592593 0.15703125 0.9159722222222222 0.15572916666666667 0.9159722222222222 0.15546875 0.9164351851851852 0.15416666666666667 0.9164351851851852 0.15390625 0.9168981481481482 0.15208333333333332 0.9168981481481482 0.15182291666666667 0.9173611111111111 0.15 0.9173611111111111 0.14973958333333334 0.9178240740740741 0.1484375 0.9178240740740741 0.146875 0.91875 0.14453125 0.91875 0.14427083333333332 0.919212962962963 0.14192708333333334 0.919212962962963 0.14166666666666666 0.919675925925926 0.14036458333333332 0.919675925925926 0.13880208333333333 0.9206018518518518 0.1375 0.9206018518518518 0.13723958333333333 0.9210648148148148 0.1359375 0.9210648148148148 0.13567708333333334 0.9215277777777777 0.134375 0.9215277777777777 0.13411458333333334 0.9219907407407407 0.13255208333333332 0.9219907407407407 0.13229166666666667 0.9224537037037037 0.13098958333333333 0.9224537037037037 0.13072916666666667 0.9229166666666667 0.12916666666666668 0.9229166666666667 0.12890625 0.9233796296296296 0.12734375 0.9233796296296296 0.12708333333333333 0.9238425925925926 0.12552083333333333 0.9238425925925926 0.12526041666666668 0.9243055555555556 0.12369791666666667 0.9243055555555556 0.1234375 0.9247685185185185 0.121875 0.9247685185185185 0.12161458333333333 0.9252314814814815 0.1203125 0.9252314814814815 0.12005208333333334 0.9256944444444445 0.11875 0.9256944444444445 0.11848958333333333 0.9261574074074074 0.11588541666666667 0.9261574074074074 0.115625 0.9266203703703704 0.11380208333333333 0.9266203703703704 0.11354166666666667 0.9270833333333334 0.11171875 0.9270833333333334 0.11145833333333334 0.9275462962962963 0.11015625 0.9275462962962963 0.10989583333333333 0.9280092592592593 0.1078125 0.9280092592592593 0.10755208333333334 0.9284722222222223 0.10572916666666667 0.9284722222222223 0.10546875 0.9289351851851851 0.10364583333333334 0.9289351851851851 0.10338541666666666 0.9293981481481481 0.10182291666666667 0.9293981481481481 0.1015625 0.9298611111111111 0.10026041666666667 0.9298611111111111 0.1 0.930324074074074 0.0984375 0.930324074074074 0.09817708333333333 0.930787037037037 0.09661458333333334 0.930787037037037 0.09635416666666667 0.93125 0.09453125 0.93125 0.09427083333333333 0.9317129629629629 0.09270833333333334 0.9317129629629629 0.09244791666666667 0.9321759259259259 0.09010416666666667 0.9321759259259259 0.08984375 0.9326388888888889 0.08776041666666666 0.9326388888888889 0.0875 0.9331018518518519 0.08541666666666667 0.9331018518518519 0.08515625 0.9335648148148148 0.08229166666666667 0.9335648148148148 0.08203125 0.9340277777777778 0.07942708333333333 0.9340277777777778 0.07916666666666666 0.9335648148148148 0.07760416666666667 0.9335648148148148 0.07734375 0.9331018518518519 0.07604166666666666 0.9331018518518519 0.07578125 0.9326388888888889 0.07369791666666667 0.9317129629629629 0.07265625 0.9317129629629629 0.07057291666666667 0.930324074074074 0.06979166666666667 0.930324074074074 0.06875 0.9293981481481481 0.06796875 0.9293981481481481 0.065625 0.9280092592592593 0.06458333333333334 0.9280092592592593 0.06276041666666667 0.9266203703703704 0.05963541666666667 0.9247685185185185 0.05755208333333333 0.9238425925925926 0.054947916666666666 0.9219907407407407 0.05260416666666667 0.9210648148148148 0.05 0.919212962962963 0.04921875 0.919212962962963 0.04739583333333333 0.9178240740740741 0.0453125 0.9173611111111111 0.042708333333333334 0.9164351851851852 0.04244791666666667 0.9159722222222222 0.04088541666666667 0.9155092592592593 0.03958333333333333 0.9141203703703704 0.0390625 0.9141203703703704 0.03802083333333333 0.9127314814814815 0.0375 0.9127314814814815 0.03619791666666667 0.9113425925925925 0.034895833333333334 0.9104166666666667 0.0328125 0.9094907407407408 0.031510416666666666 0.9081018518518519 0.0296875 0.9071759259259259 0.028385416666666666 0.905787037037037 0.026822916666666665 0.9048611111111111 0.024479166666666666 0.9039351851851852 0.0234375 0.9030092592592592 0.02265625 0.9030092592592592 0.021614583333333333 0.9020833333333333 0.020833333333333332 0.9020833333333333 0.01953125 0.9011574074074075 0.0171875 0.9002314814814815 0.014322916666666666 0.8979166666666667 0.01171875 0.8956018518518518 0.010416666666666666 0.8946759259259259 0.008854166666666666 0.8942129629629629 0.00546875 0.8918981481481482 0.004427083333333333 0.8909722222222223 0.003125 0.8905092592592593 0.0018229166666666667 0.8895833333333333 0.0 0.8895833333333333
12 0.26471354166666666 0.9438657407407407 0.20520833333333333 0.1113425925925926 0.163671875 0.999537037037037 0.162109375 0.9972222222222222 0.162109375 0.9944444444444445 0.16236979166666668 0.9939814814814815 0.16236979166666668 0.9916666666666667 0.16315104166666666 0.987037037037037 0.163671875 0.9851851851851852 0.16393229166666667 0.9824074074074074 0.16471354166666666 0.9800925925925926 0.16471354166666666 0.9791666666666666 0.166015625 0.9745370370370371 0.16627604166666668 0.9722222222222222 0.16809895833333333 0.9662037037037037 0.16888020833333334 0.961574074074074 0.16888020833333334 0.9601851851851851 0.16966145833333332 0.9574074074074074 0.17018229166666668 0.9537037037037037 0.170703125 0.9523148148148148 0.171484375 0.9472222222222222 0.17252604166666666 0.9439814814814815 0.17330729166666667 0.9402777777777778 0.17565104166666667 0.9361111111111111 0.17643229166666666 0.9333333333333333 0.17864583333333334 0.9293981481481481 0.17890625 0.9293981481481481 0.18098958333333334 0.9261574074074074 0.18255208333333334 0.9252314814814815 0.18333333333333332 0.9243055555555556 0.1859375 0.9229166666666667 0.1890625 0.9229166666666667 0.18932291666666667 0.9224537037037037 0.19088541666666667 0.9224537037037037 0.19244791666666666 0.9215277777777777 0.19401041666666666 0.9215277777777777 0.19427083333333334 0.9210648148148148 0.19609375 0.9210648148148148 0.19635416666666666 0.9206018518518518 0.19895833333333332 0.9206018518518518 0.19921875 0.9201388888888888 0.20130208333333333 0.9201388888888888 0.2015625 0.919675925925926 0.203125 0.919675925925926 0.20338541666666668 0.919212962962963 0.2046875 0.919212962962963 0.20494791666666667 0.91875 0.20703125 0.91875 0.20729166666666668 0.9182870370370371 0.20911458333333333 0.9182870370370371 0.209375 0.9178240740740741 0.21197916666666666 0.9178240740740741 0.21223958333333334 0.9173611111111111 0.2140625 0.9173611111111111 0.21432291666666667 0.9168981481481482 0.21588541666666666 0.9168981481481482 0.21614583333333334 0.9164351851851852 0.21744791666666666 0.9164351851851852 0.21901041666666668 0.9155092592592593 0.2203125 0.9155092592592593 0.22057291666666667 0.9150462962962963 0.22213541666666667 0.9150462962962963 0.22369791666666666 0.9141203703703704 0.225 0.9141203703703704 0.22526041666666666 0.9136574074074074 0.22760416666666666 0.9136574074074074 0.22786458333333334 0.9131944444444444 0.23020833333333332 0.9131944444444444 0.23046875 0.9127314814814815 0.23177083333333334 0.9127314814814815 0.23203125 0.9122685185185185 0.23333333333333334 0.9122685185185185 0.23359375 0.9118055555555555 0.2359375 0.9118055555555555 0.23619791666666667 0.9113425925925925 0.23854166666666668 0.9113425925925925 0.23880208333333333 0.9108796296296297 0.240625 0.9108796296296297 0.24088541666666666 0.9104166666666667 0.24296875 0.9104166666666667 0.24322916666666666 0.9099537037037037 0.2453125 0.9099537037037037 0.24557291666666667 0.9094907407407408 0.24713541666666666 0.9094907407407408 0.24739583333333334 0.9090277777777778 0.24921875 0.9090277777777778 0.24947916666666667 0.9085648148148148 0.2515625 0.9085648148148148 0.2518229166666667 0.9081018518518519 0.25338541666666664 0.9081018518518519 0.25625 0.906712962962963 0.2591145833333333 0.906712962962963 0.259375 0.90625 0.26145833333333335 0.90625 0.26171875 0.905787037037037 0.2630208333333333 0.905787037037037 0.26328125 0.9053240740740741 0.26510416666666664 0.9053240740740741 0.26536458333333335 0.9048611111111111 0.26796875 0.9048611111111111 0.2682291666666667 0.9043981481481481 0.27005208333333336 0.9043981481481481 0.2703125 0.9039351851851852 0.2721354166666667 0.9039351851851852 0.27239583333333334 0.9034722222222222 0.2747395833333333 0.9034722222222222 0.275 0.9030092592592592 0.27708333333333335 0.9030092592592592 0.27734375 0.9025462962962963 0.27890625 0.9025462962962963 0.2791666666666667 0.9020833333333333 0.28072916666666664 0.9020833333333333 0.28098958333333335 0.9016203703703703 0.2825520833333333 0.9016203703703703 0.2828125 0.9011574074074075 0.28463541666666664 0.9011574074074075 0.28489583333333335 0.9006944444444445 0.28671875 0.9006944444444445 0.2869791666666667 0.9002314814814815 0.28828125 0.9002314814814815 0.28854166666666664 0.8997685185185185 0.29010416666666666 0.8997685185185185 0.2903645833333333 0.8993055555555556 0.29270833333333335 0.8993055555555556 0.29296875 0.8988425925925926 0.2950520833333333 0.8988425925925926 0.2953125 0.8983796296296296 0.296875 0.8983796296296296 0.29713541666666665 0.8979166666666667 0.29921875 0.8979166666666667 0.2994791666666667 0.8974537037037037 0.3015625 0.8974537037037037 0.30182291666666666 0.8969907407407407 0.30442708333333335 0.8969907407407407 0.3046875 0.8965277777777778 0.30703125 0.8965277777777778 0.3072916666666667 0.8960648148148148 0.30911458333333336 0.8960648148148148 0.309375 0.8956018518518518 0.31171875 0.8956018518518518 0.31197916666666664 0.8951388888888889 0.3143229166666667 0.8951388888888889 0.3145833333333333 0.8946759259259259 0.31640625 0.8946759259259259 0.31666666666666665 0.8942129629629629 0.31796875 0.8942129629629629 0.3182291666666667 0.89375 0.31953125 0.89375 0.31979166666666664 0.893287037037037 0.32109375 0.893287037037037 0.32135416666666666 0.892824074074074 0.3234375 0.892824074074074 0.32369791666666664 0.8923611111111112 0.32578125 0.8923611111111112 0.3260416666666667 0.8918981481481482 0.328125 0.8918981481481482 0.32838541666666665 0.8914351851851852 0.3302083333333333 0.8914351851851852 0.33046875 0.8909722222222223 0.33255208333333336 0.8909722222222223 0.3328125 0.8905092592592593 0.3346354166666667 0.8905092592592593 0.33489583333333334 0.8900462962962963 0.3375 0.8900462962962963 0.3377604166666667 0.8895833333333333 0.33932291666666664 0.8895833333333333 0.33958333333333335 0.8891203703703704 0.3411458333333333 0.8891203703703704 0.34140625 0.8886574074074074 0.34375 0.8886574074074074 0.34401041666666665 0.8881944444444444 0.3484375 0.8881944444444444 0.34869791666666666 0.8886574074074074 0.35 0.8886574074074074 0.35078125 0.8895833333333333 0.35234375 0.8905092592592593 0.35546875 0.8942129629629629 0.3580729166666667 0.8969907407407407 0.3609375 0.9006944444444445 0.36223958333333334 0.9020833333333333 0.36354166666666665 0.9039351851851852 0.36497395833333335 0.9064814814814814 0.36575520833333336 0.9097222222222222 0.3670572916666667 0.9138888888888889 0.3673177083333333 0.9162037037037037 0.3673177083333333 0.925 0.3670572916666667 0.9254629629629629 0.3670572916666667 0.9324074074074075 0.366796875 0.9328703703703703 0.366796875 0.9361111111111111 0.3665364583333333 0.9365740740740741 0.3665364583333333 0.9393518518518519 0.36627604166666666 0.9398148148148148 0.36627604166666666 0.9435185185185185 0.366015625 0.9439814814814815 0.366015625 0.9476851851851852 0.36575520833333336 0.9481481481481482 0.36575520833333336 0.9550925925925926 0.36549479166666665 0.9555555555555556 0.36549479166666665 0.9578703703703704 0.365234375 0.9583333333333334 0.365234375 0.9606481481481481 0.36497395833333335 0.9611111111111111 0.36497395833333335 0.9643518518518519 0.36471354166666664 0.9648148148148148 0.36471354166666664 0.9671296296296297 0.364453125 0.9675925925925926 0.364453125 0.9712962962962963 0.36419270833333334 0.9717592592592592 0.36419270833333334 0.9768518518518519 0.3639322916666667 0.9773148148148149 0.3639322916666667 0.9819444444444444 0.3634114583333333 0.9837962962962963 0.3631510416666667 0.9861111111111112 0.3626302083333333 0.9875 0.362109375 0.9907407407407407 0.362109375 0.9953703703703703 0.36184895833333336 0.9967592592592592 0.3606770833333333 0.9988425925925926 0.3600260416666667 0.999537037037037
13 0.05227864583333333 0.611111111111111 0.10455729166666666 0.28379629629629627 0.0 0.46921296296296294 0.0018229166666666667 0.46921296296296294 0.0026041666666666665 0.46967592592592594 0.004427083333333333 0.47199074074074077 0.00546875 0.47291666666666665 0.0067708333333333336 0.47476851851851853 0.008072916666666667 0.47708333333333336 0.011458333333333333 0.480787037037037 0.0125 0.4826388888888889 0.015104166666666667 0.48541666666666666 0.01796875 0.4895833333333333 0.018229166666666668 0.4895833333333333 0.0203125 0.49236111111111114 0.021354166666666667 0.493287037037037 0.023697916666666666 0.49699074074074073 0.027604166666666666 0.5006944444444444 0.02890625 0.5025462962962963 0.029947916666666668 0.5034722222222222 0.03125 0.5053240740740741 0.03307291666666667 0.506712962962963 0.034895833333333334 0.5090277777777777 0.0359375 0.5108796296296296 0.03958333333333333 0.5141203703703704 0.040625 0.5155092592592593 0.0421875 0.518287037037037 0.04375 0.5196759259259259 0.04505208333333333 0.5215277777777778 0.04583333333333333 0.5219907407407407 0.05078125 0.5280092592592592 0.05234375 0.5293981481481481 0.05677083333333333 0.531712962962963 0.058854166666666666 0.5344907407407408 0.06067708333333333 0.5358796296296297 0.0625 0.5381944444444444 0.06458333333333334 0.5400462962962963 0.06640625 0.5423611111111111 0.0671875 0.5428240740740741 0.0703125 0.5469907407407407 0.071875 0.5483796296296296 0.07317708333333334 0.5502314814814815 0.07395833333333333 0.5506944444444445 0.07552083333333333 0.5534722222222223 0.07760416666666667 0.555324074074074 0.0796875 0.5576388888888889 0.0859375 0.5576388888888889 0.08619791666666667 0.5571759259259259 0.0890625 0.5571759259259259 0.08932291666666667 0.5567129629629629 0.0921875 0.5567129629629629 0.09427083333333333 0.5590277777777778 0.09453125 0.5590277777777778 0.09544270833333333 0.5611111111111111 0.096875 0.5636574074074074 0.09765625 0.5641203703703703 0.09947916666666666 0.5659722222222222 0.10130208333333333 0.569675925925926 0.10338541666666666 0.5715277777777777 0.10455729166666666 0.5736111111111111 0.10325520833333333 0.5773148148148148 0.10234375 0.5789351851851852 0.10104166666666667 0.5789351851851852 0.10078125 0.5793981481481482 0.09921875 0.5793981481481482 0.09895833333333333 0.5798611111111112 0.09635416666666667 0.5798611111111112 0.09609375 0.580324074074074 0.09453125 0.580324074074074 0.09427083333333333 0.580787037037037 0.090625 0.580787037037037 0.09036458333333333 0.58125 0.08723958333333333 0.58125 0.08385416666666666 0.5826388888888889 0.08359375 0.5831018518518518 0.08177083333333333 0.5835648148148148 0.08098958333333334 0.5844907407407407 0.07994791666666666 0.5849537037037037 0.07942708333333333 0.5858796296296296 0.07734375 0.5863425925925926 0.07708333333333334 0.5868055555555556 0.07578125 0.5868055555555556 0.07552083333333333 0.5872685185185185 0.07395833333333333 0.5872685185185185 0.07369791666666667 0.5877314814814815 0.07213541666666666 0.5877314814814815 0.071875 0.5881944444444445 0.07057291666666667 0.5881944444444445 0.0703125 0.5886574074074075 0.06901041666666667 0.5886574074074075 0.06875 0.5891203703703703 0.06692708333333333 0.5891203703703703 0.06666666666666667 0.5895833333333333 0.06536458333333334 0.5895833333333333 0.06510416666666667 0.5900462962962963 0.06276041666666667 0.5909722222222222 0.06171875 0.5918981481481481 0.059895833333333336 0.5928240740740741 0.05859375 0.594212962962963 0.05677083333333333 0.5956018518518519 0.05455729166666667 0.5995370370370371 0.05325520833333333 0.6032407407407407 0.05091145833333333 0.6074074074074074 0.050130208333333336 0.6101851851851852 0.048567708333333334 0.6138888888888889 0.04830729166666667 0.6152777777777778 0.047265625 0.6175925925925926 0.04700520833333333 0.6189814814814815 0.04440104166666667 0.6263888888888889 0.04388020833333333 0.6287037037037037 0.041796875 0.6337962962962963 0.039713541666666664 0.6402777777777777 0.03763020833333333 0.6462962962962963 0.036328125 0.6486111111111111 0.03528645833333333 0.6513888888888889 0.033984375 0.6564814814814814 0.03268229166666667 0.6592592592592592 0.03138020833333333 0.6625 0.030338541666666666 0.6662037037037037 0.029817708333333335 0.6694444444444444 0.027994791666666668 0.6736111111111112 0.026171875 0.6796296296296296 0.025130208333333334 0.6819444444444445 0.024348958333333334 0.6851851851851852 0.023307291666666667 0.6875 0.022786458333333332 0.6893518518518519 0.021223958333333334 0.6925925925925925 0.020442708333333334 0.6949074074074074 0.020182291666666668 0.6967592592592593 0.018098958333333335 0.7032407407407407 0.016015625 0.7078703703703704 0.013932291666666667 0.7152777777777778 0.012109375 0.7189814814814814 0.011328125 0.7212962962962963 0.009765625 0.7273148148148149 0.007682291666666666 0.7328703703703704 0.0069010416666666664 0.7361111111111112 0.006380208333333333 0.7375 0.006119791666666667 0.7393518518518518 0.004557291666666667 0.7425925925925926 0.0037760416666666667 0.7453703703703703 0.0032552083333333335 0.7462962962962963 0.0022135416666666666 0.750462962962963 0.0013020833333333333 0.7530092592592592 0.0 0.7530092592592592
8 0.8684244791666667 0.06886574074074074 0.2626302083333334 0.13773148148148148 0.9997395833333333 0.029861111111111113 0.9984375 0.029861111111111113 0.9977864583333333 0.03194444444444444 0.997265625 0.03518518518518519 0.997265625 0.0375 0.995703125 0.04351851851851852 0.9946614583333333 0.046296296296296294 0.9944010416666667 0.04861111111111111 0.9938802083333333 0.05 0.9936197916666667 0.052314814814814814 0.9928385416666666 0.05462962962962963 0.991796875 0.0587962962962963 0.991015625 0.06111111111111111 0.991015625 0.062037037037037036 0.990234375 0.06435185185185185 0.990234375 0.06527777777777778 0.9889322916666666 0.0699074074074074 0.9889322916666666 0.07083333333333333 0.9881510416666667 0.07361111111111111 0.9873697916666667 0.07546296296296297 0.9868489583333333 0.0787037037037037 0.985546875 0.08287037037037037 0.9845052083333333 0.08518518518518518 0.9834635416666667 0.08981481481481482 0.9819010416666667 0.09398148148148149 0.9819010416666667 0.09444444444444444 0.9799479166666667 0.09791666666666667 0.9783854166666667 0.09930555555555555 0.976953125 0.10185185185185185 0.976953125 0.10231481481481482 0.9744791666666667 0.10671296296296297 0.9734375 0.10810185185185185 0.96953125 0.11226851851851852 0.9690104166666667 0.11226851851851852 0.9674479166666666 0.11412037037037037 0.9645833333333333 0.11643518518518518 0.9627604166666667 0.11828703703703704 0.9609375 0.11921296296296297 0.9596354166666666 0.12060185185185185 0.9583333333333334 0.12152777777777778 0.95625 0.1224537037037037 0.95546875 0.12337962962962963 0.9528645833333333 0.12430555555555556 0.9513020833333333 0.12523148148148147 0.9411458333333333 0.12523148148148147 0.9408854166666667 0.12569444444444444 0.93359375 0.12569444444444444 0.9333333333333333 0.1261574074074074 0.91953125 0.1261574074074074 0.9192708333333334 0.12662037037037038 0.9104166666666667 0.12662037037037038 0.91015625 0.12708333333333333 0.9036458333333334 0.12708333333333333 0.9033854166666667 0.1275462962962963 0.8940104166666667 0.1275462962962963 0.89375 0.12800925925925927 0.8817708333333333 0.12800925925925927 0.8815104166666666 0.1284722222222222 0.8755208333333333 0.1284722222222222 0.8752604166666667 0.12893518518518518 0.8723958333333334 0.12893518518518518 0.8721354166666667 0.12939814814814815 0.8666666666666667 0.12939814814814815 0.86640625 0.12986111111111112 0.8604166666666667 0.12986111111111112 0.86015625 0.13032407407407406 0.8526041666666667 0.13032407407407406 0.85234375 0.13078703703703703 0.8479166666666667 0.13078703703703703 0.84765625 0.13125 0.8372395833333334 0.13125 0.8369791666666667 0.13171296296296298 0.834375 0.13171296296296298 0.8341145833333333 0.13217592592592592 0.828125 0.13217592592592592 0.8278645833333333 0.1326388888888889 0.82578125 0.1326388888888889 0.8255208333333334 0.13310185185185186 0.8197916666666667 0.13310185185185186 0.81953125 0.1335648148148148 0.8119791666666667 0.1335648148148148 0.81171875 0.13402777777777777 0.80546875 0.13402777777777777 0.8052083333333333 0.13449074074074074 0.7986979166666667 0.13449074074074074 0.7984375 0.13495370370370371 0.7947916666666667 0.13495370370370371 0.79453125 0.13541666666666666 0.7893229166666667 0.13541666666666666 0.7890625 0.13587962962962963 0.78203125 0.13587962962962963 0.7817708333333333 0.1363425925925926 0.7765625 0.1363425925925926 0.7763020833333333 0.13680555555555557 0.7666666666666667 0.13680555555555557 0.76640625 0.1372685185185185 0.7591145833333334 0.1372685185185185 0.7588541666666667 0.13773148148148148 0.75234375 0.13773148148148148 0.7520833333333333 0.1372685185185185 0.7486979166666666 0.13587962962962963 0.7453125 0.1326388888888889 0.7434895833333334 0.13125 0.7423177083333333 0.12916666666666668 0.7412760416666667 0.12638888888888888 0.7389322916666666 0.12222222222222222 0.7381510416666667 0.11898148148148148 0.7376302083333334 0.11481481481481481 0.7373697916666667 0.11435185185185186 0.7373697916666667 0.10925925925925926 0.737109375 0.1087962962962963 0.7373697916666667 0.10648148148148148 0.7373697916666667 0.10277777777777777 0.7376302083333334 0.10231481481481482 0.7376302083333334 0.09907407407407408 0.737890625 0.09861111111111111 0.737890625 0.0962962962962963 0.7381510416666667 0.09583333333333334 0.7381510416666667 0.09351851851851851 0.7384114583333333 0.09305555555555556 0.7384114583333333 0.09027777777777778 0.738671875 0.08981481481481482 0.738671875 0.08703703703703704 0.7389322916666666 0.08657407407407407 0.7389322916666666 0.08287037037037037 0.738671875 0.0824074074074074 0.738671875 0.0787037037037037 0.7389322916666666 0.07824074074074074 0.7389322916666666 0.07083333333333333 0.7391927083333333 0.07037037037037037 0.7391927083333333 0.06481481481481481 0.739453125 0.06435185185185185 0.739453125 0.05740740740740741 0.7399739583333333 0.055092592592592596 0.7404947916666667 0.04953703703703704 0.741015625 0.04722222222222222 0.7412760416666667 0.04398148148148148 0.7415364583333334 0.04351851851851852 0.741796875 0.04027777777777778 0.7423177083333333 0.038425925925925926 0.742578125 0.03518518518518519 0.743359375 0.03194444444444444 0.743359375 0.024074074074074074 0.7436197916666667 0.02361111111111111 0.744140625 0.01990740740740741 0.7451822916666667 0.015277777777777777 0.7451822916666667 0.012962962962962963 0.7454427083333334 0.0125 0.7454427083333334 0.010185185185185186 0.7459635416666667 0.007407407407407408 0.7470052083333333 0.004166666666666667 0.747265625 0.0023148148148148147 0.747265625 0.0
3 0.5369791666666667 0.7122685185185185 0.16484375 0.425 0.5072916666666667 0.9247685185185185 0.50390625 0.9247685185185185 0.5036458333333333 0.9243055555555556 0.5020833333333333 0.9238425925925926 0.500390625 0.9208333333333333 0.4993489583333333 0.9175925925925926 0.49856770833333336 0.9157407407407407 0.497265625 0.913425925925926 0.496484375 0.9111111111111111 0.49440104166666665 0.9069444444444444 0.493359375 0.9041666666666667 0.492578125 0.9013888888888889 0.49127604166666666 0.899074074074074 0.49049479166666665 0.8967592592592593 0.489453125 0.8949074074074074 0.488671875 0.8925925925925926 0.4876302083333333 0.8907407407407407 0.48684895833333336 0.888425925925926 0.485546875 0.8856481481481482 0.4842447916666667 0.8810185185185185 0.483984375 0.8796296296296297 0.482421875 0.8759259259259259 0.48138020833333334 0.8722222222222222 0.4803385416666667 0.8699074074074075 0.4798177083333333 0.8680555555555556 0.47825520833333335 0.8652777777777778 0.477734375 0.8634259259259259 0.4759114583333333 0.8583333333333333 0.475390625 0.8560185185185185 0.47317708333333336 0.8520833333333333 0.4703125 0.8493055555555555 0.4680989583333333 0.8453703703703703 0.46731770833333336 0.8425925925925926 0.46731770833333336 0.8393518518518519 0.46705729166666665 0.8388888888888889 0.46705729166666665 0.8356481481481481 0.466796875 0.8351851851851851 0.466796875 0.8328703703703704 0.46653645833333335 0.8324074074074074 0.46653645833333335 0.8296296296296296 0.46627604166666664 0.8291666666666667 0.46627604166666664 0.8226851851851852 0.466015625 0.8222222222222222 0.466015625 0.8166666666666667 0.46575520833333334 0.8162037037037037 0.46575520833333334 0.8111111111111111 0.4654947916666667 0.8106481481481481 0.4654947916666667 0.8055555555555556 0.465234375 0.8050925925925926 0.465234375 0.799537037037037 0.4649739583333333 0.799074074074074 0.4649739583333333 0.7944444444444444 0.4647135416666667 0.7939814814814815 0.4647135416666667 0.7870370370370371 0.464453125 0.7865740740740741 0.464453125 0.7828703703703703 0.4641927083333333 0.7824074074074074 0.4641927083333333 0.7782407407407408 0.46393229166666666 0.7777777777777778 0.46393229166666666 0.7708333333333334 0.463671875 0.7703703703703704 0.463671875 0.7648148148148148 0.46341145833333336 0.7643518518518518 0.46341145833333336 0.7601851851851852 0.46315104166666665 0.7597222222222222 0.46315104166666665 0.7555555555555555 0.462890625 0.7550925925925925 0.462890625 0.750462962962963 0.46263020833333335 0.75 0.46263020833333335 0.7439814814814815 0.46236979166666664 0.7435185185185185 0.46236979166666664 0.7379629629629629 0.462109375 0.7375 0.462109375 0.7310185185185185 0.46184895833333334 0.7305555555555555 0.46184895833333334 0.7240740740740741 0.4615885416666667 0.7236111111111111 0.4615885416666667 0.7194444444444444 0.461328125 0.7189814814814814 0.461328125 0.7138888888888889 0.4610677083333333 0.7134259259259259 0.4610677083333333 0.7078703703703704 0.4608072916666667 0.7074074074074074 0.4608072916666667 0.7013888888888888 0.460546875 0.700925925925926 0.460546875 0.6962962962962963 0.4602864583333333 0.6958333333333333 0.4602864583333333 0.6930555555555555 0.46002604166666666 0.6925925925925925 0.46002604166666666 0.6888888888888889 0.459765625 0.6884259259259259 0.459765625 0.6819444444444445 0.45950520833333336 0.6814814814814815 0.45950520833333336 0.6759259259259259 0.45924479166666665 0.6754629629629629 0.45924479166666665 0.6675925925925926 0.458984375 0.6671296296296296 0.458984375 0.6620370370370371 0.45872395833333335 0.6615740740740741 0.45872395833333335 0.6541666666666667 0.45846354166666664 0.6537037037037037 0.45846354166666664 0.649537037037037 0.458203125 0.649074074074074 0.458203125 0.6421296296296296 0.45794270833333334 0.6416666666666667 0.45794270833333334 0.6370370370370371 0.4576822916666667 0.6365740740740741 0.4576822916666667 0.6324074074074074 0.457421875 0.6319444444444444 0.457421875 0.6277777777777778 0.4571614583333333 0.6273148148148148 0.4571614583333333 0.6208333333333333 0.4569010416666667 0.6203703703703703 0.4569010416666667 0.6157407407407407 0.456640625 0.6152777777777778 0.456640625 0.6092592592592593 0.4563802083333333 0.6087962962962963 0.4563802083333333 0.6041666666666666 0.45611979166666666 0.6037037037037037 0.45611979166666666 0.5981481481481481 0.455859375 0.5976851851851852 0.455859375 0.5916666666666667 0.45559895833333336 0.5912037037037037 0.45559895833333336 0.5856481481481481 0.45533854166666665 0.5851851851851851 0.45533854166666665 0.5800925925925926 0.455078125 0.5796296296296296 0.455078125 0.5731481481481482 0.45481770833333335 0.5726851851851852 0.45481770833333335 0.5657407407407408 0.45455729166666664 0.5652777777777778 0.45455729166666664 0.549537037037037 0.45481770833333335 0.549074074074074 0.45481770833333335 0.5467592592592593 0.45533854166666665 0.5439814814814815 0.45755208333333336 0.5409722222222222 0.459375 0.5395833333333333 0.46015625 0.5395833333333333 0.46119791666666665 0.5386574074074074 0.4640625 0.5377314814814815 0.46536458333333336 0.5368055555555555 0.4703125 0.5354166666666667 0.47161458333333334 0.5344907407407408 0.47239583333333335 0.5344907407407408 0.4744791666666667 0.5331018518518519 0.47578125 0.5331018518518519 0.47994791666666664 0.53125 0.48411458333333335 0.5298611111111111 0.48541666666666666 0.5289351851851852 0.4864583333333333 0.5289351851851852 0.48776041666666664 0.5280092592592592 0.48984375 0.5270833333333333 0.49375 0.5256944444444445 0.49609375 0.5252314814814815 0.49895833333333334 0.5238425925925926 0.5002604166666667 0.5238425925925926 0.5005208333333333 0.5233796296296296 0.5018229166666667 0.5233796296296296 0.5020833333333333 0.5229166666666667 0.5033854166666667 0.5229166666666667 0.5059895833333333 0.5219907407407407 0.5072916666666667 0.5210648148148148 0.5080729166666667 0.5210648148148148 0.509375 0.5201388888888889 0.5104166666666666 0.5201388888888889 0.51171875 0.5192129629629629 0.5135416666666667 0.51875 0.5145833333333333 0.517824074074074 0.5184895833333333 0.5164351851851852 0.51875 0.5159722222222223 0.5200520833333333 0.5159722222222223 0.5203125 0.5155092592592593 0.5216145833333333 0.5155092592592593 0.521875 0.5150462962962963 0.5231770833333333 0.5150462962962963 0.5255208333333333 0.5136574074074074 0.5286458333333334 0.5127314814814815 0.5296875 0.5118055555555555 0.5309895833333333 0.5118055555555555 0.53125 0.5113425925925926 0.5330729166666667 0.5113425925925926 0.5333333333333333 0.5108796296296296 0.5354166666666667 0.5104166666666666 0.5375 0.5090277777777777 0.5388020833333333 0.5090277777777777 0.5390625 0.5085648148148149 0.5403645833333334 0.5085648148148149 0.5416666666666666 0.5081018518518519 0.54296875 0.507175925925926 0.5450520833333333 0.50625 0.546875 0.5057870370370371 0.5481770833333334 0.5048611111111111 0.5494791666666666 0.5048611111111111 0.5497395833333333 0.5043981481481481 0.5515625 0.5043981481481481 0.5528645833333333 0.5034722222222222 0.5541666666666667 0.5030092592592592 0.55546875 0.5020833333333333 0.5565104166666667 0.5020833333333333 0.5578125 0.5011574074074074 0.5604166666666667 0.5002314814814814 0.5622395833333333 0.5002314814814814 0.5625 0.4997685185185185 0.5658854166666667 0.4997685185185185 0.5661458333333333 0.5002314814814814 0.56875 0.5011574074074074 0.5700520833333333 0.5025462962962963 0.5709635416666666 0.5041666666666667 0.5717447916666667 0.5078703703703704 0.5720052083333333 0.5115740740740741 0.572265625 0.5120370370370371 0.5725260416666667 0.5162037037037037 0.573046875 0.5189814814814815 0.573828125 0.5217592592592593 0.5743489583333333 0.5226851851851851 0.5751302083333333 0.5254629629629629 0.575390625 0.5273148148148148 0.575390625 0.5300925925925926 0.5756510416666667 0.5324074074074074 0.5764322916666667 0.5361111111111111 0.5764322916666667 0.5370370370370371 0.5772135416666667 0.5393518518518519 0.577734375 0.5425925925925926 0.5779947916666667 0.5462962962962963 0.5790364583333333 0.5509259259259259 0.5795572916666667 0.5560185185185185 0.580078125 0.5578703703703703 0.5805989583333333 0.5634259259259259 0.581640625 0.5662037037037037 0.582421875 0.5689814814814815 0.5829427083333333 0.5717592592592593 0.583203125 0.575462962962963 0.5837239583333333 0.5773148148148148 0.5842447916666667 0.5814814814814815 0.5845052083333333 0.5819444444444445 0.5850260416666667 0.5875 0.5860677083333333 0.5921296296296297 0.586328125 0.5953703703703703 0.5868489583333333 0.5972222222222222 0.5876302083333333 0.6013888888888889 0.587890625 0.6055555555555555 0.5884114583333333 0.6074074074074074 0.588671875 0.6101851851851852 0.5891927083333334 0.611574074074074 0.589453125 0.6138888888888889 0.5899739583333333 0.6152777777777778 0.5904947916666666 0.6194444444444445 0.5907552083333333 0.6199074074074075 0.5912760416666667 0.6240740740740741 0.5920572916666667 0.6273148148148148 0.5920572916666667 0.6282407407407408 0.5928385416666667 0.6324074074074074 0.5930989583333334 0.6328703703703704 0.5938802083333333 0.6375 0.5946614583333333 0.6430555555555556 0.5951822916666667 0.6486111111111111 0.5954427083333333 0.649074074074074 0.595703125 0.6523148148148148 0.5962239583333333 0.6541666666666667 0.5967447916666667 0.6578703703703703 0.5967447916666667 0.6592592592592592 0.5975260416666667 0.6625 0.5977864583333333 0.6648148148148149 0.598828125 0.6685185185185185 0.5993489583333333 0.6726851851851852 0.6001302083333333 0.6773148148148148 0.6006510416666667 0.6791666666666667 0.6006510416666667 0.6805555555555556 0.6014322916666667 0.6851851851851852 0.601953125 0.687037037037037 0.601953125 0.6884259259259259 0.6024739583333333 0.6907407407407408 0.602734375 0.6939814814814815 0.603515625 0.6972222222222222 0.604296875 0.7032407407407407 0.605078125 0.7064814814814815 0.605078125 0.7074074074074074 0.6061197916666666 0.711574074074074 0.6061197916666666 0.7129629629629629 0.6069010416666667 0.7175925925925926 0.607421875 0.7194444444444444 0.607421875 0.7208333333333333 0.6079427083333333 0.7226851851851852 0.6079427083333333 0.7240740740740741 0.6087239583333334 0.7273148148148149 0.6092447916666667 0.7314814814814815 0.609765625 0.7337962962962963 0.6100260416666666 0.737037037037037 0.6108072916666667 0.7407407407407407 0.6108072916666667 0.7430555555555556 0.6110677083333333 0.7453703703703703 0.612109375 0.7486111111111111 0.6126302083333334 0.7509259259259259 0.612890625 0.7532407407407408 0.613671875 0.7564814814814815 0.6141927083333333 0.7606481481481482 0.6147135416666667 0.7625 0.6149739583333333 0.7657407407407407 0.616015625 0.7703703703703704 0.616015625 0.7717592592592593 0.6165364583333334 0.7736111111111111 0.616796875 0.7768518518518519 0.6178385416666666 0.7814814814814814 0.6180989583333333 0.7856481481481481 0.618359375 0.7861111111111111 0.618359375 0.7888888888888889 0.6186197916666667 0.7893518518518519 0.6186197916666667 0.8041666666666667 0.6188802083333333 0.8046296296296296 0.6188802083333333 0.8263888888888888 0.619140625 0.8268518518518518 0.619140625 0.8601851851851852 0.6194010416666667 0.8606481481481482 0.6194010416666667 0.8726851851851852 0.619140625 0.8731481481481481 0.619140625 0.8782407407407408 0.6188802083333333 0.8787037037037037 0.6188802083333333 0.8810185185185185 0.618359375 0.8842592592592593 0.6166666666666667 0.8872685185185185 0.61484375 0.8886574074074074 0.6130208333333333 0.8891203703703704 0.61171875 0.8900462962962963 0.6104166666666667 0.8905092592592593 0.6091145833333333 0.8905092592592593 0.6088541666666667 0.8909722222222223 0.6072916666666667 0.8909722222222223 0.60703125 0.8914351851851852 0.6033854166666667 0.8914351851851852 0.603125 0.8918981481481482 0.6018229166666667 0.8918981481481482 0.6005208333333333 0.892824074074074 0.59921875 0.893287037037037 0.5973958333333333 0.893287037037037 0.5971354166666667 0.89375 0.5958333333333333 0.89375 0.59453125 0.8946759259259259 0.5927083333333333 0.8951388888888889 0.59140625 0.8960648148148148 0.5901041666666667 0.8960648148148148 0.58984375 0.8965277777777778 0.5885416666666666 0.8965277777777778 0.5859375 0.8974537037037037 0.5848958333333333 0.8983796296296296 0.5833333333333334 0.8983796296296296 0.5830729166666667 0.8988425925925926 0.58125 0.8988425925925926 0.5799479166666667 0.8993055555555556 0.5786458333333333 0.9002314814814815 0.57734375 0.9002314814814815 0.57578125 0.9011574074074075 0.57421875 0.9011574074074075 0.5739583333333333 0.9016203703703703 0.57265625 0.9016203703703703 0.57109375 0.9025462962962963 0.5658854166666667 0.9043981481481481 0.5635416666666667 0.9048611111111111 0.56328125 0.9053240740740741 0.56171875 0.9053240740740741 0.56015625 0.90625 0.5588541666666667 0.90625 0.5572916666666666 0.9071759259259259 0.5559895833333334 0.9071759259259259 0.5546875 0.9081018518518519 0.5536458333333333 0.9081018518518519 0.5520833333333334 0.9090277777777778 0.5505208333333333 0.9090277777777778 0.5489583333333333 0.9099537037037037 0.5453125 0.9108796296296297 0.5450520833333333 0.9113425925925925 0.5424479166666667 0.9122685185185185 0.5408854166666667 0.9136574074074074 0.5401041666666667 0.9136574074074074 0.5390625 0.9145833333333333 0.53671875 0.9155092592592593 0.53515625 0.9164351851851852 0.53359375 0.9164351851851852 0.5333333333333333 0.9168981481481482 0.5317708333333333 0.9168981481481482 0.5315104166666667 0.9173611111111111 0.5296875 0.9173611111111111 0.5294270833333333 0.9178240740740741 0.5276041666666667 0.9178240740740741 0.52734375 0.9182870370370371 0.5255208333333333 0.9182870370370371 0.5252604166666667 0.91875 0.5239583333333333 0.91875 0.5223958333333333 0.919675925925926 0.52109375 0.919675925925926 0.5208333333333334 0.9201388888888888 0.5190104166666667 0.9201388888888888 0.5174479166666667 0.9210648148148148 0.5143229166666666 0.9219907407407407 0.5130208333333334 0.9229166666666667 0.51171875 0.9229166666666667 0.5114583333333333 0.9233796296296296 0.51015625 0.9233796296296296 0.5072916666666667 0.9247685185185185
6 0.21041666666666667 0.1417824074074074 0.22526041666666669 0.2835648148148148 0.2772135416666667 0.0 0.2772135416666667 0.0023148148148148147 0.27890625 0.004398148148148148 0.28020833333333334 0.005324074074074074 0.2813802083333333 0.007407407407407408 0.282421875 0.011574074074074073 0.282421875 0.012962962962962963 0.28294270833333335 0.014351851851851852 0.283203125 0.016666666666666666 0.2852864583333333 0.020370370370370372 0.2858072916666667 0.02175925925925926 0.28658854166666664 0.02546296296296296 0.28736979166666665 0.027314814814814816 0.288671875 0.02962962962962963 0.288671875 0.03009259259259259 0.28997395833333334 0.032407407407407406 0.29075520833333335 0.03518518518518519 0.29127604166666665 0.038425925925925926 0.2928385416666667 0.0412037037037037 0.2936197916666667 0.04351851851851852 0.2936197916666667 0.044444444444444446 0.29440104166666664 0.04675925925925926 0.294921875 0.049074074074074076 0.296484375 0.05416666666666667 0.297265625 0.058333333333333334 0.297265625 0.059722222222222225 0.29908854166666665 0.06712962962962964 0.3001302083333333 0.06944444444444445 0.3014322916666667 0.07453703703703704 0.301953125 0.07777777777777778 0.30247395833333335 0.07916666666666666 0.3048177083333333 0.08333333333333333 0.30559895833333334 0.08518518518518518 0.306640625 0.08935185185185185 0.30768229166666666 0.0912037037037037 0.3092447916666667 0.09490740740740741 0.309765625 0.09722222222222222 0.3123697916666667 0.10555555555555556 0.3123697916666667 0.10648148148148148 0.313671875 0.11018518518518519 0.31471354166666665 0.11527777777777778 0.3157552083333333 0.11851851851851852 0.3162760416666667 0.12175925925925926 0.317578125 0.1259259259259259 0.31809895833333335 0.12824074074074074 0.318359375 0.13194444444444445 0.3196614583333333 0.1375 0.3201822916666667 0.13842592592592592 0.321484375 0.14351851851851852 0.321484375 0.14583333333333334 0.32174479166666664 0.14629629629629629 0.32174479166666664 0.1486111111111111 0.322265625 0.15138888888888888 0.32252604166666665 0.15462962962962962 0.32278645833333336 0.1550925925925926 0.32278645833333336 0.1574074074074074 0.323046875 0.15787037037037038 0.323046875 0.16574074074074074 0.32252604166666665 0.1685185185185185 0.32252604166666665 0.17592592592592593 0.322265625 0.17777777777777778 0.32122395833333334 0.18101851851851852 0.32122395833333334 0.18194444444444444 0.318359375 0.1912037037037037 0.31419270833333335 0.1986111111111111 0.31419270833333335 0.19907407407407407 0.3123697916666667 0.2023148148148148 0.31158854166666666 0.20462962962962963 0.3106770833333333 0.20625 0.30911458333333336 0.2076388888888889 0.30703125 0.2099537037037037 0.30625 0.21041666666666667 0.3046875 0.21319444444444444 0.30442708333333335 0.21319444444444444 0.303125 0.21550925925925926 0.3020833333333333 0.21643518518518517 0.30078125 0.21828703703703703 0.29791666666666666 0.22060185185185185 0.29713541666666665 0.22152777777777777 0.2953125 0.22291666666666668 0.2947916666666667 0.2238425925925926 0.29296875 0.22523148148148148 0.29244791666666664 0.22615740740740742 0.2911458333333333 0.22708333333333333 0.28958333333333336 0.22893518518518519 0.2890625 0.22893518518518519 0.2877604166666667 0.23032407407407407 0.2864583333333333 0.23078703703703704 0.28567708333333336 0.23171296296296295 0.2828125 0.23310185185185187 0.28020833333333334 0.2349537037037037 0.2796875 0.2349537037037037 0.27708333333333335 0.23680555555555555 0.27630208333333334 0.23680555555555555 0.2752604166666667 0.2377314814814815 0.27291666666666664 0.2386574074074074 0.2708333333333333 0.24050925925925926 0.26901041666666664 0.2414351851851852 0.2682291666666667 0.2423611111111111 0.26640625 0.24328703703703702 0.265625 0.24421296296296297 0.26223958333333336 0.24606481481481482 0.26119791666666664 0.24699074074074073 0.2591145833333333 0.24791666666666667 0.2578125 0.2488425925925926 0.2565104166666667 0.2502314814814815 0.25494791666666666 0.25069444444444444 0.25390625 0.2516203703703704 0.25104166666666666 0.25300925925925927 0.24921875 0.25439814814814815 0.24557291666666667 0.25763888888888886 0.24244791666666668 0.2599537037037037 0.23958333333333334 0.26134259259259257 0.23776041666666667 0.26273148148148145 0.23671875 0.26273148148148145 0.23567708333333334 0.2636574074074074 0.23489583333333333 0.2636574074074074 0.23385416666666667 0.26458333333333334 0.23177083333333334 0.2655092592592593 0.22942708333333334 0.26689814814814816 0.228125 0.26828703703703705 0.22369791666666666 0.27199074074074076 0.22291666666666668 0.27199074074074076 0.22109375 0.27337962962962964 0.22005208333333334 0.27337962962962964 0.21588541666666666 0.27569444444444446 0.21484375 0.27662037037037035 0.2140625 0.27662037037037035 0.2125 0.2775462962962963 0.209375 0.2798611111111111 0.20494791666666667 0.28171296296296294 0.20026041666666666 0.28171296296296294 0.2 0.28217592592592594 0.19817708333333334 0.28217592592592594 0.19791666666666666 0.2826388888888889 0.19270833333333334 0.2826388888888889 0.19244791666666666 0.2831018518518518 0.190625 0.2831018518518518 0.19036458333333334 0.2835648148148148 0.18880208333333334 0.2835648148148148 0.18776041666666668 0.2831018518518518 0.18541666666666667 0.28125 0.184375 0.2798611111111111 0.178515625 0.26944444444444443 0.178515625 0.2689814814814815 0.17682291666666666 0.2659722222222222 0.17526041666666667 0.2655092592592593 0.175 0.2650462962962963 0.17135416666666667 0.2650462962962963 0.17109375 0.26458333333333334 0.16822916666666668 0.26458333333333334 0.16796875 0.2641203703703704 0.16666666666666666 0.2641203703703704 0.16640625 0.2636574074074074 0.16510416666666666 0.2636574074074074 0.16354166666666667 0.26273148148148145 0.1625 0.26087962962962963 0.15963541666666667 0.2585648148148148 0.15833333333333333 0.25810185185185186 0.15755208333333334 0.2571759259259259 0.15533854166666666 0.25324074074074077 0.15403645833333332 0.2490740740740741 0.15377604166666667 0.24675925925925926 0.15325520833333334 0.24537037037037038 0.15169270833333334 0.24259259259259258 0.151171875 0.24074074074074073 0.149609375 0.23703703703703705 0.148828125 0.23472222222222222 0.148828125 0.2337962962962963 0.14752604166666666 0.23055555555555557 0.14622395833333332 0.22546296296296298 0.14466145833333333 0.22268518518518518 0.144140625 0.21944444444444444 0.14231770833333332 0.21435185185185185 0.14205729166666667 0.21296296296296297 0.14075520833333333 0.21064814814814814 0.139453125 0.2074074074074074 0.139453125 0.2064814814814815 0.138671875 0.20416666666666666 0.138671875 0.20324074074074075 0.137890625 0.20046296296296295 0.13736979166666666 0.19953703703703704 0.13606770833333334 0.19537037037037036 0.13502604166666668 0.1925925925925926 0.134765625 0.1912037037037037 0.133203125 0.1884259259259259 0.131640625 0.1837962962962963 0.131640625 0.18287037037037038 0.130859375 0.18055555555555555 0.13033854166666667 0.17777777777777778 0.12825520833333334 0.17314814814814813 0.12721354166666668 0.16898148148148148 0.12486979166666666 0.16342592592592592 0.124609375 0.16203703703703703 0.123828125 0.16018518518518518 0.12356770833333333 0.15787037037037038 0.12278645833333333 0.1550925925925926 0.121484375 0.1527777777777778 0.12044270833333333 0.15 0.11888020833333333 0.14305555555555555 0.11705729166666666 0.1398148148148148 0.116015625 0.13657407407407407 0.11575520833333333 0.13425925925925927 0.115234375 0.13194444444444445 0.11393229166666667 0.12777777777777777 0.112890625 0.1259259259259259 0.11184895833333333 0.12222222222222222 0.11106770833333333 0.11851851851851852 0.11002604166666667 0.1162037037037037 0.10924479166666666 0.11388888888888889 0.10716145833333333 0.10694444444444444 0.10690104166666667 0.10324074074074074 0.105859375 0.09907407407407408 0.105078125 0.09722222222222222 0.102734375 0.09305555555555556 0.10169270833333334 0.08981481481481482 0.10065104166666666 0.08425925925925926 0.09856770833333334 0.07731481481481481 0.09778645833333334 0.07222222222222222 0.09778645833333334 0.06759259259259259 0.098046875 0.06712962962962964 0.098046875 0.06435185185185185 0.09856770833333334 0.0625 0.099609375 0.05740740740740741 0.10091145833333333 0.05416666666666667 0.10169270833333334 0.05092592592592592 0.10221354166666667 0.04953703703703704 0.104296875 0.04583333333333333 0.105078125 0.04351851851851852 0.10651041666666666 0.04097222222222222 0.10677083333333333 0.04097222222222222 0.10846354166666666 0.03796296296296296 0.10924479166666666 0.03564814814814815 0.11145833333333334 0.031712962962962964 0.11171875 0.031712962962962964 0.11354166666666667 0.02847222222222222 0.115625 0.026157407407407407 0.11627604166666666 0.024537037037037038 0.11875 0.02013888888888889 0.12057291666666667 0.018287037037037036 0.121875 0.01597222222222222 0.12317708333333334 0.014583333333333334 0.12447916666666667 0.01273148148148148 0.12630208333333334 0.00949074074074074 0.1265625 0.00949074074074074 0.128125 0.006712962962962963 0.12994791666666666 0.004861111111111111 0.13229166666666667 0.003935185185185185 0.13359375 0.0025462962962962965 0.13424479166666667 0.0023148148148148147 0.13424479166666667 0.0
3 0.36054687500000004 0.35578703703703707 0.1671875 0.23518518518518522 0.4080729166666667 0.47337962962962965 0.4036458333333333 0.47337962962962965 0.40234375 0.4724537037037037 0.4005208333333333 0.47199074074074077 0.39947916666666666 0.4710648148148148 0.39765625 0.4706018518518518 0.3966145833333333 0.46967592592592594 0.39427083333333335 0.46967592592592594 0.39401041666666664 0.46921296296296294 0.3924479166666667 0.46921296296296294 0.39010416666666664 0.4673611111111111 0.38645833333333335 0.4664351851851852 0.38307291666666665 0.46458333333333335 0.3807291666666667 0.46412037037037035 0.37838541666666664 0.46273148148148147 0.37734375 0.46273148148148147 0.375 0.4613425925925926 0.37395833333333334 0.46041666666666664 0.37265625 0.4599537037037037 0.37135416666666665 0.4599537037037037 0.37109375 0.45949074074074076 0.36953125 0.45949074074074076 0.36822916666666666 0.45902777777777776 0.36692708333333335 0.45810185185185187 0.36328125 0.45717592592592593 0.3619791666666667 0.45625 0.35963541666666665 0.45578703703703705 0.35833333333333334 0.4548611111111111 0.3575520833333333 0.4548611111111111 0.35625 0.45393518518518516 0.353125 0.4530092592592593 0.3515625 0.45208333333333334 0.34921875 0.4516203703703704 0.34791666666666665 0.45069444444444445 0.34713541666666664 0.45069444444444445 0.3450520833333333 0.44930555555555557 0.34375 0.44930555555555557 0.34348958333333335 0.44884259259259257 0.3419270833333333 0.44884259259259257 0.3416666666666667 0.44837962962962963 0.33984375 0.4479166666666667 0.3380208333333333 0.4465277777777778 0.3372395833333333 0.4465277777777778 0.3359375 0.44560185185185186 0.33359375 0.44513888888888886 0.33229166666666665 0.444212962962963 0.33125 0.444212962962963 0.3299479166666667 0.44328703703703703 0.32864583333333336 0.4428240740740741 0.32734375 0.4428240740740741 0.32578125 0.44189814814814815 0.32473958333333336 0.44189814814814815 0.3234375 0.4409722222222222 0.32265625 0.4409722222222222 0.3216145833333333 0.44004629629629627 0.318359375 0.43425925925925923 0.318359375 0.4337962962962963 0.3170572916666667 0.43148148148148147 0.31549479166666666 0.4273148148148148 0.31497395833333336 0.425 0.3138020833333333 0.42291666666666666 0.31354166666666666 0.42291666666666666 0.3123697916666667 0.42083333333333334 0.31158854166666666 0.41805555555555557 0.31106770833333336 0.41712962962962963 0.31028645833333335 0.41388888888888886 0.309765625 0.4125 0.3079427083333333 0.40879629629629627 0.307421875 0.4064814814814815 0.306640625 0.4041666666666667 0.305078125 0.4009259259259259 0.305078125 0.40046296296296297 0.30325520833333336 0.3958333333333333 0.30325520833333336 0.39537037037037037 0.30169270833333334 0.3925925925925926 0.3009114583333333 0.3902777777777778 0.299609375 0.38796296296296295 0.298828125 0.3861111111111111 0.298046875 0.38333333333333336 0.298046875 0.3824074074074074 0.29596354166666666 0.3768518518518518 0.29440104166666664 0.37407407407407406 0.293359375 0.37083333333333335 0.29205729166666666 0.3685185185185185 0.28997395833333334 0.36342592592592593 0.2889322916666667 0.36157407407407405 0.28763020833333336 0.3574074074074074 0.285546875 0.3523148148148148 0.2845052083333333 0.3486111111111111 0.28372395833333336 0.34675925925925927 0.281640625 0.34305555555555556 0.280078125 0.3388888888888889 0.27955729166666665 0.3365740740740741 0.278515625 0.3337962962962963 0.277734375 0.33240740740740743 0.276953125 0.3300925925925926 0.276953125 0.32592592592592595 0.2772135416666667 0.3236111111111111 0.277734375 0.32175925925925924 0.2828125 0.3127314814814815 0.2830729166666667 0.3127314814814815 0.2852864583333333 0.3087962962962963 0.286328125 0.3060185185185185 0.287890625 0.30324074074074076 0.287890625 0.30277777777777776 0.2890625 0.30069444444444443 0.2903645833333333 0.2988425925925926 0.29140625 0.29791666666666666 0.2928385416666667 0.2953703703703704 0.2936197916666667 0.29305555555555557 0.2953125 0.2900462962962963 0.2955729166666667 0.2900462962962963 0.3006510416666667 0.2810185185185185 0.301953125 0.2773148148148148 0.30442708333333335 0.27291666666666664 0.30546875 0.27152777777777776 0.3072916666666667 0.26967592592592593 0.308203125 0.26805555555555555 0.3087239583333333 0.2662037037037037 0.311328125 0.26157407407407407 0.3126302083333333 0.25787037037037036 0.3171875 0.24976851851851853 0.31744791666666666 0.24976851851851853 0.31861979166666665 0.24768518518518517 0.31861979166666665 0.24722222222222223 0.32005208333333335 0.24421296296296297 0.32135416666666666 0.2423611111111111 0.32395833333333335 0.24050925925925926 0.32447916666666665 0.23958333333333334 0.3263020833333333 0.23819444444444443 0.32760416666666664 0.23819444444444443 0.32786458333333335 0.2386574074074074 0.33098958333333334 0.2386574074074074 0.33125 0.23912037037037037 0.33307291666666666 0.23912037037037037 0.3333333333333333 0.23958333333333334 0.33489583333333334 0.23958333333333334 0.33515625 0.24004629629629629 0.33645833333333336 0.24004629629629629 0.33671875 0.24050925925925926 0.3385416666666667 0.24050925925925926 0.33880208333333334 0.24097222222222223 0.34140625 0.24097222222222223 0.3416666666666667 0.2414351851851852 0.34453125 0.2414351851851852 0.34479166666666666 0.24189814814814814 0.346875 0.24189814814814814 0.34713541666666664 0.2423611111111111 0.3484375 0.2423611111111111 0.34869791666666666 0.24282407407407408 0.35052083333333334 0.24282407407407408 0.35078125 0.24328703703703702 0.3528645833333333 0.24328703703703702 0.353125 0.24375 0.35520833333333335 0.24375 0.35546875 0.24421296296296297 0.3567708333333333 0.24421296296296297 0.35703125 0.24467592592592594 0.36015625 0.24467592592592594 0.36041666666666666 0.24513888888888888 0.3640625 0.24513888888888888 0.36432291666666666 0.24560185185185185 0.36640625 0.24560185185185185 0.36666666666666664 0.24606481481481482 0.36875 0.24606481481481482 0.3690104166666667 0.2465277777777778 0.37083333333333335 0.2465277777777778 0.37109375 0.24699074074074073 0.3729166666666667 0.24699074074074073 0.37421875 0.24791666666666667 0.37552083333333336 0.24837962962962962 0.3768229166666667 0.24837962962962962 0.3770833333333333 0.2488425925925926 0.3802083333333333 0.2488425925925926 0.38046875 0.24930555555555556 0.3828125 0.24976851851851853 0.3841145833333333 0.25069444444444444 0.3859375 0.25069444444444444 0.38619791666666664 0.2511574074074074 0.38828125 0.2511574074074074 0.3885416666666667 0.2516203703703704 0.3919270833333333 0.2516203703703704 0.39479166666666665 0.25300925925925927 0.39609375 0.25300925925925927 0.3963541666666667 0.2534722222222222 0.39791666666666664 0.2534722222222222 0.39817708333333335 0.2539351851851852 0.4002604166666667 0.2539351851851852 0.4005208333333333 0.25439814814814815 0.4046875 0.25439814814814815 0.4049479166666667 0.2548611111111111 0.4078125 0.2548611111111111 0.4080729166666667 0.2553240740740741 0.40963541666666664 0.2553240740740741 0.40989583333333335 0.25578703703703703 0.4114583333333333 0.25578703703703703 0.41171875 0.25625 0.4140625 0.25625 0.41432291666666665 0.256712962962963 0.4158854166666667 0.256712962962963 0.41692708333333334 0.2571759259259259 0.41848958333333336 0.2585648148148148 0.41940104166666664 0.26064814814814813 0.41966145833333335 0.26342592592592595 0.42018229166666665 0.2657407407407407 0.42018229166666665 0.2675925925925926 0.420703125 0.27037037037037037 0.420703125 0.27314814814814814 0.42096354166666666 0.27361111111111114 0.4220052083333333 0.27870370370370373 0.4225260416666667 0.2800925925925926 0.423046875 0.28425925925925927 0.423828125 0.28703703703703703 0.42408854166666665 0.28935185185185186 0.42486979166666666 0.2916666666666667 0.425390625 0.29398148148148145 0.4265625 0.29606481481481484 0.4276041666666667 0.2969907407407407 0.42877604166666666 0.29907407407407405 0.4295572916666667 0.30324074074074076 0.4295572916666667 0.3050925925925926 0.430078125 0.3074074074074074 0.430078125 0.30925925925925923 0.43059895833333334 0.31203703703703706 0.430859375 0.3148148148148148 0.43138020833333335 0.3162037037037037 0.432421875 0.32037037037037036 0.4329427083333333 0.3212962962962963 0.4342447916666667 0.3263888888888889 0.434765625 0.32916666666666666 0.435546875 0.3347222222222222 0.43606770833333336 0.33611111111111114 0.4368489583333333 0.34120370370370373 0.437890625 0.34629629629629627 0.439453125 0.35185185185185186 0.43997395833333336 0.35324074074074074 0.4407552083333333 0.3578703703703704 0.4407552083333333 0.3597222222222222 0.4415364583333333 0.3638888888888889 0.4420572916666667 0.36574074074074076 0.442578125 0.3699074074074074 0.443359375 0.37407407407407406 0.44388020833333336 0.37546296296296294 0.444140625 0.3773148148148148 0.444140625 0.38287037037037036 0.44361979166666665 0.38564814814814813 0.442578125 0.3875 0.4420572916666667 0.38935185185185184 0.4412760416666667 0.3907407407407407 0.441015625 0.3921296296296296 0.43919270833333335 0.3962962962962963 0.43919270833333335 0.39675925925925926 0.437890625 0.3990740740740741 0.437109375 0.4013888888888889 0.43528645833333335 0.40555555555555556 0.43502604166666664 0.40694444444444444 0.433984375 0.40925925925925927 0.433203125 0.4115740740740741 0.43111979166666664 0.4162037037037037 0.43111979166666664 0.4166666666666667 0.4298177083333333 0.41944444444444445 0.4290364583333333 0.42268518518518516 0.42799479166666665 0.425462962962963 0.42486979166666666 0.4310185185185185 0.423828125 0.43333333333333335 0.42330729166666664 0.4351851851851852 0.42278645833333334 0.4388888888888889 0.42096354166666666 0.4439814814814815 0.42096354166666666 0.4444444444444444 0.41940104166666664 0.44814814814814813 0.41888020833333334 0.45046296296296295 0.418359375 0.4513888888888889 0.4178385416666667 0.4537037037037037 0.41549479166666664 0.4587962962962963 0.414453125 0.4625 0.4139322916666667 0.4634259259259259 0.412890625 0.4666666666666667 0.41015625 0.47152777777777777 0.4080729166666667 0.47337962962962965
2 0.48164062500000004 0.6152777777777778 0.03437499999999999 0.06342592592592589 0.48333333333333334 0.6469907407407407 0.4786458333333333 0.6469907407407407 0.47734375 0.6465277777777778 0.47578125 0.6451388888888889 0.4747395833333333 0.6446759259259259 0.4734375 0.643287037037037 0.47265625 0.6418981481481482 0.47161458333333334 0.6409722222222223 0.47018229166666664 0.638425925925926 0.46966145833333334 0.6370370370370371 0.46783854166666666 0.6300925925925925 0.46627604166666664 0.625 0.46575520833333334 0.6226851851851852 0.4649739583333333 0.6171296296296296 0.4647135416666667 0.6166666666666667 0.4647135416666667 0.6138888888888889 0.464453125 0.6134259259259259 0.4647135416666667 0.611574074074074 0.4647135416666667 0.6064814814814815 0.465234375 0.6050925925925926 0.4654947916666667 0.6027777777777777 0.466015625 0.6013888888888889 0.466796875 0.5981481481481481 0.46731770833333336 0.5967592592592592 0.4713541666666667 0.5895833333333333 0.47291666666666665 0.5881944444444445 0.4734375 0.5872685185185185 0.475 0.5863425925925926 0.47578125 0.5854166666666667 0.4786458333333333 0.5844907407407407 0.47890625 0.5840277777777778 0.48046875 0.5840277777777778 0.48072916666666665 0.5835648148148148 0.48359375 0.5835648148148148 0.48385416666666664 0.5840277777777778 0.48541666666666666 0.5840277777777778 0.4856770833333333 0.5844907407407407 0.48854166666666665 0.5858796296296296 0.48984375 0.5877314814814815 0.490625 0.5881944444444445 0.49361979166666664 0.5935185185185186 0.49440104166666665 0.5962962962962963 0.494921875 0.5972222222222222 0.4954427083333333 0.5995370370370371 0.496484375 0.6027777777777777 0.496484375 0.6037037037037037 0.49752604166666664 0.6069444444444444 0.49752604166666664 0.6078703703703704 0.49830729166666665 0.612037037037037 0.49856770833333336 0.6125 0.49856770833333336 0.6148148148148148 0.498828125 0.6152777777777778 0.498828125 0.6222222222222222 0.49856770833333336 0.624537037037037 0.498046875 0.6259259259259259 0.49752604166666664 0.6291666666666667 0.4959635416666667 0.6342592592592593 0.49375 0.6381944444444444 0.49140625 0.6409722222222223 0.490625 0.6423611111111112 0.48932291666666666 0.643287037037037 0.48802083333333335 0.6446759259259259 0.4875 0.6446759259259259 0.4859375 0.6460648148148148 0.48489583333333336 0.6465277777777778 0.48359375 0.6465277777777778 0.48333333333333334 0.6469907407407407
2 0.5264322916666666 0.6743055555555555 0.03593750000000007 0.06944444444444453 0.5294270833333333 0.7090277777777778 0.52421875 0.7090277777777778 0.5229166666666667 0.7081018518518518 0.52109375 0.7076388888888889 0.5171875 0.7039351851851852 0.5158854166666667 0.7020833333333333 0.513671875 0.6981481481481482 0.512109375 0.6939814814814815 0.512109375 0.6930555555555555 0.511328125 0.6907407407407408 0.510546875 0.6856481481481481 0.5100260416666667 0.6842592592592592 0.5095052083333333 0.6814814814814815 0.508984375 0.6768518518518518 0.5087239583333333 0.6763888888888889 0.5087239583333333 0.6726851851851852 0.5084635416666666 0.6722222222222223 0.5084635416666666 0.6680555555555555 0.5087239583333333 0.6675925925925926 0.5087239583333333 0.6643518518518519 0.508984375 0.6638888888888889 0.508984375 0.6615740740740741 0.509765625 0.6587962962962963 0.509765625 0.6574074074074074 0.5102864583333333 0.6555555555555556 0.5123697916666666 0.6518518518518519 0.5123697916666666 0.6513888888888889 0.5135416666666667 0.6493055555555556 0.5169270833333334 0.6446759259259259 0.5182291666666666 0.643287037037037 0.51875 0.643287037037037 0.5197916666666667 0.6418981481481482 0.5221354166666666 0.6405092592592593 0.5234375 0.6400462962962963 0.5247395833333334 0.6400462962962963 0.525 0.6395833333333333 0.5268229166666667 0.6395833333333333 0.5270833333333333 0.6400462962962963 0.5291666666666667 0.6400462962962963 0.53046875 0.6414351851851852 0.5333333333333333 0.642824074074074 0.5354166666666667 0.6446759259259259 0.5397135416666666 0.6523148148148148 0.5407552083333333 0.6564814814814814 0.5415364583333333 0.6587962962962963 0.5428385416666667 0.6657407407407407 0.5428385416666667 0.6671296296296296 0.5436197916666666 0.6703703703703704 0.5436197916666666 0.6722222222222223 0.544140625 0.674537037037037 0.544140625 0.6773148148148148 0.5444010416666667 0.6777777777777778 0.5444010416666667 0.6833333333333333 0.544140625 0.6837962962962963 0.544140625 0.6861111111111111 0.5438802083333333 0.6865740740740741 0.543359375 0.6907407407407408 0.542578125 0.6935185185185185 0.5415364583333333 0.6962962962962963 0.5372395833333333 0.7039351851851852 0.5338541666666666 0.7067129629629629 0.5307291666666667 0.7081018518518518 0.5294270833333333 0.7090277777777778
2 0.4920572916666667 0.7692129629629629 0.0390625 0.07777777777777783 0.4979166666666667 0.8081018518518519 0.49375 0.8081018518518519 0.4921875 0.8071759259259259 0.4908854166666667 0.8071759259259259 0.4895833333333333 0.8067129629629629 0.48802083333333335 0.805324074074074 0.48671875 0.8048611111111111 0.4817708333333333 0.8002314814814815 0.47955729166666666 0.7962962962962963 0.477734375 0.7912037037037037 0.4772135416666667 0.7888888888888889 0.476171875 0.7861111111111111 0.47565104166666666 0.7837962962962963 0.474609375 0.7810185185185186 0.47408854166666664 0.7787037037037037 0.473828125 0.7763888888888889 0.4733072916666667 0.775 0.4733072916666667 0.7736111111111111 0.4727864583333333 0.7712962962962963 0.4727864583333333 0.7689814814814815 0.4725260416666667 0.7685185185185185 0.4725260416666667 0.7597222222222222 0.4727864583333333 0.7578703703703704 0.47356770833333334 0.7546296296296297 0.473828125 0.7523148148148148 0.47513020833333336 0.7476851851851852 0.476171875 0.7449074074074075 0.476953125 0.7435185185185185 0.477734375 0.7412037037037037 0.47890625 0.7391203703703704 0.48098958333333336 0.7368055555555556 0.4817708333333333 0.7354166666666667 0.48333333333333334 0.7340277777777777 0.48463541666666665 0.7335648148148148 0.4859375 0.732175925925926 0.4875 0.731712962962963 0.48854166666666665 0.7307870370370371 0.48984375 0.7303240740740741 0.49166666666666664 0.7303240740740741 0.49192708333333335 0.7307870370370371 0.4942708333333333 0.7307870370370371 0.49453125 0.73125 0.49635416666666665 0.731712962962963 0.49947916666666664 0.7335648148148148 0.5013020833333334 0.7354166666666667 0.5028645833333333 0.7381944444444445 0.503125 0.7381944444444445 0.5045572916666666 0.7407407407407407 0.5084635416666666 0.7518518518518519 0.508984375 0.7541666666666667 0.509765625 0.7564814814814815 0.5108072916666667 0.7611111111111111 0.5108072916666667 0.7625 0.511328125 0.7648148148148148 0.511328125 0.7671296296296296 0.5115885416666667 0.7675925925925926 0.5115885416666667 0.774074074074074 0.511328125 0.774537037037037 0.511328125 0.7768518518518519 0.5110677083333334 0.7791666666666667 0.510546875 0.7814814814814814 0.5100260416666667 0.7856481481481481 0.5084635416666666 0.7921296296296296 0.506640625 0.7958333333333333 0.5063802083333333 0.7972222222222223 0.5049479166666667 0.8002314814814815 0.5036458333333333 0.8016203703703704 0.5015625 0.805324074074074 0.50078125 0.805787037037037 0.49895833333333334 0.8076388888888889 0.4979166666666667 0.8081018518518519
2 0.5649739583333333 0.6585648148148149 0.03541666666666665 0.0703703703703703 0.5653645833333333 0.69375 0.56328125 0.69375 0.5630208333333333 0.6932870370370371 0.5609375 0.6932870370370371 0.56015625 0.6928240740740741 0.5552083333333333 0.6881944444444444 0.5524739583333333 0.6833333333333333 0.5514322916666666 0.6810185185185185 0.5506510416666667 0.6782407407407407 0.5501302083333334 0.6773148148148148 0.549609375 0.6736111111111112 0.548828125 0.6703703703703704 0.5485677083333333 0.6666666666666666 0.5483072916666667 0.6662037037037037 0.548046875 0.662962962962963 0.5475260416666666 0.6606481481481481 0.547265625 0.6583333333333333 0.547265625 0.649074074074074 0.5475260416666666 0.6467592592592593 0.5483072916666667 0.6421296296296296 0.548828125 0.6407407407407407 0.5501302083333334 0.6361111111111111 0.5509114583333333 0.6342592592592593 0.5526041666666667 0.63125 0.5541666666666667 0.6298611111111111 0.55546875 0.6280092592592592 0.5572916666666666 0.6266203703703703 0.55859375 0.6252314814814814 0.5609375 0.6238425925925926 0.5627604166666667 0.6238425925925926 0.5630208333333333 0.6233796296296297 0.5651041666666666 0.6233796296296297 0.5653645833333333 0.6238425925925926 0.5669270833333333 0.6238425925925926 0.5682291666666667 0.6243055555555556 0.5697916666666667 0.6256944444444444 0.5703125 0.6256944444444444 0.5734375 0.6280092592592592 0.5752604166666667 0.6307870370370371 0.5755208333333334 0.6307870370370371 0.578515625 0.6361111111111111 0.5787760416666666 0.6375 0.580078125 0.6412037037037037 0.580859375 0.6439814814814815 0.5811197916666667 0.6462962962962963 0.5819010416666667 0.65 0.5819010416666667 0.6523148148148148 0.582421875 0.6550925925925926 0.582421875 0.6578703703703703 0.5826822916666666 0.6583333333333333 0.5826822916666666 0.6708333333333333 0.582421875 0.6712962962962963 0.5819010416666667 0.675 0.580859375 0.6787037037037037 0.5795572916666667 0.6819444444444445 0.5765625 0.6872685185185186 0.5755208333333334 0.6886574074074074 0.5736979166666667 0.6900462962962963 0.5729166666666666 0.6909722222222222 0.5692708333333333 0.6928240740740741 0.56796875 0.6928240740740741 0.5677083333333334 0.6932870370370371 0.565625 0.6932870370370371 0.5653645833333333 0.69375
1 0.5565104166666667 0.5962962962962963 0.030468750000000044 0.05601851851851847 0.5559895833333334 0.6243055555555556 0.5557291666666667 0.6238425925925926 0.55390625 0.6238425925925926 0.5528645833333333 0.6233796296296297 0.5513020833333333 0.6219907407407408 0.5481770833333334 0.6201388888888889 0.546875 0.617824074074074 0.5466145833333333 0.617824074074074 0.5446614583333333 0.6134259259259259 0.543359375 0.6097222222222223 0.543359375 0.6087962962962963 0.5423177083333334 0.6027777777777777 0.541796875 0.600925925925926 0.5415364583333333 0.5986111111111111 0.5415364583333333 0.5962962962962963 0.5412760416666667 0.5958333333333333 0.5412760416666667 0.5893518518518519 0.5415364583333333 0.5888888888888889 0.5415364583333333 0.5861111111111111 0.5423177083333334 0.5833333333333334 0.5423177083333334 0.5824074074074074 0.5430989583333333 0.5800925925925926 0.5444010416666667 0.5777777777777777 0.5444010416666667 0.5773148148148148 0.54609375 0.5743055555555555 0.5484375 0.5715277777777777 0.55 0.5701388888888889 0.5505208333333333 0.5701388888888889 0.5520833333333334 0.56875 0.5533854166666666 0.56875 0.5536458333333333 0.5682870370370371 0.5596354166666667 0.5682870370370371 0.5609375 0.56875 0.5630208333333333 0.5706018518518519 0.5645833333333333 0.5715277777777777 0.5651041666666666 0.5724537037037037 0.56640625 0.5733796296296296 0.568359375 0.5768518518518518 0.569921875 0.5810185185185185 0.5709635416666666 0.5851851851851851 0.5712239583333333 0.5875 0.5712239583333333 0.5898148148148148 0.571484375 0.5902777777777778 0.571484375 0.5925925925925926 0.5717447916666667 0.5930555555555556 0.5717447916666667 0.6027777777777777 0.571484375 0.6032407407407407 0.571484375 0.6055555555555555 0.5712239583333333 0.6078703703703704 0.5694010416666667 0.6134259259259259 0.5671875 0.6168981481481481 0.5669270833333333 0.6168981481481481 0.5643229166666667 0.6206018518518519 0.56328125 0.6210648148148148 0.56171875 0.6224537037037037 0.5606770833333333 0.6229166666666667 0.559375 0.6229166666666667 0.5578125 0.6238425925925926 0.55625 0.6238425925925926 0.5559895833333334 0.6243055555555556
1 0.48880208333333336 0.6949074074074074 0.03255208333333337 0.06064814814814823 0.48984375 0.7252314814814815 0.48880208333333336 0.7247685185185185 0.48671875 0.7247685185185185 0.48541666666666666 0.7243055555555555 0.48463541666666665 0.7233796296296297 0.4825520833333333 0.7224537037037037 0.48151041666666666 0.7215277777777778 0.4791666666666667 0.71875 0.47747395833333334 0.7157407407407408 0.47747395833333334 0.7152777777777778 0.476171875 0.7125 0.47565104166666666 0.7101851851851851 0.47513020833333336 0.7092592592592593 0.473828125 0.7046296296296296 0.47356770833333334 0.7023148148148148 0.4727864583333333 0.6995370370370371 0.4725260416666667 0.6976851851851852 0.4725260416666667 0.6893518518518519 0.4727864583333333 0.687037037037037 0.473828125 0.6814814814814815 0.47434895833333335 0.6805555555555556 0.475390625 0.6768518518518518 0.4766927083333333 0.674537037037037 0.4766927083333333 0.674074074074074 0.4786458333333333 0.6706018518518518 0.48020833333333335 0.66875 0.48151041666666666 0.6678240740740741 0.4828125 0.6664351851851852 0.484375 0.6659722222222222 0.4856770833333333 0.6650462962962963 0.48723958333333334 0.6650462962962963 0.4875 0.6645833333333333 0.49114583333333334 0.6645833333333333 0.49140625 0.6650462962962963 0.49296875 0.6650462962962963 0.4940104166666667 0.6655092592592593 0.49583333333333335 0.6668981481481482 0.49635416666666665 0.6678240740740741 0.4979166666666667 0.669212962962963 0.499609375 0.6722222222222223 0.499609375 0.6726851851851852 0.5009114583333333 0.6754629629629629 0.501953125 0.6796296296296296 0.5024739583333333 0.6810185185185185 0.503515625 0.6861111111111111 0.5037760416666667 0.6884259259259259 0.504296875 0.6898148148148148 0.5045572916666666 0.6935185185185185 0.5048177083333333 0.6939814814814815 0.5048177083333333 0.6962962962962963 0.505078125 0.6967592592592593 0.505078125 0.6995370370370371 0.5048177083333333 0.7 0.5048177083333333 0.7037037037037037 0.504296875 0.7064814814814815 0.5037760416666667 0.7074074074074074 0.5032552083333334 0.7097222222222223 0.5009114583333333 0.7148148148148148 0.5009114583333333 0.7152777777777778 0.49947916666666664 0.7178240740740741 0.4981770833333333 0.719212962962963 0.49505208333333334 0.7219907407407408 0.4942708333333333 0.7229166666666667 0.4901041666666667 0.7247685185185185 0.48984375 0.7252314814814815
1 0.5358072916666666 0.7608796296296296 0.03489583333333335 0.06759259259259265 0.5388020833333333 0.794675925925926 0.5338541666666666 0.794675925925926 0.5325520833333334 0.794212962962963 0.5307291666666667 0.7928240740740741 0.5302083333333333 0.7928240740740741 0.5286458333333334 0.7914351851851852 0.52734375 0.7895833333333333 0.52578125 0.7881944444444444 0.524609375 0.7861111111111111 0.5240885416666666 0.7842592592592592 0.5233072916666667 0.7828703703703703 0.522265625 0.7800925925925926 0.5212239583333333 0.7754629629629629 0.5204427083333333 0.7731481481481481 0.5201822916666666 0.7708333333333334 0.5196614583333333 0.7694444444444445 0.5194010416666667 0.7666666666666667 0.5188802083333334 0.7648148148148148 0.5188802083333334 0.762962962962963 0.518359375 0.7606481481481482 0.518359375 0.7527777777777778 0.5186197916666667 0.7523148148148148 0.5188802083333334 0.7490740740740741 0.519140625 0.7486111111111111 0.5194010416666667 0.7458333333333333 0.5217447916666667 0.7384259259259259 0.525 0.7326388888888888 0.52578125 0.731712962962963 0.5276041666666667 0.7303240740740741 0.5286458333333334 0.7289351851851852 0.5302083333333333 0.7280092592592593 0.53125 0.7280092592592593 0.5325520833333334 0.7270833333333333 0.5375 0.7270833333333333 0.5416666666666666 0.7289351851851852 0.54375 0.7307870370370371 0.5455729166666666 0.7331018518518518 0.5485677083333333 0.7384259259259259 0.5493489583333333 0.7407407407407407 0.5501302083333334 0.7439814814814815 0.551171875 0.7472222222222222 0.551171875 0.7486111111111111 0.5522135416666667 0.7532407407407408 0.5529947916666667 0.7587962962962963 0.5529947916666667 0.7615740740740741 0.5532552083333333 0.7620370370370371 0.5532552083333333 0.7689814814814815 0.5529947916666667 0.7694444444444445 0.5529947916666667 0.7717592592592593 0.552734375 0.7722222222222223 0.5524739583333333 0.7754629629629629 0.5514322916666666 0.7791666666666667 0.5506510416666667 0.7810185185185186 0.5493489583333333 0.7833333333333333 0.5485677083333333 0.7856481481481481 0.5471354166666667 0.7881944444444444 0.5442708333333334 0.7914351851851852 0.5427083333333333 0.7923611111111111 0.54140625 0.79375 0.5403645833333334 0.794212962962963 0.5390625 0.794212962962963 0.5388020833333333 0.794675925925926
2 0.7627604166666666 0.5513888888888889 0.04192708333333328 0.06620370370370365 0.76640625 0.5844907407407407 0.7609375 0.5844907407407407 0.7606770833333333 0.5840277777777778 0.759375 0.5840277777777778 0.7583333333333333 0.5831018518518518 0.7575520833333333 0.5831018518518518 0.7559895833333333 0.5817129629629629 0.7546875 0.58125 0.7518229166666667 0.5784722222222223 0.7513020833333334 0.5784722222222223 0.74921875 0.5761574074074074 0.7463541666666667 0.5710648148148149 0.74609375 0.5710648148148149 0.743359375 0.5662037037037037 0.742578125 0.562037037037037 0.741796875 0.5592592592592592 0.741796875 0.5523148148148148 0.7428385416666666 0.5486111111111112 0.7428385416666666 0.5476851851851852 0.7436197916666667 0.5453703703703704 0.7438802083333333 0.5435185185185185 0.7444010416666667 0.5425925925925926 0.745703125 0.5375 0.7459635416666667 0.5342592592592592 0.7470052083333333 0.5300925925925926 0.7494791666666667 0.5256944444444445 0.7505208333333333 0.5243055555555556 0.75234375 0.5224537037037037 0.753125 0.5224537037037037 0.7541666666666667 0.5215277777777778 0.7549479166666667 0.5215277777777778 0.7557291666666667 0.5206018518518518 0.7588541666666667 0.51875 0.7658854166666667 0.51875 0.7669270833333334 0.518287037037037 0.7697916666666667 0.5196759259259259 0.77109375 0.5210648148148148 0.7716145833333333 0.5210648148148148 0.7739583333333333 0.5233796296296296 0.775 0.5238425925925926 0.77578125 0.5252314814814815 0.7770833333333333 0.5266203703703703 0.7813802083333333 0.5342592592592592 0.7826822916666667 0.5375 0.783203125 0.5398148148148149 0.783203125 0.5412037037037037 0.7837239583333333 0.5430555555555555 0.7837239583333333 0.5532407407407407 0.783203125 0.5550925925925926 0.7826822916666667 0.5583333333333333 0.7811197916666667 0.5634259259259259 0.780078125 0.5689814814814815 0.779296875 0.5712962962962963 0.7787760416666667 0.5736111111111111 0.7763020833333333 0.5780092592592593 0.7747395833333334 0.5798611111111112 0.7734375 0.580787037037037 0.76875 0.5835648148148148 0.76640625 0.5844907407407407
2 0.86328125 0.4175925925925926 0.04401041666666661 0.06157407407407406 0.8651041666666667 0.44837962962962963 0.8643229166666667 0.4479166666666667 0.8614583333333333 0.4479166666666667 0.8611979166666667 0.4474537037037037 0.8596354166666667 0.4474537037037037 0.859375 0.44699074074074074 0.8580729166666666 0.44699074074074074 0.85390625 0.44513888888888886 0.8526041666666667 0.444212962962963 0.85078125 0.4423611111111111 0.8502604166666666 0.4423611111111111 0.8463541666666666 0.4386574074074074 0.842578125 0.43194444444444446 0.841796875 0.42962962962962964 0.8412760416666667 0.4263888888888889 0.8412760416666667 0.42268518518518516 0.8415364583333333 0.4222222222222222 0.8415364583333333 0.4185185185185185 0.8420572916666667 0.4166666666666667 0.8430989583333334 0.4115740740740741 0.8436197916666667 0.41064814814814815 0.844921875 0.4046296296296296 0.8454427083333333 0.40370370370370373 0.8467447916666667 0.39861111111111114 0.8475260416666667 0.39675925925925926 0.8489583333333334 0.394212962962963 0.8526041666666667 0.3905092592592593 0.8546875 0.38958333333333334 0.85546875 0.3886574074074074 0.8578125 0.3872685185185185 0.86015625 0.3872685185185185 0.8604166666666667 0.38680555555555557 0.8661458333333333 0.38680555555555557 0.86640625 0.3872685185185185 0.8682291666666667 0.3872685185185185 0.86953125 0.38773148148148145 0.8721354166666667 0.38958333333333334 0.8747395833333333 0.3909722222222222 0.8755208333333333 0.3909722222222222 0.8768229166666667 0.39189814814814816 0.8791666666666667 0.394212962962963 0.88203125 0.39791666666666664 0.8837239583333333 0.4009259259259259 0.8837239583333333 0.4013888888888889 0.8850260416666667 0.4050925925925926 0.8852864583333333 0.4064814814814815 0.8852864583333333 0.41388888888888886 0.884765625 0.4166666666666667 0.8837239583333333 0.4203703703703704 0.8834635416666666 0.4222222222222222 0.8821614583333334 0.4263888888888889 0.8819010416666667 0.42777777777777776 0.8805989583333333 0.43194444444444446 0.8805989583333333 0.43287037037037035 0.8795572916666666 0.4361111111111111 0.8787760416666667 0.43796296296296294 0.8776041666666666 0.44004629629629627 0.87578125 0.4423611111111111 0.8744791666666667 0.44328703703703703 0.8734375 0.4446759259259259 0.8721354166666667 0.44560185185185186 0.8700520833333333 0.4465277777777778 0.8690104166666667 0.4474537037037037 0.8677083333333333 0.4474537037037037 0.8674479166666667 0.4479166666666667 0.8653645833333333 0.4479166666666667 0.8651041666666667 0.44837962962962963
2 0.9040364583333333 0.4946759259259259 0.04791666666666661 0.03333333333333338 0.8856770833333333 0.5113425925925926 0.8809895833333333 0.5113425925925926 0.880078125 0.5092592592592593 0.8811197916666667 0.5046296296296297 0.8811197916666667 0.5037037037037037 0.882421875 0.500462962962963 0.8834635416666666 0.4986111111111111 0.883984375 0.49675925925925923 0.886328125 0.49166666666666664 0.8876302083333333 0.487962962962963 0.8895833333333333 0.4844907407407407 0.89140625 0.4826388888888889 0.8942708333333333 0.480787037037037 0.8950520833333333 0.480787037037037 0.89609375 0.4798611111111111 0.8979166666666667 0.47939814814814813 0.8997395833333334 0.47800925925925924 0.9020833333333333 0.47800925925925924 0.90234375 0.47847222222222224 0.9057291666666667 0.47847222222222224 0.9059895833333333 0.4789351851851852 0.90859375 0.4789351851851852 0.91015625 0.4798611111111111 0.9114583333333334 0.4798611111111111 0.9135416666666667 0.48125 0.9143229166666667 0.48125 0.91796875 0.48356481481481484 0.9208333333333333 0.4858796296296296 0.9221354166666667 0.48726851851851855 0.9244791666666666 0.49050925925925926 0.9247395833333333 0.49050925925925926 0.927734375 0.49583333333333335 0.9279947916666667 0.49722222222222223 0.9274739583333333 0.49953703703703706 0.9268229166666667 0.5006944444444444 0.9255208333333333 0.5016203703703703 0.9239583333333333 0.5016203703703703 0.9236979166666667 0.5020833333333333 0.9216145833333333 0.5020833333333333 0.9213541666666667 0.5025462962962963 0.9192708333333334 0.5025462962962963 0.9190104166666667 0.5030092592592592 0.9171875 0.5030092592592592 0.9169270833333333 0.5034722222222222 0.915625 0.5034722222222222 0.9153645833333334 0.5039351851851852 0.9138020833333333 0.5039351851851852 0.9135416666666667 0.5043981481481481 0.91171875 0.5043981481481481 0.9114583333333334 0.5048611111111111 0.9098958333333333 0.5048611111111111 0.9096354166666667 0.5053240740740741 0.9080729166666667 0.5053240740740741 0.9078125 0.5057870370370371 0.90625 0.5057870370370371 0.9059895833333333 0.50625 0.9041666666666667 0.50625 0.90390625 0.506712962962963 0.9020833333333333 0.506712962962963 0.9018229166666667 0.507175925925926 0.9002604166666667 0.507175925925926 0.9 0.5076388888888889 0.8986979166666667 0.5076388888888889 0.8984375 0.5081018518518519 0.8971354166666666 0.5081018518518519 0.896875 0.5085648148148149 0.8953125 0.5085648148148149 0.8950520833333333 0.5090277777777777 0.89375 0.5090277777777777 0.8934895833333333 0.5094907407407407 0.8916666666666667 0.5094907407407407 0.89140625 0.5099537037037037 0.8890625 0.5099537037037037 0.8888020833333333 0.5104166666666666 0.8875 0.5104166666666666 0.8872395833333333 0.5108796296296296 0.8859375 0.5108796296296296 0.8856770833333333 0.5113425925925926
11 0.8323567708333333 0.7043981481481482 0.33476562500000007 0.586111111111111 0.9997395833333333 0.9960648148148148 0.9963541666666667 0.9960648148148148 0.99609375 0.9965277777777778 0.9921875 0.9965277777777778 0.9919270833333333 0.9960648148148148 0.9604166666666667 0.9960648148148148 0.96015625 0.9956018518518519 0.95703125 0.9956018518518519 0.9567708333333333 0.9960648148148148 0.9328125 0.9960648148148148 0.9325520833333333 0.9965277777777778 0.93046875 0.9965277777777778 0.9302083333333333 0.9960648148148148 0.8963541666666667 0.9960648148148148 0.89609375 0.9956018518518519 0.8901041666666667 0.9956018518518519 0.8897135416666667 0.9930555555555556 0.8895833333333333 0.9900462962962963 0.88671875 0.9900462962962963 0.886328125 0.9916666666666667 0.886328125 0.9935185185185185 0.8856770833333333 0.9956018518518519 0.8791666666666667 0.9956018518518519 0.8778645833333333 0.9942129629629629 0.8765625 0.9942129629629629 0.8752604166666667 0.9956018518518519 0.8684895833333334 0.9956018518518519 0.86640625 0.9969907407407408 0.8651041666666667 0.9969907407407408 0.86484375 0.9974537037037037 0.8609375 0.9974537037037037 0.8606770833333334 0.9969907407407408 0.859375 0.9969907407407408 0.8578125 0.9960648148148148 0.8247395833333333 0.9960648148148148 0.8236979166666667 0.9956018518518519 0.8209635416666666 0.9907407407407407 0.819921875 0.987037037037037 0.8196614583333334 0.9837962962962963 0.819140625 0.9814814814814815 0.819140625 0.9796296296296296 0.8186197916666667 0.9773148148148149 0.8186197916666667 0.975925925925926 0.8178385416666667 0.9731481481481481 0.8173177083333333 0.9722222222222222 0.816796875 0.9699074074074074 0.8154947916666667 0.9657407407407408 0.8149739583333333 0.9634259259259259 0.8141927083333333 0.9583333333333334 0.8131510416666666 0.9550925925925926 0.8118489583333334 0.9486111111111111 0.811328125 0.9444444444444444 0.8087239583333333 0.9356481481481481 0.808203125 0.9342592592592592 0.8079427083333334 0.9319444444444445 0.807421875 0.9296296296296296 0.806640625 0.9277777777777778 0.8061197916666667 0.9254629629629629 0.8053385416666666 0.9231481481481482 0.8048177083333333 0.9208333333333333 0.804296875 0.9171296296296296 0.8037760416666667 0.9157407407407407 0.8029947916666667 0.9115740740740741 0.801953125 0.9092592592592592 0.8009114583333333 0.9046296296296297 0.800390625 0.9032407407407408 0.7998697916666667 0.899074074074074 0.798828125 0.8958333333333334 0.7977864583333333 0.8912037037037037 0.797265625 0.8898148148148148 0.7962239583333334 0.8851851851851852 0.795703125 0.8837962962962963 0.7951822916666667 0.8800925925925925 0.794140625 0.8763888888888889 0.794140625 0.875462962962963 0.7930989583333333 0.8712962962962963 0.7928385416666667 0.8689814814814815 0.7923177083333334 0.8675925925925926 0.7899739583333333 0.8592592592592593 0.7899739583333333 0.8583333333333333 0.7889322916666667 0.8550925925925926 0.7884114583333334 0.8527777777777777 0.7881510416666667 0.850462962962963 0.787109375 0.8458333333333333 0.785546875 0.8416666666666667 0.7833333333333333 0.8377314814814815 0.7822916666666667 0.8377314814814815 0.78125 0.8386574074074075 0.77890625 0.8395833333333333 0.7770833333333333 0.8395833333333333 0.7768229166666667 0.8400462962962963 0.7744791666666667 0.8400462962962963 0.77421875 0.8405092592592592 0.7721354166666666 0.8405092592592592 0.771875 0.8409722222222222 0.7697916666666667 0.8409722222222222 0.76953125 0.8414351851851852 0.7630208333333334 0.8414351851851852 0.7627604166666667 0.8418981481481481 0.7596354166666667 0.8418981481481481 0.759375 0.8423611111111111 0.7559895833333333 0.8423611111111111 0.7557291666666667 0.8428240740740741 0.7520833333333333 0.8428240740740741 0.75078125 0.843287037037037 0.74765625 0.8451388888888889 0.7458333333333333 0.8451388888888889 0.7455729166666667 0.8456018518518519 0.7442708333333333 0.8456018518518519 0.74296875 0.8469907407407408 0.7420572916666667 0.8486111111111111 0.7415364583333334 0.850462962962963 0.7415364583333334 0.8564814814814815 0.741796875 0.8583333333333333 0.7423177083333333 0.8597222222222223 0.7423177083333333 0.8611111111111112 0.7428385416666666 0.8634259259259259 0.7428385416666666 0.8652777777777778 0.743359375 0.8675925925925926 0.743359375 0.8694444444444445 0.7444010416666667 0.875 0.7451822916666667 0.8763888888888889 0.7459635416666667 0.8791666666666667 0.746484375 0.8847222222222222 0.7483072916666667 0.8916666666666667 0.748828125 0.8925925925925926 0.749609375 0.8958333333333334 0.749609375 0.8972222222222223 0.7501302083333333 0.899074074074074 0.751171875 0.9055555555555556 0.751171875 0.9120370370370371 0.7526041666666666 0.9150462962962963 0.7536458333333333 0.9155092592592593 0.754296875 0.9166666666666666 0.7548177083333333 0.9185185185185185 0.755078125 0.9222222222222223 0.7555989583333333 0.924074074074074 0.7555989583333333 0.9259259259259259 0.7561197916666667 0.9287037037037037 0.7569010416666667 0.9310185185185185 0.758203125 0.937962962962963 0.758203125 0.9393518518518519 0.7587239583333333 0.9412037037037037 0.758984375 0.9435185185185185 0.7595052083333333 0.9449074074074074 0.7602864583333333 0.9490740740740741 0.760546875 0.9513888888888888 0.760546875 0.9537037037037037 0.7618489583333333 0.9578703703703704 0.7623697916666666 0.9601851851851851 0.7623697916666666 0.961574074074074 0.762890625 0.9634259259259259 0.762890625 0.9648148148148148 0.7634114583333333 0.9666666666666667 0.7634114583333333 0.9680555555555556 0.7641927083333333 0.9712962962962963 0.7654947916666667 0.975925925925926 0.7657552083333333 0.9791666666666666 0.766015625 0.9796296296296296 0.766015625 0.9824074074074074 0.7662760416666666 0.9828703703703704 0.7662760416666666 0.9851851851851852 0.7670572916666667 0.9888888888888889 0.7670572916666667 0.9916666666666667 0.7673177083333333 0.9921296296296296 0.7673177083333333 0.9953703703703703 0.7666666666666667 0.9960648148148148 0.7651041666666667 0.9960648148148148 0.76484375 0.9965277777777778 0.75234375 0.9965277777777778 0.7520833333333333 0.9960648148148148 0.75 0.9956018518518519 0.7484375 0.99375 0.7470052083333333 0.9907407407407407 0.7462239583333333 0.986574074074074 0.7446614583333333 0.9810185185185185 0.744140625 0.9787037037037037 0.743359375 0.9763888888888889 0.743359375 0.975 0.742578125 0.9722222222222222 0.7415364583333334 0.9662037037037037 0.7415364583333334 0.9643518518518519 0.7404947916666667 0.9587962962962963 0.739453125 0.9555555555555556 0.7389322916666666 0.9527777777777777 0.738671875 0.95 0.7381510416666667 0.9486111111111111 0.7381510416666667 0.9472222222222222 0.7373697916666667 0.9439814814814815 0.7365885416666667 0.9416666666666667 0.736328125 0.9393518518518519 0.735546875 0.9361111111111111 0.734765625 0.9296296296296296 0.7337239583333334 0.9259259259259259 0.733203125 0.9217592592592593 0.7326822916666667 0.9203703703703704 0.7319010416666667 0.9152777777777777 0.7313802083333333 0.913425925925926 0.7313802083333333 0.9120370370370371 0.730078125 0.9050925925925926 0.7287760416666667 0.9013888888888889 0.7287760416666667 0.9004629629629629 0.7279947916666667 0.8981481481481481 0.7274739583333333 0.8953703703703704 0.7274739583333333 0.8939814814814815 0.726953125 0.8921296296296296 0.7266927083333333 0.8888888888888888 0.7259114583333334 0.8856481481481482 0.7259114583333334 0.8842592592592593 0.725390625 0.8824074074074074 0.725390625 0.8810185185185185 0.7248697916666667 0.8796296296296297 0.7243489583333333 0.8759259259259259 0.7235677083333333 0.8736111111111111 0.722265625 0.8657407407407407 0.7209635416666667 0.861574074074074 0.720703125 0.8592592592592593 0.7201822916666667 0.8578703703703704 0.7201822916666667 0.8555555555555555 0.719921875 0.8550925925925926 0.719921875 0.8495370370370371 0.7196614583333333 0.8490740740740741 0.7196614583333333 0.8467592592592592 0.719140625 0.8439814814814814 0.719140625 0.8416666666666667 0.7188802083333333 0.8398148148148148 0.7180989583333334 0.836574074074074 0.7170572916666667 0.8347222222222223 0.716796875 0.8328703703703704 0.7162760416666667 0.8319444444444445 0.716015625 0.8300925925925926 0.7154947916666666 0.8287037037037037 0.7154947916666666 0.8273148148148148 0.7149739583333333 0.825462962962963 0.7147135416666667 0.8231481481481482 0.7141927083333334 0.8208333333333333 0.7134114583333333 0.8185185185185185 0.7126302083333333 0.8152777777777778 0.712109375 0.8106481481481481 0.7110677083333333 0.8041666666666667 0.710546875 0.8027777777777778 0.7100260416666667 0.8 0.7100260416666667 0.7986111111111112 0.708203125 0.7907407407407407 0.7076822916666666 0.787962962962963 0.707421875 0.7847222222222222 0.7063802083333334 0.7800925925925926 0.7053385416666667 0.7782407407407408 0.7053385416666667 0.7773148148148148 0.704296875 0.774074074074074 0.704296875 0.7717592592592593 0.7040364583333333 0.7712962962962963 0.7040364583333333 0.7689814814814815 0.7032552083333333 0.763425925925926 0.702734375 0.7611111111111111 0.701953125 0.7587962962962963 0.7014322916666667 0.7564814814814815 0.7009114583333333 0.7523148148148148 0.7006510416666667 0.7518518518518519 0.7001302083333333 0.7481481481481481 0.7001302083333333 0.7467592592592592 0.699609375 0.7449074074074075 0.699609375 0.7435185185185185 0.698828125 0.7407407407407407 0.698046875 0.736574074074074 0.6967447916666667 0.7324074074074074 0.696484375 0.7296296296296296 0.6962239583333333 0.7291666666666666 0.6959635416666666 0.725925925925926 0.695703125 0.725462962962963 0.6954427083333333 0.7222222222222222 0.694140625 0.7171296296296297 0.694140625 0.7157407407407408 0.6936197916666667 0.7138888888888889 0.693359375 0.7111111111111111 0.6923177083333333 0.7069444444444445 0.691796875 0.7041666666666667 0.6915364583333333 0.700462962962963 0.6907552083333334 0.6972222222222222 0.6897135416666667 0.6953703703703704 0.688671875 0.6916666666666667 0.6884114583333333 0.6888888888888889 0.6881510416666666 0.6884259259259259 0.687890625 0.6847222222222222 0.686328125 0.6773148148148148 0.6858072916666667 0.6759259259259259 0.685546875 0.6736111111111112 0.684765625 0.6708333333333333 0.6845052083333333 0.6685185185185185 0.6845052083333333 0.6657407407407407 0.6842447916666666 0.663425925925926 0.683203125 0.6578703703703703 0.6821614583333333 0.6550925925925926 0.680859375 0.65 0.6805989583333333 0.6467592592592593 0.680078125 0.6444444444444445 0.680078125 0.6425925925925926 0.6795572916666667 0.6388888888888888 0.6790364583333334 0.6365740740740741 0.6779947916666667 0.6333333333333333 0.677734375 0.6305555555555555 0.676953125 0.6277777777777778 0.676171875 0.6217592592592592 0.6756510416666667 0.6199074074074075 0.6756510416666667 0.6185185185185185 0.674609375 0.6143518518518518 0.6740885416666667 0.6134259259259259 0.6725260416666666 0.6074074074074074 0.6720052083333333 0.6023148148148149 0.671484375 0.5990740740740741 0.6709635416666667 0.5976851851851852 0.670703125 0.5958333333333333 0.6696614583333333 0.5925925925925926 0.669140625 0.5902777777777778 0.668359375 0.5851851851851851 0.668359375 0.5791666666666667 0.6678385416666667 0.5768518518518518 0.667578125 0.5745370370370371 0.666796875 0.5726851851851852 0.665234375 0.5648148148148148 0.665234375 0.5611111111111111 0.6649739583333333 0.5606481481481481 0.6649739583333333 0.5578703703703703 0.665234375 0.5560185185185185 0.66640625 0.5525462962962963 0.6677083333333333 0.5520833333333334 0.6684895833333333 0.5511574074074074 0.6700520833333333 0.5506944444444445 0.67109375 0.5497685185185185 0.671875 0.5497685185185185 0.6729166666666667 0.5488425925925926 0.67421875 0.5483796296296296 0.6763020833333333 0.5483796296296296 0.6765625 0.5479166666666667 0.67890625 0.5479166666666667 0.6791666666666667 0.5474537037037037 0.68125 0.5474537037037037 0.6815104166666667 0.5469907407407407 0.6828125 0.5469907407407407 0.68515625 0.5456018518518518 0.6864583333333333 0.5465277777777777 0.6881510416666666 0.549537037037037 0.6888020833333334 0.5516203703703704 0.6895833333333333 0.5516203703703704 0.6899739583333333 0.5509259259259259 0.6904947916666667 0.5472222222222223 0.6915364583333333 0.5435185185185185 0.6923177083333333 0.538425925925926 0.6923177083333333 0.5365740740740741 0.6928385416666667 0.5337962962962963 0.693359375 0.5324074074074074 0.6944010416666667 0.5263888888888889 0.6944010416666667 0.5231481481481481 0.6946614583333334 0.5226851851851851 0.6946614583333334 0.5171296296296296 0.694140625 0.5143518518518518 0.6936197916666667 0.512962962962963 0.6923177083333333 0.5060185185185185 0.6923177083333333 0.5046296296296297 0.691796875 0.5027777777777778 0.6915364583333333 0.500462962962963 0.691015625 0.49907407407407406 0.690234375 0.4949074074074074 0.690234375 0.4912037037037037 0.6899739583333333 0.48935185185185187 0.6907552083333334 0.4837962962962963 0.6920572916666666 0.48009259259259257 0.6920572916666666 0.47962962962962963 0.6942708333333333 0.4756944444444444 0.6953125 0.47476851851851853 0.6986979166666667 0.4706018518518518 0.6998697916666666 0.4671296296296296 0.7001302083333333 0.46296296296296297 0.701171875 0.4587962962962963 0.70390625 0.45393518518518516 0.70546875 0.4525462962962963 0.7078125 0.45208333333333334 0.7080729166666667 0.4516203703703704 0.7098958333333333 0.4516203703703704 0.71015625 0.4511574074074074 0.7125 0.4511574074074074 0.7138020833333333 0.45023148148148145 0.71484375 0.45023148148148145 0.7161458333333334 0.44930555555555557 0.7203125 0.44930555555555557 0.7213541666666666 0.44837962962962963 0.72265625 0.44837962962962963 0.7229166666666667 0.4479166666666667 0.72421875 0.4479166666666667 0.7244791666666667 0.4474537037037037 0.72578125 0.4474537037037037 0.72734375 0.4465277777777778 0.7294270833333333 0.4465277777777778 0.7296875 0.4460648148148148 0.7315104166666667 0.4460648148148148 0.7317708333333334 0.44560185185185186 0.7341145833333333 0.44513888888888886 0.7354166666666667 0.444212962962963 0.73671875 0.444212962962963 0.7369791666666666 0.44375 0.7385416666666667 0.44375 0.7388020833333333 0.44328703703703703 0.7401041666666667 0.44328703703703703 0.7403645833333333 0.4428240740740741 0.7416666666666667 0.4428240740740741 0.7432291666666667 0.44189814814814815 0.7447916666666666 0.44189814814814815 0.7450520833333333 0.4414351851851852 0.7466145833333333 0.4414351851851852 0.746875 0.4409722222222222 0.7481770833333333 0.4409722222222222 0.7484375 0.44050925925925927 0.7497395833333333 0.44050925925925927 0.75 0.44004629629629627 0.7515625 0.44004629629629627 0.7518229166666667 0.4395833333333333 0.7533854166666667 0.4395833333333333 0.7536458333333333 0.4391203703703704 0.7549479166666667 0.4391203703703704 0.7552083333333334 0.4386574074074074 0.7567708333333333 0.4386574074074074 0.75703125 0.43819444444444444 0.7583333333333333 0.43819444444444444 0.75859375 0.4377314814814815 0.76015625 0.4377314814814815 0.7604166666666666 0.4372685185185185 0.76171875 0.4372685185185185 0.7619791666666667 0.43680555555555556 0.76328125 0.43680555555555556 0.7635416666666667 0.4363425925925926 0.765625 0.4363425925925926 0.7658854166666667 0.4358796296296296 0.7671875 0.4358796296296296 0.7684895833333333 0.4354166666666667 0.76953125 0.43449074074074073 0.7708333333333334 0.43449074074074073 0.7723958333333333 0.4335648148148148 0.7734375 0.4335648148148148 0.7747395833333334 0.4326388888888889 0.7763020833333333 0.4326388888888889 0.7765625 0.4321759259259259 0.7783854166666667 0.4321759259259259 0.7786458333333334 0.43171296296296297 0.784375 0.43171296296296297 0.7846354166666667 0.43125 0.7875 0.43125 0.7877604166666666 0.430787037037037 0.78984375 0.430787037037037 0.7901041666666667 0.4303240740740741 0.7921875 0.4303240740740741 0.7924479166666667 0.42986111111111114 0.79453125 0.42986111111111114 0.79921875 0.42615740740740743 0.8002604166666667 0.42569444444444443 0.8015625 0.42569444444444443 0.8044270833333333 0.42430555555555555 0.8057291666666667 0.42430555555555555 0.8059895833333334 0.4238425925925926 0.8072916666666666 0.4238425925925926 0.8075520833333333 0.4233796296296296 0.8088541666666667 0.4233796296296296 0.8091145833333333 0.42291666666666666 0.8104166666666667 0.42291666666666666 0.8106770833333333 0.4224537037037037 0.8119791666666667 0.4224537037037037 0.81484375 0.42106481481481484 0.8161458333333333 0.42106481481481484 0.81640625 0.42060185185185184 0.81796875 0.42060185185185184 0.8182291666666667 0.4201388888888889 0.81953125 0.4201388888888889 0.82109375 0.41921296296296295 0.8223958333333333 0.41921296296296295 0.82265625 0.41875 0.8244791666666667 0.41875 0.8247395833333333 0.418287037037037 0.8263020833333333 0.418287037037037 0.8265625 0.41782407407407407 0.8283854166666667 0.41782407407407407 0.8286458333333333 0.4173611111111111 0.8299479166666667 0.4173611111111111 0.8302083333333333 0.41689814814814813 0.8317708333333333 0.41689814814814813 0.83203125 0.4164351851851852 0.8338541666666667 0.4164351851851852 0.8341145833333333 0.41597222222222224 0.8395833333333333 0.41597222222222224 0.83984375 0.4164351851851852 0.8419270833333333 0.41782407407407407 0.8421875 0.418287037037037 0.8432291666666667 0.41782407407407407 0.8450520833333334 0.41782407407407407 0.84609375 0.418287037037037 0.8470052083333334 0.41944444444444445 0.8475260416666667 0.42083333333333334 0.8470052083333334 0.4222222222222222 0.8467447916666667 0.42592592592592593 0.845703125 0.4300925925925926 0.8454427083333333 0.43194444444444446 0.8454427083333333 0.43472222222222223 0.845703125 0.4351851851851852 0.845703125 0.4375 0.8459635416666667 0.4398148148148148 0.8471354166666667 0.44050925925925927 0.8486979166666667 0.44050925925925927 0.8489583333333334 0.4409722222222222 0.8502604166666666 0.4409722222222222 0.8518229166666667 0.44189814814814815 0.8541666666666666 0.44189814814814815 0.8544270833333333 0.4423611111111111 0.8588541666666667 0.4423611111111111 0.8591145833333333 0.4428240740740741 0.8609375 0.4428240740740741 0.8611979166666667 0.44328703703703703 0.86796875 0.44328703703703703 0.8682291666666667 0.4428240740740741 0.8763020833333334 0.4428240740740741 0.8776041666666666 0.44189814814814815 0.8790364583333333 0.4393518518518518 0.8790364583333333 0.4388888888888889 0.881640625 0.43425925925925923 0.8829427083333333 0.4310185185185185 0.883984375 0.4273148148148148 0.8864583333333333 0.4233796296296296 0.8872395833333333 0.42291666666666666 0.8885416666666667 0.42106481481481484 0.8895833333333333 0.4201388888888889 0.89140625 0.4201388888888889 0.8916666666666667 0.41967592592592595 0.89375 0.41967592592592595 0.8940104166666667 0.41921296296296295 0.8955729166666667 0.41921296296296295 0.8958333333333334 0.41875 0.8971354166666666 0.41875 0.8973958333333333 0.41921296296296295 0.89921875 0.41921296296296295 0.8994791666666667 0.41967592592592595 0.9010416666666666 0.4201388888888889 0.9020833333333333 0.4215277777777778 0.9041666666666667 0.4233796296296296 0.905859375 0.42592592592592593 0.9069010416666666 0.42824074074074076 0.9076822916666667 0.4305555555555556 0.9111979166666667 0.43680555555555556 0.9114583333333334 0.43680555555555556 0.912890625 0.4393518518518518 0.9139322916666667 0.4425925925925926 0.9149739583333333 0.4449074074074074 0.9170572916666667 0.4486111111111111 0.9170572916666667 0.44907407407407407 0.9194010416666667 0.4532407407407407 0.919921875 0.4550925925925926 0.920703125 0.4564814814814815 0.921484375 0.4587962962962963 0.925390625 0.46574074074074073 0.925390625 0.46620370370370373 0.9266927083333333 0.4685185185185185 0.9272135416666667 0.4699074074074074 0.927734375 0.4726851851851852 0.9295572916666667 0.47638888888888886 0.9295572916666667 0.4791666666666667 0.930078125 0.4824074074074074 0.9337239583333333 0.4888888888888889 0.9337239583333333 0.4912037037037037 0.9326822916666667 0.49537037037037035 0.9341145833333333 0.49745370370370373 0.9372395833333333 0.49745370370370373 0.9385416666666667 0.4965277777777778 0.9432291666666667 0.4965277777777778 0.9434895833333333 0.4960648148148148 0.9466145833333334 0.4960648148148148 0.946875 0.49560185185185185 0.9518229166666666 0.49560185185185185 0.951953125 0.4949074074074074 0.953125 0.4928240740740741 0.9544270833333334 0.49189814814814814 0.9567708333333333 0.49189814814814814 0.95703125 0.4914351851851852 0.96015625 0.4914351851851852 0.9604166666666667 0.49189814814814814 0.9627604166666667 0.49189814814814814 0.9630208333333333 0.4914351851851852 0.9651041666666667 0.49050925925925926 0.9658854166666667 0.49050925925925926 0.9666666666666667 0.4895833333333333 0.96796875 0.48912037037037037 0.9686197916666667 0.48842592592592593 0.9673177083333333 0.48657407407407405 0.9665364583333333 0.4842592592592593 0.9665364583333333 0.48194444444444445 0.9673177083333333 0.48055555555555557 0.968359375 0.4773148148148148 0.9703125 0.47430555555555554 0.9713541666666666 0.47337962962962965 0.9725260416666667 0.4708333333333333 0.9733072916666666 0.4675925925925926 0.9766927083333333 0.4615740740740741 0.9766927083333333 0.46111111111111114 0.9782552083333333 0.4583333333333333 0.979296875 0.45601851851851855 0.9798177083333334 0.45416666666666666 0.9805989583333333 0.4527777777777778 0.981640625 0.449537037037037 0.9828125 0.4474537037037037 0.9838541666666667 0.4465277777777778 0.9850260416666666 0.4444444444444444 0.985546875 0.44166666666666665 0.9865885416666667 0.4388888888888889 0.9889322916666666 0.43472222222222223 0.98984375 0.4321759259259259 0.9901041666666667 0.4321759259259259 0.9912760416666667 0.4300925925925926 0.9928385416666666 0.425 0.994140625 0.42268518518518516 0.994140625 0.4222222222222222 0.9954427083333334 0.4199074074074074 0.9967447916666666 0.4166666666666667 0.9970052083333333 0.4148148148148148 0.9977864583333333 0.4125 0.9984375 0.4113425925925926 0.9997395833333333 0.4113425925925926
0 0.26210937500000003 0.5300925925925926 0.03541666666666668 0.05787037037037035 0.2638020833333333 0.5590277777777778 0.26171875 0.5585648148148148 0.259375 0.5571759259259259 0.256640625 0.5532407407407407 0.255859375 0.5509259259259259 0.255078125 0.549537037037037 0.2540364583333333 0.5467592592592593 0.253515625 0.5444444444444444 0.25247395833333336 0.5416666666666666 0.24986979166666667 0.5370370370370371 0.249609375 0.5356481481481481 0.2484375 0.5340277777777778 0.246484375 0.5305555555555556 0.24440104166666668 0.525 0.24440104166666668 0.5189814814814815 0.24466145833333333 0.5171296296296296 0.24674479166666666 0.5120370370370371 0.24791666666666667 0.5099537037037037 0.24895833333333334 0.5085648148148149 0.24973958333333332 0.5081018518518519 0.2513020833333333 0.5057870370370371 0.2552083333333333 0.5025462962962963 0.2559895833333333 0.5016203703703703 0.25703125 0.5011574074074074 0.26119791666666664 0.5011574074074074 0.26145833333333335 0.5016203703703703 0.2630208333333333 0.5016203703703703 0.2640625 0.5020833333333333 0.26588541666666665 0.5039351851851852 0.2674479166666667 0.506712962962963 0.2677083333333333 0.506712962962963 0.269140625 0.5092592592592593 0.2701822916666667 0.5120370370370371 0.272265625 0.5157407407407407 0.272265625 0.5162037037037037 0.27682291666666664 0.5243055555555556 0.2779947916666667 0.5259259259259259 0.2779947916666667 0.5263888888888889 0.279296875 0.5291666666666667 0.27981770833333336 0.5314814814814814 0.27981770833333336 0.538425925925926 0.27825520833333334 0.5430555555555555 0.2774739583333333 0.5444444444444444 0.2766927083333333 0.5467592592592593 0.27447916666666666 0.5506944444444445 0.2734375 0.5516203703703704 0.2721354166666667 0.5534722222222223 0.2708333333333333 0.5548611111111111 0.26901041666666664 0.55625 0.2682291666666667 0.5571759259259259 0.26536458333333335 0.5581018518518519 0.2638020833333333 0.5590277777777778
0 0.22499999999999998 0.5381944444444444 0.036718749999999994 0.05833333333333335 0.22578125 0.5673611111111111 0.22473958333333333 0.5673611111111111 0.22291666666666668 0.5659722222222222 0.2203125 0.5622685185185186 0.219140625 0.5601851851851852 0.218359375 0.5578703703703703 0.21731770833333333 0.5560185185185185 0.21653645833333332 0.5537037037037037 0.21380208333333334 0.5488425925925926 0.21354166666666666 0.5488425925925926 0.21158854166666666 0.5453703703703704 0.21106770833333333 0.5435185185185185 0.20846354166666667 0.5388888888888889 0.208203125 0.5375 0.206640625 0.5319444444444444 0.206640625 0.5296296296296297 0.20716145833333333 0.5268518518518519 0.20794270833333334 0.524074074074074 0.20950520833333333 0.5203703703703704 0.21145833333333333 0.5168981481481482 0.21171875 0.5168981481481482 0.21328125 0.5141203703703704 0.21614583333333334 0.5118055555555555 0.21848958333333332 0.5104166666666666 0.21979166666666666 0.5090277777777777 0.22526041666666666 0.5090277777777777 0.22760416666666666 0.5108796296296296 0.23151041666666666 0.517824074074074 0.23177083333333334 0.517824074074074 0.234765625 0.5231481481481481 0.234765625 0.5236111111111111 0.23671875 0.5270833333333333 0.23697916666666666 0.5270833333333333 0.23815104166666667 0.5291666666666667 0.23815104166666667 0.5296296296296297 0.24036458333333333 0.5335648148148148 0.240625 0.5335648148148148 0.24205729166666667 0.5361111111111111 0.242578125 0.5375 0.243359375 0.5425925925925926 0.243359375 0.5458333333333333 0.24283854166666666 0.5481481481481482 0.241796875 0.5513888888888889 0.24075520833333333 0.5537037037037037 0.23723958333333334 0.5599537037037037 0.2359375 0.5618055555555556 0.23333333333333334 0.5645833333333333 0.23151041666666666 0.5659722222222222 0.23046875 0.5659722222222222 0.22916666666666666 0.5668981481481481 0.22604166666666667 0.5668981481481481 0.22578125 0.5673611111111111
0 0.21119791666666665 0.5900462962962962 0.041406250000000006 0.059259259259259234 0.21614583333333334 0.6196759259259259 0.21171875 0.6196759259259259 0.21067708333333332 0.6192129629629629 0.20885416666666667 0.617824074074074 0.2078125 0.6164351851851851 0.20416666666666666 0.6099537037037037 0.20286458333333332 0.6081018518518518 0.20182291666666666 0.607175925925926 0.20052083333333334 0.6053240740740741 0.19869791666666667 0.6034722222222222 0.196875 0.6006944444444444 0.19661458333333334 0.6006944444444444 0.19505208333333332 0.5979166666666667 0.19375 0.5965277777777778 0.191796875 0.5930555555555556 0.19049479166666666 0.587037037037037 0.19075520833333334 0.5833333333333334 0.191796875 0.5796296296296296 0.192578125 0.5782407407407407 0.193359375 0.575925925925926 0.19388020833333333 0.5736111111111111 0.1953125 0.5710648148148149 0.19557291666666668 0.5710648148148149 0.19791666666666666 0.5668981481481481 0.2 0.5650462962962963 0.20182291666666666 0.5641203703703703 0.20520833333333333 0.5608796296296297 0.20651041666666667 0.5604166666666667 0.209375 0.5604166666666667 0.21067708333333332 0.5618055555555556 0.21197916666666666 0.5627314814814814 0.21380208333333334 0.5645833333333333 0.21588541666666666 0.5682870370370371 0.21666666666666667 0.56875 0.21822916666666667 0.5706018518518519 0.22005208333333334 0.5738425925925926 0.2203125 0.5738425925925926 0.22239583333333332 0.5770833333333333 0.2265625 0.580787037037037 0.22734375 0.5817129629629629 0.22916666666666666 0.5849537037037037 0.230078125 0.5861111111111111 0.230859375 0.5879629629629629 0.23111979166666666 0.5898148148148148 0.23190104166666667 0.5925925925925926 0.23190104166666667 0.5944444444444444 0.23138020833333334 0.5962962962962963 0.23138020833333334 0.5976851851851852 0.23033854166666667 0.6018518518518519 0.22955729166666666 0.6032407407407407 0.22877604166666668 0.6055555555555555 0.2265625 0.6094907407407407 0.22630208333333332 0.6094907407407407 0.225 0.6118055555555556 0.22473958333333333 0.6118055555555556 0.22317708333333333 0.6141203703703704 0.22239583333333332 0.6145833333333334 0.22109375 0.6164351851851851 0.21901041666666668 0.617824074074074 0.21744791666666666 0.6192129629629629 0.21614583333333334 0.6196759259259259
0 0.186328125 0.5534722222222221 0.03958333333333333 0.05740740740740746 0.1890625 0.5821759259259259 0.18723958333333332 0.5817129629629629 0.18697916666666667 0.58125 0.18567708333333333 0.58125 0.18463541666666666 0.580787037037037 0.18255208333333334 0.5789351851851852 0.18059895833333334 0.575462962962963 0.180078125 0.5736111111111111 0.17760416666666667 0.569212962962963 0.1765625 0.5682870370370371 0.1734375 0.5636574074074074 0.17317708333333334 0.5636574074074074 0.17057291666666666 0.5590277777777778 0.1703125 0.5590277777777778 0.16705729166666666 0.5532407407407407 0.16653645833333333 0.5513888888888889 0.16653645833333333 0.5439814814814815 0.167578125 0.5407407407407407 0.168359375 0.5388888888888889 0.17161458333333332 0.5331018518518519 0.17421875 0.5298611111111111 0.175 0.5293981481481481 0.17760416666666667 0.5266203703703703 0.17916666666666667 0.5261574074074075 0.18046875 0.5252314814814815 0.18177083333333333 0.5252314814814815 0.18203125 0.5247685185185185 0.18489583333333334 0.5247685185185185 0.1859375 0.5252314814814815 0.18802083333333333 0.5275462962962963 0.18828125 0.5275462962962963 0.19244791666666666 0.5349537037037037 0.19270833333333334 0.5349537037037037 0.1953125 0.5395833333333333 0.19557291666666668 0.5395833333333333 0.19713541666666667 0.5418981481481482 0.1984375 0.5428240740740741 0.20052083333333334 0.5456018518518518 0.20260416666666667 0.5469907407407407 0.20442708333333334 0.5497685185185185 0.2046875 0.5497685185185185 0.20559895833333333 0.5523148148148148 0.20559895833333333 0.5546296296296296 0.20611979166666666 0.5578703703703703 0.205859375 0.5587962962962963 0.20442708333333334 0.5608796296296297 0.19869791666666667 0.5659722222222222 0.19765625 0.5673611111111111 0.19609375 0.5701388888888889 0.19583333333333333 0.5701388888888889 0.19466145833333334 0.5722222222222222 0.19388020833333333 0.5740740740740741 0.19283854166666667 0.5773148148148148 0.19114583333333332 0.580324074074074 0.1890625 0.5821759259259259
0 0.17083333333333334 0.6046296296296296 0.03880208333333335 0.0532407407407407 0.17760416666666667 0.63125 0.17291666666666666 0.63125 0.17135416666666667 0.6303240740740741 0.16953125 0.6284722222222222 0.16796875 0.6256944444444444 0.16770833333333332 0.6256944444444444 0.16588541666666667 0.6224537037037037 0.165625 0.6224537037037037 0.16302083333333334 0.61875 0.16015625 0.6164351851851851 0.15859375 0.6145833333333334 0.1578125 0.6131944444444445 0.15651041666666668 0.6118055555555556 0.15520833333333334 0.6099537037037037 0.15390625 0.6076388888888888 0.15364583333333334 0.6076388888888888 0.15247395833333333 0.6055555555555555 0.15143229166666666 0.6018518518518519 0.15143229166666666 0.5981481481481481 0.151953125 0.5949074074074074 0.15403645833333332 0.5893518518518519 0.15703125 0.5840277777777778 0.15807291666666667 0.5831018518518518 0.15885416666666666 0.5817129629629629 0.15963541666666667 0.58125 0.16145833333333334 0.5784722222222223 0.16223958333333333 0.5780092592592593 0.16770833333333332 0.5780092592592593 0.16796875 0.5784722222222223 0.16927083333333334 0.5784722222222223 0.17057291666666666 0.5793981481481482 0.17265625 0.5817129629629629 0.1734375 0.5821759259259259 0.175 0.5844907407407407 0.17526041666666667 0.5844907407407407 0.17682291666666666 0.5868055555555556 0.178125 0.5877314814814815 0.18203125 0.593287037037037 0.18645833333333334 0.5969907407407408 0.18723958333333332 0.5979166666666667 0.18841145833333334 0.6 0.189453125 0.6037037037037037 0.190234375 0.6087962962962963 0.190234375 0.6143518518518518 0.18919270833333332 0.6171296296296296 0.18841145833333334 0.6199074074074075 0.18723958333333332 0.6219907407407408 0.18619791666666666 0.6229166666666667 0.18541666666666667 0.6243055555555556 0.18385416666666668 0.6261574074074074 0.17916666666666667 0.6303240740740741 0.17760416666666667 0.63125
4 0.2559895833333333 0.6449074074074074 0.2393229166666667 0.3032407407407407 0.2171875 0.7965277777777777 0.21302083333333333 0.7965277777777777 0.21223958333333334 0.7960648148148148 0.209765625 0.7916666666666666 0.208984375 0.7893518518518519 0.20625 0.7858796296296297 0.20338541666666668 0.7831018518518519 0.20182291666666666 0.780787037037037 0.20052083333333334 0.7798611111111111 0.19921875 0.7784722222222222 0.19765625 0.7775462962962963 0.19583333333333333 0.7756944444444445 0.19427083333333334 0.7729166666666667 0.19348958333333333 0.7724537037037037 0.19088541666666667 0.7696759259259259 0.18854166666666666 0.7664351851851852 0.1875 0.7659722222222223 0.18671875 0.7650462962962963 0.18541666666666667 0.7645833333333333 0.18411458333333333 0.7631944444444444 0.18229166666666666 0.7618055555555555 0.17942708333333332 0.7576388888888889 0.178125 0.75625 0.17682291666666666 0.7553240740740741 0.17395833333333333 0.7516203703703703 0.17057291666666666 0.7483796296296297 0.16848958333333333 0.7469907407407408 0.16510416666666666 0.74375 0.16432291666666668 0.743287037037037 0.16171875 0.7405092592592593 0.16041666666666668 0.7395833333333334 0.15989583333333332 0.7386574074074074 0.1578125 0.7368055555555556 0.15729166666666666 0.7368055555555556 0.15494791666666666 0.7344907407407407 0.15286458333333333 0.73125 0.15208333333333332 0.7307870370370371 0.15078125 0.7289351851851852 0.14869791666666668 0.7270833333333333 0.14765625 0.7256944444444444 0.14713541666666666 0.7256944444444444 0.14583333333333334 0.7243055555555555 0.14375 0.7229166666666667 0.1421875 0.7206018518518519 0.14036458333333332 0.71875 0.13828125 0.7155092592592592 0.13802083333333334 0.7155092592592592 0.13658854166666667 0.7125 0.136328125 0.7106481481481481 0.13658854166666667 0.7092592592592593 0.13658854166666667 0.7041666666666667 0.13684895833333333 0.7037037037037037 0.137890625 0.6976851851851852 0.138671875 0.6958333333333333 0.13971354166666666 0.6912037037037037 0.140234375 0.687037037037037 0.14127604166666666 0.6842592592592592 0.141796875 0.6819444444444445 0.14231770833333332 0.6810185185185185 0.14361979166666666 0.6763888888888889 0.14388020833333334 0.674074074074074 0.14440104166666667 0.6726851851851852 0.14466145833333333 0.6703703703703704 0.14544270833333334 0.6675925925925926 0.146484375 0.6652777777777777 0.14752604166666666 0.6592592592592592 0.14934895833333334 0.6527777777777778 0.15091145833333333 0.6486111111111111 0.15143229166666666 0.6458333333333334 0.15169270833333334 0.6430555555555556 0.15221354166666667 0.6407407407407407 0.15299479166666666 0.638425925925926 0.15481770833333333 0.6351851851851852 0.15533854166666666 0.6324074074074074 0.15533854166666666 0.6300925925925925 0.15559895833333334 0.6282407407407408 0.15716145833333334 0.6226851851851852 0.157421875 0.6203703703703703 0.15859375 0.618287037037037 0.16145833333333334 0.6196759259259259 0.16223958333333333 0.6206018518518519 0.16302083333333334 0.6206018518518519 0.16458333333333333 0.6219907407407408 0.165625 0.6233796296296297 0.16666666666666666 0.6256944444444444 0.16796875 0.6275462962962963 0.17135416666666667 0.63125 0.17291666666666666 0.631712962962963 0.17317708333333334 0.632175925925926 0.17447916666666666 0.632175925925926 0.17473958333333334 0.631712962962963 0.1765625 0.631712962962963 0.17786458333333333 0.63125 0.17942708333333332 0.6298611111111111 0.18098958333333334 0.6289351851851852 0.18229166666666666 0.6275462962962963 0.18307291666666667 0.6261574074074074 0.18489583333333334 0.6247685185185186 0.18619791666666666 0.6229166666666667 0.18723958333333332 0.6219907407407408 0.18919270833333332 0.6185185185185185 0.18919270833333332 0.6180555555555556 0.19518229166666667 0.6074074074074074 0.19596354166666666 0.6050925925925926 0.196875 0.6039351851851852 0.19765625 0.6039351851851852 0.19895833333333332 0.6053240740740741 0.19947916666666668 0.6053240740740741 0.20078125 0.606712962962963 0.20182291666666666 0.607175925925926 0.20260416666666667 0.6085648148148148 0.20338541666666668 0.6090277777777777 0.20546875 0.6127314814814815 0.20703125 0.6141203703703704 0.20833333333333334 0.6159722222222223 0.20989583333333334 0.6168981481481481 0.21067708333333332 0.617824074074074 0.21223958333333334 0.61875 0.21458333333333332 0.61875 0.21484375 0.618287037037037 0.21692708333333333 0.618287037037037 0.2171875 0.617824074074074 0.21901041666666668 0.617824074074074 0.2203125 0.6173611111111111 0.22317708333333333 0.6141203703703704 0.2234375 0.6141203703703704 0.22604166666666667 0.6094907407407407 0.22630208333333332 0.6094907407407407 0.22955729166666666 0.6037037037037037 0.230859375 0.6 0.231640625 0.5944444444444444 0.231640625 0.5925925925925926 0.23111979166666666 0.5902777777777778 0.22981770833333334 0.5861111111111111 0.228125 0.5831018518518518 0.22682291666666668 0.5817129629629629 0.22565104166666666 0.5796296296296296 0.224609375 0.575 0.223828125 0.5736111111111111 0.22408854166666667 0.5722222222222222 0.22552083333333334 0.5710648148148149 0.22786458333333334 0.5706018518518519 0.2296875 0.56875 0.2328125 0.5645833333333333 0.23567708333333334 0.5622685185185186 0.2375 0.5594907407407408 0.23776041666666667 0.5594907407407408 0.24153645833333334 0.5527777777777778 0.24231770833333333 0.5509259259259259 0.24361979166666667 0.5458333333333333 0.24388020833333332 0.5439814814814815 0.24388020833333332 0.5375 0.24453125 0.5358796296296297 0.24739583333333334 0.5358796296296297 0.24908854166666666 0.5388888888888889 0.24908854166666666 0.5393518518518519 0.252734375 0.5458333333333333 0.2537760416666667 0.5486111111111112 0.255859375 0.5523148148148148 0.255859375 0.5527777777777778 0.25833333333333336 0.5571759259259259 0.26015625 0.5590277777777778 0.2643229166666667 0.5590277777777778 0.26614583333333336 0.5576388888888889 0.2669270833333333 0.5576388888888889 0.27005208333333336 0.5548611111111111 0.27057291666666666 0.5548611111111111 0.27265625 0.5530092592592593 0.27369791666666665 0.5511574074074074 0.2752604166666667 0.5493055555555556 0.2774739583333333 0.5453703703703704 0.278515625 0.5425925925925926 0.27981770833333336 0.5375 0.27981770833333336 0.5310185185185186 0.27955729166666665 0.5291666666666667 0.27903645833333335 0.5277777777777778 0.27877604166666664 0.5259259259259259 0.27643229166666666 0.5217592592592593 0.27513020833333335 0.5157407407407407 0.2735677083333333 0.5125 0.2733072916666667 0.5106481481481482 0.27395833333333336 0.5090277777777777 0.2747395833333333 0.5085648148148149 0.2765625 0.5085648148148149 0.27682291666666664 0.5081018518518519 0.2786458333333333 0.5081018518518519 0.28098958333333335 0.50625 0.28229166666666666 0.5057870370370371 0.2838541666666667 0.5057870370370371 0.28411458333333334 0.5053240740740741 0.2859375 0.5053240740740741 0.28619791666666666 0.5048611111111111 0.2875 0.5048611111111111 0.2877604166666667 0.5043981481481481 0.2890625 0.5043981481481481 0.28932291666666665 0.5039351851851852 0.290625 0.5039351851851852 0.2908854166666667 0.5034722222222222 0.29244791666666664 0.5034722222222222 0.29270833333333335 0.5030092592592592 0.29401041666666666 0.5030092592592592 0.2942708333333333 0.5025462962962963 0.2955729166666667 0.5025462962962963 0.29583333333333334 0.5020833333333333 0.2981770833333333 0.5016203703703703 0.2984375 0.5011574074074074 0.29973958333333334 0.5011574074074074 0.3 0.5006944444444444 0.3020833333333333 0.5006944444444444 0.30234375 0.5002314814814814 0.30416666666666664 0.5002314814814814 0.30442708333333335 0.4997685185185185 0.30572916666666666 0.4997685185185185 0.3059895833333333 0.49930555555555556 0.30755208333333334 0.49930555555555556 0.3078125 0.4988425925925926 0.3098958333333333 0.4988425925925926 0.3109375 0.4983796296296296 0.31328125 0.4965277777777778 0.3143229166666667 0.4960648148148148 0.315625 0.4960648148148148 0.31588541666666664 0.49560185185185185 0.3177083333333333 0.49560185185185185 0.31796875 0.4951388888888889 0.31927083333333334 0.4951388888888889 0.32083333333333336 0.49421296296296297 0.3223958333333333 0.49421296296296297 0.32265625 0.49375 0.32473958333333336 0.49375 0.325 0.493287037037037 0.3294270833333333 0.493287037037037 0.3307291666666667 0.49421296296296297 0.332421875 0.49722222222222223 0.33372395833333335 0.5027777777777778 0.33502604166666666 0.5069444444444444 0.335546875 0.5078703703703704 0.3360677083333333 0.5101851851851852 0.337109375 0.512962962962963 0.338671875 0.5157407407407407 0.3391927083333333 0.5171296296296296 0.340234375 0.5212962962962963 0.34127604166666664 0.524074074074074 0.34348958333333335 0.5280092592592592 0.3458333333333333 0.5303240740740741 0.34674479166666666 0.5319444444444444 0.3475260416666667 0.5342592592592592 0.34856770833333334 0.5361111111111111 0.350390625 0.5407407407407407 0.350390625 0.5412037037037037 0.35299479166666664 0.5458333333333333 0.353515625 0.5476851851851852 0.355078125 0.5513888888888889 0.355859375 0.5541666666666667 0.35716145833333335 0.5564814814814815 0.358203125 0.5587962962962963 0.358984375 0.5615740740740741 0.3595052083333333 0.5625 0.36028645833333334 0.5652777777777778 0.362890625 0.5699074074074074 0.362890625 0.5703703703703704 0.36419270833333334 0.5731481481481482 0.364453125 0.5745370370370371 0.36627604166666666 0.5777777777777777 0.367578125 0.5814814814814815 0.36809895833333334 0.5824074074074074 0.36861979166666664 0.5847222222222223 0.36953125 0.5868055555555556 0.37109375 0.5881944444444445 0.372265625 0.5902777777777778 0.373828125 0.5949074074074074 0.374609375 0.5962962962962963 0.3756510416666667 0.600462962962963 0.375390625 0.6023148148148149 0.375390625 0.6046296296296296 0.3751302083333333 0.6050925925925926 0.3751302083333333 0.6078703703703704 0.3748697916666667 0.6101851851851852 0.3743489583333333 0.6125 0.37408854166666666 0.6148148148148148 0.37408854166666666 0.6185185185185185 0.373828125 0.6189814814814815 0.373828125 0.6217592592592592 0.37356770833333336 0.6222222222222222 0.37356770833333336 0.624537037037037 0.37330729166666665 0.625 0.37330729166666665 0.6273148148148148 0.373046875 0.6277777777777778 0.373046875 0.6305555555555555 0.37278645833333335 0.6310185185185185 0.37278645833333335 0.6337962962962963 0.37252604166666664 0.6342592592592593 0.37252604166666664 0.6407407407407407 0.372265625 0.6412037037037037 0.372265625 0.6486111111111111 0.37200520833333334 0.649074074074074 0.37200520833333334 0.6513888888888889 0.371484375 0.6541666666666667 0.371484375 0.6564814814814814 0.3712239583333333 0.6569444444444444 0.3712239583333333 0.6606481481481481 0.3709635416666667 0.6611111111111111 0.3709635416666667 0.663425925925926 0.370703125 0.6638888888888889 0.3704427083333333 0.6671296296296296 0.369921875 0.6689814814814815 0.369921875 0.6712962962962963 0.36966145833333336 0.6717592592592593 0.36966145833333336 0.6768518518518518 0.36940104166666665 0.6773148148148148 0.36940104166666665 0.6800925925925926 0.369140625 0.6805555555555556 0.369140625 0.6833333333333333 0.36888020833333335 0.6837962962962963 0.36888020833333335 0.687037037037037 0.36861979166666664 0.6875 0.36861979166666664 0.6902777777777778 0.368359375 0.6907407407407408 0.368359375 0.6930555555555555 0.3678385416666667 0.6953703703703704 0.367578125 0.6976851851851852 0.367578125 0.7013888888888888 0.3673177083333333 0.7018518518518518 0.3673177083333333 0.7060185185185185 0.3670572916666667 0.7064814814814815 0.3670572916666667 0.7111111111111111 0.366796875 0.711574074074074 0.366796875 0.7138888888888889 0.36627604166666666 0.7166666666666667 0.36627604166666666 0.7189814814814814 0.366015625 0.7194444444444444 0.366015625 0.7236111111111111 0.36575520833333336 0.7240740740740741 0.36575520833333336 0.7268518518518519 0.365234375 0.7287037037037037 0.364453125 0.7333333333333333 0.364453125 0.737037037037037 0.36419270833333334 0.7375 0.36419270833333334 0.7402777777777778 0.3639322916666667 0.7407407407407407 0.3639322916666667 0.7435185185185185 0.363671875 0.7439814814814815 0.363671875 0.7462962962962963 0.3626302083333333 0.75 0.36158854166666665 0.7518518518518519 0.360546875 0.7550925925925925 0.359375 0.757175925925926 0.35859375 0.7581018518518519 0.35520833333333335 0.7599537037037037 0.353125 0.7613425925925926 0.35130208333333335 0.7613425925925926 0.35104166666666664 0.7618055555555555 0.34921875 0.7618055555555555 0.34661458333333334 0.7627314814814815 0.3463541666666667 0.7631944444444444 0.3416666666666667 0.7631944444444444 0.34140625 0.7636574074074074 0.33984375 0.7636574074074074 0.33958333333333335 0.7641203703703704 0.33828125 0.7641203703703704 0.3380208333333333 0.7645833333333333 0.33619791666666665 0.7645833333333333 0.3359375 0.7650462962962963 0.3341145833333333 0.7650462962962963 0.3338541666666667 0.7655092592592593 0.33151041666666664 0.7655092592592593 0.33125 0.7659722222222223 0.3294270833333333 0.7659722222222223 0.328125 0.7664351851851852 0.3268229166666667 0.7673611111111112 0.3255208333333333 0.7673611111111112 0.32526041666666666 0.767824074074074 0.3234375 0.767824074074074 0.32317708333333334 0.768287037037037 0.321875 0.768287037037037 0.32057291666666665 0.7692129629629629 0.31927083333333334 0.7696759259259259 0.31796875 0.7696759259259259 0.3177083333333333 0.7701388888888889 0.3138020833333333 0.7701388888888889 0.3109375 0.7715277777777778 0.30911458333333336 0.7715277777777778 0.30885416666666665 0.7719907407407407 0.3067708333333333 0.7719907407407407 0.30520833333333336 0.7729166666666667 0.3028645833333333 0.7733796296296296 0.3026041666666667 0.7738425925925926 0.30104166666666665 0.7738425925925926 0.30078125 0.7743055555555556 0.2989583333333333 0.7743055555555556 0.2986979166666667 0.7747685185185185 0.29609375 0.7756944444444445 0.2947916666666667 0.7756944444444445 0.29453125 0.7761574074074075 0.29322916666666665 0.7761574074074075 0.29296875 0.7766203703703703 0.2911458333333333 0.7766203703703703 0.2908854166666667 0.7770833333333333 0.28958333333333336 0.7770833333333333 0.28932291666666665 0.7775462962962963 0.28802083333333334 0.7775462962962963 0.2877604166666667 0.7780092592592592 0.2859375 0.7780092592592592 0.28567708333333336 0.7784722222222222 0.2833333333333333 0.7784722222222222 0.2830729166666667 0.7789351851851852 0.28125 0.7789351851851852 0.28098958333333335 0.7793981481481481 0.2796875 0.7793981481481481 0.2794270833333333 0.7798611111111111 0.2765625 0.7798611111111111 0.27630208333333334 0.7803240740740741 0.2747395833333333 0.7803240740740741 0.27447916666666666 0.780787037037037 0.27265625 0.78125 0.27239583333333334 0.781712962962963 0.27109375 0.781712962962963 0.2708333333333333 0.7821759259259259 0.26875 0.7821759259259259 0.26848958333333334 0.7826388888888889 0.2669270833333333 0.7826388888888889 0.26458333333333334 0.7840277777777778 0.26328125 0.7844907407407408 0.26145833333333335 0.7844907407407408 0.26119791666666664 0.7849537037037037 0.2596354166666667 0.7849537037037037 0.259375 0.7854166666666667 0.25755208333333335 0.7854166666666667 0.25729166666666664 0.7858796296296297 0.2552083333333333 0.7858796296296297 0.25494791666666666 0.7863425925925925 0.253125 0.7863425925925925 0.25286458333333334 0.7868055555555555 0.2513020833333333 0.7868055555555555 0.25104166666666666 0.7872685185185185 0.24921875 0.7872685185185185 0.24895833333333334 0.7877314814814815 0.24765625 0.7877314814814815 0.24557291666666667 0.7891203703703704 0.24427083333333333 0.7895833333333333 0.24140625 0.7895833333333333 0.24114583333333334 0.7900462962962963 0.23932291666666666 0.7900462962962963 0.2390625 0.7905092592592593 0.2375 0.7905092592592593 0.23723958333333334 0.7909722222222222 0.2359375 0.7909722222222222 0.23567708333333334 0.7914351851851852 0.234375 0.7914351851851852 0.23411458333333332 0.7918981481481482 0.2328125 0.7918981481481482 0.23255208333333333 0.7923611111111111 0.23125 0.7923611111111111 0.23098958333333333 0.7928240740740741 0.22890625 0.7928240740740741 0.22864583333333333 0.7932870370370371 0.22630208333333332 0.7932870370370371 0.22604166666666667 0.79375 0.22447916666666667 0.79375 0.22421875 0.794212962962963 0.221875 0.794212962962963 0.22161458333333334 0.794675925925926 0.22005208333333334 0.794675925925926 0.21901041666666668 0.7951388888888888 0.2171875 0.7965277777777777
12 0.2962239583333333 0.7046296296296297 0.18489583333333334 0.23842592592592593 0.22916666666666666 0.8238425925925926 0.22552083333333334 0.8238425925925926 0.22526041666666666 0.8233796296296296 0.22395833333333334 0.8233796296296296 0.22265625 0.8224537037037037 0.22135416666666666 0.8210648148148149 0.21953125 0.819675925925926 0.21640625 0.8159722222222222 0.21276041666666667 0.8127314814814814 0.21041666666666667 0.8104166666666667 0.20911458333333333 0.8099537037037037 0.20729166666666668 0.8081018518518519 0.20455729166666667 0.8032407407407407 0.20403645833333334 0.8013888888888889 0.20403645833333334 0.799074074074074 0.20377604166666666 0.7986111111111112 0.20377604166666666 0.7939814814814815 0.204296875 0.7912037037037037 0.20546875 0.7891203703703704 0.20677083333333332 0.7900462962962963 0.20807291666666666 0.7914351851851852 0.20872395833333332 0.7930555555555555 0.21067708333333332 0.7965277777777777 0.21276041666666667 0.7983796296296296 0.2140625 0.7979166666666667 0.21588541666666666 0.7979166666666667 0.21614583333333334 0.7974537037037037 0.21796875 0.7974537037037037 0.21822916666666667 0.7969907407407407 0.21979166666666666 0.7969907407407407 0.22005208333333334 0.7965277777777777 0.22135416666666666 0.7965277777777777 0.22161458333333334 0.7960648148148148 0.22291666666666668 0.7960648148148148 0.22317708333333333 0.7956018518518518 0.22447916666666667 0.7956018518518518 0.22473958333333333 0.7951388888888888 0.22630208333333332 0.7951388888888888 0.2265625 0.794675925925926 0.228125 0.794675925925926 0.22838541666666667 0.794212962962963 0.22994791666666667 0.794212962962963 0.23020833333333332 0.79375 0.23203125 0.79375 0.23229166666666667 0.7932870370370371 0.23359375 0.7932870370370371 0.23385416666666667 0.7928240740740741 0.23541666666666666 0.7928240740740741 0.23567708333333334 0.7923611111111111 0.23697916666666666 0.7923611111111111 0.23723958333333334 0.7918981481481482 0.23854166666666668 0.7918981481481482 0.23880208333333333 0.7914351851851852 0.24010416666666667 0.7914351851851852 0.24036458333333333 0.7909722222222222 0.24244791666666668 0.7909722222222222 0.24270833333333333 0.7905092592592593 0.24453125 0.7905092592592593 0.24609375 0.7895833333333333 0.24739583333333334 0.7895833333333333 0.24765625 0.7891203703703704 0.24895833333333334 0.7891203703703704 0.24921875 0.7886574074074074 0.25078125 0.7886574074074074 0.25104166666666666 0.7881944444444444 0.25286458333333334 0.7881944444444444 0.253125 0.7877314814814815 0.25494791666666666 0.7877314814814815 0.2552083333333333 0.7872685185185185 0.25677083333333334 0.7872685185185185 0.25703125 0.7868055555555555 0.25885416666666666 0.7868055555555555 0.2591145833333333 0.7863425925925925 0.2609375 0.7863425925925925 0.26119791666666664 0.7858796296296297 0.2625 0.7858796296296297 0.26276041666666666 0.7854166666666667 0.2640625 0.7854166666666667 0.2643229166666667 0.7849537037037037 0.26588541666666665 0.7849537037037037 0.2674479166666667 0.7840277777777778 0.26875 0.7840277777777778 0.26901041666666664 0.7835648148148148 0.2703125 0.7835648148148148 0.27057291666666666 0.7831018518518519 0.2721354166666667 0.7831018518518519 0.27239583333333334 0.7826388888888889 0.27369791666666665 0.7826388888888889 0.27395833333333336 0.7821759259259259 0.2752604166666667 0.7821759259259259 0.2755208333333333 0.781712962962963 0.27682291666666664 0.781712962962963 0.27708333333333335 0.78125 0.27890625 0.78125 0.2791666666666667 0.780787037037037 0.28072916666666664 0.780787037037037 0.28098958333333335 0.7803240740740741 0.28229166666666666 0.7803240740740741 0.2825520833333333 0.7798611111111111 0.28411458333333334 0.7798611111111111 0.28567708333333336 0.7789351851851852 0.2869791666666667 0.7789351851851852 0.2872395833333333 0.7784722222222222 0.2890625 0.7784722222222222 0.28932291666666665 0.7780092592592592 0.2911458333333333 0.7780092592592592 0.29270833333333335 0.7770833333333333 0.2950520833333333 0.7766203703703703 0.2953125 0.7761574074074075 0.29765625 0.7761574074074075 0.29791666666666666 0.7756944444444445 0.29973958333333334 0.7756944444444445 0.3 0.7752314814814815 0.30130208333333336 0.7752314814814815 0.3015625 0.7747685185185185 0.3033854166666667 0.7747685185185185 0.30364583333333334 0.7743055555555556 0.30494791666666665 0.7743055555555556 0.30520833333333336 0.7738425925925926 0.3067708333333333 0.7738425925925926 0.30703125 0.7733796296296296 0.30859375 0.7733796296296296 0.30885416666666665 0.7729166666666667 0.3104166666666667 0.7729166666666667 0.3106770833333333 0.7724537037037037 0.31197916666666664 0.7724537037037037 0.31223958333333335 0.7719907407407407 0.3138020833333333 0.7719907407407407 0.3140625 0.7715277777777778 0.31536458333333334 0.7715277777777778 0.315625 0.7710648148148148 0.31692708333333336 0.7710648148148148 0.3171875 0.7706018518518518 0.3184895833333333 0.7706018518518518 0.31875 0.7701388888888889 0.3203125 0.7701388888888889 0.32057291666666665 0.7696759259259259 0.3221354166666667 0.7696759259259259 0.3223958333333333 0.7692129629629629 0.32395833333333335 0.7692129629629629 0.32421875 0.76875 0.32578125 0.76875 0.3260416666666667 0.768287037037037 0.32734375 0.768287037037037 0.32760416666666664 0.767824074074074 0.32890625 0.767824074074074 0.32916666666666666 0.7673611111111112 0.33098958333333334 0.7673611111111112 0.33125 0.7668981481481482 0.3328125 0.7668981481481482 0.33307291666666666 0.7664351851851852 0.3346354166666667 0.7664351851851852 0.33489583333333334 0.7659722222222223 0.33697916666666666 0.7659722222222223 0.3372395833333333 0.7655092592592593 0.33880208333333334 0.7655092592592593 0.3390625 0.7650462962962963 0.340625 0.7650462962962963 0.34088541666666666 0.7645833333333333 0.3424479166666667 0.7645833333333333 0.34270833333333334 0.7641203703703704 0.34427083333333336 0.7641203703703704 0.34453125 0.7636574074074074 0.34609375 0.7636574074074074 0.3463541666666667 0.7631944444444444 0.34791666666666665 0.7631944444444444 0.34817708333333336 0.7627314814814815 0.35 0.7627314814814815 0.3502604166666667 0.7622685185185185 0.35208333333333336 0.7622685185185185 0.35234375 0.7618055555555555 0.35390625 0.7618055555555555 0.3541666666666667 0.7613425925925926 0.35598958333333336 0.7613425925925926 0.3572916666666667 0.7608796296296296 0.35911458333333335 0.7594907407407407 0.3606770833333333 0.7576388888888889 0.36236979166666666 0.7546296296296297 0.3631510416666667 0.7527777777777778 0.36419270833333334 0.7476851851851852 0.364453125 0.7472222222222222 0.364453125 0.7449074074074075 0.36471354166666664 0.7444444444444445 0.36471354166666664 0.7416666666666667 0.36497395833333335 0.7412037037037037 0.36497395833333335 0.7384259259259259 0.365234375 0.7361111111111112 0.36575520833333336 0.7337962962962963 0.36575520833333336 0.7314814814814815 0.366015625 0.7310185185185185 0.366015625 0.7277777777777777 0.36627604166666666 0.7273148148148149 0.36627604166666666 0.7240740740740741 0.3665364583333333 0.7236111111111111 0.3665364583333333 0.7194444444444444 0.366796875 0.7189814814814814 0.366796875 0.7148148148148148 0.3670572916666667 0.7143518518518519 0.3670572916666667 0.7101851851851851 0.3673177083333333 0.7097222222222223 0.3673177083333333 0.7060185185185185 0.367578125 0.7055555555555556 0.367578125 0.7018518518518518 0.3678385416666667 0.7013888888888888 0.3678385416666667 0.6972222222222222 0.36809895833333334 0.6967592592592593 0.36809895833333334 0.6939814814814815 0.368359375 0.6935185185185185 0.368359375 0.6907407407407408 0.36861979166666664 0.6902777777777778 0.36861979166666664 0.687962962962963 0.36888020833333335 0.6875 0.36888020833333335 0.6842592592592592 0.369140625 0.6837962962962963 0.369140625 0.6800925925925926 0.36940104166666665 0.6796296296296296 0.36940104166666665 0.6759259259259259 0.36966145833333336 0.6754629629629629 0.36966145833333336 0.6722222222222223 0.369921875 0.6717592592592593 0.369921875 0.6689814814814815 0.37018229166666666 0.6685185185185185 0.37018229166666666 0.6657407407407407 0.3704427083333333 0.6652777777777777 0.3704427083333333 0.6625 0.370703125 0.6620370370370371 0.370703125 0.6597222222222222 0.3709635416666667 0.6592592592592592 0.3709635416666667 0.6564814814814814 0.3712239583333333 0.6560185185185186 0.3712239583333333 0.6527777777777778 0.371484375 0.6523148148148148 0.371484375 0.649537037037037 0.3717447916666667 0.649074074074074 0.3717447916666667 0.6467592592592593 0.37200520833333334 0.6462962962962963 0.37200520833333334 0.6435185185185185 0.372265625 0.6430555555555556 0.372265625 0.6398148148148148 0.37252604166666664 0.6393518518518518 0.37252604166666664 0.6370370370370371 0.37278645833333335 0.6365740740740741 0.37278645833333335 0.6337962962962963 0.373046875 0.6333333333333333 0.373046875 0.6305555555555555 0.37330729166666665 0.6300925925925925 0.37330729166666665 0.6263888888888889 0.37356770833333336 0.6259259259259259 0.37356770833333336 0.6226851851851852 0.373828125 0.6222222222222222 0.373828125 0.6194444444444445 0.37408854166666666 0.6189814814814815 0.37408854166666666 0.6162037037037037 0.3743489583333333 0.6157407407407407 0.3743489583333333 0.611574074074074 0.374609375 0.6111111111111112 0.374609375 0.6046296296296296 0.3748697916666667 0.6041666666666666 0.3748697916666667 0.5995370370370371 0.374609375 0.5990740740740741 0.37408854166666666 0.5949074074074074 0.37356770833333336 0.5935185185185186 0.37330729166666665 0.5893518518518519 0.37278645833333335 0.5875 0.37395833333333334 0.5858796296296296 0.37526041666666665 0.5854166666666667 0.3765625 0.5854166666666667 0.3770833333333333 0.5858796296296296 0.37864583333333335 0.5886574074074075 0.38033854166666664 0.5902777777777778 0.38138020833333336 0.5925925925925926 0.3821614583333333 0.5953703703703703 0.3834635416666667 0.5981481481481481 0.38528645833333336 0.6032407407407407 0.385546875 0.6046296296296296 0.3868489583333333 0.6069444444444444 0.387890625 0.6101851851851852 0.38841145833333335 0.6148148148148148 0.388671875 0.6152777777777778 0.38841145833333335 0.6175925925925926 0.38841145833333335 0.6263888888888889 0.38815104166666664 0.6268518518518519 0.38815104166666664 0.6319444444444444 0.387890625 0.6324074074074074 0.387890625 0.6356481481481482 0.38763020833333334 0.6361111111111111 0.38763020833333334 0.6388888888888888 0.3873697916666667 0.6393518518518518 0.3873697916666667 0.6425925925925926 0.387109375 0.6430555555555556 0.387109375 0.6462962962962963 0.3868489583333333 0.6467592592592593 0.3868489583333333 0.6504629629629629 0.3865885416666667 0.6509259259259259 0.3865885416666667 0.6550925925925926 0.386328125 0.6555555555555556 0.386328125 0.6597222222222222 0.3860677083333333 0.6601851851851852 0.3860677083333333 0.6638888888888889 0.38580729166666666 0.6643518518518519 0.38580729166666666 0.6675925925925926 0.385546875 0.6680555555555555 0.385546875 0.6722222222222223 0.38528645833333336 0.6726851851851852 0.38528645833333336 0.6768518518518518 0.38502604166666665 0.6773148148148148 0.38502604166666665 0.6800925925925926 0.384765625 0.6805555555555556 0.384765625 0.6847222222222222 0.38450520833333335 0.6851851851851852 0.38450520833333335 0.6912037037037037 0.38424479166666664 0.6916666666666667 0.38424479166666664 0.6949074074074074 0.383984375 0.6953703703703704 0.383984375 0.6986111111111111 0.38372395833333334 0.6990740740740741 0.38372395833333334 0.7023148148148148 0.3834635416666667 0.7027777777777777 0.3834635416666667 0.7060185185185185 0.383203125 0.7064814814814815 0.383203125 0.7101851851851851 0.3829427083333333 0.7106481481481481 0.3829427083333333 0.7143518518518519 0.3826822916666667 0.7148148148148148 0.3826822916666667 0.7180555555555556 0.382421875 0.7185185185185186 0.382421875 0.7222222222222222 0.3821614583333333 0.7226851851851852 0.3821614583333333 0.7263888888888889 0.38190104166666666 0.7268518518518519 0.38190104166666666 0.7291666666666666 0.381640625 0.7296296296296296 0.381640625 0.7333333333333333 0.38138020833333336 0.7337962962962963 0.38138020833333336 0.737037037037037 0.38111979166666665 0.7375 0.38111979166666665 0.7402777777777778 0.380859375 0.7407407407407407 0.380859375 0.7439814814814815 0.38059895833333335 0.7444444444444445 0.38059895833333335 0.7490740740740741 0.38033854166666664 0.749537037037037 0.38033854166666664 0.7541666666666667 0.380078125 0.7546296296296297 0.380078125 0.7606481481481482 0.37981770833333334 0.7611111111111111 0.37981770833333334 0.763425925925926 0.3795572916666667 0.7638888888888888 0.3795572916666667 0.7666666666666667 0.379296875 0.7671296296296296 0.379296875 0.7694444444444445 0.3790364583333333 0.7699074074074074 0.3787760416666667 0.7736111111111111 0.37747395833333336 0.7777777777777778 0.37473958333333335 0.7826388888888889 0.3734375 0.7844907407407408 0.3723958333333333 0.7854166666666667 0.37161458333333336 0.7854166666666667 0.3690104166666667 0.7872685185185185 0.36744791666666665 0.7872685185185185 0.3671875 0.7877314814814815 0.3653645833333333 0.7877314814814815 0.3651041666666667 0.7881944444444444 0.36380208333333336 0.7881944444444444 0.36223958333333334 0.7891203703703704 0.3606770833333333 0.7891203703703704 0.36041666666666666 0.7895833333333333 0.35885416666666664 0.7895833333333333 0.35859375 0.7900462962962963 0.35703125 0.7900462962962963 0.3567708333333333 0.7905092592592593 0.35520833333333335 0.7905092592592593 0.35494791666666664 0.7909722222222222 0.353125 0.7909722222222222 0.3528645833333333 0.7914351851851852 0.35130208333333335 0.7914351851851852 0.35104166666666664 0.7918981481481482 0.3494791666666667 0.7918981481481482 0.34921875 0.7923611111111111 0.34765625 0.7923611111111111 0.34739583333333335 0.7928240740740741 0.34609375 0.7928240740740741 0.3458333333333333 0.7932870370370371 0.34453125 0.7932870370370371 0.34427083333333336 0.79375 0.34296875 0.79375 0.34270833333333334 0.794212962962963 0.34088541666666666 0.794212962962963 0.340625 0.794675925925926 0.33828125 0.794675925925926 0.3380208333333333 0.7951388888888888 0.33671875 0.7951388888888888 0.33515625 0.7960648148148148 0.33359375 0.7960648148148148 0.3333333333333333 0.7965277777777777 0.33177083333333335 0.7965277777777777 0.3302083333333333 0.7974537037037037 0.32864583333333336 0.7974537037037037 0.32838541666666665 0.7979166666666667 0.3265625 0.7979166666666667 0.3263020833333333 0.7983796296296296 0.325 0.7983796296296296 0.32473958333333336 0.7988425925925926 0.32317708333333334 0.7988425925925926 0.3229166666666667 0.7993055555555556 0.3216145833333333 0.7993055555555556 0.32135416666666666 0.7997685185185185 0.31979166666666664 0.7997685185185185 0.31953125 0.8002314814814815 0.31796875 0.8002314814814815 0.3177083333333333 0.8006944444444445 0.31640625 0.8006944444444445 0.31614583333333335 0.8011574074074074 0.3145833333333333 0.8011574074074074 0.3143229166666667 0.8016203703703704 0.31223958333333335 0.8016203703703704 0.31197916666666664 0.8020833333333334 0.3104166666666667 0.8020833333333334 0.31015625 0.8025462962962963 0.30885416666666665 0.8025462962962963 0.30859375 0.8030092592592593 0.30703125 0.8030092592592593 0.3067708333333333 0.8034722222222223 0.30520833333333336 0.8034722222222223 0.30494791666666665 0.8039351851851851 0.3033854166666667 0.8039351851851851 0.303125 0.8043981481481481 0.3015625 0.8043981481481481 0.30130208333333336 0.8048611111111111 0.29973958333333334 0.8048611111111111 0.2994791666666667 0.805324074074074 0.29791666666666666 0.805324074074074 0.29765625 0.805787037037037 0.29609375 0.805787037037037 0.29583333333333334 0.80625 0.29453125 0.80625 0.2942708333333333 0.8067129629629629 0.29270833333333335 0.8067129629629629 0.29244791666666664 0.8071759259259259 0.2911458333333333 0.8071759259259259 0.28958333333333336 0.8081018518518519 0.28828125 0.8081018518518519 0.28802083333333334 0.8085648148148148 0.2864583333333333 0.8085648148148148 0.28619791666666666 0.8090277777777778 0.28411458333333334 0.8090277777777778 0.2838541666666667 0.8094907407407408 0.2825520833333333 0.8094907407407408 0.28229166666666666 0.8099537037037037 0.28046875 0.8099537037037037 0.28020833333333334 0.8104166666666667 0.27890625 0.8104166666666667 0.2786458333333333 0.8108796296296297 0.2765625 0.8108796296296297 0.27630208333333334 0.8113425925925926 0.275 0.8113425925925926 0.2747395833333333 0.8118055555555556 0.2734375 0.8118055555555556 0.271875 0.8127314814814814 0.27057291666666666 0.8127314814814814 0.2703125 0.8131944444444444 0.26901041666666664 0.8131944444444444 0.26875 0.8136574074074074 0.2674479166666667 0.8136574074074074 0.2671875 0.8141203703703703 0.26510416666666664 0.8141203703703703 0.26484375 0.8145833333333333 0.26328125 0.8145833333333333 0.2630208333333333 0.8150462962962963 0.2609375 0.8150462962962963 0.26067708333333334 0.8155092592592592 0.2591145833333333 0.8155092592592592 0.2578125 0.8164351851851852 0.2565104166666667 0.8168981481481481 0.25494791666666666 0.8168981481481481 0.2546875 0.8173611111111111 0.25338541666666664 0.8173611111111111 0.253125 0.8178240740740741 0.2518229166666667 0.8178240740740741 0.2515625 0.8182870370370371 0.24921875 0.8182870370370371 0.24895833333333334 0.81875 0.246875 0.81875 0.24661458333333333 0.819212962962963 0.24453125 0.819212962962963 0.24427083333333333 0.819675925925926 0.24296875 0.819675925925926 0.24270833333333333 0.8201388888888889 0.24140625 0.8201388888888889 0.23984375 0.8210648148148149 0.23828125 0.8210648148148149 0.23802083333333332 0.8215277777777777 0.23671875 0.8215277777777777 0.23645833333333333 0.8219907407407407 0.23463541666666668 0.8219907407407407 0.234375 0.8224537037037037 0.23255208333333333 0.8224537037037037 0.23229166666666667 0.8229166666666666 0.23098958333333333 0.8229166666666666 0.23072916666666668 0.8233796296296296 0.22942708333333334 0.8233796296296296 0.22916666666666666 0.8238425925925926
4 0.10032552083333333 0.7504629629629629 0.20065104166666667 0.3671296296296297 0.0 0.756712962962963 0.0013020833333333333 0.756712962962963 0.0016927083333333334 0.7560185185185185 0.0024739583333333332 0.7532407407407408 0.0024739583333333332 0.7518518518518519 0.002994791666666667 0.749537037037037 0.004296875 0.7462962962962963 0.005078125 0.7449074074074075 0.006119791666666667 0.7412037037037037 0.006119791666666667 0.7402777777777778 0.008203125 0.7342592592592593 0.009244791666666667 0.7319444444444444 0.011067708333333334 0.725 0.012109375 0.7222222222222222 0.013671875 0.7194444444444444 0.014192708333333333 0.7180555555555556 0.014453125 0.7157407407407408 0.016276041666666668 0.7097222222222223 0.018098958333333335 0.7060185185185185 0.018619791666666666 0.7032407407407407 0.019401041666666667 0.700462962962963 0.021484375 0.6953703703703704 0.022005208333333335 0.6930555555555555 0.023828125 0.687037037037037 0.024609375 0.6856481481481481 0.025911458333333335 0.6824074074074075 0.026432291666666666 0.6800925925925926 0.027473958333333333 0.6777777777777778 0.028776041666666665 0.6736111111111112 0.029817708333333335 0.6712962962962963 0.030078125 0.6699074074074074 0.031119791666666667 0.6675925925925926 0.03268229166666667 0.662962962962963 0.03372395833333333 0.6606481481481481 0.034765625 0.6569444444444444 0.03502604166666667 0.6550925925925926 0.035807291666666664 0.6527777777777778 0.037369791666666666 0.649074074074074 0.037890625 0.6467592592592593 0.03919270833333333 0.6439814814814815 0.039713541666666664 0.6421296296296296 0.04049479166666667 0.6407407407407407 0.040755208333333334 0.6393518518518518 0.041796875 0.6370370370370371 0.04283854166666667 0.6337962962962963 0.04309895833333333 0.6324074074074074 0.044661458333333334 0.6287037037037037 0.046223958333333336 0.6236111111111111 0.04778645833333333 0.6203703703703703 0.04778645833333333 0.6199074074074075 0.050130208333333336 0.6134259259259259 0.050390625 0.612037037037037 0.051432291666666664 0.6092592592592593 0.052473958333333334 0.6074074074074074 0.054296875 0.6018518518518519 0.05455729166666667 0.600462962962963 0.05625 0.5974537037037037 0.05703125 0.5965277777777778 0.06041666666666667 0.59375 0.06276041666666667 0.5928240740740741 0.06380208333333333 0.5918981481481481 0.06458333333333334 0.5918981481481481 0.065625 0.5909722222222222 0.06822916666666666 0.5900462962962963 0.06979166666666667 0.5900462962962963 0.07005208333333333 0.5895833333333333 0.07161458333333333 0.5895833333333333 0.071875 0.5891203703703703 0.0734375 0.5891203703703703 0.07369791666666667 0.5886574074074075 0.07526041666666666 0.5886574074074075 0.07552083333333333 0.5881944444444445 0.07734375 0.5881944444444445 0.07760416666666667 0.5877314814814815 0.0796875 0.5877314814814815 0.08125 0.5868055555555556 0.08359375 0.5863425925925926 0.08515625 0.5849537037037037 0.0859375 0.5849537037037037 0.08723958333333333 0.5840277777777778 0.08854166666666667 0.5840277777777778 0.08880208333333334 0.5835648148148148 0.09036458333333333 0.5835648148148148 0.090625 0.5831018518518518 0.0921875 0.5831018518518518 0.09244791666666667 0.5826388888888889 0.0953125 0.5826388888888889 0.09557291666666666 0.5821759259259259 0.09713541666666667 0.5821759259259259 0.09739583333333333 0.5817129629629629 0.09921875 0.5817129629629629 0.09947916666666666 0.58125 0.1015625 0.58125 0.10182291666666667 0.580787037037037 0.1046875 0.580787037037037 0.10494791666666667 0.580324074074074 0.10703125 0.580324074074074 0.11015625 0.5784722222222223 0.11145833333333334 0.5784722222222223 0.11171875 0.5780092592592593 0.1140625 0.5775462962962963 0.11640625 0.5761574074074074 0.11822916666666666 0.5756944444444444 0.11848958333333333 0.5752314814814815 0.11979166666666667 0.5752314814814815 0.12005208333333334 0.5747685185185185 0.12239583333333333 0.5747685185185185 0.12265625 0.5743055555555555 0.12473958333333333 0.5743055555555555 0.125 0.5738425925925926 0.1265625 0.5738425925925926 0.12682291666666667 0.5733796296296296 0.128125 0.5733796296296296 0.12838541666666667 0.5729166666666666 0.1296875 0.5729166666666666 0.13255208333333332 0.5715277777777777 0.13385416666666666 0.5715277777777777 0.13411458333333334 0.5710648148148149 0.13567708333333334 0.5710648148148149 0.1359375 0.5706018518518519 0.13723958333333333 0.5706018518518519 0.1375 0.5701388888888889 0.13880208333333333 0.5701388888888889 0.1390625 0.569675925925926 0.14036458333333332 0.569675925925926 0.14192708333333334 0.56875 0.14322916666666666 0.56875 0.14348958333333334 0.5682870370370371 0.14505208333333333 0.5682870370370371 0.1453125 0.5678240740740741 0.146875 0.5678240740740741 0.14713541666666666 0.5673611111111111 0.14869791666666668 0.5673611111111111 0.14895833333333333 0.5668981481481481 0.15286458333333333 0.5668981481481481 0.15494791666666666 0.5678240740740741 0.15625 0.569212962962963 0.15846354166666668 0.5722222222222222 0.158984375 0.5736111111111111 0.15872395833333333 0.575925925925926 0.15872395833333333 0.5787037037037037 0.15846354166666668 0.5796296296296296 0.15572916666666667 0.5844907407407407 0.15546875 0.5844907407407407 0.15377604166666667 0.5875 0.152734375 0.5916666666666667 0.15169270833333334 0.5939814814814814 0.151171875 0.5967592592592592 0.15065104166666668 0.5981481481481481 0.15065104166666668 0.6023148148148149 0.151171875 0.6037037037037037 0.15169270833333334 0.6064814814814815 0.153515625 0.6097222222222223 0.154296875 0.612037037037037 0.155859375 0.6148148148148148 0.157421875 0.6189814814814815 0.15768229166666667 0.6217592592592592 0.15638020833333333 0.624537037037037 0.15638020833333333 0.625 0.15403645833333332 0.6291666666666667 0.15325520833333334 0.6319444444444444 0.152734375 0.6361111111111111 0.15221354166666667 0.6388888888888888 0.15065104166666668 0.6444444444444445 0.15065104166666668 0.6453703703703704 0.14986979166666667 0.6476851851851851 0.149609375 0.6504629629629629 0.14908854166666666 0.6527777777777778 0.14596354166666667 0.6615740740740741 0.14544270833333334 0.6638888888888889 0.14518229166666666 0.6662037037037037 0.14388020833333334 0.6703703703703704 0.14361979166666666 0.6726851851851852 0.142578125 0.6768518518518518 0.141796875 0.6791666666666667 0.141796875 0.6805555555555556 0.14127604166666666 0.6833333333333333 0.140234375 0.687037037037037 0.138671875 0.6898148148148148 0.13815104166666667 0.6912037037037037 0.13763020833333334 0.6944444444444444 0.137109375 0.6962962962962963 0.137109375 0.6976851851851852 0.13658854166666667 0.6995370370370371 0.13658854166666667 0.700925925925926 0.13580729166666666 0.7032407407407407 0.13528645833333333 0.7060185185185185 0.13528645833333333 0.7087962962962963 0.13502604166666668 0.7111111111111111 0.13528645833333333 0.7125 0.13658854166666667 0.7148148148148148 0.13736979166666666 0.7171296296296297 0.1390625 0.7196759259259259 0.14088541666666668 0.7210648148148148 0.14244791666666667 0.7229166666666667 0.14388020833333334 0.725462962962963 0.14440104166666667 0.7277777777777777 0.14557291666666666 0.7298611111111111 0.14609375 0.7298611111111111 0.1484375 0.732175925925926 0.15104166666666666 0.7340277777777777 0.15260416666666668 0.7354166666666667 0.15338541666666666 0.7354166666666667 0.15572916666666667 0.7372685185185185 0.15703125 0.7386574074074074 0.15989583333333332 0.742824074074074 0.16119791666666666 0.74375 0.16302083333333334 0.7460648148148148 0.16484375 0.7474537037037037 0.16640625 0.7479166666666667 0.16927083333333334 0.7502314814814814 0.17213541666666668 0.7539351851851852 0.1734375 0.75625 0.17526041666666667 0.7581018518518519 0.17604166666666668 0.7594907407407407 0.17760416666666667 0.7613425925925926 0.178125 0.7613425925925926 0.17942708333333332 0.7627314814814815 0.18072916666666666 0.7636574074074074 0.18203125 0.7641203703703704 0.18411458333333333 0.7664351851851852 0.18515625 0.768287037037037 0.18671875 0.7692129629629629 0.18841145833333334 0.7717592592592593 0.18932291666666667 0.7738425925925926 0.19088541666666667 0.7752314814814815 0.19270833333333334 0.7756944444444445 0.19401041666666666 0.7766203703703703 0.19557291666666668 0.7784722222222222 0.19635416666666666 0.7789351851851852 0.19856770833333334 0.7828703703703703 0.19934895833333333 0.7851851851851852 0.200390625 0.7870370370370371 0.20065104166666667 0.7893518518518519 0.200390625 0.7898148148148149 0.200390625 0.7939814814814815 0.199609375 0.7986111111111112 0.19856770833333334 0.8027777777777778 0.19856770833333334 0.8037037037037037 0.19752604166666668 0.8074074074074075 0.197265625 0.8097222222222222 0.195703125 0.8171296296296297 0.19466145833333334 0.8203703703703704 0.19440104166666666 0.8226851851851852 0.19388020833333333 0.8245370370370371 0.19388020833333333 0.825925925925926 0.19283854166666667 0.8296296296296296 0.19283854166666667 0.8305555555555556 0.19205729166666666 0.8328703703703704 0.191796875 0.8356481481481481 0.19153645833333333 0.8361111111111111 0.190234375 0.8430555555555556 0.190234375 0.8439814814814814 0.18841145833333334 0.85 0.18841145833333334 0.850925925925926 0.18658854166666666 0.8592592592592593 0.186328125 0.8625 0.18606770833333333 0.8629629629629629 0.18580729166666668 0.8662037037037037 0.185546875 0.8666666666666667 0.18502604166666667 0.8717592592592592 0.18424479166666666 0.8736111111111111 0.183984375 0.875462962962963 0.183203125 0.8787037037037037 0.18268229166666666 0.8837962962962963 0.18216145833333333 0.8865740740740741 0.18111979166666667 0.8898148148148148 0.18033854166666666 0.8949074074074074 0.17903645833333334 0.9 0.17708333333333334 0.9043981481481481 0.17682291666666666 0.9043981481481481 0.17447916666666666 0.9081018518518519 0.17005208333333333 0.9122685185185185 0.16901041666666666 0.9127314814814815 0.16744791666666667 0.9127314814814815 0.1671875 0.9131944444444444 0.16588541666666667 0.9131944444444444 0.16458333333333333 0.9141203703703704 0.16328125 0.9141203703703704 0.16302083333333334 0.9145833333333333 0.16145833333333334 0.9145833333333333 0.16119791666666666 0.9150462962962963 0.15885416666666666 0.9150462962962963 0.15859375 0.9155092592592593 0.15729166666666666 0.9155092592592593 0.15703125 0.9159722222222222 0.15572916666666667 0.9159722222222222 0.15546875 0.9164351851851852 0.15416666666666667 0.9164351851851852 0.15390625 0.9168981481481482 0.15208333333333332 0.9168981481481482 0.15182291666666667 0.9173611111111111 0.15 0.9173611111111111 0.14973958333333334 0.9178240740740741 0.1484375 0.9178240740740741 0.146875 0.91875 0.14453125 0.91875 0.14427083333333332 0.919212962962963 0.14192708333333334 0.919212962962963 0.14166666666666666 0.919675925925926 0.14036458333333332 0.919675925925926 0.13880208333333333 0.9206018518518518 0.1375 0.9206018518518518 0.13723958333333333 0.9210648148148148 0.1359375 0.9210648148148148 0.13567708333333334 0.9215277777777777 0.134375 0.9215277777777777 0.13411458333333334 0.9219907407407407 0.13255208333333332 0.9219907407407407 0.13229166666666667 0.9224537037037037 0.13098958333333333 0.9224537037037037 0.13072916666666667 0.9229166666666667 0.12916666666666668 0.9229166666666667 0.12890625 0.9233796296296296 0.12734375 0.9233796296296296 0.12708333333333333 0.9238425925925926 0.12552083333333333 0.9238425925925926 0.12526041666666668 0.9243055555555556 0.12369791666666667 0.9243055555555556 0.1234375 0.9247685185185185 0.121875 0.9247685185185185 0.12161458333333333 0.9252314814814815 0.1203125 0.9252314814814815 0.12005208333333334 0.9256944444444445 0.11875 0.9256944444444445 0.11848958333333333 0.9261574074074074 0.11588541666666667 0.9261574074074074 0.115625 0.9266203703703704 0.11380208333333333 0.9266203703703704 0.11354166666666667 0.9270833333333334 0.11171875 0.9270833333333334 0.11145833333333334 0.9275462962962963 0.11015625 0.9275462962962963 0.10989583333333333 0.9280092592592593 0.1078125 0.9280092592592593 0.10755208333333334 0.9284722222222223 0.10572916666666667 0.9284722222222223 0.10546875 0.9289351851851851 0.10364583333333334 0.9289351851851851 0.10338541666666666 0.9293981481481481 0.10182291666666667 0.9293981481481481 0.1015625 0.9298611111111111 0.10026041666666667 0.9298611111111111 0.1 0.930324074074074 0.0984375 0.930324074074074 0.09817708333333333 0.930787037037037 0.09661458333333334 0.930787037037037 0.09635416666666667 0.93125 0.09453125 0.93125 0.09427083333333333 0.9317129629629629 0.09270833333333334 0.9317129629629629 0.09244791666666667 0.9321759259259259 0.09010416666666667 0.9321759259259259 0.08984375 0.9326388888888889 0.08776041666666666 0.9326388888888889 0.0875 0.9331018518518519 0.08541666666666667 0.9331018518518519 0.08515625 0.9335648148148148 0.08229166666666667 0.9335648148148148 0.08203125 0.9340277777777778 0.07942708333333333 0.9340277777777778 0.07916666666666666 0.9335648148148148 0.07760416666666667 0.9335648148148148 0.07734375 0.9331018518518519 0.07604166666666666 0.9331018518518519 0.07578125 0.9326388888888889 0.07369791666666667 0.9317129629629629 0.07265625 0.9317129629629629 0.07057291666666667 0.930324074074074 0.06979166666666667 0.930324074074074 0.06875 0.9293981481481481 0.06796875 0.9293981481481481 0.065625 0.9280092592592593 0.06458333333333334 0.9280092592592593 0.06276041666666667 0.9266203703703704 0.05963541666666667 0.9247685185185185 0.05755208333333333 0.9238425925925926 0.054947916666666666 0.9219907407407407 0.05260416666666667 0.9210648148148148 0.05 0.919212962962963 0.04921875 0.919212962962963 0.04739583333333333 0.9178240740740741 0.0453125 0.9173611111111111 0.042708333333333334 0.9164351851851852 0.04244791666666667 0.9159722222222222 0.04088541666666667 0.9155092592592593 0.03958333333333333 0.9141203703703704 0.0390625 0.9141203703703704 0.03802083333333333 0.9127314814814815 0.0375 0.9127314814814815 0.03619791666666667 0.9113425925925925 0.034895833333333334 0.9104166666666667 0.0328125 0.9094907407407408 0.031510416666666666 0.9081018518518519 0.0296875 0.9071759259259259 0.028385416666666666 0.905787037037037 0.026822916666666665 0.9048611111111111 0.024479166666666666 0.9039351851851852 0.0234375 0.9030092592592592 0.02265625 0.9030092592592592 0.021614583333333333 0.9020833333333333 0.020833333333333332 0.9020833333333333 0.01953125 0.9011574074074075 0.0171875 0.9002314814814815 0.014322916666666666 0.8979166666666667 0.01171875 0.8956018518518518 0.010416666666666666 0.8946759259259259 0.008854166666666666 0.8942129629629629 0.00546875 0.8918981481481482 0.004427083333333333 0.8909722222222223 0.003125 0.8905092592592593 0.0018229166666666667 0.8895833333333333 0.0 0.8895833333333333
12 0.26471354166666666 0.9438657407407407 0.20520833333333333 0.1113425925925926 0.163671875 0.999537037037037 0.162109375 0.9972222222222222 0.162109375 0.9944444444444445 0.16236979166666668 0.9939814814814815 0.16236979166666668 0.9916666666666667 0.16315104166666666 0.987037037037037 0.163671875 0.9851851851851852 0.16393229166666667 0.9824074074074074 0.16471354166666666 0.9800925925925926 0.16471354166666666 0.9791666666666666 0.166015625 0.9745370370370371 0.16627604166666668 0.9722222222222222 0.16809895833333333 0.9662037037037037 0.16888020833333334 0.961574074074074 0.16888020833333334 0.9601851851851851 0.16966145833333332 0.9574074074074074 0.17018229166666668 0.9537037037037037 0.170703125 0.9523148148148148 0.171484375 0.9472222222222222 0.17252604166666666 0.9439814814814815 0.17330729166666667 0.9402777777777778 0.17565104166666667 0.9361111111111111 0.17643229166666666 0.9333333333333333 0.17864583333333334 0.9293981481481481 0.17890625 0.9293981481481481 0.18098958333333334 0.9261574074074074 0.18255208333333334 0.9252314814814815 0.18333333333333332 0.9243055555555556 0.1859375 0.9229166666666667 0.1890625 0.9229166666666667 0.18932291666666667 0.9224537037037037 0.19088541666666667 0.9224537037037037 0.19244791666666666 0.9215277777777777 0.19401041666666666 0.9215277777777777 0.19427083333333334 0.9210648148148148 0.19609375 0.9210648148148148 0.19635416666666666 0.9206018518518518 0.19895833333333332 0.9206018518518518 0.19921875 0.9201388888888888 0.20130208333333333 0.9201388888888888 0.2015625 0.919675925925926 0.203125 0.919675925925926 0.20338541666666668 0.919212962962963 0.2046875 0.919212962962963 0.20494791666666667 0.91875 0.20703125 0.91875 0.20729166666666668 0.9182870370370371 0.20911458333333333 0.9182870370370371 0.209375 0.9178240740740741 0.21197916666666666 0.9178240740740741 0.21223958333333334 0.9173611111111111 0.2140625 0.9173611111111111 0.21432291666666667 0.9168981481481482 0.21588541666666666 0.9168981481481482 0.21614583333333334 0.9164351851851852 0.21744791666666666 0.9164351851851852 0.21901041666666668 0.9155092592592593 0.2203125 0.9155092592592593 0.22057291666666667 0.9150462962962963 0.22213541666666667 0.9150462962962963 0.22369791666666666 0.9141203703703704 0.225 0.9141203703703704 0.22526041666666666 0.9136574074074074 0.22760416666666666 0.9136574074074074 0.22786458333333334 0.9131944444444444 0.23020833333333332 0.9131944444444444 0.23046875 0.9127314814814815 0.23177083333333334 0.9127314814814815 0.23203125 0.9122685185185185 0.23333333333333334 0.9122685185185185 0.23359375 0.9118055555555555 0.2359375 0.9118055555555555 0.23619791666666667 0.9113425925925925 0.23854166666666668 0.9113425925925925 0.23880208333333333 0.9108796296296297 0.240625 0.9108796296296297 0.24088541666666666 0.9104166666666667 0.24296875 0.9104166666666667 0.24322916666666666 0.9099537037037037 0.2453125 0.9099537037037037 0.24557291666666667 0.9094907407407408 0.24713541666666666 0.9094907407407408 0.24739583333333334 0.9090277777777778 0.24921875 0.9090277777777778 0.24947916666666667 0.9085648148148148 0.2515625 0.9085648148148148 0.2518229166666667 0.9081018518518519 0.25338541666666664 0.9081018518518519 0.25625 0.906712962962963 0.2591145833333333 0.906712962962963 0.259375 0.90625 0.26145833333333335 0.90625 0.26171875 0.905787037037037 0.2630208333333333 0.905787037037037 0.26328125 0.9053240740740741 0.26510416666666664 0.9053240740740741 0.26536458333333335 0.9048611111111111 0.26796875 0.9048611111111111 0.2682291666666667 0.9043981481481481 0.27005208333333336 0.9043981481481481 0.2703125 0.9039351851851852 0.2721354166666667 0.9039351851851852 0.27239583333333334 0.9034722222222222 0.2747395833333333 0.9034722222222222 0.275 0.9030092592592592 0.27708333333333335 0.9030092592592592 0.27734375 0.9025462962962963 0.27890625 0.9025462962962963 0.2791666666666667 0.9020833333333333 0.28072916666666664 0.9020833333333333 0.28098958333333335 0.9016203703703703 0.2825520833333333 0.9016203703703703 0.2828125 0.9011574074074075 0.28463541666666664 0.9011574074074075 0.28489583333333335 0.9006944444444445 0.28671875 0.9006944444444445 0.2869791666666667 0.9002314814814815 0.28828125 0.9002314814814815 0.28854166666666664 0.8997685185185185 0.29010416666666666 0.8997685185185185 0.2903645833333333 0.8993055555555556 0.29270833333333335 0.8993055555555556 0.29296875 0.8988425925925926 0.2950520833333333 0.8988425925925926 0.2953125 0.8983796296296296 0.296875 0.8983796296296296 0.29713541666666665 0.8979166666666667 0.29921875 0.8979166666666667 0.2994791666666667 0.8974537037037037 0.3015625 0.8974537037037037 0.30182291666666666 0.8969907407407407 0.30442708333333335 0.8969907407407407 0.3046875 0.8965277777777778 0.30703125 0.8965277777777778 0.3072916666666667 0.8960648148148148 0.30911458333333336 0.8960648148148148 0.309375 0.8956018518518518 0.31171875 0.8956018518518518 0.31197916666666664 0.8951388888888889 0.3143229166666667 0.8951388888888889 0.3145833333333333 0.8946759259259259 0.31640625 0.8946759259259259 0.31666666666666665 0.8942129629629629 0.31796875 0.8942129629629629 0.3182291666666667 0.89375 0.31953125 0.89375 0.31979166666666664 0.893287037037037 0.32109375 0.893287037037037 0.32135416666666666 0.892824074074074 0.3234375 0.892824074074074 0.32369791666666664 0.8923611111111112 0.32578125 0.8923611111111112 0.3260416666666667 0.8918981481481482 0.328125 0.8918981481481482 0.32838541666666665 0.8914351851851852 0.3302083333333333 0.8914351851851852 0.33046875 0.8909722222222223 0.33255208333333336 0.8909722222222223 0.3328125 0.8905092592592593 0.3346354166666667 0.8905092592592593 0.33489583333333334 0.8900462962962963 0.3375 0.8900462962962963 0.3377604166666667 0.8895833333333333 0.33932291666666664 0.8895833333333333 0.33958333333333335 0.8891203703703704 0.3411458333333333 0.8891203703703704 0.34140625 0.8886574074074074 0.34375 0.8886574074074074 0.34401041666666665 0.8881944444444444 0.3484375 0.8881944444444444 0.34869791666666666 0.8886574074074074 0.35 0.8886574074074074 0.35078125 0.8895833333333333 0.35234375 0.8905092592592593 0.35546875 0.8942129629629629 0.3580729166666667 0.8969907407407407 0.3609375 0.9006944444444445 0.36223958333333334 0.9020833333333333 0.36354166666666665 0.9039351851851852 0.36497395833333335 0.9064814814814814 0.36575520833333336 0.9097222222222222 0.3670572916666667 0.9138888888888889 0.3673177083333333 0.9162037037037037 0.3673177083333333 0.925 0.3670572916666667 0.9254629629629629 0.3670572916666667 0.9324074074074075 0.366796875 0.9328703703703703 0.366796875 0.9361111111111111 0.3665364583333333 0.9365740740740741 0.3665364583333333 0.9393518518518519 0.36627604166666666 0.9398148148148148 0.36627604166666666 0.9435185185185185 0.366015625 0.9439814814814815 0.366015625 0.9476851851851852 0.36575520833333336 0.9481481481481482 0.36575520833333336 0.9550925925925926 0.36549479166666665 0.9555555555555556 0.36549479166666665 0.9578703703703704 0.365234375 0.9583333333333334 0.365234375 0.9606481481481481 0.36497395833333335 0.9611111111111111 0.36497395833333335 0.9643518518518519 0.36471354166666664 0.9648148148148148 0.36471354166666664 0.9671296296296297 0.364453125 0.9675925925925926 0.364453125 0.9712962962962963 0.36419270833333334 0.9717592592592592 0.36419270833333334 0.9768518518518519 0.3639322916666667 0.9773148148148149 0.3639322916666667 0.9819444444444444 0.3634114583333333 0.9837962962962963 0.3631510416666667 0.9861111111111112 0.3626302083333333 0.9875 0.362109375 0.9907407407407407 0.362109375 0.9953703703703703 0.36184895833333336 0.9967592592592592 0.3606770833333333 0.9988425925925926 0.3600260416666667 0.999537037037037
13 0.05227864583333333 0.611111111111111 0.10455729166666666 0.28379629629629627 0.0 0.46921296296296294 0.0018229166666666667 0.46921296296296294 0.0026041666666666665 0.46967592592592594 0.004427083333333333 0.47199074074074077 0.00546875 0.47291666666666665 0.0067708333333333336 0.47476851851851853 0.008072916666666667 0.47708333333333336 0.011458333333333333 0.480787037037037 0.0125 0.4826388888888889 0.015104166666666667 0.48541666666666666 0.01796875 0.4895833333333333 0.018229166666666668 0.4895833333333333 0.0203125 0.49236111111111114 0.021354166666666667 0.493287037037037 0.023697916666666666 0.49699074074074073 0.027604166666666666 0.5006944444444444 0.02890625 0.5025462962962963 0.029947916666666668 0.5034722222222222 0.03125 0.5053240740740741 0.03307291666666667 0.506712962962963 0.034895833333333334 0.5090277777777777 0.0359375 0.5108796296296296 0.03958333333333333 0.5141203703703704 0.040625 0.5155092592592593 0.0421875 0.518287037037037 0.04375 0.5196759259259259 0.04505208333333333 0.5215277777777778 0.04583333333333333 0.5219907407407407 0.05078125 0.5280092592592592 0.05234375 0.5293981481481481 0.05677083333333333 0.531712962962963 0.058854166666666666 0.5344907407407408 0.06067708333333333 0.5358796296296297 0.0625 0.5381944444444444 0.06458333333333334 0.5400462962962963 0.06640625 0.5423611111111111 0.0671875 0.5428240740740741 0.0703125 0.5469907407407407 0.071875 0.5483796296296296 0.07317708333333334 0.5502314814814815 0.07395833333333333 0.5506944444444445 0.07552083333333333 0.5534722222222223 0.07760416666666667 0.555324074074074 0.0796875 0.5576388888888889 0.0859375 0.5576388888888889 0.08619791666666667 0.5571759259259259 0.0890625 0.5571759259259259 0.08932291666666667 0.5567129629629629 0.0921875 0.5567129629629629 0.09427083333333333 0.5590277777777778 0.09453125 0.5590277777777778 0.09544270833333333 0.5611111111111111 0.096875 0.5636574074074074 0.09765625 0.5641203703703703 0.09947916666666666 0.5659722222222222 0.10130208333333333 0.569675925925926 0.10338541666666666 0.5715277777777777 0.10455729166666666 0.5736111111111111 0.10325520833333333 0.5773148148148148 0.10234375 0.5789351851851852 0.10104166666666667 0.5789351851851852 0.10078125 0.5793981481481482 0.09921875 0.5793981481481482 0.09895833333333333 0.5798611111111112 0.09635416666666667 0.5798611111111112 0.09609375 0.580324074074074 0.09453125 0.580324074074074 0.09427083333333333 0.580787037037037 0.090625 0.580787037037037 0.09036458333333333 0.58125 0.08723958333333333 0.58125 0.08385416666666666 0.5826388888888889 0.08359375 0.5831018518518518 0.08177083333333333 0.5835648148148148 0.08098958333333334 0.5844907407407407 0.07994791666666666 0.5849537037037037 0.07942708333333333 0.5858796296296296 0.07734375 0.5863425925925926 0.07708333333333334 0.5868055555555556 0.07578125 0.5868055555555556 0.07552083333333333 0.5872685185185185 0.07395833333333333 0.5872685185185185 0.07369791666666667 0.5877314814814815 0.07213541666666666 0.5877314814814815 0.071875 0.5881944444444445 0.07057291666666667 0.5881944444444445 0.0703125 0.5886574074074075 0.06901041666666667 0.5886574074074075 0.06875 0.5891203703703703 0.06692708333333333 0.5891203703703703 0.06666666666666667 0.5895833333333333 0.06536458333333334 0.5895833333333333 0.06510416666666667 0.5900462962962963 0.06276041666666667 0.5909722222222222 0.06171875 0.5918981481481481 0.059895833333333336 0.5928240740740741 0.05859375 0.594212962962963 0.05677083333333333 0.5956018518518519 0.05455729166666667 0.5995370370370371 0.05325520833333333 0.6032407407407407 0.05091145833333333 0.6074074074074074 0.050130208333333336 0.6101851851851852 0.048567708333333334 0.6138888888888889 0.04830729166666667 0.6152777777777778 0.047265625 0.6175925925925926 0.04700520833333333 0.6189814814814815 0.04440104166666667 0.6263888888888889 0.04388020833333333 0.6287037037037037 0.041796875 0.6337962962962963 0.039713541666666664 0.6402777777777777 0.03763020833333333 0.6462962962962963 0.036328125 0.6486111111111111 0.03528645833333333 0.6513888888888889 0.033984375 0.6564814814814814 0.03268229166666667 0.6592592592592592 0.03138020833333333 0.6625 0.030338541666666666 0.6662037037037037 0.029817708333333335 0.6694444444444444 0.027994791666666668 0.6736111111111112 0.026171875 0.6796296296296296 0.025130208333333334 0.6819444444444445 0.024348958333333334 0.6851851851851852 0.023307291666666667 0.6875 0.022786458333333332 0.6893518518518519 0.021223958333333334 0.6925925925925925 0.020442708333333334 0.6949074074074074 0.020182291666666668 0.6967592592592593 0.018098958333333335 0.7032407407407407 0.016015625 0.7078703703703704 0.013932291666666667 0.7152777777777778 0.012109375 0.7189814814814814 0.011328125 0.7212962962962963 0.009765625 0.7273148148148149 0.007682291666666666 0.7328703703703704 0.0069010416666666664 0.7361111111111112 0.006380208333333333 0.7375 0.006119791666666667 0.7393518518518518 0.004557291666666667 0.7425925925925926 0.0037760416666666667 0.7453703703703703 0.0032552083333333335 0.7462962962962963 0.0022135416666666666 0.750462962962963 0.0013020833333333333 0.7530092592592592 0.0 0.7530092592592592
8 0.8684244791666667 0.06886574074074074 0.2626302083333334 0.13773148148148148 0.9997395833333333 0.029861111111111113 0.9984375 0.029861111111111113 0.9977864583333333 0.03194444444444444 0.997265625 0.03518518518518519 0.997265625 0.0375 0.995703125 0.04351851851851852 0.9946614583333333 0.046296296296296294 0.9944010416666667 0.04861111111111111 0.9938802083333333 0.05 0.9936197916666667 0.052314814814814814 0.9928385416666666 0.05462962962962963 0.991796875 0.0587962962962963 0.991015625 0.06111111111111111 0.991015625 0.062037037037037036 0.990234375 0.06435185185185185 0.990234375 0.06527777777777778 0.9889322916666666 0.0699074074074074 0.9889322916666666 0.07083333333333333 0.9881510416666667 0.07361111111111111 0.9873697916666667 0.07546296296296297 0.9868489583333333 0.0787037037037037 0.985546875 0.08287037037037037 0.9845052083333333 0.08518518518518518 0.9834635416666667 0.08981481481481482 0.9819010416666667 0.09398148148148149 0.9819010416666667 0.09444444444444444 0.9799479166666667 0.09791666666666667 0.9783854166666667 0.09930555555555555 0.976953125 0.10185185185185185 0.976953125 0.10231481481481482 0.9744791666666667 0.10671296296296297 0.9734375 0.10810185185185185 0.96953125 0.11226851851851852 0.9690104166666667 0.11226851851851852 0.9674479166666666 0.11412037037037037 0.9645833333333333 0.11643518518518518 0.9627604166666667 0.11828703703703704 0.9609375 0.11921296296296297 0.9596354166666666 0.12060185185185185 0.9583333333333334 0.12152777777777778 0.95625 0.1224537037037037 0.95546875 0.12337962962962963 0.9528645833333333 0.12430555555555556 0.9513020833333333 0.12523148148148147 0.9411458333333333 0.12523148148148147 0.9408854166666667 0.12569444444444444 0.93359375 0.12569444444444444 0.9333333333333333 0.1261574074074074 0.91953125 0.1261574074074074 0.9192708333333334 0.12662037037037038 0.9104166666666667 0.12662037037037038 0.91015625 0.12708333333333333 0.9036458333333334 0.12708333333333333 0.9033854166666667 0.1275462962962963 0.8940104166666667 0.1275462962962963 0.89375 0.12800925925925927 0.8817708333333333 0.12800925925925927 0.8815104166666666 0.1284722222222222 0.8755208333333333 0.1284722222222222 0.8752604166666667 0.12893518518518518 0.8723958333333334 0.12893518518518518 0.8721354166666667 0.12939814814814815 0.8666666666666667 0.12939814814814815 0.86640625 0.12986111111111112 0.8604166666666667 0.12986111111111112 0.86015625 0.13032407407407406 0.8526041666666667 0.13032407407407406 0.85234375 0.13078703703703703 0.8479166666666667 0.13078703703703703 0.84765625 0.13125 0.8372395833333334 0.13125 0.8369791666666667 0.13171296296296298 0.834375 0.13171296296296298 0.8341145833333333 0.13217592592592592 0.828125 0.13217592592592592 0.8278645833333333 0.1326388888888889 0.82578125 0.1326388888888889 0.8255208333333334 0.13310185185185186 0.8197916666666667 0.13310185185185186 0.81953125 0.1335648148148148 0.8119791666666667 0.1335648148148148 0.81171875 0.13402777777777777 0.80546875 0.13402777777777777 0.8052083333333333 0.13449074074074074 0.7986979166666667 0.13449074074074074 0.7984375 0.13495370370370371 0.7947916666666667 0.13495370370370371 0.79453125 0.13541666666666666 0.7893229166666667 0.13541666666666666 0.7890625 0.13587962962962963 0.78203125 0.13587962962962963 0.7817708333333333 0.1363425925925926 0.7765625 0.1363425925925926 0.7763020833333333 0.13680555555555557 0.7666666666666667 0.13680555555555557 0.76640625 0.1372685185185185 0.7591145833333334 0.1372685185185185 0.7588541666666667 0.13773148148148148 0.75234375 0.13773148148148148 0.7520833333333333 0.1372685185185185 0.7486979166666666 0.13587962962962963 0.7453125 0.1326388888888889 0.7434895833333334 0.13125 0.7423177083333333 0.12916666666666668 0.7412760416666667 0.12638888888888888 0.7389322916666666 0.12222222222222222 0.7381510416666667 0.11898148148148148 0.7376302083333334 0.11481481481481481 0.7373697916666667 0.11435185185185186 0.7373697916666667 0.10925925925925926 0.737109375 0.1087962962962963 0.7373697916666667 0.10648148148148148 0.7373697916666667 0.10277777777777777 0.7376302083333334 0.10231481481481482 0.7376302083333334 0.09907407407407408 0.737890625 0.09861111111111111 0.737890625 0.0962962962962963 0.7381510416666667 0.09583333333333334 0.7381510416666667 0.09351851851851851 0.7384114583333333 0.09305555555555556 0.7384114583333333 0.09027777777777778 0.738671875 0.08981481481481482 0.738671875 0.08703703703703704 0.7389322916666666 0.08657407407407407 0.7389322916666666 0.08287037037037037 0.738671875 0.0824074074074074 0.738671875 0.0787037037037037 0.7389322916666666 0.07824074074074074 0.7389322916666666 0.07083333333333333 0.7391927083333333 0.07037037037037037 0.7391927083333333 0.06481481481481481 0.739453125 0.06435185185185185 0.739453125 0.05740740740740741 0.7399739583333333 0.055092592592592596 0.7404947916666667 0.04953703703703704 0.741015625 0.04722222222222222 0.7412760416666667 0.04398148148148148 0.7415364583333334 0.04351851851851852 0.741796875 0.04027777777777778 0.7423177083333333 0.038425925925925926 0.742578125 0.03518518518518519 0.743359375 0.03194444444444444 0.743359375 0.024074074074074074 0.7436197916666667 0.02361111111111111 0.744140625 0.01990740740740741 0.7451822916666667 0.015277777777777777 0.7451822916666667 0.012962962962962963 0.7454427083333334 0.0125 0.7454427083333334 0.010185185185185186 0.7459635416666667 0.007407407407407408 0.7470052083333333 0.004166666666666667 0.747265625 0.0023148148148148147 0.747265625 0.0
3 0.5369791666666667 0.7122685185185185 0.16484375 0.425 0.5072916666666667 0.9247685185185185 0.50390625 0.9247685185185185 0.5036458333333333 0.9243055555555556 0.5020833333333333 0.9238425925925926 0.500390625 0.9208333333333333 0.4993489583333333 0.9175925925925926 0.49856770833333336 0.9157407407407407 0.497265625 0.913425925925926 0.496484375 0.9111111111111111 0.49440104166666665 0.9069444444444444 0.493359375 0.9041666666666667 0.492578125 0.9013888888888889 0.49127604166666666 0.899074074074074 0.49049479166666665 0.8967592592592593 0.489453125 0.8949074074074074 0.488671875 0.8925925925925926 0.4876302083333333 0.8907407407407407 0.48684895833333336 0.888425925925926 0.485546875 0.8856481481481482 0.4842447916666667 0.8810185185185185 0.483984375 0.8796296296296297 0.482421875 0.8759259259259259 0.48138020833333334 0.8722222222222222 0.4803385416666667 0.8699074074074075 0.4798177083333333 0.8680555555555556 0.47825520833333335 0.8652777777777778 0.477734375 0.8634259259259259 0.4759114583333333 0.8583333333333333 0.475390625 0.8560185185185185 0.47317708333333336 0.8520833333333333 0.4703125 0.8493055555555555 0.4680989583333333 0.8453703703703703 0.46731770833333336 0.8425925925925926 0.46731770833333336 0.8393518518518519 0.46705729166666665 0.8388888888888889 0.46705729166666665 0.8356481481481481 0.466796875 0.8351851851851851 0.466796875 0.8328703703703704 0.46653645833333335 0.8324074074074074 0.46653645833333335 0.8296296296296296 0.46627604166666664 0.8291666666666667 0.46627604166666664 0.8226851851851852 0.466015625 0.8222222222222222 0.466015625 0.8166666666666667 0.46575520833333334 0.8162037037037037 0.46575520833333334 0.8111111111111111 0.4654947916666667 0.8106481481481481 0.4654947916666667 0.8055555555555556 0.465234375 0.8050925925925926 0.465234375 0.799537037037037 0.4649739583333333 0.799074074074074 0.4649739583333333 0.7944444444444444 0.4647135416666667 0.7939814814814815 0.4647135416666667 0.7870370370370371 0.464453125 0.7865740740740741 0.464453125 0.7828703703703703 0.4641927083333333 0.7824074074074074 0.4641927083333333 0.7782407407407408 0.46393229166666666 0.7777777777777778 0.46393229166666666 0.7708333333333334 0.463671875 0.7703703703703704 0.463671875 0.7648148148148148 0.46341145833333336 0.7643518518518518 0.46341145833333336 0.7601851851851852 0.46315104166666665 0.7597222222222222 0.46315104166666665 0.7555555555555555 0.462890625 0.7550925925925925 0.462890625 0.750462962962963 0.46263020833333335 0.75 0.46263020833333335 0.7439814814814815 0.46236979166666664 0.7435185185185185 0.46236979166666664 0.7379629629629629 0.462109375 0.7375 0.462109375 0.7310185185185185 0.46184895833333334 0.7305555555555555 0.46184895833333334 0.7240740740740741 0.4615885416666667 0.7236111111111111 0.4615885416666667 0.7194444444444444 0.461328125 0.7189814814814814 0.461328125 0.7138888888888889 0.4610677083333333 0.7134259259259259 0.4610677083333333 0.7078703703703704 0.4608072916666667 0.7074074074074074 0.4608072916666667 0.7013888888888888 0.460546875 0.700925925925926 0.460546875 0.6962962962962963 0.4602864583333333 0.6958333333333333 0.4602864583333333 0.6930555555555555 0.46002604166666666 0.6925925925925925 0.46002604166666666 0.6888888888888889 0.459765625 0.6884259259259259 0.459765625 0.6819444444444445 0.45950520833333336 0.6814814814814815 0.45950520833333336 0.6759259259259259 0.45924479166666665 0.6754629629629629 0.45924479166666665 0.6675925925925926 0.458984375 0.6671296296296296 0.458984375 0.6620370370370371 0.45872395833333335 0.6615740740740741 0.45872395833333335 0.6541666666666667 0.45846354166666664 0.6537037037037037 0.45846354166666664 0.649537037037037 0.458203125 0.649074074074074 0.458203125 0.6421296296296296 0.45794270833333334 0.6416666666666667 0.45794270833333334 0.6370370370370371 0.4576822916666667 0.6365740740740741 0.4576822916666667 0.6324074074074074 0.457421875 0.6319444444444444 0.457421875 0.6277777777777778 0.4571614583333333 0.6273148148148148 0.4571614583333333 0.6208333333333333 0.4569010416666667 0.6203703703703703 0.4569010416666667 0.6157407407407407 0.456640625 0.6152777777777778 0.456640625 0.6092592592592593 0.4563802083333333 0.6087962962962963 0.4563802083333333 0.6041666666666666 0.45611979166666666 0.6037037037037037 0.45611979166666666 0.5981481481481481 0.455859375 0.5976851851851852 0.455859375 0.5916666666666667 0.45559895833333336 0.5912037037037037 0.45559895833333336 0.5856481481481481 0.45533854166666665 0.5851851851851851 0.45533854166666665 0.5800925925925926 0.455078125 0.5796296296296296 0.455078125 0.5731481481481482 0.45481770833333335 0.5726851851851852 0.45481770833333335 0.5657407407407408 0.45455729166666664 0.5652777777777778 0.45455729166666664 0.549537037037037 0.45481770833333335 0.549074074074074 0.45481770833333335 0.5467592592592593 0.45533854166666665 0.5439814814814815 0.45755208333333336 0.5409722222222222 0.459375 0.5395833333333333 0.46015625 0.5395833333333333 0.46119791666666665 0.5386574074074074 0.4640625 0.5377314814814815 0.46536458333333336 0.5368055555555555 0.4703125 0.5354166666666667 0.47161458333333334 0.5344907407407408 0.47239583333333335 0.5344907407407408 0.4744791666666667 0.5331018518518519 0.47578125 0.5331018518518519 0.47994791666666664 0.53125 0.48411458333333335 0.5298611111111111 0.48541666666666666 0.5289351851851852 0.4864583333333333 0.5289351851851852 0.48776041666666664 0.5280092592592592 0.48984375 0.5270833333333333 0.49375 0.5256944444444445 0.49609375 0.5252314814814815 0.49895833333333334 0.5238425925925926 0.5002604166666667 0.5238425925925926 0.5005208333333333 0.5233796296296296 0.5018229166666667 0.5233796296296296 0.5020833333333333 0.5229166666666667 0.5033854166666667 0.5229166666666667 0.5059895833333333 0.5219907407407407 0.5072916666666667 0.5210648148148148 0.5080729166666667 0.5210648148148148 0.509375 0.5201388888888889 0.5104166666666666 0.5201388888888889 0.51171875 0.5192129629629629 0.5135416666666667 0.51875 0.5145833333333333 0.517824074074074 0.5184895833333333 0.5164351851851852 0.51875 0.5159722222222223 0.5200520833333333 0.5159722222222223 0.5203125 0.5155092592592593 0.5216145833333333 0.5155092592592593 0.521875 0.5150462962962963 0.5231770833333333 0.5150462962962963 0.5255208333333333 0.5136574074074074 0.5286458333333334 0.5127314814814815 0.5296875 0.5118055555555555 0.5309895833333333 0.5118055555555555 0.53125 0.5113425925925926 0.5330729166666667 0.5113425925925926 0.5333333333333333 0.5108796296296296 0.5354166666666667 0.5104166666666666 0.5375 0.5090277777777777 0.5388020833333333 0.5090277777777777 0.5390625 0.5085648148148149 0.5403645833333334 0.5085648148148149 0.5416666666666666 0.5081018518518519 0.54296875 0.507175925925926 0.5450520833333333 0.50625 0.546875 0.5057870370370371 0.5481770833333334 0.5048611111111111 0.5494791666666666 0.5048611111111111 0.5497395833333333 0.5043981481481481 0.5515625 0.5043981481481481 0.5528645833333333 0.5034722222222222 0.5541666666666667 0.5030092592592592 0.55546875 0.5020833333333333 0.5565104166666667 0.5020833333333333 0.5578125 0.5011574074074074 0.5604166666666667 0.5002314814814814 0.5622395833333333 0.5002314814814814 0.5625 0.4997685185185185 0.5658854166666667 0.4997685185185185 0.5661458333333333 0.5002314814814814 0.56875 0.5011574074074074 0.5700520833333333 0.5025462962962963 0.5709635416666666 0.5041666666666667 0.5717447916666667 0.5078703703703704 0.5720052083333333 0.5115740740740741 0.572265625 0.5120370370370371 0.5725260416666667 0.5162037037037037 0.573046875 0.5189814814814815 0.573828125 0.5217592592592593 0.5743489583333333 0.5226851851851851 0.5751302083333333 0.5254629629629629 0.575390625 0.5273148148148148 0.575390625 0.5300925925925926 0.5756510416666667 0.5324074074074074 0.5764322916666667 0.5361111111111111 0.5764322916666667 0.5370370370370371 0.5772135416666667 0.5393518518518519 0.577734375 0.5425925925925926 0.5779947916666667 0.5462962962962963 0.5790364583333333 0.5509259259259259 0.5795572916666667 0.5560185185185185 0.580078125 0.5578703703703703 0.5805989583333333 0.5634259259259259 0.581640625 0.5662037037037037 0.582421875 0.5689814814814815 0.5829427083333333 0.5717592592592593 0.583203125 0.575462962962963 0.5837239583333333 0.5773148148148148 0.5842447916666667 0.5814814814814815 0.5845052083333333 0.5819444444444445 0.5850260416666667 0.5875 0.5860677083333333 0.5921296296296297 0.586328125 0.5953703703703703 0.5868489583333333 0.5972222222222222 0.5876302083333333 0.6013888888888889 0.587890625 0.6055555555555555 0.5884114583333333 0.6074074074074074 0.588671875 0.6101851851851852 0.5891927083333334 0.611574074074074 0.589453125 0.6138888888888889 0.5899739583333333 0.6152777777777778 0.5904947916666666 0.6194444444444445 0.5907552083333333 0.6199074074074075 0.5912760416666667 0.6240740740740741 0.5920572916666667 0.6273148148148148 0.5920572916666667 0.6282407407407408 0.5928385416666667 0.6324074074074074 0.5930989583333334 0.6328703703703704 0.5938802083333333 0.6375 0.5946614583333333 0.6430555555555556 0.5951822916666667 0.6486111111111111 0.5954427083333333 0.649074074074074 0.595703125 0.6523148148148148 0.5962239583333333 0.6541666666666667 0.5967447916666667 0.6578703703703703 0.5967447916666667 0.6592592592592592 0.5975260416666667 0.6625 0.5977864583333333 0.6648148148148149 0.598828125 0.6685185185185185 0.5993489583333333 0.6726851851851852 0.6001302083333333 0.6773148148148148 0.6006510416666667 0.6791666666666667 0.6006510416666667 0.6805555555555556 0.6014322916666667 0.6851851851851852 0.601953125 0.687037037037037 0.601953125 0.6884259259259259 0.6024739583333333 0.6907407407407408 0.602734375 0.6939814814814815 0.603515625 0.6972222222222222 0.604296875 0.7032407407407407 0.605078125 0.7064814814814815 0.605078125 0.7074074074074074 0.6061197916666666 0.711574074074074 0.6061197916666666 0.7129629629629629 0.6069010416666667 0.7175925925925926 0.607421875 0.7194444444444444 0.607421875 0.7208333333333333 0.6079427083333333 0.7226851851851852 0.6079427083333333 0.7240740740740741 0.6087239583333334 0.7273148148148149 0.6092447916666667 0.7314814814814815 0.609765625 0.7337962962962963 0.6100260416666666 0.737037037037037 0.6108072916666667 0.7407407407407407 0.6108072916666667 0.7430555555555556 0.6110677083333333 0.7453703703703703 0.612109375 0.7486111111111111 0.6126302083333334 0.7509259259259259 0.612890625 0.7532407407407408 0.613671875 0.7564814814814815 0.6141927083333333 0.7606481481481482 0.6147135416666667 0.7625 0.6149739583333333 0.7657407407407407 0.616015625 0.7703703703703704 0.616015625 0.7717592592592593 0.6165364583333334 0.7736111111111111 0.616796875 0.7768518518518519 0.6178385416666666 0.7814814814814814 0.6180989583333333 0.7856481481481481 0.618359375 0.7861111111111111 0.618359375 0.7888888888888889 0.6186197916666667 0.7893518518518519 0.6186197916666667 0.8041666666666667 0.6188802083333333 0.8046296296296296 0.6188802083333333 0.8263888888888888 0.619140625 0.8268518518518518 0.619140625 0.8601851851851852 0.6194010416666667 0.8606481481481482 0.6194010416666667 0.8726851851851852 0.619140625 0.8731481481481481 0.619140625 0.8782407407407408 0.6188802083333333 0.8787037037037037 0.6188802083333333 0.8810185185185185 0.618359375 0.8842592592592593 0.6166666666666667 0.8872685185185185 0.61484375 0.8886574074074074 0.6130208333333333 0.8891203703703704 0.61171875 0.8900462962962963 0.6104166666666667 0.8905092592592593 0.6091145833333333 0.8905092592592593 0.6088541666666667 0.8909722222222223 0.6072916666666667 0.8909722222222223 0.60703125 0.8914351851851852 0.6033854166666667 0.8914351851851852 0.603125 0.8918981481481482 0.6018229166666667 0.8918981481481482 0.6005208333333333 0.892824074074074 0.59921875 0.893287037037037 0.5973958333333333 0.893287037037037 0.5971354166666667 0.89375 0.5958333333333333 0.89375 0.59453125 0.8946759259259259 0.5927083333333333 0.8951388888888889 0.59140625 0.8960648148148148 0.5901041666666667 0.8960648148148148 0.58984375 0.8965277777777778 0.5885416666666666 0.8965277777777778 0.5859375 0.8974537037037037 0.5848958333333333 0.8983796296296296 0.5833333333333334 0.8983796296296296 0.5830729166666667 0.8988425925925926 0.58125 0.8988425925925926 0.5799479166666667 0.8993055555555556 0.5786458333333333 0.9002314814814815 0.57734375 0.9002314814814815 0.57578125 0.9011574074074075 0.57421875 0.9011574074074075 0.5739583333333333 0.9016203703703703 0.57265625 0.9016203703703703 0.57109375 0.9025462962962963 0.5658854166666667 0.9043981481481481 0.5635416666666667 0.9048611111111111 0.56328125 0.9053240740740741 0.56171875 0.9053240740740741 0.56015625 0.90625 0.5588541666666667 0.90625 0.5572916666666666 0.9071759259259259 0.5559895833333334 0.9071759259259259 0.5546875 0.9081018518518519 0.5536458333333333 0.9081018518518519 0.5520833333333334 0.9090277777777778 0.5505208333333333 0.9090277777777778 0.5489583333333333 0.9099537037037037 0.5453125 0.9108796296296297 0.5450520833333333 0.9113425925925925 0.5424479166666667 0.9122685185185185 0.5408854166666667 0.9136574074074074 0.5401041666666667 0.9136574074074074 0.5390625 0.9145833333333333 0.53671875 0.9155092592592593 0.53515625 0.9164351851851852 0.53359375 0.9164351851851852 0.5333333333333333 0.9168981481481482 0.5317708333333333 0.9168981481481482 0.5315104166666667 0.9173611111111111 0.5296875 0.9173611111111111 0.5294270833333333 0.9178240740740741 0.5276041666666667 0.9178240740740741 0.52734375 0.9182870370370371 0.5255208333333333 0.9182870370370371 0.5252604166666667 0.91875 0.5239583333333333 0.91875 0.5223958333333333 0.919675925925926 0.52109375 0.919675925925926 0.5208333333333334 0.9201388888888888 0.5190104166666667 0.9201388888888888 0.5174479166666667 0.9210648148148148 0.5143229166666666 0.9219907407407407 0.5130208333333334 0.9229166666666667 0.51171875 0.9229166666666667 0.5114583333333333 0.9233796296296296 0.51015625 0.9233796296296296 0.5072916666666667 0.9247685185185185
