8 0.44505208333333335 0.07349537037037036 0.19296874999999997 0.14699074074074073 0.5415364583333333 0.0 0.5415364583333333 0.0060185185185185185 0.5412760416666667 0.006481481481481481 0.5412760416666667 0.011111111111111112 0.541015625 0.011574074074074073 0.541015625 0.014351851851851852 0.5404947916666667 0.01712962962962963 0.5404947916666667 0.020370370370370372 0.540234375 0.020833333333333332 0.540234375 0.025 0.5399739583333333 0.02546296296296296 0.5399739583333333 0.031018518518518518 0.5397135416666666 0.03148148148148148 0.5397135416666666 0.03564814814814815 0.539453125 0.03611111111111111 0.539453125 0.04027777777777778 0.5391927083333333 0.040740740740740744 0.5391927083333333 0.044444444444444446 0.5389322916666667 0.04490740740740741 0.5389322916666667 0.04722222222222222 0.5384114583333334 0.04953703703703704 0.5381510416666667 0.05185185185185185 0.5381510416666667 0.05462962962962963 0.537890625 0.055092592592592596 0.537890625 0.05787037037037037 0.5376302083333333 0.058333333333333334 0.5376302083333333 0.060648148148148145 0.537109375 0.06342592592592593 0.537109375 0.06574074074074074 0.5368489583333333 0.06620370370370371 0.5368489583333333 0.06944444444444445 0.5365885416666667 0.0699074074074074 0.5365885416666667 0.07268518518518519 0.536328125 0.07314814814814814 0.536328125 0.07592592592592592 0.5360677083333333 0.0763888888888889 0.5360677083333333 0.07962962962962963 0.5358072916666666 0.08009259259259259 0.5358072916666666 0.08333333333333333 0.535546875 0.0837962962962963 0.535546875 0.08657407407407407 0.5352864583333333 0.08703703703703704 0.5352864583333333 0.09212962962962963 0.5350260416666667 0.09259259259259259 0.5350260416666667 0.09583333333333334 0.534765625 0.0962962962962963 0.534765625 0.09907407407407408 0.5345052083333334 0.09953703703703703 0.5345052083333334 0.10324074074074074 0.5342447916666667 0.1037037037037037 0.5342447916666667 0.10833333333333334 0.533984375 0.1087962962962963 0.533984375 0.11157407407407408 0.5337239583333333 0.11203703703703703 0.5337239583333333 0.11574074074074074 0.5334635416666667 0.1162037037037037 0.5334635416666667 0.12129629629629629 0.533203125 0.12268518518518519 0.5319010416666666 0.12731481481481483 0.5313802083333333 0.1287037037037037 0.529296875 0.13240740740740742 0.5282552083333333 0.13564814814814816 0.5263020833333333 0.13912037037037037 0.5252604166666667 0.14050925925925925 0.5244791666666667 0.14097222222222222 0.5223958333333333 0.14375 0.5208333333333334 0.1451388888888889 0.5177083333333333 0.14699074074074073 0.50546875 0.14699074074074073 0.5052083333333334 0.14652777777777778 0.4895833333333333 0.14652777777777778 0.48932291666666666 0.14606481481481481 0.47760416666666666 0.14606481481481481 0.47734375 0.14560185185185184 0.4713541666666667 0.14560185185185184 0.47109375 0.1451388888888889 0.45729166666666665 0.1451388888888889 0.45703125 0.14467592592592593 0.45234375 0.14467592592592593 0.45208333333333334 0.14421296296296296 0.44817708333333334 0.14421296296296296 0.4479166666666667 0.14375 0.4427083333333333 0.14375 0.44244791666666666 0.14328703703703705 0.43854166666666666 0.14328703703703705 0.43645833333333334 0.14421296296296296 0.4361979166666667 0.14467592592592593 0.4265625 0.14467592592592593 0.42630208333333336 0.14421296296296296 0.4109375 0.14421296296296296 0.41067708333333336 0.14375 0.4010416666666667 0.14375 0.40078125 0.14328703703703705 0.3859375 0.14328703703703705 0.38567708333333334 0.14282407407407408 0.37864583333333335 0.14282407407407408 0.37838541666666664 0.1423611111111111 0.3763020833333333 0.1423611111111111 0.37604166666666666 0.14189814814814813 0.3734375 0.14097222222222222 0.371875 0.1400462962962963 0.36953125 0.13773148148148148 0.36875 0.1372685185185185 0.36614583333333334 0.1326388888888889 0.36432291666666666 0.13078703703703703 0.3631510416666667 0.1287037037037037 0.3631510416666667 0.12824074074074074 0.3600260416666667 0.12268518518518519 0.3592447916666667 0.11990740740740741 0.3587239583333333 0.1162037037037037 0.35794270833333336 0.11342592592592593 0.35768229166666665 0.10925925925925926 0.35716145833333335 0.10648148148148148 0.35716145833333335 0.10416666666666667 0.35690104166666664 0.1037037037037037 0.35690104166666664 0.10092592592592593 0.356640625 0.10046296296296296 0.356640625 0.09814814814814815 0.355859375 0.09305555555555556 0.355859375 0.08981481481481482 0.3555989583333333 0.08935185185185185 0.3555989583333333 0.08657407407407407 0.355078125 0.08425925925925926 0.3548177083333333 0.08009259259259259 0.35455729166666666 0.07962962962962963 0.35455729166666666 0.0763888888888889 0.354296875 0.07592592592592592 0.354296875 0.07268518518518519 0.35403645833333336 0.07222222222222222 0.35403645833333336 0.0699074074074074 0.353515625 0.06712962962962964 0.353515625 0.06481481481481481 0.35325520833333335 0.06435185185185185 0.35325520833333335 0.06157407407407407 0.352734375 0.05694444444444444 0.351953125 0.05277777777777778 0.351953125 0.04953703703703704 0.3516927083333333 0.049074074074074076 0.3516927083333333 0.04537037037037037 0.3509114583333333 0.04027777777777778 0.3509114583333333 0.03796296296296296 0.35065104166666666 0.0375 0.35065104166666666 0.03333333333333333 0.350390625 0.03287037037037037 0.350390625 0.02962962962962963 0.35013020833333336 0.029166666666666667 0.35013020833333336 0.026851851851851852 0.34986979166666665 0.02638888888888889 0.34986979166666665 0.023148148148148147 0.349609375 0.022685185185185187 0.349609375 0.019444444444444445 0.34908854166666664 0.016666666666666666 0.34856770833333334 0.012037037037037037 0.34856770833333334 0.0
2 0.5846354166666667 0.3175925925925926 0.025260416666666674 0.044907407407407396 0.5869791666666667 0.3400462962962963 0.5833333333333334 0.3400462962962963 0.5822916666666667 0.33912037037037035 0.5815104166666667 0.33912037037037035 0.58046875 0.33819444444444446 0.5796875 0.33819444444444446 0.5783854166666667 0.3368055555555556 0.5778645833333333 0.3368055555555556 0.5763020833333333 0.33541666666666664 0.575 0.33310185185185187 0.5747395833333333 0.33310185185185187 0.573046875 0.3300925925925926 0.5725260416666667 0.3287037037037037 0.572265625 0.3263888888888889 0.572265625 0.32407407407407407 0.5720052083333333 0.3236111111111111 0.572265625 0.3212962962962963 0.572265625 0.31851851851851853 0.5725260416666667 0.3162037037037037 0.5733072916666667 0.31342592592592594 0.5733072916666667 0.31203703703703706 0.573828125 0.3101851851851852 0.5748697916666666 0.30416666666666664 0.5759114583333333 0.30092592592592593 0.5770833333333333 0.2988425925925926 0.5783854166666667 0.2974537037037037 0.5796875 0.2965277777777778 0.58203125 0.29606481481481484 0.5833333333333334 0.2951388888888889 0.5848958333333333 0.2951388888888889 0.58515625 0.29560185185185184 0.5872395833333334 0.29560185185185184 0.5875 0.29606481481481484 0.590625 0.2974537037037037 0.5924479166666666 0.29930555555555555 0.59375 0.30115740740740743 0.5947916666666667 0.3020833333333333 0.5962239583333333 0.3050925925925926 0.5970052083333334 0.30833333333333335 0.5970052083333334 0.31157407407407406 0.597265625 0.31203703703703706 0.597265625 0.31574074074074077 0.596484375 0.3194444444444444 0.5962239583333333 0.3226851851851852 0.5954427083333333 0.32592592592592595 0.594921875 0.33055555555555555 0.594140625 0.3333333333333333 0.5919270833333333 0.3372685185185185 0.5908854166666667 0.33819444444444446 0.5895833333333333 0.3386574074074074 0.5885416666666666 0.33958333333333335 0.5872395833333334 0.33958333333333335 0.5869791666666667 0.3400462962962963
2 0.4243489583333333 0.40347222222222223 0.027604166666666707 0.05185185185185187 0.42734375 0.42939814814814814 0.42578125 0.42939814814814814 0.42552083333333335 0.4289351851851852 0.42239583333333336 0.4289351851851852 0.42213541666666665 0.4284722222222222 0.42083333333333334 0.4284722222222222 0.41953125 0.42800925925925926 0.41796875 0.42662037037037037 0.4166666666666667 0.42615740740740743 0.4158854166666667 0.4252314814814815 0.41315104166666666 0.4203703703703704 0.41158854166666664 0.41574074074074074 0.41106770833333334 0.412962962962963 0.41106770833333334 0.4101851851851852 0.4108072916666667 0.4097222222222222 0.4108072916666667 0.4060185185185185 0.410546875 0.40555555555555556 0.410546875 0.3962962962962963 0.4108072916666667 0.3958333333333333 0.4108072916666667 0.3925925925925926 0.41106770833333334 0.3921296296296296 0.411328125 0.38935185185185184 0.412109375 0.38657407407407407 0.4140625 0.38310185185185186 0.41640625 0.3803240740740741 0.41770833333333335 0.3798611111111111 0.4197916666666667 0.3784722222222222 0.42109375 0.3784722222222222 0.42135416666666664 0.37800925925925927 0.42291666666666666 0.37800925925925927 0.4231770833333333 0.37754629629629627 0.42473958333333334 0.37754629629629627 0.425 0.37800925925925927 0.42734375 0.37800925925925927 0.4296875 0.3789351851851852 0.4315104166666667 0.3803240740740741 0.43255208333333334 0.381712962962963 0.43385416666666665 0.3840277777777778 0.43411458333333336 0.3840277777777778 0.43528645833333335 0.3861111111111111 0.43606770833333336 0.3888888888888889 0.43658854166666666 0.38981481481481484 0.4376302083333333 0.39444444444444443 0.4376302083333333 0.3958333333333333 0.4381510416666667 0.39814814814814814 0.4381510416666667 0.4009259259259259 0.437890625 0.4013888888888889 0.437890625 0.4125 0.4376302083333333 0.4148148148148148 0.43658854166666666 0.41898148148148145 0.43333333333333335 0.42476851851851855 0.43072916666666666 0.4275462962962963 0.43020833333333336 0.4275462962962963 0.42864583333333334 0.4289351851851852 0.42734375 0.42939814814814814
2 0.44804687499999996 0.4761574074074074 0.02812500000000001 0.05462962962962964 0.44765625 0.5034722222222222 0.4473958333333333 0.5030092592592592 0.44583333333333336 0.5030092592592592 0.44453125 0.5025462962962963 0.44192708333333336 0.5011574074074074 0.4390625 0.4983796296296296 0.4368489583333333 0.49444444444444446 0.43606770833333336 0.4925925925925926 0.43502604166666664 0.48935185185185187 0.434765625 0.48657407407407405 0.4342447916666667 0.4842592592592593 0.4342447916666667 0.4787037037037037 0.433984375 0.47824074074074074 0.433984375 0.47453703703703703 0.4342447916666667 0.4740740740740741 0.4342447916666667 0.46805555555555556 0.43450520833333334 0.4675925925925926 0.43450520833333334 0.4652777777777778 0.434765625 0.4648148148148148 0.43502604166666664 0.46111111111111114 0.43580729166666665 0.4583333333333333 0.4375 0.45532407407407405 0.4393229166666667 0.4534722222222222 0.4401041666666667 0.45208333333333334 0.44375 0.44930555555555557 0.44505208333333335 0.44930555555555557 0.4453125 0.44884259259259257 0.4513020833333333 0.44884259259259257 0.45286458333333335 0.45023148148148145 0.4549479166666667 0.4511574074074074 0.45651041666666664 0.4530092592592593 0.45729166666666665 0.4534722222222222 0.46002604166666666 0.4583333333333333 0.4608072916666667 0.4601851851851852 0.4615885416666667 0.4634259259259259 0.4615885416666667 0.4648148148148148 0.462109375 0.4666666666666667 0.462109375 0.4837962962962963 0.4615885416666667 0.48657407407407405 0.4615885416666667 0.48842592592592593 0.4602864583333333 0.4935185185185185 0.459765625 0.4949074074074074 0.45807291666666666 0.4979166666666667 0.45651041666666664 0.4997685185185185 0.4544270833333333 0.5016203703703703 0.45338541666666665 0.5016203703703703 0.45208333333333334 0.5025462962962963 0.45078125 0.5025462962962963 0.4505208333333333 0.5030092592592592 0.4479166666666667 0.5030092592592592 0.44765625 0.5034722222222222
2 0.3436197916666667 0.5412037037037037 0.03437499999999999 0.05972222222222223 0.3458333333333333 0.5710648148148149 0.34088541666666666 0.5710648148148149 0.340625 0.5706018518518519 0.33880208333333334 0.5706018518518519 0.3385416666666667 0.5701388888888889 0.3372395833333333 0.5701388888888889 0.33567708333333335 0.56875 0.33515625 0.56875 0.3338541666666667 0.5668981481481481 0.3328125 0.5659722222222222 0.33059895833333336 0.562037037037037 0.330078125 0.5606481481481481 0.329296875 0.5574074074074075 0.329296875 0.5560185185185185 0.3287760416666667 0.5537037037037037 0.328515625 0.5509259259259259 0.327734375 0.5486111111111112 0.326953125 0.5444444444444444 0.32669270833333336 0.5421296296296296 0.32669270833333336 0.5398148148148149 0.32643229166666665 0.5393518518518519 0.32643229166666665 0.5342592592592592 0.32669270833333336 0.5337962962962963 0.32669270833333336 0.5310185185185186 0.327734375 0.5268518518518519 0.32955729166666664 0.5222222222222223 0.33203125 0.517824074074074 0.3341145833333333 0.5155092592592593 0.33489583333333334 0.5155092592592593 0.34036458333333336 0.5122685185185185 0.34140625 0.5113425925925926 0.34270833333333334 0.5118055555555555 0.34453125 0.5118055555555555 0.34479166666666666 0.5122685185185185 0.346875 0.5122685185185185 0.34713541666666664 0.5127314814814815 0.3484375 0.5127314814814815 0.3515625 0.5141203703703704 0.3536458333333333 0.5159722222222223 0.35690104166666664 0.5217592592592593 0.35794270833333336 0.525 0.3587239583333333 0.5282407407407408 0.3592447916666667 0.5324074074074074 0.359765625 0.5342592592592592 0.359765625 0.5356481481481481 0.36028645833333334 0.5375 0.36028645833333334 0.5398148148148149 0.360546875 0.5402777777777777 0.360546875 0.5425925925925926 0.36080729166666664 0.5430555555555555 0.36080729166666664 0.5476851851851852 0.360546875 0.5481481481481482 0.360546875 0.5509259259259259 0.358984375 0.5574074074074075 0.35794270833333336 0.5601851851851852 0.35546875 0.5645833333333333 0.35390625 0.5664351851851852 0.35234375 0.5673611111111111 0.3494791666666667 0.569675925925926 0.34609375 0.5706018518518519 0.3458333333333333 0.5710648148148149
2 0.12721354166666668 0.7331018518518518 0.054687500000000014 0.07777777777777772 0.12786458333333334 0.7719907407407407 0.121875 0.7719907407407407 0.12161458333333333 0.7715277777777778 0.11927083333333334 0.7710648148148148 0.11822916666666666 0.7701388888888889 0.11692708333333333 0.7696759259259259 0.11458333333333333 0.7673611111111112 0.11380208333333333 0.7668981481481482 0.11067708333333333 0.7627314814814815 0.10755208333333334 0.7594907407407407 0.10520833333333333 0.75625 0.10494791666666667 0.75625 0.10221354166666667 0.7513888888888889 0.101171875 0.7486111111111111 0.10065104166666666 0.7462962962962963 0.10065104166666666 0.7449074074074075 0.10013020833333333 0.7425925925925926 0.09986979166666667 0.7402777777777778 0.09986979166666667 0.7375 0.10013020833333333 0.737037037037037 0.10013020833333333 0.7333333333333333 0.100390625 0.7328703703703704 0.10091145833333333 0.7287037037037037 0.101953125 0.725 0.10377604166666667 0.7199074074074074 0.104296875 0.7180555555555556 0.10559895833333334 0.7157407407407408 0.10559895833333334 0.7152777777777778 0.1078125 0.7113425925925926 0.10807291666666667 0.7113425925925926 0.109375 0.7090277777777778 0.10963541666666667 0.7090277777777778 0.1109375 0.7067129629629629 0.1171875 0.7002314814814815 0.11770833333333333 0.7002314814814815 0.11901041666666666 0.6988425925925926 0.1203125 0.6983796296296296 0.12109375 0.6974537037037037 0.12395833333333334 0.6960648148148149 0.12526041666666668 0.6960648148148149 0.12552083333333333 0.6956018518518519 0.12708333333333333 0.6956018518518519 0.12734375 0.6951388888888889 0.12864583333333332 0.6951388888888889 0.13020833333333334 0.694212962962963 0.13125 0.694212962962963 0.13255208333333332 0.6951388888888889 0.134375 0.6956018518518519 0.13541666666666666 0.6965277777777777 0.1375 0.6974537037037037 0.13828125 0.6974537037037037 0.14140625 0.6997685185185185 0.14348958333333334 0.7020833333333333 0.1453125 0.7048611111111112 0.14609375 0.705324074074074 0.14973958333333334 0.7099537037037037 0.15221354166666667 0.7143518518518519 0.15299479166666666 0.7162037037037037 0.154296875 0.7226851851851852 0.15455729166666668 0.725 0.15455729166666668 0.7324074074074074 0.15377604166666667 0.7361111111111112 0.153515625 0.7384259259259259 0.15299479166666666 0.7407407407407407 0.15169270833333334 0.7449074074074075 0.149609375 0.75 0.146875 0.7548611111111111 0.14661458333333333 0.7548611111111111 0.1453125 0.757175925925926 0.14401041666666667 0.7590277777777777 0.14296875 0.7599537037037037 0.1421875 0.7613425925925926 0.14140625 0.7618055555555555 0.13932291666666666 0.7645833333333333 0.13463541666666667 0.76875 0.13255208333333332 0.7696759259259259 0.13151041666666666 0.7706018518518518 0.1296875 0.7710648148148148 0.12942708333333333 0.7715277777777778 0.128125 0.7715277777777778 0.12786458333333334 0.7719907407407407
2 0.07434895833333333 0.7747685185185185 0.059375 0.0805555555555556 0.07369791666666667 0.8150462962962963 0.06692708333333333 0.8150462962962963 0.06666666666666667 0.8145833333333333 0.06484375 0.8141203703703703 0.06328125 0.8131944444444444 0.06197916666666667 0.8118055555555556 0.06145833333333333 0.8118055555555556 0.06015625 0.8104166666666667 0.0578125 0.8085648148148148 0.053385416666666664 0.8039351851851851 0.052083333333333336 0.8030092592592593 0.050520833333333334 0.8011574074074074 0.04830729166666667 0.7976851851851852 0.04830729166666667 0.7972222222222223 0.04674479166666667 0.7944444444444444 0.046223958333333336 0.7930555555555555 0.04544270833333333 0.7898148148148149 0.045182291666666666 0.7865740740740741 0.044921875 0.7861111111111111 0.044921875 0.7833333333333333 0.044661458333333334 0.7828703703703703 0.044661458333333334 0.7800925925925926 0.045182291666666666 0.7773148148148148 0.045182291666666666 0.775 0.04544270833333333 0.774537037037037 0.045703125 0.7717592592592593 0.046223958333333336 0.7694444444444445 0.04778645833333333 0.7643518518518518 0.04934895833333333 0.7606481481481482 0.04986979166666667 0.7587962962962963 0.051432291666666664 0.7560185185185185 0.05234375 0.7539351851851852 0.05260416666666667 0.7539351851851852 0.05390625 0.7516203703703703 0.05416666666666667 0.7516203703703703 0.05546875 0.7493055555555556 0.05572916666666667 0.7493055555555556 0.05703125 0.7469907407407408 0.0578125 0.7465277777777778 0.05859375 0.7451388888888889 0.05963541666666667 0.7442129629629629 0.0609375 0.7423611111111111 0.06145833333333333 0.7423611111111111 0.06276041666666667 0.7409722222222223 0.06328125 0.7409722222222223 0.06458333333333334 0.7395833333333334 0.06510416666666667 0.7395833333333334 0.06640625 0.7381944444444445 0.06692708333333333 0.7381944444444445 0.06848958333333334 0.7368055555555556 0.06979166666666667 0.7363425925925926 0.07109375 0.7363425925925926 0.07135416666666666 0.7358796296296296 0.07291666666666667 0.7358796296296296 0.07317708333333334 0.7354166666666667 0.07473958333333333 0.7354166666666667 0.075 0.7349537037037037 0.07864583333333333 0.7349537037037037 0.0796875 0.7344907407407407 0.07994791666666666 0.7349537037037037 0.08125 0.7349537037037037 0.08463541666666667 0.7363425925925926 0.08723958333333333 0.7381944444444445 0.08854166666666667 0.7386574074074074 0.08932291666666667 0.7395833333333334 0.09166666666666666 0.7414351851851851 0.0921875 0.7423611111111111 0.09348958333333333 0.743287037037037 0.09401041666666667 0.7442129629629629 0.09505208333333333 0.7446759259259259 0.09661458333333334 0.7460648148148148 0.09791666666666667 0.7479166666666667 0.09973958333333334 0.7511574074074074 0.1 0.7511574074074074 0.10143229166666666 0.7537037037037037 0.10221354166666667 0.7555555555555555 0.10325520833333333 0.7587962962962963 0.10377604166666667 0.7611111111111111 0.10377604166666667 0.763425925925926 0.10403645833333333 0.7638888888888888 0.10403645833333333 0.7703703703703704 0.10377604166666667 0.7708333333333334 0.10377604166666667 0.7736111111111111 0.102734375 0.7773148148148148 0.101953125 0.7810185185185186 0.10065104166666666 0.7842592592592592 0.099609375 0.788425925925926 0.09322916666666667 0.7997685185185185 0.09114583333333333 0.8020833333333334 0.08984375 0.8039351851851851 0.0890625 0.8043981481481481 0.08515625 0.8085648148148148 0.08359375 0.8099537037037037 0.08307291666666666 0.8099537037037037 0.08098958333333334 0.8118055555555556 0.07786458333333333 0.8131944444444444 0.07682291666666667 0.8141203703703703 0.07552083333333333 0.8145833333333333 0.07395833333333333 0.8145833333333333 0.07369791666666667 0.8150462962962963
2 0.019986979166666665 0.7307870370370371 0.03997395833333333 0.07870370370370372 0.0 0.6960648148148149 0.0015625 0.6960648148148149 0.005989583333333334 0.6923611111111111 0.007291666666666667 0.6923611111111111 0.007552083333333333 0.6918981481481481 0.009635416666666667 0.6918981481481481 0.009895833333333333 0.6914351851851852 0.017447916666666667 0.6914351851851852 0.017708333333333333 0.6918981481481481 0.019010416666666665 0.6918981481481481 0.019270833333333334 0.6923611111111111 0.02265625 0.69375 0.024479166666666666 0.6956018518518519 0.025260416666666667 0.6960648148148149 0.0265625 0.6979166666666666 0.029427083333333333 0.7002314814814815 0.030729166666666665 0.7020833333333333 0.03307291666666667 0.7039351851851852 0.034895833333333334 0.705787037037037 0.0359375 0.7071759259259259 0.038411458333333336 0.711574074074074 0.039453125 0.7152777777777778 0.03997395833333333 0.7180555555555556 0.03997395833333333 0.7268518518518519 0.039453125 0.7287037037037037 0.038671875 0.7337962962962963 0.037109375 0.7388888888888889 0.03606770833333333 0.7412037037037037 0.03502604166666667 0.7444444444444445 0.033984375 0.7467592592592592 0.03125 0.7516203703703703 0.030989583333333334 0.7516203703703703 0.0296875 0.7539351851851852 0.029427083333333333 0.7539351851851852 0.026302083333333334 0.7585648148148149 0.025520833333333333 0.7590277777777777 0.02421875 0.7608796296296296 0.0234375 0.7613425925925926 0.020833333333333332 0.7641203703703704 0.016927083333333332 0.7668981481481482 0.015625 0.7673611111111112 0.013802083333333333 0.76875 0.012760416666666666 0.7692129629629629 0.011458333333333333 0.7692129629629629 0.011197916666666667 0.7696759259259259 0.007552083333333333 0.7696759259259259 0.007291666666666667 0.7701388888888889 0.005989583333333334 0.7701388888888889 0.005729166666666666 0.7696759259259259 0.004427083333333333 0.7696759259259259 0.0013020833333333333 0.767824074074074 0.0 0.767824074074074
2 0.026888020833333335 0.9085648148148149 0.05377604166666667 0.0888888888888889 0.0 0.8835648148148149 0.0013020833333333333 0.8835648148148149 0.0018229166666666667 0.8831018518518519 0.002734375 0.8810185185185185 0.0049479166666666664 0.8770833333333333 0.005729166666666666 0.8766203703703703 0.00703125 0.8747685185185186 0.0078125 0.8743055555555556 0.010416666666666666 0.8715277777777778 0.013541666666666667 0.86875 0.01484375 0.867824074074074 0.016145833333333335 0.8673611111111111 0.016927083333333332 0.8664351851851851 0.019010416666666665 0.8655092592592593 0.020052083333333335 0.8655092592592593 0.02109375 0.8645833333333334 0.02265625 0.8645833333333334 0.022916666666666665 0.8641203703703704 0.029427083333333333 0.8641203703703704 0.0296875 0.8645833333333334 0.03125 0.8645833333333334 0.031510416666666666 0.8650462962962963 0.0328125 0.8650462962962963 0.035416666666666666 0.8668981481481481 0.03723958333333333 0.867824074074074 0.03854166666666667 0.8692129629629629 0.04010416666666667 0.8701388888888889 0.04088541666666667 0.8701388888888889 0.04479166666666667 0.8724537037037037 0.04609375 0.8733796296296297 0.047135416666666666 0.8747685185185186 0.04791666666666667 0.8752314814814814 0.04921875 0.8770833333333333 0.05065104166666667 0.8796296296296297 0.051432291666666664 0.8819444444444444 0.05221354166666667 0.8833333333333333 0.052473958333333334 0.8851851851851852 0.052994791666666666 0.8865740740740741 0.05325520833333333 0.8898148148148148 0.053515625 0.8902777777777777 0.053515625 0.8925925925925926 0.05377604166666667 0.8930555555555556 0.05377604166666667 0.9023148148148148 0.053515625 0.9046296296296297 0.05221354166666667 0.9101851851851852 0.051953125 0.9125 0.050130208333333336 0.9185185185185185 0.048567708333333334 0.9222222222222223 0.047526041666666664 0.9254629629629629 0.040364583333333336 0.9381944444444444 0.0390625 0.9400462962962963 0.0375 0.9414351851851852 0.0359375 0.94375 0.034375 0.9456018518518519 0.03229166666666667 0.9474537037037037 0.030989583333333334 0.9479166666666666 0.027604166666666666 0.9506944444444444 0.025260416666666667 0.9516203703703704 0.023958333333333335 0.9525462962962963 0.02265625 0.9530092592592593 0.0171875 0.9530092592592593 0.014583333333333334 0.9520833333333333 0.013020833333333334 0.9511574074074074 0.011197916666666667 0.9493055555555555 0.009375 0.9483796296296296 0.00859375 0.9474537037037037 0.007291666666666667 0.9469907407407407 0.00625 0.9460648148148149 0.0049479166666666664 0.9456018518518519 0.003125 0.94375 0.00234375 0.9423611111111111 0.0015625 0.9418981481481481 0.0 0.9418981481481481
1 0.12447916666666667 0.6648148148148147 0.04609375 0.06435185185185188 0.11979166666666667 0.6969907407407407 0.11796875 0.6965277777777777 0.115625 0.6951388888888889 0.11484375 0.694212962962963 0.11302083333333333 0.6928240740740741 0.1125 0.6918981481481481 0.1109375 0.6905092592592592 0.10963541666666667 0.6886574074074074 0.10833333333333334 0.6863425925925926 0.10703125 0.6844907407407408 0.10598958333333333 0.6835648148148148 0.1046875 0.6817129629629629 0.10299479166666667 0.6787037037037037 0.10247395833333334 0.6773148148148148 0.10143229166666666 0.6717592592592593 0.10143229166666666 0.662962962962963 0.101953125 0.6601851851851852 0.102734375 0.6578703703703703 0.102734375 0.6569444444444444 0.10377604166666667 0.6541666666666667 0.105078125 0.6518518518518519 0.105078125 0.6513888888888889 0.10625 0.6493055555555556 0.10651041666666666 0.6493055555555556 0.10885416666666667 0.6451388888888889 0.10911458333333333 0.6451388888888889 0.1109375 0.6423611111111112 0.11302083333333333 0.6405092592592593 0.11354166666666667 0.6395833333333333 0.1171875 0.6363425925925926 0.11770833333333333 0.6363425925925926 0.11901041666666666 0.6349537037037037 0.11979166666666667 0.6349537037037037 0.12213541666666666 0.6335648148148149 0.1234375 0.6331018518518519 0.12473958333333333 0.6331018518518519 0.125 0.6326388888888889 0.13125 0.6326388888888889 0.13151041666666666 0.6331018518518519 0.13489583333333333 0.6344907407407407 0.13697916666666668 0.6363425925925926 0.13880208333333333 0.6386574074074074 0.14596354166666667 0.6513888888888889 0.14674479166666668 0.6537037037037037 0.147265625 0.6560185185185186 0.147265625 0.6601851851851852 0.14752604166666666 0.6606481481481481 0.147265625 0.6648148148148149 0.14674479166666668 0.6675925925925926 0.14622395833333332 0.6689814814814815 0.14596354166666667 0.6708333333333333 0.14440104166666667 0.674074074074074 0.14388020833333334 0.6759259259259259 0.13932291666666666 0.6840277777777778 0.1390625 0.6840277777777778 0.13697916666666668 0.6868055555555556 0.13463541666666667 0.6891203703703703 0.13411458333333334 0.6891203703703703 0.13072916666666667 0.6928240740740741 0.12942708333333333 0.69375 0.1265625 0.6951388888888889 0.12552083333333333 0.6951388888888889 0.12395833333333334 0.6960648148148149 0.12265625 0.6960648148148149 0.12239583333333333 0.6965277777777777 0.12005208333333334 0.6965277777777777 0.11979166666666667 0.6969907407407407
1 0.025325520833333334 0.8210648148148147 0.05065104166666667 0.07407407407407407 0.0 0.8099537037037037 0.0013020833333333333 0.8099537037037037 0.0024739583333333332 0.8078703703703703 0.0032552083333333335 0.8055555555555556 0.00546875 0.8016203703703704 0.005729166666666666 0.8016203703703704 0.008072916666666667 0.7974537037037037 0.008333333333333333 0.7974537037037037 0.009635416666666667 0.7951388888888888 0.010416666666666666 0.794675925925926 0.011979166666666667 0.7928240740740741 0.012760416666666666 0.7923611111111111 0.01640625 0.7886574074074074 0.018489583333333334 0.7877314814814815 0.019270833333333334 0.7868055555555555 0.020052083333333335 0.7868055555555555 0.02109375 0.7858796296296297 0.0234375 0.7849537037037037 0.024739583333333332 0.7849537037037037 0.025 0.7844907407407408 0.028125 0.7844907407407408 0.028385416666666666 0.7840277777777778 0.029427083333333333 0.7844907407407408 0.03125 0.7844907407407408 0.031510416666666666 0.7849537037037037 0.03307291666666667 0.7849537037037037 0.03411458333333333 0.7858796296296297 0.035416666666666666 0.7863425925925925 0.03828125 0.7891203703703704 0.0390625 0.7895833333333333 0.040364583333333336 0.7918981481481482 0.041666666666666664 0.7932870370370371 0.043229166666666666 0.794212962962963 0.04375 0.7951388888888888 0.04583333333333333 0.7969907407407407 0.050130208333333336 0.8046296296296296 0.05065104166666667 0.8074074074074075 0.05065104166666667 0.8157407407407408 0.050130208333333336 0.8185185185185185 0.049088541666666666 0.8222222222222222 0.049088541666666666 0.8231481481481482 0.04778645833333333 0.8268518518518518 0.047526041666666664 0.8282407407407407 0.04596354166666667 0.8319444444444445 0.044661458333333334 0.8342592592592593 0.044661458333333334 0.8347222222222223 0.040364583333333336 0.8423611111111111 0.04010416666666667 0.8423611111111111 0.038802083333333334 0.8446759259259259 0.03854166666666667 0.8446759259259259 0.036458333333333336 0.8474537037037037 0.030208333333333334 0.8530092592592593 0.0296875 0.8539351851851852 0.027864583333333335 0.8548611111111111 0.026822916666666665 0.8557870370370371 0.024479166666666666 0.857175925925926 0.022395833333333334 0.8581018518518518 0.01875 0.8581018518518518 0.018489583333333334 0.8576388888888888 0.016927083333333332 0.8576388888888888 0.015625 0.856712962962963 0.01328125 0.85625 0.011458333333333333 0.8548611111111111 0.01015625 0.8543981481481482 0.008854166666666666 0.8534722222222222 0.008333333333333333 0.8525462962962963 0.007291666666666667 0.8520833333333333 0.005989583333333334 0.8506944444444444 0.0033854166666666668 0.8488425925925925 0.0015625 0.8465277777777778 0.0 0.8465277777777778
1 0.08776041666666667 0.8671296296296296 0.054427083333333334 0.07731481481481473 0.08541666666666667 0.905787037037037 0.08098958333333334 0.905787037037037 0.08072916666666667 0.9053240740740741 0.07916666666666666 0.9053240740740741 0.07890625 0.9048611111111111 0.075 0.9034722222222222 0.07421875 0.9025462962962963 0.071875 0.9016203703703703 0.07057291666666667 0.9006944444444445 0.06875 0.8988425925925926 0.06822916666666666 0.8988425925925926 0.06510416666666667 0.8951388888888889 0.063671875 0.8925925925925926 0.06263020833333334 0.8893518518518518 0.061328125 0.8861111111111111 0.060807291666666666 0.8833333333333333 0.060807291666666666 0.8805555555555555 0.060546875 0.8800925925925925 0.060546875 0.875462962962963 0.060807291666666666 0.875 0.060807291666666666 0.8717592592592592 0.061328125 0.8694444444444445 0.061848958333333336 0.8657407407407407 0.062890625 0.862037037037037 0.06341145833333334 0.8611111111111112 0.064453125 0.8574074074074074 0.06627604166666666 0.8532407407407407 0.06705729166666667 0.850925925925926 0.06861979166666667 0.8481481481481481 0.06861979166666667 0.8476851851851852 0.06979166666666667 0.8456018518518519 0.07005208333333333 0.8456018518518519 0.07135416666666666 0.843287037037037 0.07265625 0.8414351851851852 0.07395833333333333 0.8400462962962963 0.07526041666666666 0.8381944444444445 0.0765625 0.8368055555555556 0.07890625 0.8349537037037037 0.08020833333333334 0.8335648148148148 0.08072916666666667 0.8335648148148148 0.08203125 0.8321759259259259 0.08255208333333333 0.8321759259259259 0.08385416666666666 0.830787037037037 0.08567708333333333 0.830324074074074 0.08697916666666666 0.8293981481481482 0.08828125 0.8293981481481482 0.08854166666666667 0.8289351851851852 0.09036458333333333 0.8289351851851852 0.090625 0.8284722222222223 0.09583333333333334 0.8284722222222223 0.09713541666666667 0.8289351851851852 0.0984375 0.8298611111111112 0.09921875 0.8298611111111112 0.10078125 0.83125 0.10130208333333333 0.83125 0.10260416666666666 0.8326388888888889 0.10390625 0.8335648148148148 0.10442708333333334 0.8344907407407407 0.10729166666666666 0.8368055555555556 0.10833333333333334 0.8381944444444445 0.10989583333333333 0.8395833333333333 0.112890625 0.8449074074074074 0.113671875 0.8472222222222222 0.11393229166666667 0.8490740740740741 0.114453125 0.850462962962963 0.114453125 0.8527777777777777 0.11471354166666667 0.8532407407407407 0.11471354166666667 0.8560185185185185 0.11497395833333333 0.8564814814814815 0.11471354166666667 0.8587962962962963 0.11471354166666667 0.862037037037037 0.114453125 0.8643518518518518 0.11341145833333334 0.8689814814814815 0.11341145833333334 0.8699074074074075 0.111328125 0.8759259259259259 0.10872395833333333 0.8819444444444444 0.10286458333333333 0.8923611111111112 0.10052083333333334 0.8951388888888889 0.09895833333333333 0.8974537037037037 0.09713541666666667 0.8988425925925926 0.09505208333333333 0.9011574074074075 0.09348958333333333 0.9020833333333333 0.09270833333333334 0.9030092592592592 0.08880208333333334 0.9043981481481481 0.0875 0.9053240740740741 0.08567708333333333 0.9053240740740741 0.08541666666666667 0.905787037037037
11 0.0673828125 0.506712962962963 0.134765625 0.24907407407407406 0.0 0.40671296296296294 0.00234375 0.40671296296296294 0.004427083333333333 0.40532407407407406 0.006510416666666667 0.4048611111111111 0.008072916666666667 0.4039351851851852 0.010416666666666666 0.40347222222222223 0.01171875 0.4025462962962963 0.0140625 0.40208333333333335 0.016145833333333335 0.40069444444444446 0.018489583333333334 0.3997685185185185 0.020052083333333335 0.3997685185185185 0.0203125 0.3993055555555556 0.021875 0.3993055555555556 0.023177083333333334 0.3988425925925926 0.024479166666666666 0.39791666666666664 0.02578125 0.39791666666666664 0.026041666666666668 0.3974537037037037 0.029947916666666668 0.3960648148148148 0.03125 0.3960648148148148 0.032552083333333336 0.3951388888888889 0.033854166666666664 0.3951388888888889 0.035416666666666666 0.394212962962963 0.03671875 0.394212962962963 0.03697916666666667 0.39375 0.03828125 0.39375 0.03854166666666667 0.39328703703703705 0.03984375 0.39328703703703705 0.04010416666666667 0.39282407407407405 0.04192708333333333 0.3923611111111111 0.04296875 0.39143518518518516 0.04375 0.39143518518518516 0.04505208333333333 0.3905092592592593 0.04765625 0.38958333333333334 0.05 0.3891203703703704 0.05130208333333333 0.38819444444444445 0.053125 0.38773148148148145 0.053385416666666664 0.3872685185185185 0.05520833333333333 0.38680555555555557 0.057291666666666664 0.3854166666666667 0.05859375 0.3854166666666667 0.059895833333333336 0.3849537037037037 0.061197916666666664 0.3840277777777778 0.0625 0.3835648148148148 0.06380208333333333 0.3835648148148148 0.0640625 0.38310185185185186 0.06536458333333334 0.38310185185185186 0.065625 0.38263888888888886 0.06692708333333333 0.38263888888888886 0.0671875 0.3821759259259259 0.06953125 0.3821759259259259 0.06979166666666667 0.38263888888888886 0.07135416666666666 0.38263888888888886 0.07369791666666667 0.3840277777777778 0.07513020833333334 0.38657407407407407 0.07565104166666667 0.3902777777777778 0.076171875 0.3921296296296296 0.07682291666666667 0.39328703703703705 0.07760416666666667 0.39375 0.08463541666666667 0.39375 0.08489583333333334 0.394212962962963 0.08619791666666667 0.394212962962963 0.0875 0.39467592592592593 0.09010416666666667 0.39699074074074076 0.09088541666666666 0.3974537037037037 0.094140625 0.40185185185185185 0.09518229166666667 0.4046296296296296 0.095703125 0.40694444444444444 0.095703125 0.4083333333333333 0.096484375 0.41203703703703703 0.096484375 0.41435185185185186 0.09674479166666666 0.4148148148148148 0.09674479166666666 0.4199074074074074 0.09700520833333333 0.4203703703703704 0.09700520833333333 0.42685185185185187 0.097265625 0.4273148148148148 0.097265625 0.4305555555555556 0.09752604166666666 0.43287037037037035 0.09856770833333334 0.43657407407407406 0.09934895833333333 0.43842592592592594 0.10182291666666667 0.4428240740740741 0.10416666666666667 0.44513888888888886 0.10690104166666667 0.45 0.10690104166666667 0.45046296296296295 0.10846354166666666 0.4532407407407407 0.10872395833333333 0.4546296296296296 0.109765625 0.45740740740740743 0.11705729166666666 0.4703703703703704 0.11705729166666666 0.4708333333333333 0.118359375 0.47314814814814815 0.118359375 0.4736111111111111 0.12057291666666667 0.4775462962962963 0.12083333333333333 0.4775462962962963 0.12278645833333333 0.48148148148148145 0.12330729166666667 0.48333333333333334 0.12513020833333333 0.48703703703703705 0.12513020833333333 0.4875 0.12669270833333332 0.49027777777777776 0.12669270833333332 0.49074074074074076 0.12903645833333333 0.4949074074074074 0.12955729166666666 0.49675925925925923 0.13190104166666666 0.5009259259259259 0.13268229166666667 0.5027777777777778 0.13268229166666667 0.5041666666666667 0.133203125 0.5064814814814815 0.13346354166666666 0.5087962962962963 0.13346354166666666 0.5120370370370371 0.13372395833333334 0.5125 0.13372395833333334 0.5157407407407407 0.133984375 0.5162037037037037 0.133984375 0.5222222222222223 0.13424479166666667 0.5226851851851851 0.13424479166666667 0.5268518518518519 0.13450520833333332 0.5273148148148148 0.13450520833333332 0.5314814814814814 0.134765625 0.5319444444444444 0.134765625 0.5407407407407407 0.13450520833333332 0.5425925925925926 0.13346354166666666 0.5462962962962963 0.132421875 0.549074074074074 0.13125 0.5511574074074074 0.13098958333333333 0.5511574074074074 0.12942708333333333 0.5534722222222223 0.12864583333333332 0.5539351851851851 0.12682291666666667 0.555787037037037 0.12526041666666668 0.5567129629629629 0.12447916666666667 0.5567129629629629 0.12083333333333333 0.5590277777777778 0.11927083333333334 0.5604166666666667 0.11692708333333333 0.5604166666666667 0.11666666666666667 0.5608796296296297 0.11536458333333334 0.5608796296296297 0.11380208333333333 0.5627314814814814 0.11119791666666666 0.5645833333333333 0.11041666666666666 0.5655092592592592 0.10677083333333333 0.5673611111111111 0.10598958333333333 0.5682870370370371 0.1046875 0.56875 0.10390625 0.569675925925926 0.10260416666666666 0.5701388888888889 0.1 0.5719907407407407 0.09713541666666667 0.5729166666666666 0.0953125 0.5743055555555555 0.09401041666666667 0.5747685185185185 0.09192708333333334 0.5766203703703704 0.08958333333333333 0.5766203703703704 0.08932291666666667 0.5770833333333333 0.0875 0.5770833333333333 0.08567708333333333 0.5789351851851852 0.084375 0.5793981481481482 0.08307291666666666 0.580787037037037 0.08177083333333333 0.58125 0.08098958333333334 0.5821759259259259 0.078125 0.5835648148148148 0.07604166666666666 0.5858796296296296 0.075 0.5863425925925926 0.07369791666666667 0.5863425925925926 0.0734375 0.5868055555555556 0.07213541666666666 0.5868055555555556 0.07083333333333333 0.5877314814814815 0.06979166666666667 0.5877314814814815 0.06796875 0.5891203703703703 0.06588541666666667 0.5923611111111111 0.06380208333333333 0.594212962962963 0.06041666666666667 0.5956018518518519 0.05651041666666667 0.5983796296296297 0.053125 0.5997685185185185 0.05234375 0.6006944444444444 0.05 0.6016203703703704 0.04895833333333333 0.6025462962962963 0.04765625 0.6030092592592593 0.04505208333333333 0.6048611111111111 0.044270833333333336 0.6048611111111111 0.04296875 0.6057870370370371 0.041666666666666664 0.60625 0.038802083333333334 0.6090277777777777 0.03411458333333333 0.6113425925925926 0.03307291666666667 0.6122685185185185 0.03125 0.6127314814814815 0.028385416666666666 0.6155092592592593 0.027604166666666666 0.6155092592592593 0.026302083333333334 0.6164351851851851 0.025260416666666667 0.6164351851851851 0.023958333333333335 0.6173611111111111 0.022395833333333334 0.617824074074074 0.02109375 0.6192129629629629 0.019791666666666666 0.6201388888888889 0.017447916666666667 0.6210648148148148 0.015625 0.6224537037037037 0.0125 0.6233796296296297 0.012239583333333333 0.6238425925925926 0.0109375 0.6238425925925926 0.009114583333333334 0.6252314814814814 0.008333333333333333 0.6266203703703703 0.006510416666666667 0.6284722222222222 0.005208333333333333 0.6293981481481481 0.004427083333333333 0.6293981481481481 0.0026041666666666665 0.6307870370370371 0.0013020833333333333 0.63125 0.0 0.63125
11 0.5907552083333334 0.6189814814814815 0.60625 0.7532407407407408 0.3859375 0.9956018518518519 0.3809895833333333 0.9956018518518519 0.37916666666666665 0.9942129629629629 0.3776041666666667 0.9923611111111111 0.376171875 0.9898148148148148 0.3756510416666667 0.9875 0.37356770833333336 0.9824074074074074 0.373046875 0.9805555555555555 0.372265625 0.9791666666666666 0.3712239583333333 0.9763888888888889 0.370703125 0.9740740740740741 0.36966145833333336 0.9712962962962963 0.367578125 0.9666666666666667 0.366796875 0.9634259259259259 0.36627604166666666 0.9625 0.36549479166666665 0.9592592592592593 0.3639322916666667 0.9560185185185185 0.3631510416666667 0.9532407407407407 0.36236979166666666 0.9518518518518518 0.36184895833333336 0.95 0.36106770833333335 0.9486111111111111 0.3600260416666667 0.9449074074074074 0.358984375 0.9425925925925925 0.35846354166666666 0.9407407407407408 0.35768229166666665 0.9393518518518519 0.35716145833333335 0.9375 0.3561197916666667 0.9351851851851852 0.355078125 0.9310185185185185 0.35455729166666666 0.9296296296296296 0.352734375 0.9259259259259259 0.3522135416666667 0.9236111111111112 0.3514322916666667 0.9217592592592593 0.3509114583333333 0.9194444444444444 0.350390625 0.9157407407407407 0.34986979166666665 0.9143518518518519 0.349609375 0.9120370370370371 0.34908854166666664 0.9106481481481481 0.34856770833333334 0.9064814814814814 0.348046875 0.9046296296296297 0.3477864583333333 0.9023148148148148 0.344921875 0.887962962962963 0.344921875 0.8865740740740741 0.3436197916666667 0.8805555555555555 0.343359375 0.8768518518518519 0.34283854166666666 0.875 0.34205729166666665 0.8703703703703703 0.34205729166666665 0.8689814814814815 0.34127604166666664 0.8657407407407407 0.3404947916666667 0.8601851851851852 0.339453125 0.8560185185185185 0.339453125 0.8546296296296296 0.33893229166666666 0.8527777777777777 0.338671875 0.850462962962963 0.33815104166666665 0.8486111111111111 0.33815104166666665 0.8472222222222222 0.33736979166666664 0.8444444444444444 0.337109375 0.8421296296296297 0.3365885416666667 0.8402777777777778 0.3365885416666667 0.8388888888888889 0.3360677083333333 0.837037037037037 0.3360677083333333 0.8356481481481481 0.335546875 0.8337962962962963 0.334765625 0.8296296296296296 0.334765625 0.8282407407407407 0.33424479166666665 0.8263888888888888 0.33424479166666665 0.825 0.33372395833333335 0.8231481481481482 0.33372395833333335 0.8217592592592593 0.333203125 0.8203703703703704 0.3326822916666667 0.8175925925925925 0.332421875 0.8148148148148148 0.3319010416666667 0.8134259259259259 0.331640625 0.8111111111111111 0.33111979166666666 0.8097222222222222 0.33059895833333336 0.8046296296296296 0.33033854166666665 0.8041666666666667 0.32981770833333335 0.8004629629629629 0.32903645833333334 0.7976851851851852 0.3287760416666667 0.7944444444444444 0.3282552083333333 0.7925925925925926 0.3282552083333333 0.7912037037037037 0.3274739583333333 0.787962962962963 0.32721354166666666 0.7847222222222222 0.32643229166666665 0.7814814814814814 0.32591145833333335 0.7773148148148148 0.325390625 0.7759259259259259 0.3248697916666667 0.7717592592592593 0.323828125 0.7671296296296296 0.3235677083333333 0.762962962962963 0.32278645833333336 0.7597222222222222 0.32252604166666665 0.7574074074074074 0.321484375 0.7537037037037037 0.321484375 0.7527777777777778 0.3201822916666667 0.7462962962962963 0.31888020833333336 0.7384259259259259 0.318359375 0.736574074074074 0.31809895833333335 0.7342592592592593 0.3170572916666667 0.7305555555555555 0.316015625 0.725462962962963 0.3157552083333333 0.7222222222222222 0.31549479166666666 0.7217592592592592 0.315234375 0.7185185185185186 0.3131510416666667 0.7083333333333334 0.312109375 0.7013888888888888 0.31158854166666666 0.6995370370370371 0.31080729166666665 0.6949074074074074 0.31080729166666665 0.6935185185185185 0.31002604166666664 0.6902777777777778 0.31002604166666664 0.6875 0.309765625 0.687037037037037 0.309765625 0.6828703703703703 0.31080729166666665 0.6796296296296296 0.31158854166666666 0.6763888888888889 0.31328125 0.6729166666666667 0.31484375 0.6710648148148148 0.315625 0.6706018518518518 0.3162760416666667 0.6694444444444444 0.31731770833333334 0.6657407407407407 0.318359375 0.6638888888888889 0.31809895833333335 0.6620370370370371 0.3162760416666667 0.6587962962962963 0.31549479166666666 0.6569444444444444 0.31471354166666665 0.6541666666666667 0.314453125 0.6518518518518519 0.313671875 0.649537037037037 0.31341145833333334 0.6462962962962963 0.3131510416666667 0.6458333333333334 0.3126302083333333 0.6412037037037037 0.312109375 0.6388888888888888 0.31080729166666665 0.6347222222222222 0.310546875 0.6319444444444444 0.30950520833333334 0.6273148148148148 0.30950520833333334 0.6259259259259259 0.3087239583333333 0.6231481481481481 0.3084635416666667 0.6208333333333333 0.30768229166666666 0.6175925925925926 0.307421875 0.6157407407407407 0.305859375 0.6106481481481482 0.3053385416666667 0.6069444444444444 0.305078125 0.6064814814814815 0.305078125 0.6041666666666666 0.3048177083333333 0.6037037037037037 0.3045572916666667 0.5995370370370371 0.30325520833333336 0.5939814814814814 0.302734375 0.5925925925925926 0.302734375 0.5912037037037037 0.30221354166666664 0.5898148148148148 0.301953125 0.5875 0.3006510416666667 0.5819444444444445 0.29908854166666665 0.5787037037037037 0.29856770833333335 0.575462962962963 0.29856770833333335 0.5736111111111111 0.298046875 0.5717592592592593 0.29778645833333334 0.5685185185185185 0.2970052083333333 0.5648148148148148 0.2970052083333333 0.5615740740740741 0.2967447916666667 0.5611111111111111 0.2967447916666667 0.5518518518518518 0.2962239583333333 0.549074074074074 0.2962239583333333 0.5467592592592593 0.29596354166666666 0.5444444444444444 0.29544270833333336 0.5425925925925926 0.29518229166666665 0.5402777777777777 0.29466145833333335 0.5388888888888889 0.294140625 0.5356481481481481 0.29388020833333334 0.5324074074074074 0.2928385416666667 0.5291666666666667 0.292578125 0.5277777777777778 0.29153645833333336 0.524537037037037 0.291015625 0.5208333333333334 0.290234375 0.5166666666666667 0.289453125 0.5143518518518518 0.289453125 0.513425925925926 0.2884114583333333 0.5092592592592593 0.2884114583333333 0.5074074074074074 0.287890625 0.5046296296296297 0.287890625 0.5023148148148148 0.28763020833333336 0.5018518518518519 0.28763020833333336 0.49398148148148147 0.287890625 0.4935185185185185 0.28815104166666666 0.49027777777777776 0.289453125 0.48657407407407405 0.2908854166666667 0.4840277777777778 0.29244791666666664 0.48310185185185184 0.29322916666666665 0.48217592592592595 0.2950520833333333 0.480787037037037 0.296484375 0.47824074074074074 0.2970052083333333 0.47638888888888886 0.2975260416666667 0.4708333333333333 0.29856770833333335 0.4675925925925926 0.29908854166666665 0.4625 0.3 0.4618055555555556 0.30182291666666666 0.4613425925925926 0.303125 0.46041666666666664 0.30442708333333335 0.46041666666666664 0.3059895833333333 0.45949074074074076 0.30755208333333334 0.45949074074074076 0.3078125 0.45902777777777776 0.309375 0.45902777777777776 0.30963541666666666 0.4585648148148148 0.31171875 0.4576388888888889 0.31302083333333336 0.45578703703703705 0.3145833333333333 0.45439814814814816 0.31875 0.45208333333333334 0.32109375 0.4511574074074074 0.3223958333333333 0.45023148148148145 0.32421875 0.4497685185185185 0.328125 0.4474537037037037 0.32890625 0.4465277777777778 0.33229166666666665 0.44560185185185186 0.33255208333333336 0.44513888888888886 0.334375 0.4446759259259259 0.3377604166666667 0.4423611111111111 0.34140625 0.4409722222222222 0.34375 0.4386574074074074 0.3450520833333333 0.43819444444444444 0.346875 0.43680555555555556 0.34765625 0.43680555555555556 0.34869791666666666 0.4358796296296296 0.35078125 0.4354166666666667 0.35182291666666665 0.43449074074074073 0.353125 0.4340277777777778 0.3546875 0.4326388888888889 0.35546875 0.4326388888888889 0.35651041666666666 0.43171296296296297 0.3580729166666667 0.43171296296296297 0.35833333333333334 0.43125 0.3645833333333333 0.43125 0.3658854166666667 0.430787037037037 0.36744791666666665 0.42939814814814814 0.36796875 0.42939814814814814 0.36953125 0.42800925925925926 0.37005208333333334 0.4270833333333333 0.3723958333333333 0.4252314814814815 0.37421875 0.42476851851851855 0.3770833333333333 0.42291666666666666 0.37838541666666664 0.42106481481481484 0.3802083333333333 0.4201388888888889 0.3815104166666667 0.41875 0.38229166666666664 0.41875 0.3848958333333333 0.4173611111111111 0.3859375 0.4164351851851852 0.38671875 0.4164351851851852 0.3885416666666667 0.4150462962962963 0.38984375 0.41458333333333336 0.39114583333333336 0.41458333333333336 0.3966145833333333 0.41087962962962965 0.39869791666666665 0.41041666666666665 0.3997395833333333 0.40949074074074077 0.40182291666666664 0.40902777777777777 0.403125 0.4081018518518518 0.40520833333333334 0.4081018518518518 0.40625 0.40902777777777777 0.40716145833333334 0.41064814814814815 0.407421875 0.41203703703703703 0.4083333333333333 0.4131944444444444 0.4088541666666667 0.4131944444444444 0.4095052083333333 0.41203703703703703 0.4100260416666667 0.4097222222222222 0.4102864583333333 0.4064814814814815 0.4108072916666667 0.4050925925925926 0.411328125 0.4023148148148148 0.41158854166666664 0.39861111111111114 0.41236979166666665 0.39537037037037037 0.41263020833333336 0.39351851851851855 0.414453125 0.38981481481481484 0.415234375 0.387037037037037 0.415234375 0.3861111111111111 0.41640625 0.3840277777777778 0.41848958333333336 0.38310185185185186 0.4192708333333333 0.3821759259259259 0.42083333333333334 0.3821759259259259 0.4231770833333333 0.3835648148148148 0.42578125 0.3835648148148148 0.42604166666666665 0.38310185185185186 0.4283854166666667 0.38310185185185186 0.42864583333333334 0.3835648148148148 0.43020833333333336 0.3835648148148148 0.4317708333333333 0.38449074074074074 0.4329427083333333 0.38657407407407407 0.4329427083333333 0.3875 0.4337239583333333 0.38981481481481484 0.43450520833333334 0.3912037037037037 0.43528645833333335 0.3939814814814815 0.435546875 0.3962962962962963 0.43606770833333336 0.3976851851851852 0.436328125 0.399537037037037 0.43841145833333334 0.4046296296296296 0.4388020833333333 0.40625 0.43984375 0.40625 0.44088541666666664 0.4039351851851852 0.4427083333333333 0.40208333333333335 0.44453125 0.40162037037037035 0.44479166666666664 0.4011574074074074 0.4471354166666667 0.4011574074074074 0.4473958333333333 0.40069444444444446 0.44869791666666664 0.40069444444444446 0.45 0.3997685185185185 0.4518229166666667 0.3997685185185185 0.45286458333333335 0.40069444444444446 0.45390625 0.40069444444444446 0.4552083333333333 0.40162037037037035 0.45625 0.40347222222222223 0.45755208333333336 0.4048611111111111 0.45924479166666665 0.4078703703703704 0.46002604166666666 0.41064814814814815 0.460546875 0.4115740740740741 0.4610677083333333 0.41388888888888886 0.4610677083333333 0.41574074074074074 0.4615885416666667 0.4185185185185185 0.46236979166666664 0.42083333333333334 0.464453125 0.425 0.4654947916666667 0.42824074074074076 0.46627604166666664 0.42962962962962964 0.46653645833333335 0.43148148148148147 0.46731770833333336 0.43287037037037035 0.4680989583333333 0.4361111111111111 0.46901041666666665 0.43819444444444444 0.47044270833333335 0.4398148148148148 0.47122395833333336 0.44166666666666665 0.47174479166666666 0.4449074074074074 0.4725260416666667 0.44675925925925924 0.47434895833333335 0.45 0.47513020833333336 0.45185185185185184 0.476171875 0.45555555555555555 0.4764322916666667 0.45787037037037037 0.47747395833333334 0.4615740740740741 0.47955729166666666 0.4666666666666667 0.4803385416666667 0.4699074074074074 0.4805989583333333 0.4722222222222222 0.4805989583333333 0.47685185185185186 0.479296875 0.4810185185185185 0.478515625 0.4824074074074074 0.4772135416666667 0.48703703703703705 0.4766927083333333 0.48842592592592593 0.4766927083333333 0.49675925925925923 0.476171875 0.4986111111111111 0.47565104166666666 0.5027777777777778 0.475390625 0.5032407407407408 0.475390625 0.5055555555555555 0.47513020833333336 0.5060185185185185 0.47513020833333336 0.5097222222222222 0.47486979166666665 0.5101851851851852 0.47486979166666665 0.512962962962963 0.474609375 0.513425925925926 0.474609375 0.5180555555555556 0.47434895833333335 0.5185185185185185 0.47434895833333335 0.5236111111111111 0.47408854166666664 0.524074074074074 0.47408854166666664 0.5388888888888889 0.47434895833333335 0.5393518518518519 0.47434895833333335 0.5439814814814815 0.474609375 0.5444444444444444 0.474609375 0.5467592592592593 0.47434895833333335 0.5472222222222223 0.47434895833333335 0.5541666666666667 0.4752604166666667 0.555787037037037 0.4765625 0.555787037037037 0.47682291666666665 0.55625 0.4786458333333333 0.555787037037037 0.47994791666666664 0.5543981481481481 0.4817708333333333 0.5539351851851851 0.48333333333333334 0.5530092592592593 0.48515625 0.5511574074074074 0.4869791666666667 0.5502314814814815 0.48828125 0.5488425925925926 0.4901041666666667 0.5474537037037037 0.49244791666666665 0.5469907407407407 0.49375 0.5460648148148148 0.49609375 0.5451388888888888 0.4973958333333333 0.544212962962963 0.49895833333333334 0.5418981481481482 0.5013020833333334 0.5395833333333333 0.5041666666666667 0.5381944444444444 0.5059895833333333 0.5377314814814815 0.5078125 0.5358796296296297 0.50859375 0.5358796296296297 0.51015625 0.5349537037037037 0.5114583333333333 0.5335648148148148 0.5138020833333333 0.5321759259259259 0.515625 0.5321759259259259 0.5169270833333334 0.531712962962963 0.51796875 0.530787037037037 0.51953125 0.5280092592592592 0.5205729166666667 0.5266203703703703 0.5221354166666666 0.5252314814814815 0.5229166666666667 0.5252314814814815 0.5240885416666666 0.5231481481481481 0.52109375 0.5206018518518518 0.5197916666666667 0.51875 0.5170572916666667 0.5138888888888888 0.5170572916666667 0.513425925925926 0.515234375 0.5087962962962963 0.5139322916666667 0.5064814814814815 0.512890625 0.5041666666666667 0.5123697916666666 0.5023148148148148 0.5118489583333333 0.49907407407407406 0.5095052083333333 0.4949074074074074 0.5084635416666666 0.4912037037037037 0.5079427083333333 0.487962962962963 0.5069010416666667 0.4847222222222222 0.5055989583333333 0.4824074074074074 0.5048177083333333 0.47962962962962963 0.5037760416666667 0.47685185185185186 0.5026041666666666 0.4752314814814815 0.5006510416666666 0.47129629629629627 0.5006510416666666 0.4708333333333333 0.4993489583333333 0.4685185185185185 0.49856770833333336 0.4652777777777778 0.497265625 0.462037037037037 0.4967447916666667 0.45925925925925926 0.4954427083333333 0.45555555555555555 0.494921875 0.4546296296296296 0.494140625 0.4513888888888889 0.49388020833333335 0.449537037037037 0.49388020833333335 0.4449074074074074 0.494140625 0.4444444444444444 0.494140625 0.44166666666666665 0.4953125 0.4395833333333333 0.4981770833333333 0.4372685185185185 0.5002604166666667 0.43680555555555556 0.5026041666666666 0.43449074074074073 0.5033854166666667 0.43449074074074073 0.5052083333333334 0.43310185185185185 0.5080729166666667 0.4321759259259259 0.5091145833333334 0.43125 0.5119791666666667 0.43125 0.51328125 0.43171296296296297 0.5141927083333333 0.42962962962962964 0.5157552083333333 0.42407407407407405 0.5165364583333333 0.4203703703703704 0.5165364583333333 0.41898148148148145 0.5170572916666667 0.41574074074074074 0.517578125 0.41435185185185186 0.5178385416666667 0.41203703703703703 0.5178385416666667 0.4074074074074074 0.518359375 0.4050925925925926 0.5186197916666667 0.4027777777777778 0.5186197916666667 0.40046296296296297 0.5188802083333334 0.4 0.5188802083333334 0.3976851851851852 0.5196614583333333 0.3939814814814815 0.5196614583333333 0.38842592592592595 0.5194010416666667 0.38796296296296295 0.5194010416666667 0.3824074074074074 0.5196614583333333 0.3819444444444444 0.5196614583333333 0.3768518518518518 0.519140625 0.37453703703703706 0.519140625 0.3699074074074074 0.5194010416666667 0.3685185185185185 0.520703125 0.3638888888888889 0.521484375 0.36157407407407405 0.521484375 0.36064814814814816 0.523046875 0.35509259259259257 0.5233072916666667 0.35185185185185186 0.5240885416666666 0.3486111111111111 0.5240885416666666 0.3472222222222222 0.524609375 0.3449074074074074 0.5260416666666666 0.3423611111111111 0.5278645833333333 0.3414351851851852 0.5307291666666667 0.33958333333333335 0.5325520833333334 0.3372685185185185 0.5333333333333333 0.3368055555555556 0.5346354166666667 0.3368055555555556 0.5348958333333333 0.3363425925925926 0.5364583333333334 0.3363425925925926 0.5377604166666666 0.33587962962962964 0.5401041666666667 0.33449074074074076 0.54140625 0.33402777777777776 0.54296875 0.33402777777777776 0.5432291666666667 0.3335648148148148 0.54453125 0.3335648148148148 0.5447916666666667 0.33310185185185187 0.546875 0.33217592592592593 0.5481770833333334 0.33078703703703705 0.5486979166666667 0.33078703703703705 0.5510416666666667 0.32893518518518516 0.553125 0.3280092592592593 0.5541666666666667 0.32708333333333334 0.5575520833333333 0.32569444444444445 0.5588541666666667 0.3247685185185185 0.5598958333333334 0.3247685185185185 0.5627604166666667 0.3229166666666667 0.5640625 0.3215277777777778 0.565625 0.32060185185185186 0.5666666666666667 0.32060185185185186 0.56796875 0.3196759259259259 0.57109375 0.3196759259259259 0.5716145833333334 0.32013888888888886 0.5733072916666667 0.3175925925925926 0.5740885416666667 0.3148148148148148 0.574609375 0.3138888888888889 0.575390625 0.3106481481481482 0.5759114583333333 0.30925925925925923 0.576953125 0.30277777777777776 0.5778645833333333 0.30115740740740743 0.58046875 0.2983796296296296 0.5817708333333333 0.29791666666666666 0.5830729166666667 0.29791666666666666 0.5833333333333334 0.2974537037037037 0.5846354166666666 0.2974537037037037 0.5848958333333333 0.29791666666666666 0.5869791666666667 0.29791666666666666 0.5880208333333333 0.2983796296296296 0.58984375 0.3002314814814815 0.590625 0.30069444444444443 0.59375 0.30486111111111114 0.5947916666666667 0.305787037037037 0.5966145833333333 0.305787037037037 0.5994791666666667 0.3039351851851852 0.6002604166666666 0.3025462962962963 0.6028645833333334 0.3002314814814815 0.60390625 0.29976851851851855 0.60546875 0.29976851851851855 0.60703125 0.2988425925925926 0.60859375 0.2983796296296296 0.61015625 0.2969907407407407 0.61171875 0.2951388888888889 0.61484375 0.29375 0.6158854166666666 0.29282407407407407 0.6166666666666667 0.29282407407407407 0.6182291666666667 0.2914351851851852 0.6192708333333333 0.29097222222222224 0.62109375 0.29097222222222224 0.6213541666666667 0.29050925925925924 0.6270833333333333 0.29050925925925924 0.6322916666666667 0.2951388888888889 0.6341145833333334 0.29606481481481484 0.6354166666666666 0.29606481481481484 0.6356770833333333 0.2965277777777778 0.63828125 0.2965277777777778 0.6395833333333333 0.29791666666666666 0.6428385416666667 0.3037037037037037 0.6428385416666667 0.30416666666666664 0.6455729166666667 0.3090277777777778 0.6458333333333334 0.3090277777777778 0.6475260416666667 0.31203703703703706 0.6475260416666667 0.3125 0.648828125 0.3148148148148148 0.648828125 0.31527777777777777 0.65 0.3173611111111111 0.6502604166666667 0.3173611111111111 0.6515625 0.3196759259259259 0.6518229166666667 0.3196759259259259 0.6529947916666666 0.32175925925925924 0.6529947916666666 0.32222222222222224 0.6548177083333333 0.32546296296296295 0.6548177083333333 0.32592592592592595 0.6561197916666667 0.3282407407407407 0.6569010416666666 0.33055555555555555 0.6571614583333333 0.3333333333333333 0.6576822916666667 0.3351851851851852 0.65859375 0.3368055555555556 0.66015625 0.33449074074074076 0.6604166666666667 0.33449074074074076 0.662109375 0.3314814814814815 0.662890625 0.32916666666666666 0.6639322916666667 0.32731481481481484 0.6647135416666666 0.325 0.6658854166666667 0.3229166666666667 0.6674479166666667 0.32199074074074074 0.6684895833333333 0.32199074074074074 0.671875 0.3196759259259259 0.6723958333333333 0.31875 0.6739583333333333 0.3173611111111111 0.6755208333333333 0.3164351851851852 0.6763020833333333 0.3164351851851852 0.6791666666666667 0.3141203703703704 0.6796875 0.3141203703703704 0.6815104166666667 0.3127314814814815 0.6838541666666667 0.3122685185185185 0.6861979166666666 0.3108796296296296 0.6869791666666667 0.30949074074074073 0.6885416666666667 0.3076388888888889 0.6903645833333333 0.30625 0.69140625 0.30625 0.6927083333333334 0.3053240740740741 0.6934895833333333 0.3053240740740741 0.69453125 0.30439814814814814 0.6953125 0.30439814814814814 0.6971354166666667 0.30300925925925926 0.6984375 0.30300925925925926 0.6986979166666667 0.3025462962962963 0.7 0.3025462962962963 0.7018229166666666 0.30115740740740743 0.703125 0.29930555555555555 0.7049479166666667 0.2983796296296296 0.7059895833333333 0.2974537037037037 0.7067708333333333 0.2974537037037037 0.7078125 0.2965277777777778 0.71171875 0.29467592592592595 0.7125 0.29375 0.7143229166666667 0.293287037037037 0.7153645833333333 0.2923611111111111 0.7161458333333334 0.2923611111111111 0.7177083333333333 0.2914351851851852 0.7200520833333334 0.28912037037037036 0.7213541666666666 0.2881944444444444 0.72265625 0.2877314814814815 0.7234375 0.28680555555555554 0.7247395833333333 0.2863425925925926 0.7260416666666667 0.28541666666666665 0.72734375 0.28402777777777777 0.72890625 0.2831018518518518 0.73203125 0.28217592592592594 0.7348958333333333 0.2793981481481482 0.7354166666666667 0.27847222222222223 0.73671875 0.2775462962962963 0.7393229166666667 0.2775462962962963 0.7395833333333334 0.27708333333333335 0.7408854166666666 0.27708333333333335 0.7411458333333333 0.27662037037037035 0.7432291666666667 0.2761574074074074 0.7440104166666667 0.27523148148148147 0.7453125 0.2747685185185185 0.7471354166666667 0.27291666666666664 0.7484375 0.2724537037037037 0.74921875 0.27152777777777776 0.7515625 0.2701388888888889 0.7526041666666666 0.269212962962963 0.7565104166666666 0.26782407407407405 0.7572916666666667 0.26689814814814816 0.7604166666666666 0.2650462962962963 0.7614583333333333 0.2641203703703704 0.7622395833333333 0.2641203703703704 0.7651041666666667 0.2622685185185185 0.76796875 0.25949074074074074 0.7692708333333333 0.2585648148148148 0.7708333333333334 0.25810185185185186 0.7721354166666666 0.2571759259259259 0.7734375 0.25578703703703703 0.77578125 0.2548611111111111 0.7770833333333333 0.2539351851851852 0.778125 0.2539351851851852 0.7799479166666666 0.25254629629629627 0.78203125 0.24930555555555556 0.7833333333333333 0.24791666666666667 0.7875 0.24791666666666667 0.7893229166666667 0.2465277777777778 0.790625 0.24606481481481482 0.7924479166666667 0.24467592592592594 0.7932291666666667 0.24467592592592594 0.7953125 0.24328703703703702 0.7963541666666667 0.24328703703703702 0.7979166666666667 0.2423611111111111 0.80078125 0.2423611111111111 0.8010416666666667 0.24282407407407408 0.80234375 0.24282407407407408 0.8036458333333333 0.24328703703703702 0.8049479166666667 0.24421296296296297 0.8067708333333333 0.24467592592592594 0.8083333333333333 0.2465277777777778 0.8096354166666667 0.2474537037037037 0.8104166666666667 0.2488425925925926 0.8140625 0.2520833333333333 0.81640625 0.2520833333333333 0.8166666666666667 0.25254629629629627 0.8205729166666667 0.25254629629629627 0.821875 0.2520833333333333 0.8234375 0.2534722222222222 0.8239583333333333 0.2534722222222222 0.825 0.2548611111111111 0.82578125 0.2553240740740741 0.8274739583333334 0.25833333333333336 0.8282552083333333 0.26064814814814813 0.8287760416666666 0.26342592592592595 0.8302083333333333 0.2659722222222222 0.83046875 0.2659722222222222 0.8322916666666667 0.26875 0.8341145833333333 0.27060185185185187 0.8356770833333333 0.27337962962962964 0.8380208333333333 0.2761574074074074 0.8401041666666667 0.27800925925925923 0.840625 0.2789351851851852 0.8427083333333333 0.28125 0.8442708333333333 0.28402777777777777 0.84609375 0.28587962962962965 0.8473958333333333 0.2881944444444444 0.8484375 0.28958333333333336 0.8502604166666666 0.2914351851851852 0.8510416666666667 0.29282407407407407 0.8520833333333333 0.29375 0.85390625 0.2965277777777778 0.8552083333333333 0.29791666666666666 0.8559895833333333 0.29930555555555555 0.85703125 0.3002314814814815 0.859375 0.30439814814814814 0.86015625 0.3053240740740741 0.8619791666666666 0.30671296296296297 0.86328125 0.3085648148148148 0.8643229166666667 0.30949074074074073 0.8651041666666667 0.3108796296296296 0.8661458333333333 0.31180555555555556 0.8674479166666667 0.3136574074074074 0.86875 0.3159722222222222 0.8729166666666667 0.32060185185185186 0.8747395833333333 0.3229166666666667 0.8770833333333333 0.32708333333333334 0.8786458333333333 0.3284722222222222 0.8791666666666667 0.32939814814814816 0.8809895833333333 0.33078703703703705 0.8817708333333333 0.33078703703703705 0.8830729166666667 0.331712962962963 0.8841145833333334 0.331712962962963 0.8864583333333333 0.3335648148148148 0.8881510416666667 0.33564814814814814 0.888671875 0.3375 0.888671875 0.34305555555555556 0.8904947916666667 0.3509259259259259 0.893359375 0.35833333333333334 0.8936197916666667 0.3625 0.8938802083333334 0.3638888888888889 0.893359375 0.36574074074074076 0.8920572916666667 0.3680555555555556 0.891015625 0.37175925925925923 0.8895833333333333 0.37430555555555556 0.8893229166666666 0.37430555555555556 0.88515625 0.381712962962963 0.8848958333333333 0.381712962962963 0.88125 0.38819444444444445 0.8809895833333333 0.38819444444444445 0.8723958333333334 0.40347222222222223 0.8713541666666667 0.4043981481481482 0.8673177083333333 0.4115740740740741 0.8673177083333333 0.41203703703703703 0.8653645833333333 0.41550925925925924 0.8635416666666667 0.4173611111111111 0.8611979166666667 0.4215277777777778 0.8600260416666666 0.42314814814814816 0.8600260416666666 0.4236111111111111 0.8587239583333334 0.42592592592592593 0.8587239583333334 0.4263888888888889 0.8565104166666667 0.4303240740740741 0.8549479166666667 0.4321759259259259 0.8509114583333334 0.4393518518518518 0.8509114583333334 0.4398148148148148 0.84921875 0.4428240740740741 0.8479166666666667 0.444212962962963 0.843359375 0.45231481481481484 0.843359375 0.4527777777777778 0.840625 0.4576388888888889 0.8403645833333333 0.4576388888888889 0.8390625 0.4599537037037037 0.8388020833333333 0.4599537037037037 0.835546875 0.46574074074074073 0.835546875 0.46620370370370373 0.83359375 0.46967592592592594 0.8315104166666667 0.47199074074074077 0.8272135416666667 0.47962962962962963 0.826171875 0.4824074074074074 0.8251302083333333 0.4861111111111111 0.8235677083333334 0.4888888888888889 0.8235677083333334 0.4912037037037037 0.8243489583333333 0.4935185185185185 0.8243489583333333 0.49444444444444446 0.8263020833333333 0.4979166666666667 0.8265625 0.4979166666666667 0.827734375 0.5 0.8287760416666666 0.5023148148148148 0.829296875 0.5046296296296297 0.8295572916666667 0.5069444444444444 0.8295572916666667 0.5111111111111111 0.8282552083333333 0.5143518518518518 0.8272135416666667 0.5162037037037037 0.826171875 0.5189814814814815 0.8247395833333333 0.5215277777777778 0.8244791666666667 0.5215277777777778 0.8223958333333333 0.5252314814814815 0.8213541666666667 0.5261574074074075 0.8196614583333334 0.5287037037037037 0.8196614583333334 0.5291666666666667 0.8171875 0.5335648148148148 0.8158854166666667 0.5349537037037037 0.8143229166666667 0.5377314814814815 0.8127604166666667 0.5395833333333333 0.8114583333333333 0.5418981481481482 0.8111979166666666 0.5418981481481482 0.80703125 0.5493055555555556 0.8067708333333333 0.5493055555555556 0.80546875 0.5516203703703704 0.8052083333333333 0.5516203703703704 0.80390625 0.5539351851851851 0.8036458333333333 0.5539351851851851 0.80234375 0.55625 0.8020833333333334 0.55625 0.7989583333333333 0.5618055555555556 0.7986979166666667 0.5618055555555556 0.7967447916666667 0.5652777777777778 0.7967447916666667 0.5657407407407408 0.7950520833333333 0.56875 0.79375 0.5701388888888889 0.79140625 0.5743055555555555 0.7911458333333333 0.5743055555555555 0.7895833333333333 0.5770833333333333 0.7893229166666667 0.5770833333333333 0.7869791666666667 0.58125 0.7841145833333333 0.5844907407407407 0.7833333333333333 0.5849537037037037 0.7821614583333333 0.587037037037037 0.7811197916666667 0.5898148148148148 0.7776041666666667 0.5960648148148148 0.7763020833333333 0.5979166666666667 0.7752604166666667 0.5988425925925925 0.77265625 0.6034722222222222 0.7705729166666667 0.6053240740740741 0.769140625 0.6074074074074074 0.769140625 0.6078703703703704 0.7657552083333333 0.6138888888888889 0.765234375 0.6157407407407407 0.7614583333333333 0.6224537037037037 0.76015625 0.6243055555555556 0.7588541666666667 0.6256944444444444 0.7559895833333333 0.6307870370370371 0.7557291666666667 0.6307870370370371 0.7536458333333333 0.6344907407407407 0.75234375 0.6363425925925926 0.7502604166666667 0.6381944444444444 0.7485677083333333 0.6412037037037037 0.7485677083333333 0.6416666666666667 0.7459635416666667 0.6462962962962963 0.7459635416666667 0.6467592592592593 0.74453125 0.6493055555555556 0.7424479166666667 0.6511574074074075 0.7404947916666667 0.6546296296296297 0.7404947916666667 0.6550925925925926 0.7393229166666667 0.6571759259259259 0.73828125 0.6581018518518519 0.7375 0.6594907407407408 0.73515625 0.6622685185185185 0.734375 0.6627314814814815 0.7325520833333333 0.6650462962962963 0.73125 0.6659722222222222 0.7299479166666667 0.6664351851851852 0.7286458333333333 0.6678240740740741 0.728125 0.6678240740740741 0.7270833333333333 0.669212962962963 0.72578125 0.6701388888888888 0.7239583333333334 0.6724537037037037 0.72265625 0.6733796296296296 0.7221354166666667 0.6743055555555556 0.7205729166666667 0.6752314814814815 0.7177083333333333 0.6780092592592593 0.7135416666666666 0.6817129629629629 0.7130208333333333 0.6826388888888889 0.7114583333333333 0.6835648148148148 0.7065104166666667 0.6881944444444444 0.7059895833333333 0.6881944444444444 0.7049479166666667 0.6895833333333333 0.7041666666666667 0.6900462962962963 0.7018229166666666 0.6928240740740741 0.7005208333333334 0.694675925925926 0.7 0.694675925925926 0.6973958333333333 0.6974537037037037 0.696875 0.6983796296296296 0.6958333333333333 0.6988425925925926 0.6919270833333333 0.7025462962962963 0.69140625 0.7034722222222223 0.6901041666666666 0.7043981481481482 0.6895833333333333 0.705324074074074 0.6877604166666667 0.70625 0.6861979166666666 0.7076388888888889 0.684375 0.7104166666666667 0.6817708333333333 0.7131944444444445 0.68125 0.7131944444444445 0.6799479166666667 0.7145833333333333 0.6794270833333333 0.7145833333333333 0.67734375 0.7164351851851852 0.6760416666666667 0.7164351851851852 0.67578125 0.7168981481481481 0.6744791666666666 0.7168981481481481 0.6729166666666667 0.7178240740740741 0.67109375 0.7201388888888889 0.669140625 0.7236111111111111 0.669140625 0.7240740740740741 0.66796875 0.7261574074074074 0.665625 0.7284722222222222 0.66484375 0.7284722222222222 0.6625 0.7303240740740741 0.6614583333333334 0.732175925925926 0.6606770833333333 0.7326388888888888 0.6580729166666667 0.7354166666666667 0.6567708333333333 0.7358796296296296 0.6552083333333333 0.7372685185185185 0.6541666666666667 0.7391203703703704 0.6505208333333333 0.7423611111111111 0.6497395833333334 0.743287037037037 0.6489583333333333 0.743287037037037 0.6473958333333333 0.7451388888888889 0.6466145833333333 0.7456018518518519 0.6432291666666666 0.7483796296296297 0.6403645833333333 0.7511574074074074 0.6390625 0.7534722222222222 0.6359375 0.75625 0.6333333333333333 0.7590277777777777 0.6315104166666666 0.7604166666666666 0.6278645833333333 0.7636574074074074 0.6263020833333334 0.7659722222222223 0.6260416666666667 0.7659722222222223 0.62421875 0.76875 0.62265625 0.7706018518518518 0.621875 0.7710648148148148 0.61953125 0.7733796296296296 0.6182291666666667 0.7743055555555556 0.6166666666666667 0.7743055555555556 0.61640625 0.7747685185185185 0.6151041666666667 0.7747685185185185 0.6140625 0.7738425925925926 0.6108072916666667 0.7680555555555556 0.6092447916666667 0.762962962962963 0.6076822916666667 0.7601851851851852 0.605078125 0.7527777777777778 0.605078125 0.7518518518518519 0.604296875 0.7490740740740741 0.602734375 0.7453703703703703 0.6022135416666666 0.7430555555555556 0.6014322916666667 0.7407407407407407 0.6009114583333334 0.7375 0.5998697916666667 0.7342592592592593 0.5990885416666667 0.7328703703703704 0.5985677083333333 0.7305555555555555 0.5985677083333333 0.7291666666666666 0.5977864583333333 0.725 0.5971354166666667 0.7233796296296297 0.5958333333333333 0.7229166666666667 0.594921875 0.7240740740740741 0.5944010416666666 0.7268518518518519 0.5944010416666666 0.7282407407407407 0.5938802083333333 0.7310185185185185 0.5930989583333334 0.7337962962962963 0.591796875 0.736574074074074 0.590234375 0.7425925925925926 0.5876302083333333 0.7486111111111111 0.5865885416666666 0.7513888888888889 0.5860677083333333 0.7537037037037037 0.5845052083333333 0.7578703703703704 0.5829427083333333 0.7611111111111111 0.5826822916666666 0.763425925925926 0.5821614583333333 0.7648148148148148 0.5811197916666667 0.7694444444444445 0.579296875 0.7731481481481481 0.5787760416666666 0.775 0.576953125 0.7791666666666667 0.5756510416666667 0.7851851851851852 0.5751302083333333 0.7870370370370371 0.572265625 0.7921296296296296 0.5712239583333333 0.7962962962962963 0.5694010416666667 0.8013888888888889 0.567578125 0.8050925925925926 0.566796875 0.8092592592592592 0.565234375 0.8138888888888889 0.5649739583333333 0.8157407407407408 0.5626302083333333 0.8240740740740741 0.5618489583333334 0.8263888888888888 0.5598958333333334 0.8298611111111112 0.5575520833333333 0.8321759259259259 0.5552083333333333 0.8340277777777778 0.5541666666666667 0.8358796296296296 0.5526041666666667 0.8377314814814815 0.5515625 0.8381944444444445 0.54921875 0.8405092592592592 0.5473958333333333 0.8414351851851852 0.54609375 0.8428240740740741 0.5450520833333333 0.8446759259259259 0.5434895833333333 0.8460648148148148 0.5393229166666667 0.8493055555555555 0.5380208333333333 0.8511574074074074 0.5369791666666667 0.8520833333333333 0.5356770833333333 0.8525462962962963 0.5348958333333333 0.8534722222222222 0.53359375 0.8539351851851852 0.53203125 0.8553240740740741 0.5302083333333333 0.8585648148148148 0.5265625 0.8618055555555556 0.5252604166666667 0.8641203703703704 0.5239583333333333 0.8655092592592593 0.5229166666666667 0.8659722222222223 0.5200520833333333 0.86875 0.51953125 0.86875 0.5182291666666666 0.8701388888888889 0.5169270833333334 0.8710648148148148 0.515625 0.8724537037037037 0.5140625 0.8747685185185186 0.5111979166666667 0.8770833333333333 0.5106770833333333 0.8780092592592592 0.509375 0.8789351851851852 0.5080729166666667 0.8803240740740741 0.5067708333333333 0.88125 0.50625 0.882175925925926 0.5033854166666667 0.8844907407407407 0.5020833333333333 0.8858796296296296 0.50078125 0.8868055555555555 0.49921875 0.8886574074074074 0.49583333333333335 0.893287037037037 0.49375 0.8946759259259259 0.49296875 0.8956018518518518 0.4908854166666667 0.8969907407407407 0.4890625 0.8993055555555556 0.4859375 0.9016203703703703 0.4830729166666667 0.9043981481481481 0.48125 0.9071759259259259 0.47994791666666664 0.9085648148148148 0.478125 0.9099537037037037 0.4765625 0.9104166666666667 0.4747395833333333 0.9122685185185185 0.4734375 0.9127314814814815 0.47109375 0.9145833333333333 0.46848958333333335 0.919212962962963 0.4674479166666667 0.9206018518518518 0.4666666666666667 0.9210648148148148 0.46510416666666665 0.9229166666666667 0.46380208333333334 0.9238425925925926 0.46328125 0.9247685185185185 0.46119791666666665 0.9261574074074074 0.45859375 0.9289351851851851 0.45807291666666666 0.9289351851851851 0.45598958333333334 0.930787037037037 0.45546875 0.9317129629629629 0.45260416666666664 0.9340277777777778 0.45078125 0.9363425925925926 0.4479166666666667 0.9386574074074074 0.4466145833333333 0.9400462962962963 0.4453125 0.9409722222222222 0.44479166666666664 0.9418981481481481 0.4432291666666667 0.9432870370370371 0.44166666666666665 0.944212962962963 0.4375 0.9488425925925926 0.4361979166666667 0.9497685185185185 0.4348958333333333 0.9516203703703704 0.43307291666666664 0.9530092592592593 0.43125 0.9548611111111112 0.43072916666666666 0.955787037037037 0.42942708333333335 0.9567129629629629 0.42890625 0.9576388888888889 0.42734375 0.9590277777777778 0.42682291666666666 0.9590277777777778 0.4244791666666667 0.9613425925925926 0.4239583333333333 0.9622685185185185 0.42161458333333335 0.9641203703703703 0.4192708333333333 0.968287037037037 0.41796875 0.96875 0.4171875 0.9696759259259259 0.41458333333333336 0.9706018518518519 0.4127604166666667 0.9724537037037037 0.41041666666666665 0.9761574074074074 0.4088541666666667 0.9770833333333333 0.4080729166666667 0.9780092592592593 0.40677083333333336 0.9784722222222222 0.40520833333333334 0.9798611111111111 0.4044270833333333 0.98125 0.40286458333333336 0.9826388888888888 0.40234375 0.9835648148148148 0.40078125 0.9849537037037037 0.4002604166666667 0.9849537037037037 0.39791666666666664 0.9872685185185185 0.3971354166666667 0.9877314814814815 0.39427083333333335 0.9914351851851851 0.3927083333333333 0.992824074074074 0.39088541666666665 0.99375 0.38776041666666666 0.9946759259259259 0.3875 0.9951388888888889 0.38619791666666664 0.9951388888888889 0.3859375 0.9956018518518519
3 0.07740885416666667 0.7930555555555556 0.15481770833333333 0.3208333333333334 0.0 0.94375 0.0018229166666666667 0.94375 0.00390625 0.9456018518518519 0.0067708333333333336 0.9469907407407407 0.008072916666666667 0.9479166666666666 0.009375 0.9493055555555555 0.013802083333333333 0.9516203703703704 0.015104166666666667 0.9520833333333333 0.0171875 0.9534722222222223 0.02109375 0.9534722222222223 0.021354166666666667 0.9530092592592593 0.022916666666666665 0.9530092592592593 0.023177083333333334 0.9525462962962963 0.024479166666666666 0.9525462962962963 0.02578125 0.9520833333333333 0.026822916666666665 0.9511574074074074 0.027604166666666666 0.9511574074074074 0.030989583333333334 0.9483796296296296 0.03229166666666667 0.9479166666666666 0.03307291666666667 0.9469907407407407 0.034375 0.9465277777777777 0.03697916666666667 0.944675925925926 0.038802083333333334 0.9428240740740741 0.040625 0.9395833333333333 0.04244791666666667 0.9377314814814814 0.04309895833333333 0.9365740740740741 0.043359375 0.9351851851851852 0.04453125 0.9326388888888889 0.045572916666666664 0.9317129629629629 0.047265625 0.9287037037037037 0.048046875 0.9259259259259259 0.048046875 0.925 0.04934895833333333 0.9208333333333333 0.051432291666666664 0.9162037037037037 0.05221354166666667 0.912962962962963 0.052994791666666666 0.9106481481481481 0.05377604166666667 0.9092592592592592 0.05455729166666667 0.9069444444444444 0.05481770833333333 0.9050925925925926 0.05481770833333333 0.8930555555555556 0.05455729166666667 0.8925925925925926 0.054036458333333336 0.888425925925926 0.053515625 0.8870370370370371 0.052473958333333334 0.8824074074074074 0.051953125 0.8814814814814815 0.051171875 0.8787037037037037 0.04973958333333333 0.8761574074074074 0.0484375 0.8743055555555556 0.045572916666666664 0.8719907407407408 0.04348958333333333 0.8710648148148148 0.042708333333333334 0.8701388888888889 0.04140625 0.8696759259259259 0.03828125 0.8668981481481481 0.03671875 0.8659722222222223 0.0359375 0.8650462962962963 0.03463541666666667 0.8645833333333334 0.03229166666666667 0.8631944444444445 0.03046875 0.8613425925925926 0.028776041666666665 0.8583333333333333 0.028776041666666665 0.8574074074074074 0.029427083333333333 0.8557870370370371 0.03125 0.8534722222222222 0.03359375 0.8516203703703704 0.034895833333333334 0.8502314814814815 0.03567708333333333 0.8488425925925925 0.036458333333333336 0.8483796296296297 0.039322916666666666 0.844212962962963 0.03958333333333333 0.844212962962963 0.04088541666666667 0.8418981481481481 0.0421875 0.8405092592592592 0.04596354166666667 0.8337962962962963 0.04596354166666667 0.8333333333333334 0.047265625 0.8305555555555556 0.048046875 0.8273148148148148 0.048567708333333334 0.825925925925926 0.050390625 0.8194444444444444 0.050390625 0.8185185185185185 0.051171875 0.8157407407407408 0.051171875 0.8125 0.051432291666666664 0.812037037037037 0.051432291666666664 0.8092592592592592 0.052083333333333336 0.8076388888888889 0.05286458333333333 0.8071759259259259 0.053385416666666664 0.8076388888888889 0.0546875 0.8076388888888889 0.054947916666666666 0.8081018518518519 0.05625 0.8081018518518519 0.05859375 0.8094907407407408 0.06041666666666667 0.8113425925925926 0.06484375 0.8150462962962963 0.06614583333333333 0.8155092592592592 0.06822916666666666 0.8155092592592592 0.06848958333333334 0.8159722222222222 0.07161458333333333 0.8159722222222222 0.071875 0.8155092592592592 0.0734375 0.8155092592592592 0.075 0.8145833333333333 0.07604166666666666 0.8145833333333333 0.07760416666666667 0.8136574074074074 0.07890625 0.8136574074074074 0.07994791666666666 0.8131944444444444 0.08151041666666667 0.8118055555555556 0.08203125 0.8118055555555556 0.08385416666666666 0.8099537037037037 0.08567708333333333 0.8085648148148148 0.08619791666666667 0.8085648148148148 0.08776041666666666 0.8071759259259259 0.0890625 0.805324074074074 0.0921875 0.8025462962962963 0.09348958333333333 0.8006944444444445 0.09479166666666666 0.7983796296296296 0.09505208333333333 0.7983796296296296 0.097265625 0.7944444444444444 0.09830729166666667 0.7916666666666666 0.09934895833333333 0.7898148148148149 0.10065104166666666 0.7861111111111111 0.10169270833333334 0.7837962962962963 0.102734375 0.7800925925925926 0.102734375 0.7791666666666667 0.10455729166666666 0.7726851851851851 0.10455729166666666 0.7703703703703704 0.10481770833333333 0.7699074074074074 0.10481770833333333 0.7675925925925926 0.105078125 0.7652777777777777 0.10559895833333334 0.762962962962963 0.10677083333333333 0.7608796296296296 0.10755208333333334 0.7608796296296296 0.10911458333333333 0.7631944444444444 0.11067708333333333 0.7645833333333333 0.11119791666666666 0.7655092592592593 0.11302083333333333 0.7668981481481482 0.11354166666666667 0.767824074074074 0.11666666666666667 0.7701388888888889 0.11953125 0.7715277777777778 0.12109375 0.7715277777777778 0.12135416666666667 0.7719907407407407 0.12317708333333334 0.7719907407407407 0.1234375 0.7724537037037037 0.125 0.7724537037037037 0.12526041666666668 0.7729166666666667 0.12786458333333334 0.7729166666666667 0.13229166666666667 0.7710648148148148 0.13385416666666666 0.7701388888888889 0.13671875 0.767824074074074 0.13723958333333333 0.7668981481481482 0.14296875 0.7618055555555555 0.14661458333333333 0.7553240740740741 0.146875 0.7553240740740741 0.15065104166666668 0.7486111111111111 0.15143229166666666 0.7467592592592592 0.15325520833333334 0.7402777777777778 0.15325520833333334 0.7393518518518518 0.154296875 0.7361111111111112 0.15481770833333333 0.7337962962962963 0.15481770833333333 0.7240740740740741 0.154296875 0.7222222222222222 0.154296875 0.7208333333333333 0.153515625 0.7171296296296297 0.15247395833333333 0.7148148148148148 0.151953125 0.7129629629629629 0.15026041666666667 0.7099537037037037 0.14921875 0.7090277777777778 0.14791666666666667 0.7071759259259259 0.14713541666666666 0.7067129629629629 0.14557291666666666 0.7048611111111112 0.14401041666666667 0.7020833333333333 0.14375 0.7020833333333333 0.14244791666666667 0.6997685185185185 0.140625 0.6979166666666666 0.13828125 0.694675925925926 0.13619791666666667 0.6928240740740741 0.13528645833333333 0.6912037037037037 0.135546875 0.6898148148148148 0.13645833333333332 0.6891203703703703 0.13802083333333334 0.6872685185185186 0.14140625 0.68125 0.14166666666666666 0.68125 0.14361979166666666 0.6777777777777778 0.144921875 0.674537037037037 0.14544270833333334 0.6722222222222223 0.14622395833333332 0.6703703703703704 0.14674479166666668 0.6671296296296296 0.14752604166666666 0.6643518518518519 0.14752604166666666 0.6569444444444444 0.14674479166666668 0.6537037037037037 0.14361979166666666 0.6462962962962963 0.14231770833333332 0.6439814814814815 0.14231770833333332 0.6435185185185185 0.14088541666666668 0.6409722222222223 0.13880208333333333 0.6386574074074074 0.13567708333333334 0.6358796296296296 0.13489583333333333 0.6349537037037037 0.13333333333333333 0.6344907407407407 0.13203125 0.6335648148148149 0.13072916666666667 0.6331018518518519 0.12916666666666668 0.6331018518518519 0.12890625 0.6326388888888889 0.12552083333333333 0.6326388888888889 0.12526041666666668 0.6331018518518519 0.12369791666666667 0.6335648148148149 0.12291666666666666 0.6344907407407407 0.11927083333333334 0.6354166666666666 0.11822916666666666 0.6363425925925926 0.11640625 0.6368055555555555 0.11484375 0.6377314814814815 0.1140625 0.6386574074074074 0.11067708333333333 0.6409722222222223 0.10924479166666666 0.6435185185185185 0.10924479166666666 0.6439814814814815 0.10794270833333333 0.6462962962962963 0.10794270833333333 0.6467592592592593 0.10611979166666667 0.65 0.10611979166666667 0.6504629629629629 0.10481770833333333 0.6527777777777778 0.10481770833333333 0.6532407407407408 0.103515625 0.6555555555555556 0.10247395833333334 0.6587962962962963 0.10247395833333334 0.6597222222222222 0.10169270833333334 0.6620370370370371 0.10169270833333334 0.6652777777777777 0.10143229166666666 0.6657407407407407 0.10143229166666666 0.6699074074074074 0.10221354166666667 0.675 0.10325520833333333 0.6782407407407407 0.108203125 0.687037037037037 0.109765625 0.6907407407407408 0.109765625 0.6912037037037037 0.11171875 0.694675925925926 0.11510416666666666 0.6965277777777777 0.116015625 0.6981481481481482 0.115625 0.6993055555555555 0.11380208333333333 0.7011574074074074 0.1125 0.7034722222222223 0.11223958333333334 0.7034722222222223 0.10690104166666667 0.7129629629629629 0.10638020833333334 0.7148148148148148 0.10481770833333333 0.7180555555555556 0.10481770833333333 0.7185185185185186 0.10325520833333333 0.7212962962962963 0.10247395833333334 0.7231481481481481 0.10143229166666666 0.7263888888888889 0.10013020833333333 0.7342592592592593 0.10013020833333333 0.736574074074074 0.09986979166666667 0.737037037037037 0.09986979166666667 0.7393518518518518 0.099609375 0.7398148148148148 0.099609375 0.7439814814814815 0.09986979166666667 0.7453703703703703 0.09895833333333333 0.7469907407407408 0.09739583333333333 0.7460648148148148 0.09583333333333334 0.7460648148148148 0.09453125 0.7446759259259259 0.09375 0.743287037037037 0.09270833333333334 0.7423611111111111 0.09140625 0.7405092592592593 0.08854166666666667 0.7377314814814815 0.08645833333333333 0.7368055555555556 0.08463541666666667 0.7354166666666667 0.08125 0.7340277777777777 0.07760416666666667 0.7340277777777777 0.07734375 0.7344907407407407 0.0734375 0.7344907407407407 0.07317708333333334 0.7349537037037037 0.07083333333333333 0.7349537037037037 0.07057291666666667 0.7354166666666667 0.06927083333333334 0.7354166666666667 0.06901041666666667 0.7358796296296296 0.06770833333333333 0.7358796296296296 0.06744791666666666 0.7363425925925926 0.06510416666666667 0.7372685185185185 0.0640625 0.7391203703703704 0.06197916666666667 0.7418981481481481 0.06067708333333333 0.742824074074074 0.05859375 0.7456018518518519 0.057291666666666664 0.7469907407407408 0.055989583333333336 0.7479166666666667 0.05520833333333333 0.7493055555555556 0.05416666666666667 0.7502314814814814 0.05286458333333333 0.7520833333333333 0.05234375 0.7520833333333333 0.05078125 0.7534722222222222 0.04934895833333333 0.7560185185185185 0.048828125 0.7587962962962963 0.04830729166666667 0.7601851851851852 0.04778645833333333 0.762962962962963 0.046223958333333336 0.7680555555555556 0.045703125 0.7722222222222223 0.045182291666666666 0.775 0.045182291666666666 0.7777777777777778 0.044921875 0.7782407407407408 0.044921875 0.7893518518518519 0.04440104166666667 0.7916666666666666 0.04375 0.7914351851851852 0.04114583333333333 0.7914351851851852 0.04010416666666667 0.7905092592592593 0.03828125 0.7877314814814815 0.03619791666666667 0.7863425925925925 0.035416666666666666 0.7854166666666667 0.03411458333333333 0.7849537037037037 0.03307291666666667 0.7840277777777778 0.0265625 0.7840277777777778 0.026302083333333334 0.7844907407407408 0.023697916666666666 0.7844907407407408 0.0234375 0.7849537037037037 0.021875 0.7849537037037037 0.019791666666666666 0.7863425925925925 0.018229166666666668 0.7868055555555555 0.016666666666666666 0.7881944444444444 0.014583333333333334 0.7905092592592593 0.0140625 0.7905092592592593 0.012760416666666666 0.7918981481481482 0.011458333333333333 0.79375 0.010677083333333334 0.794212962962963 0.009114583333333334 0.7960648148148148 0.007291666666666667 0.7988425925925926 0.00703125 0.7988425925925926 0.005729166666666666 0.8011574074074074 0.00546875 0.8011574074074074 0.00390625 0.8039351851851851 0.0036458333333333334 0.8039351851851851 0.00234375 0.80625 0.0015625 0.8067129629629629 0.0 0.8067129629629629
8 0.44505208333333335 0.07349537037037036 0.19296874999999997 0.14699074074074073 0.5415364583333333 0.0 0.5415364583333333 0.0060185185185185185 0.5412760416666667 0.006481481481481481 0.5412760416666667 0.011111111111111112 0.541015625 0.011574074074074073 0.541015625 0.014351851851851852 0.5404947916666667 0.01712962962962963 0.5404947916666667 0.020370370370370372 0.540234375 0.020833333333333332 0.540234375 0.025 0.5399739583333333 0.02546296296296296 0.5399739583333333 0.031018518518518518 0.5397135416666666 0.03148148148148148 0.5397135416666666 0.03564814814814815 0.539453125 0.03611111111111111 0.539453125 0.04027777777777778 0.5391927083333333 0.040740740740740744 0.5391927083333333 0.044444444444444446 0.5389322916666667 0.04490740740740741 0.5389322916666667 0.04722222222222222 0.5384114583333334 0.04953703703703704 0.5381510416666667 0.05185185185185185 0.5381510416666667 0.05462962962962963 0.537890625 0.055092592592592596 0.537890625 0.05787037037037037 0.5376302083333333 0.058333333333333334 0.5376302083333333 0.060648148148148145 0.537109375 0.06342592592592593 0.537109375 0.06574074074074074 0.5368489583333333 0.06620370370370371 0.5368489583333333 0.06944444444444445 0.5365885416666667 0.0699074074074074 0.5365885416666667 0.07268518518518519 0.536328125 0.07314814814814814 0.536328125 0.07592592592592592 0.5360677083333333 0.0763888888888889 0.5360677083333333 0.07962962962962963 0.5358072916666666 0.08009259259259259 0.5358072916666666 0.08333333333333333 0.535546875 0.0837962962962963 0.535546875 0.08657407407407407 0.5352864583333333 0.08703703703703704 0.5352864583333333 0.09212962962962963 0.5350260416666667 0.09259259259259259 0.5350260416666667 0.09583333333333334 0.534765625 0.0962962962962963 0.534765625 0.09907407407407408 0.5345052083333334 0.09953703703703703 0.5345052083333334 0.10324074074074074 0.5342447916666667 0.1037037037037037 0.5342447916666667 0.10833333333333334 0.533984375 0.1087962962962963 0.533984375 0.11157407407407408 0.5337239583333333 0.11203703703703703 0.5337239583333333 0.11574074074074074 0.5334635416666667 0.1162037037037037 0.5334635416666667 0.12129629629629629 0.533203125 0.12268518518518519 0.5319010416666666 0.12731481481481483 0.5313802083333333 0.1287037037037037 0.529296875 0.13240740740740742 0.5282552083333333 0.13564814814814816 0.5263020833333333 0.13912037037037037 0.5252604166666667 0.14050925925925925 0.5244791666666667 0.14097222222222222 0.5223958333333333 0.14375 0.5208333333333334 0.1451388888888889 0.5177083333333333 0.14699074074074073 0.50546875 0.14699074074074073 0.5052083333333334 0.14652777777777778 0.4895833333333333 0.14652777777777778 0.48932291666666666 0.14606481481481481 0.47760416666666666 0.14606481481481481 0.47734375 0.14560185185185184 0.4713541666666667 0.14560185185185184 0.47109375 0.1451388888888889 0.45729166666666665 0.1451388888888889 0.45703125 0.14467592592592593 0.45234375 0.14467592592592593 0.45208333333333334 0.14421296296296296 0.44817708333333334 0.14421296296296296 0.4479166666666667 0.14375 0.4427083333333333 0.14375 0.44244791666666666 0.14328703703703705 0.43854166666666666 0.14328703703703705 0.43645833333333334 0.14421296296296296 0.4361979166666667 0.14467592592592593 0.4265625 0.14467592592592593 0.42630208333333336 0.14421296296296296 0.4109375 0.14421296296296296 0.41067708333333336 0.14375 0.4010416666666667 0.14375 0.40078125 0.14328703703703705 0.3859375 0.14328703703703705 0.38567708333333334 0.14282407407407408 0.37864583333333335 0.14282407407407408 0.37838541666666664 0.1423611111111111 0.3763020833333333 0.1423611111111111 0.37604166666666666 0.14189814814814813 0.3734375 0.14097222222222222 0.371875 0.1400462962962963 0.36953125 0.13773148148148148 0.36875 0.1372685185185185 0.36614583333333334 0.1326388888888889 0.36432291666666666 0.13078703703703703 0.3631510416666667 0.1287037037037037 0.3631510416666667 0.12824074074074074 0.3600260416666667 0.12268518518518519 0.3592447916666667 0.11990740740740741 0.3587239583333333 0.1162037037037037 0.35794270833333336 0.11342592592592593 0.35768229166666665 0.10925925925925926 0.35716145833333335 0.10648148148148148 0.35716145833333335 0.10416666666666667 0.35690104166666664 0.1037037037037037 0.35690104166666664 0.10092592592592593 0.356640625 0.10046296296296296 0.356640625 0.09814814814814815 0.355859375 0.09305555555555556 0.355859375 0.08981481481481482 0.3555989583333333 0.08935185185185185 0.3555989583333333 0.08657407407407407 0.355078125 0.08425925925925926 0.3548177083333333 0.08009259259259259 0.35455729166666666 0.07962962962962963 0.35455729166666666 0.0763888888888889 0.354296875 0.07592592592592592 0.354296875 0.07268518518518519 0.35403645833333336 0.07222222222222222 0.35403645833333336 0.0699074074074074 0.353515625 0.06712962962962964 0.353515625 0.06481481481481481 0.35325520833333335 0.06435185185185185 0.35325520833333335 0.06157407407407407 0.352734375 0.05694444444444444 0.351953125 0.05277777777777778 0.351953125 0.04953703703703704 0.3516927083333333 0.049074074074074076 0.3516927083333333 0.04537037037037037 0.3509114583333333 0.04027777777777778 0.3509114583333333 0.03796296296296296 0.35065104166666666 0.0375 0.35065104166666666 0.03333333333333333 0.350390625 0.03287037037037037 0.350390625 0.02962962962962963 0.35013020833333336 0.029166666666666667 0.35013020833333336 0.026851851851851852 0.34986979166666665 0.02638888888888889 0.34986979166666665 0.023148148148148147 0.349609375 0.022685185185185187 0.349609375 0.019444444444444445 0.34908854166666664 0.016666666666666666 0.34856770833333334 0.012037037037037037 0.34856770833333334 0.0
2 0.5846354166666667 0.3175925925925926 0.025260416666666674 0.044907407407407396 0.5869791666666667 0.3400462962962963 0.5833333333333334 0.3400462962962963 0.5822916666666667 0.33912037037037035 0.5815104166666667 0.33912037037037035 0.58046875 0.33819444444444446 0.5796875 0.33819444444444446 0.5783854166666667 0.3368055555555556 0.5778645833333333 0.3368055555555556 0.5763020833333333 0.33541666666666664 0.575 0.33310185185185187 0.5747395833333333 0.33310185185185187 0.573046875 0.3300925925925926 0.5725260416666667 0.3287037037037037 0.572265625 0.3263888888888889 0.572265625 0.32407407407407407 0.5720052083333333 0.3236111111111111 0.572265625 0.3212962962962963 0.572265625 0.31851851851851853 0.5725260416666667 0.3162037037037037 0.5733072916666667 0.31342592592592594 0.5733072916666667 0.31203703703703706 0.573828125 0.3101851851851852 0.5748697916666666 0.30416666666666664 0.5759114583333333 0.30092592592592593 0.5770833333333333 0.2988425925925926 0.5783854166666667 0.2974537037037037 0.5796875 0.2965277777777778 0.58203125 0.29606481481481484 0.5833333333333334 0.2951388888888889 0.5848958333333333 0.2951388888888889 0.58515625 0.29560185185185184 0.5872395833333334 0.29560185185185184 0.5875 0.29606481481481484 0.590625 0.2974537037037037 0.5924479166666666 0.29930555555555555 0.59375 0.30115740740740743 0.5947916666666667 0.3020833333333333 0.5962239583333333 0.3050925925925926 0.5970052083333334 0.30833333333333335 0.5970052083333334 0.31157407407407406 0.597265625 0.31203703703703706 0.597265625 0.31574074074074077 0.596484375 0.3194444444444444 0.5962239583333333 0.3226851851851852 0.5954427083333333 0.32592592592592595 0.594921875 0.33055555555555555 0.594140625 0.3333333333333333 0.5919270833333333 0.3372685185185185 0.5908854166666667 0.33819444444444446 0.5895833333333333 0.3386574074074074 0.5885416666666666 0.33958333333333335 0.5872395833333334 0.33958333333333335 0.5869791666666667 0.3400462962962963
2 0.4243489583333333 0.40347222222222223 0.027604166666666707 0.05185185185185187 0.42734375 0.42939814814814814 0.42578125 0.42939814814814814 0.42552083333333335 0.4289351851851852 0.42239583333333336 0.4289351851851852 0.42213541666666665 0.4284722222222222 0.42083333333333334 0.4284722222222222 0.41953125 0.42800925925925926 0.41796875 0.42662037037037037 0.4166666666666667 0.42615740740740743 0.4158854166666667 0.4252314814814815 0.41315104166666666 0.4203703703703704 0.41158854166666664 0.41574074074074074 0.41106770833333334 0.412962962962963 0.41106770833333334 0.4101851851851852 0.4108072916666667 0.4097222222222222 0.4108072916666667 0.4060185185185185 0.410546875 0.40555555555555556 0.410546875 0.3962962962962963 0.4108072916666667 0.3958333333333333 0.4108072916666667 0.3925925925925926 0.41106770833333334 0.3921296296296296 0.411328125 0.38935185185185184 0.412109375 0.38657407407407407 0.4140625 0.38310185185185186 0.41640625 0.3803240740740741 0.41770833333333335 0.3798611111111111 0.4197916666666667 0.3784722222222222 0.42109375 0.3784722222222222 0.42135416666666664 0.37800925925925927 0.42291666666666666 0.37800925925925927 0.4231770833333333 0.37754629629629627 0.42473958333333334 0.37754629629629627 0.425 0.37800925925925927 0.42734375 0.37800925925925927 0.4296875 0.3789351851851852 0.4315104166666667 0.3803240740740741 0.43255208333333334 0.381712962962963 0.43385416666666665 0.3840277777777778 0.43411458333333336 0.3840277777777778 0.43528645833333335 0.3861111111111111 0.43606770833333336 0.3888888888888889 0.43658854166666666 0.38981481481481484 0.4376302083333333 0.39444444444444443 0.4376302083333333 0.3958333333333333 0.4381510416666667 0.39814814814814814 0.4381510416666667 0.4009259259259259 0.437890625 0.4013888888888889 0.437890625 0.4125 0.4376302083333333 0.4148148148148148 0.43658854166666666 0.41898148148148145 0.43333333333333335 0.42476851851851855 0.43072916666666666 0.4275462962962963 0.43020833333333336 0.4275462962962963 0.42864583333333334 0.4289351851851852 0.42734375 0.42939814814814814
2 0.44804687499999996 0.4761574074074074 0.02812500000000001 0.05462962962962964 0.44765625 0.5034722222222222 0.4473958333333333 0.5030092592592592 0.44583333333333336 0.5030092592592592 0.44453125 0.5025462962962963 0.44192708333333336 0.5011574074074074 0.4390625 0.4983796296296296 0.4368489583333333 0.49444444444444446 0.43606770833333336 0.4925925925925926 0.43502604166666664 0.48935185185185187 0.434765625 0.48657407407407405 0.4342447916666667 0.4842592592592593 0.4342447916666667 0.4787037037037037 0.433984375 0.47824074074074074 0.433984375 0.47453703703703703 0.4342447916666667 0.4740740740740741 0.4342447916666667 0.46805555555555556 0.43450520833333334 0.4675925925925926 0.43450520833333334 0.4652777777777778 0.434765625 0.4648148148148148 0.43502604166666664 0.46111111111111114 0.43580729166666665 0.4583333333333333 0.4375 0.45532407407407405 0.4393229166666667 0.4534722222222222 0.4401041666666667 0.45208333333333334 0.44375 0.44930555555555557 0.44505208333333335 0.44930555555555557 0.4453125 0.44884259259259257 0.4513020833333333 0.44884259259259257 0.45286458333333335 0.45023148148148145 0.4549479166666667 0.4511574074074074 0.45651041666666664 0.4530092592592593 0.45729166666666665 0.4534722222222222 0.46002604166666666 0.4583333333333333 0.4608072916666667 0.4601851851851852 0.4615885416666667 0.4634259259259259 0.4615885416666667 0.4648148148148148 0.462109375 0.4666666666666667 0.462109375 0.4837962962962963 0.4615885416666667 0.48657407407407405 0.4615885416666667 0.48842592592592593 0.4602864583333333 0.4935185185185185 0.459765625 0.4949074074074074 0.45807291666666666 0.4979166666666667 0.45651041666666664 0.4997685185185185 0.4544270833333333 0.5016203703703703 0.45338541666666665 0.5016203703703703 0.45208333333333334 0.5025462962962963 0.45078125 0.5025462962962963 0.4505208333333333 0.5030092592592592 0.4479166666666667 0.5030092592592592 0.44765625 0.5034722222222222
2 0.3436197916666667 0.5412037037037037 0.03437499999999999 0.05972222222222223 0.3458333333333333 0.5710648148148149 0.34088541666666666 0.5710648148148149 0.340625 0.5706018518518519 0.33880208333333334 0.5706018518518519 0.3385416666666667 0.5701388888888889 0.3372395833333333 0.5701388888888889 0.33567708333333335 0.56875 0.33515625 0.56875 0.3338541666666667 0.5668981481481481 0.3328125 0.5659722222222222 0.33059895833333336 0.562037037037037 0.330078125 0.5606481481481481 0.329296875 0.5574074074074075 0.329296875 0.5560185185185185 0.3287760416666667 0.5537037037037037 0.328515625 0.5509259259259259 0.327734375 0.5486111111111112 0.326953125 0.5444444444444444 0.32669270833333336 0.5421296296296296 0.32669270833333336 0.5398148148148149 0.32643229166666665 0.5393518518518519 0.32643229166666665 0.5342592592592592 0.32669270833333336 0.5337962962962963 0.32669270833333336 0.5310185185185186 0.327734375 0.5268518518518519 0.32955729166666664 0.5222222222222223 0.33203125 0.517824074074074 0.3341145833333333 0.5155092592592593 0.33489583333333334 0.5155092592592593 0.34036458333333336 0.5122685185185185 0.34140625 0.5113425925925926 0.34270833333333334 0.5118055555555555 0.34453125 0.5118055555555555 0.34479166666666666 0.5122685185185185 0.346875 0.5122685185185185 0.34713541666666664 0.5127314814814815 0.3484375 0.5127314814814815 0.3515625 0.5141203703703704 0.3536458333333333 0.5159722222222223 0.35690104166666664 0.5217592592592593 0.35794270833333336 0.525 0.3587239583333333 0.5282407407407408 0.3592447916666667 0.5324074074074074 0.359765625 0.5342592592592592 0.359765625 0.5356481481481481 0.36028645833333334 0.5375 0.36028645833333334 0.5398148148148149 0.360546875 0.5402777777777777 0.360546875 0.5425925925925926 0.36080729166666664 0.5430555555555555 0.36080729166666664 0.5476851851851852 0.360546875 0.5481481481481482 0.360546875 0.5509259259259259 0.358984375 0.5574074074074075 0.35794270833333336 0.5601851851851852 0.35546875 0.5645833333333333 0.35390625 0.5664351851851852 0.35234375 0.5673611111111111 0.3494791666666667 0.569675925925926 0.34609375 0.5706018518518519 0.3458333333333333 0.5710648148148149
2 0.12721354166666668 0.7331018518518518 0.054687500000000014 0.07777777777777772 0.12786458333333334 0.7719907407407407 0.121875 0.7719907407407407 0.12161458333333333 0.7715277777777778 0.11927083333333334 0.7710648148148148 0.11822916666666666 0.7701388888888889 0.11692708333333333 0.7696759259259259 0.11458333333333333 0.7673611111111112 0.11380208333333333 0.7668981481481482 0.11067708333333333 0.7627314814814815 0.10755208333333334 0.7594907407407407 0.10520833333333333 0.75625 0.10494791666666667 0.75625 0.10221354166666667 0.7513888888888889 0.101171875 0.7486111111111111 0.10065104166666666 0.7462962962962963 0.10065104166666666 0.7449074074074075 0.10013020833333333 0.7425925925925926 0.09986979166666667 0.7402777777777778 0.09986979166666667 0.7375 0.10013020833333333 0.737037037037037 0.10013020833333333 0.7333333333333333 0.100390625 0.7328703703703704 0.10091145833333333 0.7287037037037037 0.101953125 0.725 0.10377604166666667 0.7199074074074074 0.104296875 0.7180555555555556 0.10559895833333334 0.7157407407407408 0.10559895833333334 0.7152777777777778 0.1078125 0.7113425925925926 0.10807291666666667 0.7113425925925926 0.109375 0.7090277777777778 0.10963541666666667 0.7090277777777778 0.1109375 0.7067129629629629 0.1171875 0.7002314814814815 0.11770833333333333 0.7002314814814815 0.11901041666666666 0.6988425925925926 0.1203125 0.6983796296296296 0.12109375 0.6974537037037037 0.12395833333333334 0.6960648148148149 0.12526041666666668 0.6960648148148149 0.12552083333333333 0.6956018518518519 0.12708333333333333 0.6956018518518519 0.12734375 0.6951388888888889 0.12864583333333332 0.6951388888888889 0.13020833333333334 0.694212962962963 0.13125 0.694212962962963 0.13255208333333332 0.6951388888888889 0.134375 0.6956018518518519 0.13541666666666666 0.6965277777777777 0.1375 0.6974537037037037 0.13828125 0.6974537037037037 0.14140625 0.6997685185185185 0.14348958333333334 0.7020833333333333 0.1453125 0.7048611111111112 0.14609375 0.705324074074074 0.14973958333333334 0.7099537037037037 0.15221354166666667 0.7143518518518519 0.15299479166666666 0.7162037037037037 0.154296875 0.7226851851851852 0.15455729166666668 0.725 0.15455729166666668 0.7324074074074074 0.15377604166666667 0.7361111111111112 0.153515625 0.7384259259259259 0.15299479166666666 0.7407407407407407 0.15169270833333334 0.7449074074074075 0.149609375 0.75 0.146875 0.7548611111111111 0.14661458333333333 0.7548611111111111 0.1453125 0.757175925925926 0.14401041666666667 0.7590277777777777 0.14296875 0.7599537037037037 0.1421875 0.7613425925925926 0.14140625 0.7618055555555555 0.13932291666666666 0.7645833333333333 0.13463541666666667 0.76875 0.13255208333333332 0.7696759259259259 0.13151041666666666 0.7706018518518518 0.1296875 0.7710648148148148 0.12942708333333333 0.7715277777777778 0.128125 0.7715277777777778 0.12786458333333334 0.7719907407407407
2 0.07434895833333333 0.7747685185185185 0.059375 0.0805555555555556 0.07369791666666667 0.8150462962962963 0.06692708333333333 0.8150462962962963 0.06666666666666667 0.8145833333333333 0.06484375 0.8141203703703703 0.06328125 0.8131944444444444 0.06197916666666667 0.8118055555555556 0.06145833333333333 0.8118055555555556 0.06015625 0.8104166666666667 0.0578125 0.8085648148148148 0.053385416666666664 0.8039351851851851 0.052083333333333336 0.8030092592592593 0.050520833333333334 0.8011574074074074 0.04830729166666667 0.7976851851851852 0.04830729166666667 0.7972222222222223 0.04674479166666667 0.7944444444444444 0.046223958333333336 0.7930555555555555 0.04544270833333333 0.7898148148148149 0.045182291666666666 0.7865740740740741 0.044921875 0.7861111111111111 0.044921875 0.7833333333333333 0.044661458333333334 0.7828703703703703 0.044661458333333334 0.7800925925925926 0.045182291666666666 0.7773148148148148 0.045182291666666666 0.775 0.04544270833333333 0.774537037037037 0.045703125 0.7717592592592593 0.046223958333333336 0.7694444444444445 0.04778645833333333 0.7643518518518518 0.04934895833333333 0.7606481481481482 0.04986979166666667 0.7587962962962963 0.051432291666666664 0.7560185185185185 0.05234375 0.7539351851851852 0.05260416666666667 0.7539351851851852 0.05390625 0.7516203703703703 0.05416666666666667 0.7516203703703703 0.05546875 0.7493055555555556 0.05572916666666667 0.7493055555555556 0.05703125 0.7469907407407408 0.0578125 0.7465277777777778 0.05859375 0.7451388888888889 0.05963541666666667 0.7442129629629629 0.0609375 0.7423611111111111 0.06145833333333333 0.7423611111111111 0.06276041666666667 0.7409722222222223 0.06328125 0.7409722222222223 0.06458333333333334 0.7395833333333334 0.06510416666666667 0.7395833333333334 0.06640625 0.7381944444444445 0.06692708333333333 0.7381944444444445 0.06848958333333334 0.7368055555555556 0.06979166666666667 0.7363425925925926 0.07109375 0.7363425925925926 0.07135416666666666 0.7358796296296296 0.07291666666666667 0.7358796296296296 0.07317708333333334 0.7354166666666667 0.07473958333333333 0.7354166666666667 0.075 0.7349537037037037 0.07864583333333333 0.7349537037037037 0.0796875 0.7344907407407407 0.07994791666666666 0.7349537037037037 0.08125 0.7349537037037037 0.08463541666666667 0.7363425925925926 0.08723958333333333 0.7381944444444445 0.08854166666666667 0.7386574074074074 0.08932291666666667 0.7395833333333334 0.09166666666666666 0.7414351851851851 0.0921875 0.7423611111111111 0.09348958333333333 0.743287037037037 0.09401041666666667 0.7442129629629629 0.09505208333333333 0.7446759259259259 0.09661458333333334 0.7460648148148148 0.09791666666666667 0.7479166666666667 0.09973958333333334 0.7511574074074074 0.1 0.7511574074074074 0.10143229166666666 0.7537037037037037 0.10221354166666667 0.7555555555555555 0.10325520833333333 0.7587962962962963 0.10377604166666667 0.7611111111111111 0.10377604166666667 0.763425925925926 0.10403645833333333 0.7638888888888888 0.10403645833333333 0.7703703703703704 0.10377604166666667 0.7708333333333334 0.10377604166666667 0.7736111111111111 0.102734375 0.7773148148148148 0.101953125 0.7810185185185186 0.10065104166666666 0.7842592592592592 0.099609375 0.788425925925926 0.09322916666666667 0.7997685185185185 0.09114583333333333 0.8020833333333334 0.08984375 0.8039351851851851 0.0890625 0.8043981481481481 0.08515625 0.8085648148148148 0.08359375 0.8099537037037037 0.08307291666666666 0.8099537037037037 0.08098958333333334 0.8118055555555556 0.07786458333333333 0.8131944444444444 0.07682291666666667 0.8141203703703703 0.07552083333333333 0.8145833333333333 0.07395833333333333 0.8145833333333333 0.07369791666666667 0.8150462962962963
2 0.019986979166666665 0.7307870370370371 0.03997395833333333 0.07870370370370372 0.0 0.6960648148148149 0.0015625 0.6960648148148149 0.005989583333333334 0.6923611111111111 0.007291666666666667 0.6923611111111111 0.007552083333333333 0.6918981481481481 0.009635416666666667 0.6918981481481481 0.009895833333333333 0.6914351851851852 0.017447916666666667 0.6914351851851852 0.017708333333333333 0.6918981481481481 0.019010416666666665 0.6918981481481481 0.019270833333333334 0.6923611111111111 0.02265625 0.69375 0.024479166666666666 0.6956018518518519 0.025260416666666667 0.6960648148148149 0.0265625 0.6979166666666666 0.029427083333333333 0.7002314814814815 0.030729166666666665 0.7020833333333333 0.03307291666666667 0.7039351851851852 0.034895833333333334 0.705787037037037 0.0359375 0.7071759259259259 0.038411458333333336 0.711574074074074 0.039453125 0.7152777777777778 0.03997395833333333 0.7180555555555556 0.03997395833333333 0.7268518518518519 0.039453125 0.7287037037037037 0.038671875 0.7337962962962963 0.037109375 0.7388888888888889 0.03606770833333333 0.7412037037037037 0.03502604166666667 0.7444444444444445 0.033984375 0.7467592592592592 0.03125 0.7516203703703703 0.030989583333333334 0.7516203703703703 0.0296875 0.7539351851851852 0.029427083333333333 0.7539351851851852 0.026302083333333334 0.7585648148148149 0.025520833333333333 0.7590277777777777 0.02421875 0.7608796296296296 0.0234375 0.7613425925925926 0.020833333333333332 0.7641203703703704 0.016927083333333332 0.7668981481481482 0.015625 0.7673611111111112 0.013802083333333333 0.76875 0.012760416666666666 0.7692129629629629 0.011458333333333333 0.7692129629629629 0.011197916666666667 0.7696759259259259 0.007552083333333333 0.7696759259259259 0.007291666666666667 0.7701388888888889 0.005989583333333334 0.7701388888888889 0.005729166666666666 0.7696759259259259 0.004427083333333333 0.7696759259259259 0.0013020833333333333 0.767824074074074 0.0 0.767824074074074
2 0.026888020833333335 0.9085648148148149 0.05377604166666667 0.0888888888888889 0.0 0.8835648148148149 0.0013020833333333333 0.8835648148148149 0.0018229166666666667 0.8831018518518519 0.002734375 0.8810185185185185 0.0049479166666666664 0.8770833333333333 0.005729166666666666 0.8766203703703703 0.00703125 0.8747685185185186 0.0078125 0.8743055555555556 0.010416666666666666 0.8715277777777778 0.013541666666666667 0.86875 0.01484375 0.867824074074074 0.016145833333333335 0.8673611111111111 0.016927083333333332 0.8664351851851851 0.019010416666666665 0.8655092592592593 0.020052083333333335 0.8655092592592593 0.02109375 0.8645833333333334 0.02265625 0.8645833333333334 0.022916666666666665 0.8641203703703704 0.029427083333333333 0.8641203703703704 0.0296875 0.8645833333333334 0.03125 0.8645833333333334 0.031510416666666666 0.8650462962962963 0.0328125 0.8650462962962963 0.035416666666666666 0.8668981481481481 0.03723958333333333 0.867824074074074 0.03854166666666667 0.8692129629629629 0.04010416666666667 0.8701388888888889 0.04088541666666667 0.8701388888888889 0.04479166666666667 0.8724537037037037 0.04609375 0.8733796296296297 0.047135416666666666 0.8747685185185186 0.04791666666666667 0.8752314814814814 0.04921875 0.8770833333333333 0.05065104166666667 0.8796296296296297 0.051432291666666664 0.8819444444444444 0.05221354166666667 0.8833333333333333 0.052473958333333334 0.8851851851851852 0.052994791666666666 0.8865740740740741 0.05325520833333333 0.8898148148148148 0.053515625 0.8902777777777777 0.053515625 0.8925925925925926 0.05377604166666667 0.8930555555555556 0.05377604166666667 0.9023148148148148 0.053515625 0.9046296296296297 0.05221354166666667 0.9101851851851852 0.051953125 0.9125 0.050130208333333336 0.9185185185185185 0.048567708333333334 0.9222222222222223 0.047526041666666664 0.9254629629629629 0.040364583333333336 0.9381944444444444 0.0390625 0.9400462962962963 0.0375 0.9414351851851852 0.0359375 0.94375 0.034375 0.9456018518518519 0.03229166666666667 0.9474537037037037 0.030989583333333334 0.9479166666666666 0.027604166666666666 0.9506944444444444 0.025260416666666667 0.9516203703703704 0.023958333333333335 0.9525462962962963 0.02265625 0.9530092592592593 0.0171875 0.9530092592592593 0.014583333333333334 0.9520833333333333 0.013020833333333334 0.9511574074074074 0.011197916666666667 0.9493055555555555 0.009375 0.9483796296296296 0.00859375 0.9474537037037037 0.007291666666666667 0.9469907407407407 0.00625 0.9460648148148149 0.0049479166666666664 0.9456018518518519 0.003125 0.94375 0.00234375 0.9423611111111111 0.0015625 0.9418981481481481 0.0 0.9418981481481481
1 0.12447916666666667 0.6648148148148147 0.04609375 0.06435185185185188 0.11979166666666667 0.6969907407407407 0.11796875 0.6965277777777777 0.115625 0.6951388888888889 0.11484375 0.694212962962963 0.11302083333333333 0.6928240740740741 0.1125 0.6918981481481481 0.1109375 0.6905092592592592 0.10963541666666667 0.6886574074074074 0.10833333333333334 0.6863425925925926 0.10703125 0.6844907407407408 0.10598958333333333 0.6835648148148148 0.1046875 0.6817129629629629 0.10299479166666667 0.6787037037037037 0.10247395833333334 0.6773148148148148 0.10143229166666666 0.6717592592592593 0.10143229166666666 0.662962962962963 0.101953125 0.6601851851851852 0.102734375 0.6578703703703703 0.102734375 0.6569444444444444 0.10377604166666667 0.6541666666666667 0.105078125 0.6518518518518519 0.105078125 0.6513888888888889 0.10625 0.6493055555555556 0.10651041666666666 0.6493055555555556 0.10885416666666667 0.6451388888888889 0.10911458333333333 0.6451388888888889 0.1109375 0.6423611111111112 0.11302083333333333 0.6405092592592593 0.11354166666666667 0.6395833333333333 0.1171875 0.6363425925925926 0.11770833333333333 0.6363425925925926 0.11901041666666666 0.6349537037037037 0.11979166666666667 0.6349537037037037 0.12213541666666666 0.6335648148148149 0.1234375 0.6331018518518519 0.12473958333333333 0.6331018518518519 0.125 0.6326388888888889 0.13125 0.6326388888888889 0.13151041666666666 0.6331018518518519 0.13489583333333333 0.6344907407407407 0.13697916666666668 0.6363425925925926 0.13880208333333333 0.6386574074074074 0.14596354166666667 0.6513888888888889 0.14674479166666668 0.6537037037037037 0.147265625 0.6560185185185186 0.147265625 0.6601851851851852 0.14752604166666666 0.6606481481481481 0.147265625 0.6648148148148149 0.14674479166666668 0.6675925925925926 0.14622395833333332 0.6689814814814815 0.14596354166666667 0.6708333333333333 0.14440104166666667 0.674074074074074 0.14388020833333334 0.6759259259259259 0.13932291666666666 0.6840277777777778 0.1390625 0.6840277777777778 0.13697916666666668 0.6868055555555556 0.13463541666666667 0.6891203703703703 0.13411458333333334 0.6891203703703703 0.13072916666666667 0.6928240740740741 0.12942708333333333 0.69375 0.1265625 0.6951388888888889 0.12552083333333333 0.6951388888888889 0.12395833333333334 0.6960648148148149 0.12265625 0.6960648148148149 0.12239583333333333 0.6965277777777777 0.12005208333333334 0.6965277777777777 0.11979166666666667 0.6969907407407407
1 0.025325520833333334 0.8210648148148147 0.05065104166666667 0.07407407407407407 0.0 0.8099537037037037 0.0013020833333333333 0.8099537037037037 0.0024739583333333332 0.8078703703703703 0.0032552083333333335 0.8055555555555556 0.00546875 0.8016203703703704 0.005729166666666666 0.8016203703703704 0.008072916666666667 0.7974537037037037 0.008333333333333333 0.7974537037037037 0.009635416666666667 0.7951388888888888 0.010416666666666666 0.794675925925926 0.011979166666666667 0.7928240740740741 0.012760416666666666 0.7923611111111111 0.01640625 0.7886574074074074 0.018489583333333334 0.7877314814814815 0.019270833333333334 0.7868055555555555 0.020052083333333335 0.7868055555555555 0.02109375 0.7858796296296297 0.0234375 0.7849537037037037 0.024739583333333332 0.7849537037037037 0.025 0.7844907407407408 0.028125 0.7844907407407408 0.028385416666666666 0.7840277777777778 0.029427083333333333 0.7844907407407408 0.03125 0.7844907407407408 0.031510416666666666 0.7849537037037037 0.03307291666666667 0.7849537037037037 0.03411458333333333 0.7858796296296297 0.035416666666666666 0.7863425925925925 0.03828125 0.7891203703703704 0.0390625 0.7895833333333333 0.040364583333333336 0.7918981481481482 0.041666666666666664 0.7932870370370371 0.043229166666666666 0.794212962962963 0.04375 0.7951388888888888 0.04583333333333333 0.7969907407407407 0.050130208333333336 0.8046296296296296 0.05065104166666667 0.8074074074074075 0.05065104166666667 0.8157407407407408 0.050130208333333336 0.8185185185185185 0.049088541666666666 0.8222222222222222 0.049088541666666666 0.8231481481481482 0.04778645833333333 0.8268518518518518 0.047526041666666664 0.8282407407407407 0.04596354166666667 0.8319444444444445 0.044661458333333334 0.8342592592592593 0.044661458333333334 0.8347222222222223 0.040364583333333336 0.8423611111111111 0.04010416666666667 0.8423611111111111 0.038802083333333334 0.8446759259259259 0.03854166666666667 0.8446759259259259 0.036458333333333336 0.8474537037037037 0.030208333333333334 0.8530092592592593 0.0296875 0.8539351851851852 0.027864583333333335 0.8548611111111111 0.026822916666666665 0.8557870370370371 0.024479166666666666 0.857175925925926 0.022395833333333334 0.8581018518518518 0.01875 0.8581018518518518 0.018489583333333334 0.8576388888888888 0.016927083333333332 0.8576388888888888 0.015625 0.856712962962963 0.01328125 0.85625 0.011458333333333333 0.8548611111111111 0.01015625 0.8543981481481482 0.008854166666666666 0.8534722222222222 0.008333333333333333 0.8525462962962963 0.007291666666666667 0.8520833333333333 0.005989583333333334 0.8506944444444444 0.0033854166666666668 0.8488425925925925 0.0015625 0.8465277777777778 0.0 0.8465277777777778
1 0.08776041666666667 0.8671296296296296 0.054427083333333334 0.07731481481481473 0.08541666666666667 0.905787037037037 0.08098958333333334 0.905787037037037 0.08072916666666667 0.9053240740740741 0.07916666666666666 0.9053240740740741 0.07890625 0.9048611111111111 0.075 0.9034722222222222 0.07421875 0.9025462962962963 0.071875 0.9016203703703703 0.07057291666666667 0.9006944444444445 0.06875 0.8988425925925926 0.06822916666666666 0.8988425925925926 0.06510416666666667 0.8951388888888889 0.063671875 0.8925925925925926 0.06263020833333334 0.8893518518518518 0.061328125 0.8861111111111111 0.060807291666666666 0.8833333333333333 0.060807291666666666 0.8805555555555555 0.060546875 0.8800925925925925 0.060546875 0.875462962962963 0.060807291666666666 0.875 0.060807291666666666 0.8717592592592592 0.061328125 0.8694444444444445 0.061848958333333336 0.8657407407407407 0.062890625 0.862037037037037 0.06341145833333334 0.8611111111111112 0.064453125 0.8574074074074074 0.06627604166666666 0.8532407407407407 0.06705729166666667 0.850925925925926 0.06861979166666667 0.8481481481481481 0.06861979166666667 0.8476851851851852 0.06979166666666667 0.8456018518518519 0.07005208333333333 0.8456018518518519 0.07135416666666666 0.843287037037037 0.07265625 0.8414351851851852 0.07395833333333333 0.8400462962962963 0.07526041666666666 0.8381944444444445 0.0765625 0.8368055555555556 0.07890625 0.8349537037037037 0.08020833333333334 0.8335648148148148 0.08072916666666667 0.8335648148148148 0.08203125 0.8321759259259259 0.08255208333333333 0.8321759259259259 0.08385416666666666 0.830787037037037 0.08567708333333333 0.830324074074074 0.08697916666666666 0.8293981481481482 0.08828125 0.8293981481481482 0.08854166666666667 0.8289351851851852 0.09036458333333333 0.8289351851851852 0.090625 0.8284722222222223 0.09583333333333334 0.8284722222222223 0.09713541666666667 0.8289351851851852 0.0984375 0.8298611111111112 0.09921875 0.8298611111111112 0.10078125 0.83125 0.10130208333333333 0.83125 0.10260416666666666 0.8326388888888889 0.10390625 0.8335648148148148 0.10442708333333334 0.8344907407407407 0.10729166666666666 0.8368055555555556 0.10833333333333334 0.8381944444444445 0.10989583333333333 0.8395833333333333 0.112890625 0.8449074074074074 0.113671875 0.8472222222222222 0.11393229166666667 0.8490740740740741 0.114453125 0.850462962962963 0.114453125 0.8527777777777777 0.11471354166666667 0.8532407407407407 0.11471354166666667 0.8560185185185185 0.11497395833333333 0.8564814814814815 0.11471354166666667 0.8587962962962963 0.11471354166666667 0.862037037037037 0.114453125 0.8643518518518518 0.11341145833333334 0.8689814814814815 0.11341145833333334 0.8699074074074075 0.111328125 0.8759259259259259 0.10872395833333333 0.8819444444444444 0.10286458333333333 0.8923611111111112 0.10052083333333334 0.8951388888888889 0.09895833333333333 0.8974537037037037 0.09713541666666667 0.8988425925925926 0.09505208333333333 0.9011574074074075 0.09348958333333333 0.9020833333333333 0.09270833333333334 0.9030092592592592 0.08880208333333334 0.9043981481481481 0.0875 0.9053240740740741 0.08567708333333333 0.9053240740740741 0.08541666666666667 0.905787037037037
11 0.0673828125 0.506712962962963 0.134765625 0.24907407407407406 0.0 0.40671296296296294 0.00234375 0.40671296296296294 0.004427083333333333 0.40532407407407406 0.006510416666666667 0.4048611111111111 0.008072916666666667 0.4039351851851852 0.010416666666666666 0.40347222222222223 0.01171875 0.4025462962962963 0.0140625 0.40208333333333335 0.016145833333333335 0.40069444444444446 0.018489583333333334 0.3997685185185185 0.020052083333333335 0.3997685185185185 0.0203125 0.3993055555555556 0.021875 0.3993055555555556 0.023177083333333334 0.3988425925925926 0.024479166666666666 0.39791666666666664 0.02578125 0.39791666666666664 0.026041666666666668 0.3974537037037037 0.029947916666666668 0.3960648148148148 0.03125 0.3960648148148148 0.032552083333333336 0.3951388888888889 0.033854166666666664 0.3951388888888889 0.035416666666666666 0.394212962962963 0.03671875 0.394212962962963 0.03697916666666667 0.39375 0.03828125 0.39375 0.03854166666666667 0.39328703703703705 0.03984375 0.39328703703703705 0.04010416666666667 0.39282407407407405 0.04192708333333333 0.3923611111111111 0.04296875 0.39143518518518516 0.04375 0.39143518518518516 0.04505208333333333 0.3905092592592593 0.04765625 0.38958333333333334 0.05 0.3891203703703704 0.05130208333333333 0.38819444444444445 0.053125 0.38773148148148145 0.053385416666666664 0.3872685185185185 0.05520833333333333 0.38680555555555557 0.057291666666666664 0.3854166666666667 0.05859375 0.3854166666666667 0.059895833333333336 0.3849537037037037 0.061197916666666664 0.3840277777777778 0.0625 0.3835648148148148 0.06380208333333333 0.3835648148148148 0.0640625 0.38310185185185186 0.06536458333333334 0.38310185185185186 0.065625 0.38263888888888886 0.06692708333333333 0.38263888888888886 0.0671875 0.3821759259259259 0.06953125 0.3821759259259259 0.06979166666666667 0.38263888888888886 0.07135416666666666 0.38263888888888886 0.07369791666666667 0.3840277777777778 0.07513020833333334 0.38657407407407407 0.07565104166666667 0.3902777777777778 0.076171875 0.3921296296296296 0.07682291666666667 0.39328703703703705 0.07760416666666667 0.39375 0.08463541666666667 0.39375 0.08489583333333334 0.394212962962963 0.08619791666666667 0.394212962962963 0.0875 0.39467592592592593 0.09010416666666667 0.39699074074074076 0.09088541666666666 0.3974537037037037 0.094140625 0.40185185185185185 0.09518229166666667 0.4046296296296296 0.095703125 0.40694444444444444 0.095703125 0.4083333333333333 0.096484375 0.41203703703703703 0.096484375 0.41435185185185186 0.09674479166666666 0.4148148148148148 0.09674479166666666 0.4199074074074074 0.09700520833333333 0.4203703703703704 0.09700520833333333 0.42685185185185187 0.097265625 0.4273148148148148 0.097265625 0.4305555555555556 0.09752604166666666 0.43287037037037035 0.09856770833333334 0.43657407407407406 0.09934895833333333 0.43842592592592594 0.10182291666666667 0.4428240740740741 0.10416666666666667 0.44513888888888886 0.10690104166666667 0.45 0.10690104166666667 0.45046296296296295 0.10846354166666666 0.4532407407407407 0.10872395833333333 0.4546296296296296 0.109765625 0.45740740740740743 0.11705729166666666 0.4703703703703704 0.11705729166666666 0.4708333333333333 0.118359375 0.47314814814814815 0.118359375 0.4736111111111111 0.12057291666666667 0.4775462962962963 0.12083333333333333 0.4775462962962963 0.12278645833333333 0.48148148148148145 0.12330729166666667 0.48333333333333334 0.12513020833333333 0.48703703703703705 0.12513020833333333 0.4875 0.12669270833333332 0.49027777777777776 0.12669270833333332 0.49074074074074076 0.12903645833333333 0.4949074074074074 0.12955729166666666 0.49675925925925923 0.13190104166666666 0.5009259259259259 0.13268229166666667 0.5027777777777778 0.13268229166666667 0.5041666666666667 0.133203125 0.5064814814814815 0.13346354166666666 0.5087962962962963 0.13346354166666666 0.5120370370370371 0.13372395833333334 0.5125 0.13372395833333334 0.5157407407407407 0.133984375 0.5162037037037037 0.133984375 0.5222222222222223 0.13424479166666667 0.5226851851851851 0.13424479166666667 0.5268518518518519 0.13450520833333332 0.5273148148148148 0.13450520833333332 0.5314814814814814 0.134765625 0.5319444444444444 0.134765625 0.5407407407407407 0.13450520833333332 0.5425925925925926 0.13346354166666666 0.5462962962962963 0.132421875 0.549074074074074 0.13125 0.5511574074074074 0.13098958333333333 0.5511574074074074 0.12942708333333333 0.5534722222222223 0.12864583333333332 0.5539351851851851 0.12682291666666667 0.555787037037037 0.12526041666666668 0.5567129629629629 0.12447916666666667 0.5567129629629629 0.12083333333333333 0.5590277777777778 0.11927083333333334 0.5604166666666667 0.11692708333333333 0.5604166666666667 0.11666666666666667 0.5608796296296297 0.11536458333333334 0.5608796296296297 0.11380208333333333 0.5627314814814814 0.11119791666666666 0.5645833333333333 0.11041666666666666 0.5655092592592592 0.10677083333333333 0.5673611111111111 0.10598958333333333 0.5682870370370371 0.1046875 0.56875 0.10390625 0.569675925925926 0.10260416666666666 0.5701388888888889 0.1 0.5719907407407407 0.09713541666666667 0.5729166666666666 0.0953125 0.5743055555555555 0.09401041666666667 0.5747685185185185 0.09192708333333334 0.5766203703703704 0.08958333333333333 0.5766203703703704 0.08932291666666667 0.5770833333333333 0.0875 0.5770833333333333 0.08567708333333333 0.5789351851851852 0.084375 0.5793981481481482 0.08307291666666666 0.580787037037037 0.08177083333333333 0.58125 0.08098958333333334 0.5821759259259259 0.078125 0.5835648148148148 0.07604166666666666 0.5858796296296296 0.075 0.5863425925925926 0.07369791666666667 0.5863425925925926 0.0734375 0.5868055555555556 0.07213541666666666 0.5868055555555556 0.07083333333333333 0.5877314814814815 0.06979166666666667 0.5877314814814815 0.06796875 0.5891203703703703 0.06588541666666667 0.5923611111111111 0.06380208333333333 0.594212962962963 0.06041666666666667 0.5956018518518519 0.05651041666666667 0.5983796296296297 0.053125 0.5997685185185185 0.05234375 0.6006944444444444 0.05 0.6016203703703704 0.04895833333333333 0.6025462962962963 0.04765625 0.6030092592592593 0.04505208333333333 0.6048611111111111 0.044270833333333336 0.6048611111111111 0.04296875 0.6057870370370371 0.041666666666666664 0.60625 0.038802083333333334 0.6090277777777777 0.03411458333333333 0.6113425925925926 0.03307291666666667 0.6122685185185185 0.03125 0.6127314814814815 0.028385416666666666 0.6155092592592593 0.027604166666666666 0.6155092592592593 0.026302083333333334 0.6164351851851851 0.025260416666666667 0.6164351851851851 0.023958333333333335 0.6173611111111111 0.022395833333333334 0.617824074074074 0.02109375 0.6192129629629629 0.019791666666666666 0.6201388888888889 0.017447916666666667 0.6210648148148148 0.015625 0.6224537037037037 0.0125 0.6233796296296297 0.012239583333333333 0.6238425925925926 0.0109375 0.6238425925925926 0.009114583333333334 0.6252314814814814 0.008333333333333333 0.6266203703703703 0.006510416666666667 0.6284722222222222 0.005208333333333333 0.6293981481481481 0.004427083333333333 0.6293981481481481 0.0026041666666666665 0.6307870370370371 0.0013020833333333333 0.63125 0.0 0.63125
11 0.5907552083333334 0.6189814814814815 0.60625 0.7532407407407408 0.3859375 0.9956018518518519 0.3809895833333333 0.9956018518518519 0.37916666666666665 0.9942129629629629 0.3776041666666667 0.9923611111111111 0.376171875 0.9898148148148148 0.3756510416666667 0.9875 0.37356770833333336 0.9824074074074074 0.373046875 0.9805555555555555 0.372265625 0.9791666666666666 0.3712239583333333 0.9763888888888889 0.370703125 0.9740740740740741 0.36966145833333336 0.9712962962962963 0.367578125 0.9666666666666667 0.366796875 0.9634259259259259 0.36627604166666666 0.9625 0.36549479166666665 0.9592592592592593 0.3639322916666667 0.9560185185185185 0.3631510416666667 0.9532407407407407 0.36236979166666666 0.9518518518518518 0.36184895833333336 0.95 0.36106770833333335 0.9486111111111111 0.3600260416666667 0.9449074074074074 0.358984375 0.9425925925925925 0.35846354166666666 0.9407407407407408 0.35768229166666665 0.9393518518518519 0.35716145833333335 0.9375 0.3561197916666667 0.9351851851851852 0.355078125 0.9310185185185185 0.35455729166666666 0.9296296296296296 0.352734375 0.9259259259259259 0.3522135416666667 0.9236111111111112 0.3514322916666667 0.9217592592592593 0.3509114583333333 0.9194444444444444 0.350390625 0.9157407407407407 0.34986979166666665 0.9143518518518519 0.349609375 0.9120370370370371 0.34908854166666664 0.9106481481481481 0.34856770833333334 0.9064814814814814 0.348046875 0.9046296296296297 0.3477864583333333 0.9023148148148148 0.344921875 0.887962962962963 0.344921875 0.8865740740740741 0.3436197916666667 0.8805555555555555 0.343359375 0.8768518518518519 0.34283854166666666 0.875 0.34205729166666665 0.8703703703703703 0.34205729166666665 0.8689814814814815 0.34127604166666664 0.8657407407407407 0.3404947916666667 0.8601851851851852 0.339453125 0.8560185185185185 0.339453125 0.8546296296296296 0.33893229166666666 0.8527777777777777 0.338671875 0.850462962962963 0.33815104166666665 0.8486111111111111 0.33815104166666665 0.8472222222222222 0.33736979166666664 0.8444444444444444 0.337109375 0.8421296296296297 0.3365885416666667 0.8402777777777778 0.3365885416666667 0.8388888888888889 0.3360677083333333 0.837037037037037 0.3360677083333333 0.8356481481481481 0.335546875 0.8337962962962963 0.334765625 0.8296296296296296 0.334765625 0.8282407407407407 0.33424479166666665 0.8263888888888888 0.33424479166666665 0.825 0.33372395833333335 0.8231481481481482 0.33372395833333335 0.8217592592592593 0.333203125 0.8203703703703704 0.3326822916666667 0.8175925925925925 0.332421875 0.8148148148148148 0.3319010416666667 0.8134259259259259 0.331640625 0.8111111111111111 0.33111979166666666 0.8097222222222222 0.33059895833333336 0.8046296296296296 0.33033854166666665 0.8041666666666667 0.32981770833333335 0.8004629629629629 0.32903645833333334 0.7976851851851852 0.3287760416666667 0.7944444444444444 0.3282552083333333 0.7925925925925926 0.3282552083333333 0.7912037037037037 0.3274739583333333 0.787962962962963 0.32721354166666666 0.7847222222222222 0.32643229166666665 0.7814814814814814 0.32591145833333335 0.7773148148148148 0.325390625 0.7759259259259259 0.3248697916666667 0.7717592592592593 0.323828125 0.7671296296296296 0.3235677083333333 0.762962962962963 0.32278645833333336 0.7597222222222222 0.32252604166666665 0.7574074074074074 0.321484375 0.7537037037037037 0.321484375 0.7527777777777778 0.3201822916666667 0.7462962962962963 0.31888020833333336 0.7384259259259259 0.318359375 0.736574074074074 0.31809895833333335 0.7342592592592593 0.3170572916666667 0.7305555555555555 0.316015625 0.725462962962963 0.3157552083333333 0.7222222222222222 0.31549479166666666 0.7217592592592592 0.315234375 0.7185185185185186 0.3131510416666667 0.7083333333333334 0.312109375 0.7013888888888888 0.31158854166666666 0.6995370370370371 0.31080729166666665 0.6949074074074074 0.31080729166666665 0.6935185185185185 0.31002604166666664 0.6902777777777778 0.31002604166666664 0.6875 0.309765625 0.687037037037037 0.309765625 0.6828703703703703 0.31080729166666665 0.6796296296296296 0.31158854166666666 0.6763888888888889 0.31328125 0.6729166666666667 0.31484375 0.6710648148148148 0.315625 0.6706018518518518 0.3162760416666667 0.6694444444444444 0.31731770833333334 0.6657407407407407 0.318359375 0.6638888888888889 0.31809895833333335 0.6620370370370371 0.3162760416666667 0.6587962962962963 0.31549479166666666 0.6569444444444444 0.31471354166666665 0.6541666666666667 0.314453125 0.6518518518518519 0.313671875 0.649537037037037 0.31341145833333334 0.6462962962962963 0.3131510416666667 0.6458333333333334 0.3126302083333333 0.6412037037037037 0.312109375 0.6388888888888888 0.31080729166666665 0.6347222222222222 0.310546875 0.6319444444444444 0.30950520833333334 0.6273148148148148 0.30950520833333334 0.6259259259259259 0.3087239583333333 0.6231481481481481 0.3084635416666667 0.6208333333333333 0.30768229166666666 0.6175925925925926 0.307421875 0.6157407407407407 0.305859375 0.6106481481481482 0.3053385416666667 0.6069444444444444 0.305078125 0.6064814814814815 0.305078125 0.6041666666666666 0.3048177083333333 0.6037037037037037 0.3045572916666667 0.5995370370370371 0.30325520833333336 0.5939814814814814 0.302734375 0.5925925925925926 0.302734375 0.5912037037037037 0.30221354166666664 0.5898148148148148 0.301953125 0.5875 0.3006510416666667 0.5819444444444445 0.29908854166666665 0.5787037037037037 0.29856770833333335 0.575462962962963 0.29856770833333335 0.5736111111111111 0.298046875 0.5717592592592593 0.29778645833333334 0.5685185185185185 0.2970052083333333 0.5648148148148148 0.2970052083333333 0.5615740740740741 0.2967447916666667 0.5611111111111111 0.2967447916666667 0.5518518518518518 0.2962239583333333 0.549074074074074 0.2962239583333333 0.5467592592592593 0.29596354166666666 0.5444444444444444 0.29544270833333336 0.5425925925925926 0.29518229166666665 0.5402777777777777 0.29466145833333335 0.5388888888888889 0.294140625 0.5356481481481481 0.29388020833333334 0.5324074074074074 0.2928385416666667 0.5291666666666667 0.292578125 0.5277777777777778 0.29153645833333336 0.524537037037037 0.291015625 0.5208333333333334 0.290234375 0.5166666666666667 0.289453125 0.5143518518518518 0.289453125 0.513425925925926 0.2884114583333333 0.5092592592592593 0.2884114583333333 0.5074074074074074 0.287890625 0.5046296296296297 0.287890625 0.5023148148148148 0.28763020833333336 0.5018518518518519 0.28763020833333336 0.49398148148148147 0.287890625 0.4935185185185185 0.28815104166666666 0.49027777777777776 0.289453125 0.48657407407407405 0.2908854166666667 0.4840277777777778 0.29244791666666664 0.48310185185185184 0.29322916666666665 0.48217592592592595 0.2950520833333333 0.480787037037037 0.296484375 0.47824074074074074 0.2970052083333333 0.47638888888888886 0.2975260416666667 0.4708333333333333 0.29856770833333335 0.4675925925925926 0.29908854166666665 0.4625 0.3 0.4618055555555556 0.30182291666666666 0.4613425925925926 0.303125 0.46041666666666664 0.30442708333333335 0.46041666666666664 0.3059895833333333 0.45949074074074076 0.30755208333333334 0.45949074074074076 0.3078125 0.45902777777777776 0.309375 0.45902777777777776 0.30963541666666666 0.4585648148148148 0.31171875 0.4576388888888889 0.31302083333333336 0.45578703703703705 0.3145833333333333 0.45439814814814816 0.31875 0.45208333333333334 0.32109375 0.4511574074074074 0.3223958333333333 0.45023148148148145 0.32421875 0.4497685185185185 0.328125 0.4474537037037037 0.32890625 0.4465277777777778 0.33229166666666665 0.44560185185185186 0.33255208333333336 0.44513888888888886 0.334375 0.4446759259259259 0.3377604166666667 0.4423611111111111 0.34140625 0.4409722222222222 0.34375 0.4386574074074074 0.3450520833333333 0.43819444444444444 0.346875 0.43680555555555556 0.34765625 0.43680555555555556 0.34869791666666666 0.4358796296296296 0.35078125 0.4354166666666667 0.35182291666666665 0.43449074074074073 0.353125 0.4340277777777778 0.3546875 0.4326388888888889 0.35546875 0.4326388888888889 0.35651041666666666 0.43171296296296297 0.3580729166666667 0.43171296296296297 0.35833333333333334 0.43125 0.3645833333333333 0.43125 0.3658854166666667 0.430787037037037 0.36744791666666665 0.42939814814814814 0.36796875 0.42939814814814814 0.36953125 0.42800925925925926 0.37005208333333334 0.4270833333333333 0.3723958333333333 0.4252314814814815 0.37421875 0.42476851851851855 0.3770833333333333 0.42291666666666666 0.37838541666666664 0.42106481481481484 0.3802083333333333 0.4201388888888889 0.3815104166666667 0.41875 0.38229166666666664 0.41875 0.3848958333333333 0.4173611111111111 0.3859375 0.4164351851851852 0.38671875 0.4164351851851852 0.3885416666666667 0.4150462962962963 0.38984375 0.41458333333333336 0.39114583333333336 0.41458333333333336 0.3966145833333333 0.41087962962962965 0.39869791666666665 0.41041666666666665 0.3997395833333333 0.40949074074074077 0.40182291666666664 0.40902777777777777 0.403125 0.4081018518518518 0.40520833333333334 0.4081018518518518 0.40625 0.40902777777777777 0.40716145833333334 0.41064814814814815 0.407421875 0.41203703703703703 0.4083333333333333 0.4131944444444444 0.4088541666666667 0.4131944444444444 0.4095052083333333 0.41203703703703703 0.4100260416666667 0.4097222222222222 0.4102864583333333 0.4064814814814815 0.4108072916666667 0.4050925925925926 0.411328125 0.4023148148148148 0.41158854166666664 0.39861111111111114 0.41236979166666665 0.39537037037037037 0.41263020833333336 0.39351851851851855 0.414453125 0.38981481481481484 0.415234375 0.387037037037037 0.415234375 0.3861111111111111 0.41640625 0.3840277777777778 0.41848958333333336 0.38310185185185186 0.4192708333333333 0.3821759259259259 0.42083333333333334 0.3821759259259259 0.4231770833333333 0.3835648148148148 0.42578125 0.3835648148148148 0.42604166666666665 0.38310185185185186 0.4283854166666667 0.38310185185185186 0.42864583333333334 0.3835648148148148 0.43020833333333336 0.3835648148148148 0.4317708333333333 0.38449074074074074 0.4329427083333333 0.38657407407407407 0.4329427083333333 0.3875 0.4337239583333333 0.38981481481481484 0.43450520833333334 0.3912037037037037 0.43528645833333335 0.3939814814814815 0.435546875 0.3962962962962963 0.43606770833333336 0.3976851851851852 0.436328125 0.399537037037037 0.43841145833333334 0.4046296296296296 0.4388020833333333 0.40625 0.43984375 0.40625 0.44088541666666664 0.4039351851851852 0.4427083333333333 0.40208333333333335 0.44453125 0.40162037037037035 0.44479166666666664 0.4011574074074074 0.4471354166666667 0.4011574074074074 0.4473958333333333 0.40069444444444446 0.44869791666666664 0.40069444444444446 0.45 0.3997685185185185 0.4518229166666667 0.3997685185185185 0.45286458333333335 0.40069444444444446 0.45390625 0.40069444444444446 0.4552083333333333 0.40162037037037035 0.45625 0.40347222222222223 0.45755208333333336 0.4048611111111111 0.45924479166666665 0.4078703703703704 0.46002604166666666 0.41064814814814815 0.460546875 0.4115740740740741 0.4610677083333333 0.41388888888888886 0.4610677083333333 0.41574074074074074 0.4615885416666667 0.4185185185185185 0.46236979166666664 0.42083333333333334 0.464453125 0.425 0.4654947916666667 0.42824074074074076 0.46627604166666664 0.42962962962962964 0.46653645833333335 0.43148148148148147 0.46731770833333336 0.43287037037037035 0.4680989583333333 0.4361111111111111 0.46901041666666665 0.43819444444444444 0.47044270833333335 0.4398148148148148 0.47122395833333336 0.44166666666666665 0.47174479166666666 0.4449074074074074 0.4725260416666667 0.44675925925925924 0.47434895833333335 0.45 0.47513020833333336 0.45185185185185184 0.476171875 0.45555555555555555 0.4764322916666667 0.45787037037037037 0.47747395833333334 0.4615740740740741 0.47955729166666666 0.4666666666666667 0.4803385416666667 0.4699074074074074 0.4805989583333333 0.4722222222222222 0.4805989583333333 0.47685185185185186 0.479296875 0.4810185185185185 0.478515625 0.4824074074074074 0.4772135416666667 0.48703703703703705 0.4766927083333333 0.48842592592592593 0.4766927083333333 0.49675925925925923 0.476171875 0.4986111111111111 0.47565104166666666 0.5027777777777778 0.475390625 0.5032407407407408 0.475390625 0.5055555555555555 0.47513020833333336 0.5060185185185185 0.47513020833333336 0.5097222222222222 0.47486979166666665 0.5101851851851852 0.47486979166666665 0.512962962962963 0.474609375 0.513425925925926 0.474609375 0.5180555555555556 0.47434895833333335 0.5185185185185185 0.47434895833333335 0.5236111111111111 0.47408854166666664 0.524074074074074 0.47408854166666664 0.5388888888888889 0.47434895833333335 0.5393518518518519 0.47434895833333335 0.5439814814814815 0.474609375 0.5444444444444444 0.474609375 0.5467592592592593 0.47434895833333335 0.5472222222222223 0.47434895833333335 0.5541666666666667 0.4752604166666667 0.555787037037037 0.4765625 0.555787037037037 0.47682291666666665 0.55625 0.4786458333333333 0.555787037037037 0.47994791666666664 0.5543981481481481 0.4817708333333333 0.5539351851851851 0.48333333333333334 0.5530092592592593 0.48515625 0.5511574074074074 0.4869791666666667 0.5502314814814815 0.48828125 0.5488425925925926 0.4901041666666667 0.5474537037037037 0.49244791666666665 0.5469907407407407 0.49375 0.5460648148148148 0.49609375 0.5451388888888888 0.4973958333333333 0.544212962962963 0.49895833333333334 0.5418981481481482 0.5013020833333334 0.5395833333333333 0.5041666666666667 0.5381944444444444 0.5059895833333333 0.5377314814814815 0.5078125 0.5358796296296297 0.50859375 0.5358796296296297 0.51015625 0.5349537037037037 0.5114583333333333 0.5335648148148148 0.5138020833333333 0.5321759259259259 0.515625 0.5321759259259259 0.5169270833333334 0.531712962962963 0.51796875 0.530787037037037 0.51953125 0.5280092592592592 0.5205729166666667 0.5266203703703703 0.5221354166666666 0.5252314814814815 0.5229166666666667 0.5252314814814815 0.5240885416666666 0.5231481481481481 0.52109375 0.5206018518518518 0.5197916666666667 0.51875 0.5170572916666667 0.5138888888888888 0.5170572916666667 0.513425925925926 0.515234375 0.5087962962962963 0.5139322916666667 0.5064814814814815 0.512890625 0.5041666666666667 0.5123697916666666 0.5023148148148148 0.5118489583333333 0.49907407407407406 0.5095052083333333 0.4949074074074074 0.5084635416666666 0.4912037037037037 0.5079427083333333 0.487962962962963 0.5069010416666667 0.4847222222222222 0.5055989583333333 0.4824074074074074 0.5048177083333333 0.47962962962962963 0.5037760416666667 0.47685185185185186 0.5026041666666666 0.4752314814814815 0.5006510416666666 0.47129629629629627 0.5006510416666666 0.4708333333333333 0.4993489583333333 0.4685185185185185 0.49856770833333336 0.4652777777777778 0.497265625 0.462037037037037 0.4967447916666667 0.45925925925925926 0.4954427083333333 0.45555555555555555 0.494921875 0.4546296296296296 0.494140625 0.4513888888888889 0.49388020833333335 0.449537037037037 0.49388020833333335 0.4449074074074074 0.494140625 0.4444444444444444 0.494140625 0.44166666666666665 0.4953125 0.4395833333333333 0.4981770833333333 0.4372685185185185 0.5002604166666667 0.43680555555555556 0.5026041666666666 0.43449074074074073 0.5033854166666667 0.43449074074074073 0.5052083333333334 0.43310185185185185 0.5080729166666667 0.4321759259259259 0.5091145833333334 0.43125 0.5119791666666667 0.43125 0.51328125 0.43171296296296297 0.5141927083333333 0.42962962962962964 0.5157552083333333 0.42407407407407405 0.5165364583333333 0.4203703703703704 0.5165364583333333 0.41898148148148145 0.5170572916666667 0.41574074074074074 0.517578125 0.41435185185185186 0.5178385416666667 0.41203703703703703 0.5178385416666667 0.4074074074074074 0.518359375 0.4050925925925926 0.5186197916666667 0.4027777777777778 0.5186197916666667 0.40046296296296297 0.5188802083333334 0.4 0.5188802083333334 0.3976851851851852 0.5196614583333333 0.3939814814814815 0.5196614583333333 0.38842592592592595 0.5194010416666667 0.38796296296296295 0.5194010416666667 0.3824074074074074 0.5196614583333333 0.3819444444444444 0.5196614583333333 0.3768518518518518 0.519140625 0.37453703703703706 0.519140625 0.3699074074074074 0.5194010416666667 0.3685185185185185 0.520703125 0.3638888888888889 0.521484375 0.36157407407407405 0.521484375 0.36064814814814816 0.523046875 0.35509259259259257 0.5233072916666667 0.35185185185185186 0.5240885416666666 0.3486111111111111 0.5240885416666666 0.3472222222222222 0.524609375 0.3449074074074074 0.5260416666666666 0.3423611111111111 0.5278645833333333 0.3414351851851852 0.5307291666666667 0.33958333333333335 0.5325520833333334 0.3372685185185185 0.5333333333333333 0.3368055555555556 0.5346354166666667 0.3368055555555556 0.5348958333333333 0.3363425925925926 0.5364583333333334 0.3363425925925926 0.5377604166666666 0.33587962962962964 0.5401041666666667 0.33449074074074076 0.54140625 0.33402777777777776 0.54296875 0.33402777777777776 0.5432291666666667 0.3335648148148148 0.54453125 0.3335648148148148 0.5447916666666667 0.33310185185185187 0.546875 0.33217592592592593 0.5481770833333334 0.33078703703703705 0.5486979166666667 0.33078703703703705 0.5510416666666667 0.32893518518518516 0.553125 0.3280092592592593 0.5541666666666667 0.32708333333333334 0.5575520833333333 0.32569444444444445 0.5588541666666667 0.3247685185185185 0.5598958333333334 0.3247685185185185 0.5627604166666667 0.3229166666666667 0.5640625 0.3215277777777778 0.565625 0.32060185185185186 0.5666666666666667 0.32060185185185186 0.56796875 0.3196759259259259 0.57109375 0.3196759259259259 0.5716145833333334 0.32013888888888886 0.5733072916666667 0.3175925925925926 0.5740885416666667 0.3148148148148148 0.574609375 0.3138888888888889 0.575390625 0.3106481481481482 0.5759114583333333 0.30925925925925923 0.576953125 0.30277777777777776 0.5778645833333333 0.30115740740740743 0.58046875 0.2983796296296296 0.5817708333333333 0.29791666666666666 0.5830729166666667 0.29791666666666666 0.5833333333333334 0.2974537037037037 0.5846354166666666 0.2974537037037037 0.5848958333333333 0.29791666666666666 0.5869791666666667 0.29791666666666666 0.5880208333333333 0.2983796296296296 0.58984375 0.3002314814814815 0.590625 0.30069444444444443 0.59375 0.30486111111111114 0.5947916666666667 0.305787037037037 0.5966145833333333 0.305787037037037 0.5994791666666667 0.3039351851851852 0.6002604166666666 0.3025462962962963 0.6028645833333334 0.3002314814814815 0.60390625 0.29976851851851855 0.60546875 0.29976851851851855 0.60703125 0.2988425925925926 0.60859375 0.2983796296296296 0.61015625 0.2969907407407407 0.61171875 0.2951388888888889 0.61484375 0.29375 0.6158854166666666 0.29282407407407407 0.6166666666666667 0.29282407407407407 0.6182291666666667 0.2914351851851852 0.6192708333333333 0.29097222222222224 0.62109375 0.29097222222222224 0.6213541666666667 0.29050925925925924 0.6270833333333333 0.29050925925925924 0.6322916666666667 0.2951388888888889 0.6341145833333334 0.29606481481481484 0.6354166666666666 0.29606481481481484 0.6356770833333333 0.2965277777777778 0.63828125 0.2965277777777778 0.6395833333333333 0.29791666666666666 0.6428385416666667 0.3037037037037037 0.6428385416666667 0.30416666666666664 0.6455729166666667 0.3090277777777778 0.6458333333333334 0.3090277777777778 0.6475260416666667 0.31203703703703706 0.6475260416666667 0.3125 0.648828125 0.3148148148148148 0.648828125 0.31527777777777777 0.65 0.3173611111111111 0.6502604166666667 0.3173611111111111 0.6515625 0.3196759259259259 0.6518229166666667 0.3196759259259259 0.6529947916666666 0.32175925925925924 0.6529947916666666 0.32222222222222224 0.6548177083333333 0.32546296296296295 0.6548177083333333 0.32592592592592595 0.6561197916666667 0.3282407407407407 0.6569010416666666 0.33055555555555555 0.6571614583333333 0.3333333333333333 0.6576822916666667 0.3351851851851852 0.65859375 0.3368055555555556 0.66015625 0.33449074074074076 0.6604166666666667 0.33449074074074076 0.662109375 0.3314814814814815 0.662890625 0.32916666666666666 0.6639322916666667 0.32731481481481484 0.6647135416666666 0.325 0.6658854166666667 0.3229166666666667 0.6674479166666667 0.32199074074074074 0.6684895833333333 0.32199074074074074 0.671875 0.3196759259259259 0.6723958333333333 0.31875 0.6739583333333333 0.3173611111111111 0.6755208333333333 0.3164351851851852 0.6763020833333333 0.3164351851851852 0.6791666666666667 0.3141203703703704 0.6796875 0.3141203703703704 0.6815104166666667 0.3127314814814815 0.6838541666666667 0.3122685185185185 0.6861979166666666 0.3108796296296296 0.6869791666666667 0.30949074074074073 0.6885416666666667 0.3076388888888889 0.6903645833333333 0.30625 0.69140625 0.30625 0.6927083333333334 0.3053240740740741 0.6934895833333333 0.3053240740740741 0.69453125 0.30439814814814814 0.6953125 0.30439814814814814 0.6971354166666667 0.30300925925925926 0.6984375 0.30300925925925926 0.6986979166666667 0.3025462962962963 0.7 0.3025462962962963 0.7018229166666666 0.30115740740740743 0.703125 0.29930555555555555 0.7049479166666667 0.2983796296296296 0.7059895833333333 0.2974537037037037 0.7067708333333333 0.2974537037037037 0.7078125 0.2965277777777778 0.71171875 0.29467592592592595 0.7125 0.29375 0.7143229166666667 0.293287037037037 0.7153645833333333 0.2923611111111111 0.7161458333333334 0.2923611111111111 0.7177083333333333 0.2914351851851852 0.7200520833333334 0.28912037037037036 0.7213541666666666 0.2881944444444444 0.72265625 0.2877314814814815 0.7234375 0.28680555555555554 0.7247395833333333 0.2863425925925926 0.7260416666666667 0.28541666666666665 0.72734375 0.28402777777777777 0.72890625 0.2831018518518518 0.73203125 0.28217592592592594 0.7348958333333333 0.2793981481481482 0.7354166666666667 0.27847222222222223 0.73671875 0.2775462962962963 0.7393229166666667 0.2775462962962963 0.7395833333333334 0.27708333333333335 0.7408854166666666 0.27708333333333335 0.7411458333333333 0.27662037037037035 0.7432291666666667 0.2761574074074074 0.7440104166666667 0.27523148148148147 0.7453125 0.2747685185185185 0.7471354166666667 0.27291666666666664 0.7484375 0.2724537037037037 0.74921875 0.27152777777777776 0.7515625 0.2701388888888889 0.7526041666666666 0.269212962962963 0.7565104166666666 0.26782407407407405 0.7572916666666667 0.26689814814814816 0.7604166666666666 0.2650462962962963 0.7614583333333333 0.2641203703703704 0.7622395833333333 0.2641203703703704 0.7651041666666667 0.2622685185185185 0.76796875 0.25949074074074074 0.7692708333333333 0.2585648148148148 0.7708333333333334 0.25810185185185186 0.7721354166666666 0.2571759259259259 0.7734375 0.25578703703703703 0.77578125 0.2548611111111111 0.7770833333333333 0.2539351851851852 0.778125 0.2539351851851852 0.7799479166666666 0.25254629629629627 0.78203125 0.24930555555555556 0.7833333333333333 0.24791666666666667 0.7875 0.24791666666666667 0.7893229166666667 0.2465277777777778 0.790625 0.24606481481481482 0.7924479166666667 0.24467592592592594 0.7932291666666667 0.24467592592592594 0.7953125 0.24328703703703702 0.7963541666666667 0.24328703703703702 0.7979166666666667 0.2423611111111111 0.80078125 0.2423611111111111 0.8010416666666667 0.24282407407407408 0.80234375 0.24282407407407408 0.8036458333333333 0.24328703703703702 0.8049479166666667 0.24421296296296297 0.8067708333333333 0.24467592592592594 0.8083333333333333 0.2465277777777778 0.8096354166666667 0.2474537037037037 0.8104166666666667 0.2488425925925926 0.8140625 0.2520833333333333 0.81640625 0.2520833333333333 0.8166666666666667 0.25254629629629627 0.8205729166666667 0.25254629629629627 0.821875 0.2520833333333333 0.8234375 0.2534722222222222 0.8239583333333333 0.2534722222222222 0.825 0.2548611111111111 0.82578125 0.2553240740740741 0.8274739583333334 0.25833333333333336 0.8282552083333333 0.26064814814814813 0.8287760416666666 0.26342592592592595 0.8302083333333333 0.2659722222222222 0.83046875 0.2659722222222222 0.8322916666666667 0.26875 0.8341145833333333 0.27060185185185187 0.8356770833333333 0.27337962962962964 0.8380208333333333 0.2761574074074074 0.8401041666666667 0.27800925925925923 0.840625 0.2789351851851852 0.8427083333333333 0.28125 0.8442708333333333 0.28402777777777777 0.84609375 0.28587962962962965 0.8473958333333333 0.2881944444444444 0.8484375 0.28958333333333336 0.8502604166666666 0.2914351851851852 0.8510416666666667 0.29282407407407407 0.8520833333333333 0.29375 0.85390625 0.2965277777777778 0.8552083333333333 0.29791666666666666 0.8559895833333333 0.29930555555555555 0.85703125 0.3002314814814815 0.859375 0.30439814814814814 0.86015625 0.3053240740740741 0.8619791666666666 0.30671296296296297 0.86328125 0.3085648148148148 0.8643229166666667 0.30949074074074073 0.8651041666666667 0.3108796296296296 0.8661458333333333 0.31180555555555556 0.8674479166666667 0.3136574074074074 0.86875 0.3159722222222222 0.8729166666666667 0.32060185185185186 0.8747395833333333 0.3229166666666667 0.8770833333333333 0.32708333333333334 0.8786458333333333 0.3284722222222222 0.8791666666666667 0.32939814814814816 0.8809895833333333 0.33078703703703705 0.8817708333333333 0.33078703703703705 0.8830729166666667 0.331712962962963 0.8841145833333334 0.331712962962963 0.8864583333333333 0.3335648148148148 0.8881510416666667 0.33564814814814814 0.888671875 0.3375 0.888671875 0.34305555555555556 0.8904947916666667 0.3509259259259259 0.893359375 0.35833333333333334 0.8936197916666667 0.3625 0.8938802083333334 0.3638888888888889 0.893359375 0.36574074074074076 0.8920572916666667 0.3680555555555556 0.891015625 0.37175925925925923 0.8895833333333333 0.37430555555555556 0.8893229166666666 0.37430555555555556 0.88515625 0.381712962962963 0.8848958333333333 0.381712962962963 0.88125 0.38819444444444445 0.8809895833333333 0.38819444444444445 0.8723958333333334 0.40347222222222223 0.8713541666666667 0.4043981481481482 0.8673177083333333 0.4115740740740741 0.8673177083333333 0.41203703703703703 0.8653645833333333 0.41550925925925924 0.8635416666666667 0.4173611111111111 0.8611979166666667 0.4215277777777778 0.8600260416666666 0.42314814814814816 0.8600260416666666 0.4236111111111111 0.8587239583333334 0.42592592592592593 0.8587239583333334 0.4263888888888889 0.8565104166666667 0.4303240740740741 0.8549479166666667 0.4321759259259259 0.8509114583333334 0.4393518518518518 0.8509114583333334 0.4398148148148148 0.84921875 0.4428240740740741 0.8479166666666667 0.444212962962963 0.843359375 0.45231481481481484 0.843359375 0.4527777777777778 0.840625 0.4576388888888889 0.8403645833333333 0.4576388888888889 0.8390625 0.4599537037037037 0.8388020833333333 0.4599537037037037 0.835546875 0.46574074074074073 0.835546875 0.46620370370370373 0.83359375 0.46967592592592594 0.8315104166666667 0.47199074074074077 0.8272135416666667 0.47962962962962963 0.826171875 0.4824074074074074 0.8251302083333333 0.4861111111111111 0.8235677083333334 0.4888888888888889 0.8235677083333334 0.4912037037037037 0.8243489583333333 0.4935185185185185 0.8243489583333333 0.49444444444444446 0.8263020833333333 0.4979166666666667 0.8265625 0.4979166666666667 0.827734375 0.5 0.8287760416666666 0.5023148148148148 0.829296875 0.5046296296296297 0.8295572916666667 0.5069444444444444 0.8295572916666667 0.5111111111111111 0.8282552083333333 0.5143518518518518 0.8272135416666667 0.5162037037037037 0.826171875 0.5189814814814815 0.8247395833333333 0.5215277777777778 0.8244791666666667 0.5215277777777778 0.8223958333333333 0.5252314814814815 0.8213541666666667 0.5261574074074075 0.8196614583333334 0.5287037037037037 0.8196614583333334 0.5291666666666667 0.8171875 0.5335648148148148 0.8158854166666667 0.5349537037037037 0.8143229166666667 0.5377314814814815 0.8127604166666667 0.5395833333333333 0.8114583333333333 0.5418981481481482 0.8111979166666666 0.5418981481481482 0.80703125 0.5493055555555556 0.8067708333333333 0.5493055555555556 0.80546875 0.5516203703703704 0.8052083333333333 0.5516203703703704 0.80390625 0.5539351851851851 0.8036458333333333 0.5539351851851851 0.80234375 0.55625 0.8020833333333334 0.55625 0.7989583333333333 0.5618055555555556 0.7986979166666667 0.5618055555555556 0.7967447916666667 0.5652777777777778 0.7967447916666667 0.5657407407407408 0.7950520833333333 0.56875 0.79375 0.5701388888888889 0.79140625 0.5743055555555555 0.7911458333333333 0.5743055555555555 0.7895833333333333 0.5770833333333333 0.7893229166666667 0.5770833333333333 0.7869791666666667 0.58125 0.7841145833333333 0.5844907407407407 0.7833333333333333 0.5849537037037037 0.7821614583333333 0.587037037037037 0.7811197916666667 0.5898148148148148 0.7776041666666667 0.5960648148148148 0.7763020833333333 0.5979166666666667 0.7752604166666667 0.5988425925925925 0.77265625 0.6034722222222222 0.7705729166666667 0.6053240740740741 0.769140625 0.6074074074074074 0.769140625 0.6078703703703704 0.7657552083333333 0.6138888888888889 0.765234375 0.6157407407407407 0.7614583333333333 0.6224537037037037 0.76015625 0.6243055555555556 0.7588541666666667 0.6256944444444444 0.7559895833333333 0.6307870370370371 0.7557291666666667 0.6307870370370371 0.7536458333333333 0.6344907407407407 0.75234375 0.6363425925925926 0.7502604166666667 0.6381944444444444 0.7485677083333333 0.6412037037037037 0.7485677083333333 0.6416666666666667 0.7459635416666667 0.6462962962962963 0.7459635416666667 0.6467592592592593 0.74453125 0.6493055555555556 0.7424479166666667 0.6511574074074075 0.7404947916666667 0.6546296296296297 0.7404947916666667 0.6550925925925926 0.7393229166666667 0.6571759259259259 0.73828125 0.6581018518518519 0.7375 0.6594907407407408 0.73515625 0.6622685185185185 0.734375 0.6627314814814815 0.7325520833333333 0.6650462962962963 0.73125 0.6659722222222222 0.7299479166666667 0.6664351851851852 0.7286458333333333 0.6678240740740741 0.728125 0.6678240740740741 0.7270833333333333 0.669212962962963 0.72578125 0.6701388888888888 0.7239583333333334 0.6724537037037037 0.72265625 0.6733796296296296 0.7221354166666667 0.6743055555555556 0.7205729166666667 0.6752314814814815 0.7177083333333333 0.6780092592592593 0.7135416666666666 0.6817129629629629 0.7130208333333333 0.6826388888888889 0.7114583333333333 0.6835648148148148 0.7065104166666667 0.6881944444444444 0.7059895833333333 0.6881944444444444 0.7049479166666667 0.6895833333333333 0.7041666666666667 0.6900462962962963 0.7018229166666666 0.6928240740740741 0.7005208333333334 0.694675925925926 0.7 0.694675925925926 0.6973958333333333 0.6974537037037037 0.696875 0.6983796296296296 0.6958333333333333 0.6988425925925926 0.6919270833333333 0.7025462962962963 0.69140625 0.7034722222222223 0.6901041666666666 0.7043981481481482 0.6895833333333333 0.705324074074074 0.6877604166666667 0.70625 0.6861979166666666 0.7076388888888889 0.684375 0.7104166666666667 0.6817708333333333 0.7131944444444445 0.68125 0.7131944444444445 0.6799479166666667 0.7145833333333333 0.6794270833333333 0.7145833333333333 0.67734375 0.7164351851851852 0.6760416666666667 0.7164351851851852 0.67578125 0.7168981481481481 0.6744791666666666 0.7168981481481481 0.6729166666666667 0.7178240740740741 0.67109375 0.7201388888888889 0.669140625 0.7236111111111111 0.669140625 0.7240740740740741 0.66796875 0.7261574074074074 0.665625 0.7284722222222222 0.66484375 0.7284722222222222 0.6625 0.7303240740740741 0.6614583333333334 0.732175925925926 0.6606770833333333 0.7326388888888888 0.6580729166666667 0.7354166666666667 0.6567708333333333 0.7358796296296296 0.6552083333333333 0.7372685185185185 0.6541666666666667 0.7391203703703704 0.6505208333333333 0.7423611111111111 0.6497395833333334 0.743287037037037 0.6489583333333333 0.743287037037037 0.6473958333333333 0.7451388888888889 0.6466145833333333 0.7456018518518519 0.6432291666666666 0.7483796296296297 0.6403645833333333 0.7511574074074074 0.6390625 0.7534722222222222 0.6359375 0.75625 0.6333333333333333 0.7590277777777777 0.6315104166666666 0.7604166666666666 0.6278645833333333 0.7636574074074074 0.6263020833333334 0.7659722222222223 0.6260416666666667 0.7659722222222223 0.62421875 0.76875 0.62265625 0.7706018518518518 0.621875 0.7710648148148148 0.61953125 0.7733796296296296 0.6182291666666667 0.7743055555555556 0.6166666666666667 0.7743055555555556 0.61640625 0.7747685185185185 0.6151041666666667 0.7747685185185185 0.6140625 0.7738425925925926 0.6108072916666667 0.7680555555555556 0.6092447916666667 0.762962962962963 0.6076822916666667 0.7601851851851852 0.605078125 0.7527777777777778 0.605078125 0.7518518518518519 0.604296875 0.7490740740740741 0.602734375 0.7453703703703703 0.6022135416666666 0.7430555555555556 0.6014322916666667 0.7407407407407407 0.6009114583333334 0.7375 0.5998697916666667 0.7342592592592593 0.5990885416666667 0.7328703703703704 0.5985677083333333 0.7305555555555555 0.5985677083333333 0.7291666666666666 0.5977864583333333 0.725 0.5971354166666667 0.7233796296296297 0.5958333333333333 0.7229166666666667 0.594921875 0.7240740740740741 0.5944010416666666 0.7268518518518519 0.5944010416666666 0.7282407407407407 0.5938802083333333 0.7310185185185185 0.5930989583333334 0.7337962962962963 0.591796875 0.736574074074074 0.590234375 0.7425925925925926 0.5876302083333333 0.7486111111111111 0.5865885416666666 0.7513888888888889 0.5860677083333333 0.7537037037037037 0.5845052083333333 0.7578703703703704 0.5829427083333333 0.7611111111111111 0.5826822916666666 0.763425925925926 0.5821614583333333 0.7648148148148148 0.5811197916666667 0.7694444444444445 0.579296875 0.7731481481481481 0.5787760416666666 0.775 0.576953125 0.7791666666666667 0.5756510416666667 0.7851851851851852 0.5751302083333333 0.7870370370370371 0.572265625 0.7921296296296296 0.5712239583333333 0.7962962962962963 0.5694010416666667 0.8013888888888889 0.567578125 0.8050925925925926 0.566796875 0.8092592592592592 0.565234375 0.8138888888888889 0.5649739583333333 0.8157407407407408 0.5626302083333333 0.8240740740740741 0.5618489583333334 0.8263888888888888 0.5598958333333334 0.8298611111111112 0.5575520833333333 0.8321759259259259 0.5552083333333333 0.8340277777777778 0.5541666666666667 0.8358796296296296 0.5526041666666667 0.8377314814814815 0.5515625 0.8381944444444445 0.54921875 0.8405092592592592 0.5473958333333333 0.8414351851851852 0.54609375 0.8428240740740741 0.5450520833333333 0.8446759259259259 0.5434895833333333 0.8460648148148148 0.5393229166666667 0.8493055555555555 0.5380208333333333 0.8511574074074074 0.5369791666666667 0.8520833333333333 0.5356770833333333 0.8525462962962963 0.5348958333333333 0.8534722222222222 0.53359375 0.8539351851851852 0.53203125 0.8553240740740741 0.5302083333333333 0.8585648148148148 0.5265625 0.8618055555555556 0.5252604166666667 0.8641203703703704 0.5239583333333333 0.8655092592592593 0.5229166666666667 0.8659722222222223 0.5200520833333333 0.86875 0.51953125 0.86875 0.5182291666666666 0.8701388888888889 0.5169270833333334 0.8710648148148148 0.515625 0.8724537037037037 0.5140625 0.8747685185185186 0.5111979166666667 0.8770833333333333 0.5106770833333333 0.8780092592592592 0.509375 0.8789351851851852 0.5080729166666667 0.8803240740740741 0.5067708333333333 0.88125 0.50625 0.882175925925926 0.5033854166666667 0.8844907407407407 0.5020833333333333 0.8858796296296296 0.50078125 0.8868055555555555 0.49921875 0.8886574074074074 0.49583333333333335 0.893287037037037 0.49375 0.8946759259259259 0.49296875 0.8956018518518518 0.4908854166666667 0.8969907407407407 0.4890625 0.8993055555555556 0.4859375 0.9016203703703703 0.4830729166666667 0.9043981481481481 0.48125 0.9071759259259259 0.47994791666666664 0.9085648148148148 0.478125 0.9099537037037037 0.4765625 0.9104166666666667 0.4747395833333333 0.9122685185185185 0.4734375 0.9127314814814815 0.47109375 0.9145833333333333 0.46848958333333335 0.919212962962963 0.4674479166666667 0.9206018518518518 0.4666666666666667 0.9210648148148148 0.46510416666666665 0.9229166666666667 0.46380208333333334 0.9238425925925926 0.46328125 0.9247685185185185 0.46119791666666665 0.9261574074074074 0.45859375 0.9289351851851851 0.45807291666666666 0.9289351851851851 0.45598958333333334 0.930787037037037 0.45546875 0.9317129629629629 0.45260416666666664 0.9340277777777778 0.45078125 0.9363425925925926 0.4479166666666667 0.9386574074074074 0.4466145833333333 0.9400462962962963 0.4453125 0.9409722222222222 0.44479166666666664 0.9418981481481481 0.4432291666666667 0.9432870370370371 0.44166666666666665 0.944212962962963 0.4375 0.9488425925925926 0.4361979166666667 0.9497685185185185 0.4348958333333333 0.9516203703703704 0.43307291666666664 0.9530092592592593 0.43125 0.9548611111111112 0.43072916666666666 0.955787037037037 0.42942708333333335 0.9567129629629629 0.42890625 0.9576388888888889 0.42734375 0.9590277777777778 0.42682291666666666 0.9590277777777778 0.4244791666666667 0.9613425925925926 0.4239583333333333 0.9622685185185185 0.42161458333333335 0.9641203703703703 0.4192708333333333 0.968287037037037 0.41796875 0.96875 0.4171875 0.9696759259259259 0.41458333333333336 0.9706018518518519 0.4127604166666667 0.9724537037037037 0.41041666666666665 0.9761574074074074 0.4088541666666667 0.9770833333333333 0.4080729166666667 0.9780092592592593 0.40677083333333336 0.9784722222222222 0.40520833333333334 0.9798611111111111 0.4044270833333333 0.98125 0.40286458333333336 0.9826388888888888 0.40234375 0.9835648148148148 0.40078125 0.9849537037037037 0.4002604166666667 0.9849537037037037 0.39791666666666664 0.9872685185185185 0.3971354166666667 0.9877314814814815 0.39427083333333335 0.9914351851851851 0.3927083333333333 0.992824074074074 0.39088541666666665 0.99375 0.38776041666666666 0.9946759259259259 0.3875 0.9951388888888889 0.38619791666666664 0.9951388888888889 0.3859375 0.9956018518518519
3 0.07740885416666667 0.7930555555555556 0.15481770833333333 0.3208333333333334 0.0 0.94375 0.0018229166666666667 0.94375 0.00390625 0.9456018518518519 0.0067708333333333336 0.9469907407407407 0.008072916666666667 0.9479166666666666 0.009375 0.9493055555555555 0.013802083333333333 0.9516203703703704 0.015104166666666667 0.9520833333333333 0.0171875 0.9534722222222223 0.02109375 0.9534722222222223 0.021354166666666667 0.9530092592592593 0.022916666666666665 0.9530092592592593 0.023177083333333334 0.9525462962962963 0.024479166666666666 0.9525462962962963 0.02578125 0.9520833333333333 0.026822916666666665 0.9511574074074074 0.027604166666666666 0.9511574074074074 0.030989583333333334 0.9483796296296296 0.03229166666666667 0.9479166666666666 0.03307291666666667 0.9469907407407407 0.034375 0.9465277777777777 0.03697916666666667 0.944675925925926 0.038802083333333334 0.9428240740740741 0.040625 0.9395833333333333 0.04244791666666667 0.9377314814814814 0.04309895833333333 0.9365740740740741 0.043359375 0.9351851851851852 0.04453125 0.9326388888888889 0.045572916666666664 0.9317129629629629 0.047265625 0.9287037037037037 0.048046875 0.9259259259259259 0.048046875 0.925 0.04934895833333333 0.9208333333333333 0.051432291666666664 0.9162037037037037 0.05221354166666667 0.912962962962963 0.052994791666666666 0.9106481481481481 0.05377604166666667 0.9092592592592592 0.05455729166666667 0.9069444444444444 0.05481770833333333 0.9050925925925926 0.05481770833333333 0.8930555555555556 0.05455729166666667 0.8925925925925926 0.054036458333333336 0.888425925925926 0.053515625 0.8870370370370371 0.052473958333333334 0.8824074074074074 0.051953125 0.8814814814814815 0.051171875 0.8787037037037037 0.04973958333333333 0.8761574074074074 0.0484375 0.8743055555555556 0.045572916666666664 0.8719907407407408 0.04348958333333333 0.8710648148148148 0.042708333333333334 0.8701388888888889 0.04140625 0.8696759259259259 0.03828125 0.8668981481481481 0.03671875 0.8659722222222223 0.0359375 0.8650462962962963 0.03463541666666667 0.8645833333333334 0.03229166666666667 0.8631944444444445 0.03046875 0.8613425925925926 0.028776041666666665 0.8583333333333333 0.028776041666666665 0.8574074074074074 0.029427083333333333 0.8557870370370371 0.03125 0.8534722222222222 0.03359375 0.8516203703703704 0.034895833333333334 0.8502314814814815 0.03567708333333333 0.8488425925925925 0.036458333333333336 0.8483796296296297 0.039322916666666666 0.844212962962963 0.03958333333333333 0.844212962962963 0.04088541666666667 0.8418981481481481 0.0421875 0.8405092592592592 0.04596354166666667 0.8337962962962963 0.04596354166666667 0.8333333333333334 0.047265625 0.8305555555555556 0.048046875 0.8273148148148148 0.048567708333333334 0.825925925925926 0.050390625 0.8194444444444444 0.050390625 0.8185185185185185 0.051171875 0.8157407407407408 0.051171875 0.8125 0.051432291666666664 0.812037037037037 0.051432291666666664 0.8092592592592592 0.052083333333333336 0.8076388888888889 0.05286458333333333 0.8071759259259259 0.053385416666666664 0.8076388888888889 0.0546875 0.8076388888888889 0.054947916666666666 0.8081018518518519 0.05625 0.8081018518518519 0.05859375 0.8094907407407408 0.06041666666666667 0.8113425925925926 0.06484375 0.8150462962962963 0.06614583333333333 0.8155092592592592 0.06822916666666666 0.8155092592592592 0.06848958333333334 0.8159722222222222 0.07161458333333333 0.8159722222222222 0.071875 0.8155092592592592 0.0734375 0.8155092592592592 0.075 0.8145833333333333 0.07604166666666666 0.8145833333333333 0.07760416666666667 0.8136574074074074 0.07890625 0.8136574074074074 0.07994791666666666 0.8131944444444444 0.08151041666666667 0.8118055555555556 0.08203125 0.8118055555555556 0.08385416666666666 0.8099537037037037 0.08567708333333333 0.8085648148148148 0.08619791666666667 0.8085648148148148 0.08776041666666666 0.8071759259259259 0.0890625 0.805324074074074 0.0921875 0.8025462962962963 0.09348958333333333 0.8006944444444445 0.09479166666666666 0.7983796296296296 0.09505208333333333 0.7983796296296296 0.097265625 0.7944444444444444 0.09830729166666667 0.7916666666666666 0.09934895833333333 0.7898148148148149 0.10065104166666666 0.7861111111111111 0.10169270833333334 0.7837962962962963 0.102734375 0.7800925925925926 0.102734375 0.7791666666666667 0.10455729166666666 0.7726851851851851 0.10455729166666666 0.7703703703703704 0.10481770833333333 0.7699074074074074 0.10481770833333333 0.7675925925925926 0.105078125 0.7652777777777777 0.10559895833333334 0.762962962962963 0.10677083333333333 0.7608796296296296 0.10755208333333334 0.7608796296296296 0.10911458333333333 0.7631944444444444 0.11067708333333333 0.7645833333333333 0.11119791666666666 0.7655092592592593 0.11302083333333333 0.7668981481481482 0.11354166666666667 0.767824074074074 0.11666666666666667 0.7701388888888889 0.11953125 0.7715277777777778 0.12109375 0.7715277777777778 0.12135416666666667 0.7719907407407407 0.12317708333333334 0.7719907407407407 0.1234375 0.7724537037037037 0.125 0.7724537037037037 0.12526041666666668 0.7729166666666667 0.12786458333333334 0.7729166666666667 0.13229166666666667 0.7710648148148148 0.13385416666666666 0.7701388888888889 0.13671875 0.767824074074074 0.13723958333333333 0.7668981481481482 0.14296875 0.7618055555555555 0.14661458333333333 0.7553240740740741 0.146875 0.7553240740740741 0.15065104166666668 0.7486111111111111 0.15143229166666666 0.7467592592592592 0.15325520833333334 0.7402777777777778 0.15325520833333334 0.7393518518518518 0.154296875 0.7361111111111112 0.15481770833333333 0.7337962962962963 0.15481770833333333 0.7240740740740741 0.154296875 0.7222222222222222 0.154296875 0.7208333333333333 0.153515625 0.7171296296296297 0.15247395833333333 0.7148148148148148 0.151953125 0.7129629629629629 0.15026041666666667 0.7099537037037037 0.14921875 0.7090277777777778 0.14791666666666667 0.7071759259259259 0.14713541666666666 0.7067129629629629 0.14557291666666666 0.7048611111111112 0.14401041666666667 0.7020833333333333 0.14375 0.7020833333333333 0.14244791666666667 0.6997685185185185 0.140625 0.6979166666666666 0.13828125 0.694675925925926 0.13619791666666667 0.6928240740740741 0.13528645833333333 0.6912037037037037 0.135546875 0.6898148148148148 0.13645833333333332 0.6891203703703703 0.13802083333333334 0.6872685185185186 0.14140625 0.68125 0.14166666666666666 0.68125 0.14361979166666666 0.6777777777777778 0.144921875 0.674537037037037 0.14544270833333334 0.6722222222222223 0.14622395833333332 0.6703703703703704 0.14674479166666668 0.6671296296296296 0.14752604166666666 0.6643518518518519 0.14752604166666666 0.6569444444444444 0.14674479166666668 0.6537037037037037 0.14361979166666666 0.6462962962962963 0.14231770833333332 0.6439814814814815 0.14231770833333332 0.6435185185185185 0.14088541666666668 0.6409722222222223 0.13880208333333333 0.6386574074074074 0.13567708333333334 0.6358796296296296 0.13489583333333333 0.6349537037037037 0.13333333333333333 0.6344907407407407 0.13203125 0.6335648148148149 0.13072916666666667 0.6331018518518519 0.12916666666666668 0.6331018518518519 0.12890625 0.6326388888888889 0.12552083333333333 0.6326388888888889 0.12526041666666668 0.6331018518518519 0.12369791666666667 0.6335648148148149 0.12291666666666666 0.6344907407407407 0.11927083333333334 0.6354166666666666 0.11822916666666666 0.6363425925925926 0.11640625 0.6368055555555555 0.11484375 0.6377314814814815 0.1140625 0.6386574074074074 0.11067708333333333 0.6409722222222223 0.10924479166666666 0.6435185185185185 0.10924479166666666 0.6439814814814815 0.10794270833333333 0.6462962962962963 0.10794270833333333 0.6467592592592593 0.10611979166666667 0.65 0.10611979166666667 0.6504629629629629 0.10481770833333333 0.6527777777777778 0.10481770833333333 0.6532407407407408 0.103515625 0.6555555555555556 0.10247395833333334 0.6587962962962963 0.10247395833333334 0.6597222222222222 0.10169270833333334 0.6620370370370371 0.10169270833333334 0.6652777777777777 0.10143229166666666 0.6657407407407407 0.10143229166666666 0.6699074074074074 0.10221354166666667 0.675 0.10325520833333333 0.6782407407407407 0.108203125 0.687037037037037 0.109765625 0.6907407407407408 0.109765625 0.6912037037037037 0.11171875 0.694675925925926 0.11510416666666666 0.6965277777777777 0.116015625 0.6981481481481482 0.115625 0.6993055555555555 0.11380208333333333 0.7011574074074074 0.1125 0.7034722222222223 0.11223958333333334 0.7034722222222223 0.10690104166666667 0.7129629629629629 0.10638020833333334 0.7148148148148148 0.10481770833333333 0.7180555555555556 0.10481770833333333 0.7185185185185186 0.10325520833333333 0.7212962962962963 0.10247395833333334 0.7231481481481481 0.10143229166666666 0.7263888888888889 0.10013020833333333 0.7342592592592593 0.10013020833333333 0.736574074074074 0.09986979166666667 0.737037037037037 0.09986979166666667 0.7393518518518518 0.099609375 0.7398148148148148 0.099609375 0.7439814814814815 0.09986979166666667 0.7453703703703703 0.09895833333333333 0.7469907407407408 0.09739583333333333 0.7460648148148148 0.09583333333333334 0.7460648148148148 0.09453125 0.7446759259259259 0.09375 0.743287037037037 0.09270833333333334 0.7423611111111111 0.09140625 0.7405092592592593 0.08854166666666667 0.7377314814814815 0.08645833333333333 0.7368055555555556 0.08463541666666667 0.7354166666666667 0.08125 0.7340277777777777 0.07760416666666667 0.7340277777777777 0.07734375 0.7344907407407407 0.0734375 0.7344907407407407 0.07317708333333334 0.7349537037037037 0.07083333333333333 0.7349537037037037 0.07057291666666667 0.7354166666666667 0.06927083333333334 0.7354166666666667 0.06901041666666667 0.7358796296296296 0.06770833333333333 0.7358796296296296 0.06744791666666666 0.7363425925925926 0.06510416666666667 0.7372685185185185 0.0640625 0.7391203703703704 0.06197916666666667 0.7418981481481481 0.06067708333333333 0.742824074074074 0.05859375 0.7456018518518519 0.057291666666666664 0.7469907407407408 0.055989583333333336 0.7479166666666667 0.05520833333333333 0.7493055555555556 0.05416666666666667 0.7502314814814814 0.05286458333333333 0.7520833333333333 0.05234375 0.7520833333333333 0.05078125 0.7534722222222222 0.04934895833333333 0.7560185185185185 0.048828125 0.7587962962962963 0.04830729166666667 0.7601851851851852 0.04778645833333333 0.762962962962963 0.046223958333333336 0.7680555555555556 0.045703125 0.7722222222222223 0.045182291666666666 0.775 0.045182291666666666 0.7777777777777778 0.044921875 0.7782407407407408 0.044921875 0.7893518518518519 0.04440104166666667 0.7916666666666666 0.04375 0.7914351851851852 0.04114583333333333 0.7914351851851852 0.04010416666666667 0.7905092592592593 0.03828125 0.7877314814814815 0.03619791666666667 0.7863425925925925 0.035416666666666666 0.7854166666666667 0.03411458333333333 0.7849537037037037 0.03307291666666667 0.7840277777777778 0.0265625 0.7840277777777778 0.026302083333333334 0.7844907407407408 0.023697916666666666 0.7844907407407408 0.0234375 0.7849537037037037 0.021875 0.7849537037037037 0.019791666666666666 0.7863425925925925 0.018229166666666668 0.7868055555555555 0.016666666666666666 0.7881944444444444 0.014583333333333334 0.7905092592592593 0.0140625 0.7905092592592593 0.012760416666666666 0.7918981481481482 0.011458333333333333 0.79375 0.010677083333333334 0.794212962962963 0.009114583333333334 0.7960648148148148 0.007291666666666667 0.7988425925925926 0.00703125 0.7988425925925926 0.005729166666666666 0.8011574074074074 0.00546875 0.8011574074074074 0.00390625 0.8039351851851851 0.0036458333333333334 0.8039351851851851 0.00234375 0.80625 0.0015625 0.8067129629629629 0.0 0.8067129629629629
8 0.44505208333333335 0.07349537037037036 0.19296874999999997 0.14699074074074073 0.5415364583333333 0.0 0.5415364583333333 0.0060185185185185185 0.5412760416666667 0.006481481481481481 0.5412760416666667 0.011111111111111112 0.541015625 0.011574074074074073 0.541015625 0.014351851851851852 0.5404947916666667 0.01712962962962963 0.5404947916666667 0.020370370370370372 0.540234375 0.020833333333333332 0.540234375 0.025 0.5399739583333333 0.02546296296296296 0.5399739583333333 0.031018518518518518 0.5397135416666666 0.03148148148148148 0.5397135416666666 0.03564814814814815 0.539453125 0.03611111111111111 0.539453125 0.04027777777777778 0.5391927083333333 0.040740740740740744 0.5391927083333333 0.044444444444444446 0.5389322916666667 0.04490740740740741 0.5389322916666667 0.04722222222222222 0.5384114583333334 0.04953703703703704 0.5381510416666667 0.05185185185185185 0.5381510416666667 0.05462962962962963 0.537890625 0.055092592592592596 0.537890625 0.05787037037037037 0.5376302083333333 0.058333333333333334 0.5376302083333333 0.060648148148148145 0.537109375 0.06342592592592593 0.537109375 0.06574074074074074 0.5368489583333333 0.06620370370370371 0.5368489583333333 0.06944444444444445 0.5365885416666667 0.0699074074074074 0.5365885416666667 0.07268518518518519 0.536328125 0.07314814814814814 0.536328125 0.07592592592592592 0.5360677083333333 0.0763888888888889 0.5360677083333333 0.07962962962962963 0.5358072916666666 0.08009259259259259 0.5358072916666666 0.08333333333333333 0.535546875 0.0837962962962963 0.535546875 0.08657407407407407 0.5352864583333333 0.08703703703703704 0.5352864583333333 0.09212962962962963 0.5350260416666667 0.09259259259259259 0.5350260416666667 0.09583333333333334 0.534765625 0.0962962962962963 0.534765625 0.09907407407407408 0.5345052083333334 0.09953703703703703 0.5345052083333334 0.10324074074074074 0.5342447916666667 0.1037037037037037 0.5342447916666667 0.10833333333333334 0.533984375 0.1087962962962963 0.533984375 0.11157407407407408 0.5337239583333333 0.11203703703703703 0.5337239583333333 0.11574074074074074 0.5334635416666667 0.1162037037037037 0.5334635416666667 0.12129629629629629 0.533203125 0.12268518518518519 0.5319010416666666 0.12731481481481483 0.5313802083333333 0.1287037037037037 0.529296875 0.13240740740740742 0.5282552083333333 0.13564814814814816 0.5263020833333333 0.13912037037037037 0.5252604166666667 0.14050925925925925 0.5244791666666667 0.14097222222222222 0.5223958333333333 0.14375 0.5208333333333334 0.1451388888888889 0.5177083333333333 0.14699074074074073 0.50546875 0.14699074074074073 0.5052083333333334 0.14652777777777778 0.4895833333333333 0.14652777777777778 0.48932291666666666 0.14606481481481481 0.47760416666666666 0.14606481481481481 0.47734375 0.14560185185185184 0.4713541666666667 0.14560185185185184 0.47109375 0.1451388888888889 0.45729166666666665 0.1451388888888889 0.45703125 0.14467592592592593 0.45234375 0.14467592592592593 0.45208333333333334 0.14421296296296296 0.44817708333333334 0.14421296296296296 0.4479166666666667 0.14375 0.4427083333333333 0.14375 0.44244791666666666 0.14328703703703705 0.43854166666666666 0.14328703703703705 0.43645833333333334 0.14421296296296296 0.4361979166666667 0.14467592592592593 0.4265625 0.14467592592592593 0.42630208333333336 0.14421296296296296 0.4109375 0.14421296296296296 0.41067708333333336 0.14375 0.4010416666666667 0.14375 0.40078125 0.14328703703703705 0.3859375 0.14328703703703705 0.38567708333333334 0.14282407407407408 0.37864583333333335 0.14282407407407408 0.37838541666666664 0.1423611111111111 0.3763020833333333 0.1423611111111111 0.37604166666666666 0.14189814814814813 0.3734375 0.14097222222222222 0.371875 0.1400462962962963 0.36953125 0.13773148148148148 0.36875 0.1372685185185185 0.36614583333333334 0.1326388888888889 0.36432291666666666 0.13078703703703703 0.3631510416666667 0.1287037037037037 0.3631510416666667 0.12824074074074074 0.3600260416666667 0.12268518518518519 0.3592447916666667 0.11990740740740741 0.3587239583333333 0.1162037037037037 0.35794270833333336 0.11342592592592593 0.35768229166666665 0.10925925925925926 0.35716145833333335 0.10648148148148148 0.35716145833333335 0.10416666666666667 0.35690104166666664 0.1037037037037037 0.35690104166666664 0.10092592592592593 0.356640625 0.10046296296296296 0.356640625 0.09814814814814815 0.355859375 0.09305555555555556 0.355859375 0.08981481481481482 0.3555989583333333 0.08935185185185185 0.3555989583333333 0.08657407407407407 0.355078125 0.08425925925925926 0.3548177083333333 0.08009259259259259 0.35455729166666666 0.07962962962962963 0.35455729166666666 0.0763888888888889 0.354296875 0.07592592592592592 0.354296875 0.07268518518518519 0.35403645833333336 0.07222222222222222 0.35403645833333336 0.0699074074074074 0.353515625 0.06712962962962964 0.353515625 0.06481481481481481 0.35325520833333335 0.06435185185185185 0.35325520833333335 0.06157407407407407 0.352734375 0.05694444444444444 0.351953125 0.05277777777777778 0.351953125 0.04953703703703704 0.3516927083333333 0.049074074074074076 0.3516927083333333 0.04537037037037037 0.3509114583333333 0.04027777777777778 0.3509114583333333 0.03796296296296296 0.35065104166666666 0.0375 0.35065104166666666 0.03333333333333333 0.350390625 0.03287037037037037 0.350390625 0.02962962962962963 0.35013020833333336 0.029166666666666667 0.35013020833333336 0.026851851851851852 0.34986979166666665 0.02638888888888889 0.34986979166666665 0.023148148148148147 0.349609375 0.022685185185185187 0.349609375 0.019444444444444445 0.34908854166666664 0.016666666666666666 0.34856770833333334 0.012037037037037037 0.34856770833333334 0.0
2 0.5846354166666667 0.3175925925925926 0.025260416666666674 0.044907407407407396 0.5869791666666667 0.3400462962962963 0.5833333333333334 0.3400462962962963 0.5822916666666667 0.33912037037037035 0.5815104166666667 0.33912037037037035 0.58046875 0.33819444444444446 0.5796875 0.33819444444444446 0.5783854166666667 0.3368055555555556 0.5778645833333333 0.3368055555555556 0.5763020833333333 0.33541666666666664 0.575 0.33310185185185187 0.5747395833333333 0.33310185185185187 0.573046875 0.3300925925925926 0.5725260416666667 0.3287037037037037 0.572265625 0.3263888888888889 0.572265625 0.32407407407407407 0.5720052083333333 0.3236111111111111 0.572265625 0.3212962962962963 0.572265625 0.31851851851851853 0.5725260416666667 0.3162037037037037 0.5733072916666667 0.31342592592592594 0.5733072916666667 0.31203703703703706 0.573828125 0.3101851851851852 0.5748697916666666 0.30416666666666664 0.5759114583333333 0.30092592592592593 0.5770833333333333 0.2988425925925926 0.5783854166666667 0.2974537037037037 0.5796875 0.2965277777777778 0.58203125 0.29606481481481484 0.5833333333333334 0.2951388888888889 0.5848958333333333 0.2951388888888889 0.58515625 0.29560185185185184 0.5872395833333334 0.29560185185185184 0.5875 0.29606481481481484 0.590625 0.2974537037037037 0.5924479166666666 0.29930555555555555 0.59375 0.30115740740740743 0.5947916666666667 0.3020833333333333 0.5962239583333333 0.3050925925925926 0.5970052083333334 0.30833333333333335 0.5970052083333334 0.31157407407407406 0.597265625 0.31203703703703706 0.597265625 0.31574074074074077 0.596484375 0.3194444444444444 0.5962239583333333 0.3226851851851852 0.5954427083333333 0.32592592592592595 0.594921875 0.33055555555555555 0.594140625 0.3333333333333333 0.5919270833333333 0.3372685185185185 0.5908854166666667 0.33819444444444446 0.5895833333333333 0.3386574074074074 0.5885416666666666 0.33958333333333335 0.5872395833333334 0.33958333333333335 0.5869791666666667 0.3400462962962963
2 0.4243489583333333 0.40347222222222223 0.027604166666666707 0.05185185185185187 0.42734375 0.42939814814814814 0.42578125 0.42939814814814814 0.42552083333333335 0.4289351851851852 0.42239583333333336 0.4289351851851852 0.42213541666666665 0.4284722222222222 0.42083333333333334 0.4284722222222222 0.41953125 0.42800925925925926 0.41796875 0.42662037037037037 0.4166666666666667 0.42615740740740743 0.4158854166666667 0.4252314814814815 0.41315104166666666 0.4203703703703704 0.41158854166666664 0.41574074074074074 0.41106770833333334 0.412962962962963 0.41106770833333334 0.4101851851851852 0.4108072916666667 0.4097222222222222 0.4108072916666667 0.4060185185185185 0.410546875 0.40555555555555556 0.410546875 0.3962962962962963 0.4108072916666667 0.3958333333333333 0.4108072916666667 0.3925925925925926 0.41106770833333334 0.3921296296296296 0.411328125 0.38935185185185184 0.412109375 0.38657407407407407 0.4140625 0.38310185185185186 0.41640625 0.3803240740740741 0.41770833333333335 0.3798611111111111 0.4197916666666667 0.3784722222222222 0.42109375 0.3784722222222222 0.42135416666666664 0.37800925925925927 0.42291666666666666 0.37800925925925927 0.4231770833333333 0.37754629629629627 0.42473958333333334 0.37754629629629627 0.425 0.37800925925925927 0.42734375 0.37800925925925927 0.4296875 0.3789351851851852 0.4315104166666667 0.3803240740740741 0.43255208333333334 0.381712962962963 0.43385416666666665 0.3840277777777778 0.43411458333333336 0.3840277777777778 0.43528645833333335 0.3861111111111111 0.43606770833333336 0.3888888888888889 0.43658854166666666 0.38981481481481484 0.4376302083333333 0.39444444444444443 0.4376302083333333 0.3958333333333333 0.4381510416666667 0.39814814814814814 0.4381510416666667 0.4009259259259259 0.437890625 0.4013888888888889 0.437890625 0.4125 0.4376302083333333 0.4148148148148148 0.43658854166666666 0.41898148148148145 0.43333333333333335 0.42476851851851855 0.43072916666666666 0.4275462962962963 0.43020833333333336 0.4275462962962963 0.42864583333333334 0.4289351851851852 0.42734375 0.42939814814814814
2 0.44804687499999996 0.4761574074074074 0.02812500000000001 0.05462962962962964 0.44765625 0.5034722222222222 0.4473958333333333 0.5030092592592592 0.44583333333333336 0.5030092592592592 0.44453125 0.5025462962962963 0.44192708333333336 0.5011574074074074 0.4390625 0.4983796296296296 0.4368489583333333 0.49444444444444446 0.43606770833333336 0.4925925925925926 0.43502604166666664 0.48935185185185187 0.434765625 0.48657407407407405 0.4342447916666667 0.4842592592592593 0.4342447916666667 0.4787037037037037 0.433984375 0.47824074074074074 0.433984375 0.47453703703703703 0.4342447916666667 0.4740740740740741 0.4342447916666667 0.46805555555555556 0.43450520833333334 0.4675925925925926 0.43450520833333334 0.4652777777777778 0.434765625 0.4648148148148148 0.43502604166666664 0.46111111111111114 0.43580729166666665 0.4583333333333333 0.4375 0.45532407407407405 0.4393229166666667 0.4534722222222222 0.4401041666666667 0.45208333333333334 0.44375 0.44930555555555557 0.44505208333333335 0.44930555555555557 0.4453125 0.44884259259259257 0.4513020833333333 0.44884259259259257 0.45286458333333335 0.45023148148148145 0.4549479166666667 0.4511574074074074 0.45651041666666664 0.4530092592592593 0.45729166666666665 0.4534722222222222 0.46002604166666666 0.4583333333333333 0.4608072916666667 0.4601851851851852 0.4615885416666667 0.4634259259259259 0.4615885416666667 0.4648148148148148 0.462109375 0.4666666666666667 0.462109375 0.4837962962962963 0.4615885416666667 0.48657407407407405 0.4615885416666667 0.48842592592592593 0.4602864583333333 0.4935185185185185 0.459765625 0.4949074074074074 0.45807291666666666 0.4979166666666667 0.45651041666666664 0.4997685185185185 0.4544270833333333 0.5016203703703703 0.45338541666666665 0.5016203703703703 0.45208333333333334 0.5025462962962963 0.45078125 0.5025462962962963 0.4505208333333333 0.5030092592592592 0.4479166666666667 0.5030092592592592 0.44765625 0.5034722222222222
2 0.3436197916666667 0.5412037037037037 0.03437499999999999 0.05972222222222223 0.3458333333333333 0.5710648148148149 0.34088541666666666 0.5710648148148149 0.340625 0.5706018518518519 0.33880208333333334 0.5706018518518519 0.3385416666666667 0.5701388888888889 0.3372395833333333 0.5701388888888889 0.33567708333333335 0.56875 0.33515625 0.56875 0.3338541666666667 0.5668981481481481 0.3328125 0.5659722222222222 0.33059895833333336 0.562037037037037 0.330078125 0.5606481481481481 0.329296875 0.5574074074074075 0.329296875 0.5560185185185185 0.3287760416666667 0.5537037037037037 0.328515625 0.5509259259259259 0.327734375 0.5486111111111112 0.326953125 0.5444444444444444 0.32669270833333336 0.5421296296296296 0.32669270833333336 0.5398148148148149 0.32643229166666665 0.5393518518518519 0.32643229166666665 0.5342592592592592 0.32669270833333336 0.5337962962962963 0.32669270833333336 0.5310185185185186 0.327734375 0.5268518518518519 0.32955729166666664 0.5222222222222223 0.33203125 0.517824074074074 0.3341145833333333 0.5155092592592593 0.33489583333333334 0.5155092592592593 0.34036458333333336 0.5122685185185185 0.34140625 0.5113425925925926 0.34270833333333334 0.5118055555555555 0.34453125 0.5118055555555555 0.34479166666666666 0.5122685185185185 0.346875 0.5122685185185185 0.34713541666666664 0.5127314814814815 0.3484375 0.5127314814814815 0.3515625 0.5141203703703704 0.3536458333333333 0.5159722222222223 0.35690104166666664 0.5217592592592593 0.35794270833333336 0.525 0.3587239583333333 0.5282407407407408 0.3592447916666667 0.5324074074074074 0.359765625 0.5342592592592592 0.359765625 0.5356481481481481 0.36028645833333334 0.5375 0.36028645833333334 0.5398148148148149 0.360546875 0.5402777777777777 0.360546875 0.5425925925925926 0.36080729166666664 0.5430555555555555 0.36080729166666664 0.5476851851851852 0.360546875 0.5481481481481482 0.360546875 0.5509259259259259 0.358984375 0.5574074074074075 0.35794270833333336 0.5601851851851852 0.35546875 0.5645833333333333 0.35390625 0.5664351851851852 0.35234375 0.5673611111111111 0.3494791666666667 0.569675925925926 0.34609375 0.5706018518518519 0.3458333333333333 0.5710648148148149
2 0.12721354166666668 0.7331018518518518 0.054687500000000014 0.07777777777777772 0.12786458333333334 0.7719907407407407 0.121875 0.7719907407407407 0.12161458333333333 0.7715277777777778 0.11927083333333334 0.7710648148148148 0.11822916666666666 0.7701388888888889 0.11692708333333333 0.7696759259259259 0.11458333333333333 0.7673611111111112 0.11380208333333333 0.7668981481481482 0.11067708333333333 0.7627314814814815 0.10755208333333334 0.7594907407407407 0.10520833333333333 0.75625 0.10494791666666667 0.75625 0.10221354166666667 0.7513888888888889 0.101171875 0.7486111111111111 0.10065104166666666 0.7462962962962963 0.10065104166666666 0.7449074074074075 0.10013020833333333 0.7425925925925926 0.09986979166666667 0.7402777777777778 0.09986979166666667 0.7375 0.10013020833333333 0.737037037037037 0.10013020833333333 0.7333333333333333 0.100390625 0.7328703703703704 0.10091145833333333 0.7287037037037037 0.101953125 0.725 0.10377604166666667 0.7199074074074074 0.104296875 0.7180555555555556 0.10559895833333334 0.7157407407407408 0.10559895833333334 0.7152777777777778 0.1078125 0.7113425925925926 0.10807291666666667 0.7113425925925926 0.109375 0.7090277777777778 0.10963541666666667 0.7090277777777778 0.1109375 0.7067129629629629 0.1171875 0.7002314814814815 0.11770833333333333 0.7002314814814815 0.11901041666666666 0.6988425925925926 0.1203125 0.6983796296296296 0.12109375 0.6974537037037037 0.12395833333333334 0.6960648148148149 0.12526041666666668 0.6960648148148149 0.12552083333333333 0.6956018518518519 0.12708333333333333 0.6956018518518519 0.12734375 0.6951388888888889 0.12864583333333332 0.6951388888888889 0.13020833333333334 0.694212962962963 0.13125 0.694212962962963 0.13255208333333332 0.6951388888888889 0.134375 0.6956018518518519 0.13541666666666666 0.6965277777777777 0.1375 0.6974537037037037 0.13828125 0.6974537037037037 0.14140625 0.6997685185185185 0.14348958333333334 0.7020833333333333 0.1453125 0.7048611111111112 0.14609375 0.705324074074074 0.14973958333333334 0.7099537037037037 0.15221354166666667 0.7143518518518519 0.15299479166666666 0.7162037037037037 0.154296875 0.7226851851851852 0.15455729166666668 0.725 0.15455729166666668 0.7324074074074074 0.15377604166666667 0.7361111111111112 0.153515625 0.7384259259259259 0.15299479166666666 0.7407407407407407 0.15169270833333334 0.7449074074074075 0.149609375 0.75 0.146875 0.7548611111111111 0.14661458333333333 0.7548611111111111 0.1453125 0.757175925925926 0.14401041666666667 0.7590277777777777 0.14296875 0.7599537037037037 0.1421875 0.7613425925925926 0.14140625 0.7618055555555555 0.13932291666666666 0.7645833333333333 0.13463541666666667 0.76875 0.13255208333333332 0.7696759259259259 0.13151041666666666 0.7706018518518518 0.1296875 0.7710648148148148 0.12942708333333333 0.7715277777777778 0.128125 0.7715277777777778 0.12786458333333334 0.7719907407407407
2 0.07434895833333333 0.7747685185185185 0.059375 0.0805555555555556 0.07369791666666667 0.8150462962962963 0.06692708333333333 0.8150462962962963 0.06666666666666667 0.8145833333333333 0.06484375 0.8141203703703703 0.06328125 0.8131944444444444 0.06197916666666667 0.8118055555555556 0.06145833333333333 0.8118055555555556 0.06015625 0.8104166666666667 0.0578125 0.8085648148148148 0.053385416666666664 0.8039351851851851 0.052083333333333336 0.8030092592592593 0.050520833333333334 0.8011574074074074 0.04830729166666667 0.7976851851851852 0.04830729166666667 0.7972222222222223 0.04674479166666667 0.7944444444444444 0.046223958333333336 0.7930555555555555 0.04544270833333333 0.7898148148148149 0.045182291666666666 0.7865740740740741 0.044921875 0.7861111111111111 0.044921875 0.7833333333333333 0.044661458333333334 0.7828703703703703 0.044661458333333334 0.7800925925925926 0.045182291666666666 0.7773148148148148 0.045182291666666666 0.775 0.04544270833333333 0.774537037037037 0.045703125 0.7717592592592593 0.046223958333333336 0.7694444444444445 0.04778645833333333 0.7643518518518518 0.04934895833333333 0.7606481481481482 0.04986979166666667 0.7587962962962963 0.051432291666666664 0.7560185185185185 0.05234375 0.7539351851851852 0.05260416666666667 0.7539351851851852 0.05390625 0.7516203703703703 0.05416666666666667 0.7516203703703703 0.05546875 0.7493055555555556 0.05572916666666667 0.7493055555555556 0.05703125 0.7469907407407408 0.0578125 0.7465277777777778 0.05859375 0.7451388888888889 0.05963541666666667 0.7442129629629629 0.0609375 0.7423611111111111 0.06145833333333333 0.7423611111111111 0.06276041666666667 0.7409722222222223 0.06328125 0.7409722222222223 0.06458333333333334 0.7395833333333334 0.06510416666666667 0.7395833333333334 0.06640625 0.7381944444444445 0.06692708333333333 0.7381944444444445 0.06848958333333334 0.7368055555555556 0.06979166666666667 0.7363425925925926 0.07109375 0.7363425925925926 0.07135416666666666 0.7358796296296296 0.07291666666666667 0.7358796296296296 0.07317708333333334 0.7354166666666667 0.07473958333333333 0.7354166666666667 0.075 0.7349537037037037 0.07864583333333333 0.7349537037037037 0.0796875 0.7344907407407407 0.07994791666666666 0.7349537037037037 0.08125 0.7349537037037037 0.08463541666666667 0.7363425925925926 0.08723958333333333 0.7381944444444445 0.08854166666666667 0.7386574074074074 0.08932291666666667 0.7395833333333334 0.09166666666666666 0.7414351851851851 0.0921875 0.7423611111111111 0.09348958333333333 0.743287037037037 0.09401041666666667 0.7442129629629629 0.09505208333333333 0.7446759259259259 0.09661458333333334 0.7460648148148148 0.09791666666666667 0.7479166666666667 0.09973958333333334 0.7511574074074074 0.1 0.7511574074074074 0.10143229166666666 0.7537037037037037 0.10221354166666667 0.7555555555555555 0.10325520833333333 0.7587962962962963 0.10377604166666667 0.7611111111111111 0.10377604166666667 0.763425925925926 0.10403645833333333 0.7638888888888888 0.10403645833333333 0.7703703703703704 0.10377604166666667 0.7708333333333334 0.10377604166666667 0.7736111111111111 0.102734375 0.7773148148148148 0.101953125 0.7810185185185186 0.10065104166666666 0.7842592592592592 0.099609375 0.788425925925926 0.09322916666666667 0.7997685185185185 0.09114583333333333 0.8020833333333334 0.08984375 0.8039351851851851 0.0890625 0.8043981481481481 0.08515625 0.8085648148148148 0.08359375 0.8099537037037037 0.08307291666666666 0.8099537037037037 0.08098958333333334 0.8118055555555556 0.07786458333333333 0.8131944444444444 0.07682291666666667 0.8141203703703703 0.07552083333333333 0.8145833333333333 0.07395833333333333 0.8145833333333333 0.07369791666666667 0.8150462962962963
2 0.019986979166666665 0.7307870370370371 0.03997395833333333 0.07870370370370372 0.0 0.6960648148148149 0.0015625 0.6960648148148149 0.005989583333333334 0.6923611111111111 0.007291666666666667 0.6923611111111111 0.007552083333333333 0.6918981481481481 0.009635416666666667 0.6918981481481481 0.009895833333333333 0.6914351851851852 0.017447916666666667 0.6914351851851852 0.017708333333333333 0.6918981481481481 0.019010416666666665 0.6918981481481481 0.019270833333333334 0.6923611111111111 0.02265625 0.69375 0.024479166666666666 0.6956018518518519 0.025260416666666667 0.6960648148148149 0.0265625 0.6979166666666666 0.029427083333333333 0.7002314814814815 0.030729166666666665 0.7020833333333333 0.03307291666666667 0.7039351851851852 0.034895833333333334 0.705787037037037 0.0359375 0.7071759259259259 0.038411458333333336 0.711574074074074 0.039453125 0.7152777777777778 0.03997395833333333 0.7180555555555556 0.03997395833333333 0.7268518518518519 0.039453125 0.7287037037037037 0.038671875 0.7337962962962963 0.037109375 0.7388888888888889 0.03606770833333333 0.7412037037037037 0.03502604166666667 0.7444444444444445 0.033984375 0.7467592592592592 0.03125 0.7516203703703703 0.030989583333333334 0.7516203703703703 0.0296875 0.7539351851851852 0.029427083333333333 0.7539351851851852 0.026302083333333334 0.7585648148148149 0.025520833333333333 0.7590277777777777 0.02421875 0.7608796296296296 0.0234375 0.7613425925925926 0.020833333333333332 0.7641203703703704 0.016927083333333332 0.7668981481481482 0.015625 0.7673611111111112 0.013802083333333333 0.76875 0.012760416666666666 0.7692129629629629 0.011458333333333333 0.7692129629629629 0.011197916666666667 0.7696759259259259 0.007552083333333333 0.7696759259259259 0.007291666666666667 0.7701388888888889 0.005989583333333334 0.7701388888888889 0.005729166666666666 0.7696759259259259 0.004427083333333333 0.7696759259259259 0.0013020833333333333 0.767824074074074 0.0 0.767824074074074
2 0.026888020833333335 0.9085648148148149 0.05377604166666667 0.0888888888888889 0.0 0.8835648148148149 0.0013020833333333333 0.8835648148148149 0.0018229166666666667 0.8831018518518519 0.002734375 0.8810185185185185 0.0049479166666666664 0.8770833333333333 0.005729166666666666 0.8766203703703703 0.00703125 0.8747685185185186 0.0078125 0.8743055555555556 0.010416666666666666 0.8715277777777778 0.013541666666666667 0.86875 0.01484375 0.867824074074074 0.016145833333333335 0.8673611111111111 0.016927083333333332 0.8664351851851851 0.019010416666666665 0.8655092592592593 0.020052083333333335 0.8655092592592593 0.02109375 0.8645833333333334 0.02265625 0.8645833333333334 0.022916666666666665 0.8641203703703704 0.029427083333333333 0.8641203703703704 0.0296875 0.8645833333333334 0.03125 0.8645833333333334 0.031510416666666666 0.8650462962962963 0.0328125 0.8650462962962963 0.035416666666666666 0.8668981481481481 0.03723958333333333 0.867824074074074 0.03854166666666667 0.8692129629629629 0.04010416666666667 0.8701388888888889 0.04088541666666667 0.8701388888888889 0.04479166666666667 0.8724537037037037 0.04609375 0.8733796296296297 0.047135416666666666 0.8747685185185186 0.04791666666666667 0.8752314814814814 0.04921875 0.8770833333333333 0.05065104166666667 0.8796296296296297 0.051432291666666664 0.8819444444444444 0.05221354166666667 0.8833333333333333 0.052473958333333334 0.8851851851851852 0.052994791666666666 0.8865740740740741 0.05325520833333333 0.8898148148148148 0.053515625 0.8902777777777777 0.053515625 0.8925925925925926 0.05377604166666667 0.8930555555555556 0.05377604166666667 0.9023148148148148 0.053515625 0.9046296296296297 0.05221354166666667 0.9101851851851852 0.051953125 0.9125 0.050130208333333336 0.9185185185185185 0.048567708333333334 0.9222222222222223 0.047526041666666664 0.9254629629629629 0.040364583333333336 0.9381944444444444 0.0390625 0.9400462962962963 0.0375 0.9414351851851852 0.0359375 0.94375 0.034375 0.9456018518518519 0.03229166666666667 0.9474537037037037 0.030989583333333334 0.9479166666666666 0.027604166666666666 0.9506944444444444 0.025260416666666667 0.9516203703703704 0.023958333333333335 0.9525462962962963 0.02265625 0.9530092592592593 0.0171875 0.9530092592592593 0.014583333333333334 0.9520833333333333 0.013020833333333334 0.9511574074074074 0.011197916666666667 0.9493055555555555 0.009375 0.9483796296296296 0.00859375 0.9474537037037037 0.007291666666666667 0.9469907407407407 0.00625 0.9460648148148149 0.0049479166666666664 0.9456018518518519 0.003125 0.94375 0.00234375 0.9423611111111111 0.0015625 0.9418981481481481 0.0 0.9418981481481481
1 0.12447916666666667 0.6648148148148147 0.04609375 0.06435185185185188 0.11979166666666667 0.6969907407407407 0.11796875 0.6965277777777777 0.115625 0.6951388888888889 0.11484375 0.694212962962963 0.11302083333333333 0.6928240740740741 0.1125 0.6918981481481481 0.1109375 0.6905092592592592 0.10963541666666667 0.6886574074074074 0.10833333333333334 0.6863425925925926 0.10703125 0.6844907407407408 0.10598958333333333 0.6835648148148148 0.1046875 0.6817129629629629 0.10299479166666667 0.6787037037037037 0.10247395833333334 0.6773148148148148 0.10143229166666666 0.6717592592592593 0.10143229166666666 0.662962962962963 0.101953125 0.6601851851851852 0.102734375 0.6578703703703703 0.102734375 0.6569444444444444 0.10377604166666667 0.6541666666666667 0.105078125 0.6518518518518519 0.105078125 0.6513888888888889 0.10625 0.6493055555555556 0.10651041666666666 0.6493055555555556 0.10885416666666667 0.6451388888888889 0.10911458333333333 0.6451388888888889 0.1109375 0.6423611111111112 0.11302083333333333 0.6405092592592593 0.11354166666666667 0.6395833333333333 0.1171875 0.6363425925925926 0.11770833333333333 0.6363425925925926 0.11901041666666666 0.6349537037037037 0.11979166666666667 0.6349537037037037 0.12213541666666666 0.6335648148148149 0.1234375 0.6331018518518519 0.12473958333333333 0.6331018518518519 0.125 0.6326388888888889 0.13125 0.6326388888888889 0.13151041666666666 0.6331018518518519 0.13489583333333333 0.6344907407407407 0.13697916666666668 0.6363425925925926 0.13880208333333333 0.6386574074074074 0.14596354166666667 0.6513888888888889 0.14674479166666668 0.6537037037037037 0.147265625 0.6560185185185186 0.147265625 0.6601851851851852 0.14752604166666666 0.6606481481481481 0.147265625 0.6648148148148149 0.14674479166666668 0.6675925925925926 0.14622395833333332 0.6689814814814815 0.14596354166666667 0.6708333333333333 0.14440104166666667 0.674074074074074 0.14388020833333334 0.6759259259259259 0.13932291666666666 0.6840277777777778 0.1390625 0.6840277777777778 0.13697916666666668 0.6868055555555556 0.13463541666666667 0.6891203703703703 0.13411458333333334 0.6891203703703703 0.13072916666666667 0.6928240740740741 0.12942708333333333 0.69375 0.1265625 0.6951388888888889 0.12552083333333333 0.6951388888888889 0.12395833333333334 0.6960648148148149 0.12265625 0.6960648148148149 0.12239583333333333 0.6965277777777777 0.12005208333333334 0.6965277777777777 0.11979166666666667 0.6969907407407407
1 0.025325520833333334 0.8210648148148147 0.05065104166666667 0.07407407407407407 0.0 0.8099537037037037 0.0013020833333333333 0.8099537037037037 0.0024739583333333332 0.8078703703703703 0.0032552083333333335 0.8055555555555556 0.00546875 0.8016203703703704 0.005729166666666666 0.8016203703703704 0.008072916666666667 0.7974537037037037 0.008333333333333333 0.7974537037037037 0.009635416666666667 0.7951388888888888 0.010416666666666666 0.794675925925926 0.011979166666666667 0.7928240740740741 0.012760416666666666 0.7923611111111111 0.01640625 0.7886574074074074 0.018489583333333334 0.7877314814814815 0.019270833333333334 0.7868055555555555 0.020052083333333335 0.7868055555555555 0.02109375 0.7858796296296297 0.0234375 0.7849537037037037 0.024739583333333332 0.7849537037037037 0.025 0.7844907407407408 0.028125 0.7844907407407408 0.028385416666666666 0.7840277777777778 0.029427083333333333 0.7844907407407408 0.03125 0.7844907407407408 0.031510416666666666 0.7849537037037037 0.03307291666666667 0.7849537037037037 0.03411458333333333 0.7858796296296297 0.035416666666666666 0.7863425925925925 0.03828125 0.7891203703703704 0.0390625 0.7895833333333333 0.040364583333333336 0.7918981481481482 0.041666666666666664 0.7932870370370371 0.043229166666666666 0.794212962962963 0.04375 0.7951388888888888 0.04583333333333333 0.7969907407407407 0.050130208333333336 0.8046296296296296 0.05065104166666667 0.8074074074074075 0.05065104166666667 0.8157407407407408 0.050130208333333336 0.8185185185185185 0.049088541666666666 0.8222222222222222 0.049088541666666666 0.8231481481481482 0.04778645833333333 0.8268518518518518 0.047526041666666664 0.8282407407407407 0.04596354166666667 0.8319444444444445 0.044661458333333334 0.8342592592592593 0.044661458333333334 0.8347222222222223 0.040364583333333336 0.8423611111111111 0.04010416666666667 0.8423611111111111 0.038802083333333334 0.8446759259259259 0.03854166666666667 0.8446759259259259 0.036458333333333336 0.8474537037037037 0.030208333333333334 0.8530092592592593 0.0296875 0.8539351851851852 0.027864583333333335 0.8548611111111111 0.026822916666666665 0.8557870370370371 0.024479166666666666 0.857175925925926 0.022395833333333334 0.8581018518518518 0.01875 0.8581018518518518 0.018489583333333334 0.8576388888888888 0.016927083333333332 0.8576388888888888 0.015625 0.856712962962963 0.01328125 0.85625 0.011458333333333333 0.8548611111111111 0.01015625 0.8543981481481482 0.008854166666666666 0.8534722222222222 0.008333333333333333 0.8525462962962963 0.007291666666666667 0.8520833333333333 0.005989583333333334 0.8506944444444444 0.0033854166666666668 0.8488425925925925 0.0015625 0.8465277777777778 0.0 0.8465277777777778
1 0.08776041666666667 0.8671296296296296 0.054427083333333334 0.07731481481481473 0.08541666666666667 0.905787037037037 0.08098958333333334 0.905787037037037 0.08072916666666667 0.9053240740740741 0.07916666666666666 0.9053240740740741 0.07890625 0.9048611111111111 0.075 0.9034722222222222 0.07421875 0.9025462962962963 0.071875 0.9016203703703703 0.07057291666666667 0.9006944444444445 0.06875 0.8988425925925926 0.06822916666666666 0.8988425925925926 0.06510416666666667 0.8951388888888889 0.063671875 0.8925925925925926 0.06263020833333334 0.8893518518518518 0.061328125 0.8861111111111111 0.060807291666666666 0.8833333333333333 0.060807291666666666 0.8805555555555555 0.060546875 0.8800925925925925 0.060546875 0.875462962962963 0.060807291666666666 0.875 0.060807291666666666 0.8717592592592592 0.061328125 0.8694444444444445 0.061848958333333336 0.8657407407407407 0.062890625 0.862037037037037 0.06341145833333334 0.8611111111111112 0.064453125 0.8574074074074074 0.06627604166666666 0.8532407407407407 0.06705729166666667 0.850925925925926 0.06861979166666667 0.8481481481481481 0.06861979166666667 0.8476851851851852 0.06979166666666667 0.8456018518518519 0.07005208333333333 0.8456018518518519 0.07135416666666666 0.843287037037037 0.07265625 0.8414351851851852 0.07395833333333333 0.8400462962962963 0.07526041666666666 0.8381944444444445 0.0765625 0.8368055555555556 0.07890625 0.8349537037037037 0.08020833333333334 0.8335648148148148 0.08072916666666667 0.8335648148148148 0.08203125 0.8321759259259259 0.08255208333333333 0.8321759259259259 0.08385416666666666 0.830787037037037 0.08567708333333333 0.830324074074074 0.08697916666666666 0.8293981481481482 0.08828125 0.8293981481481482 0.08854166666666667 0.8289351851851852 0.09036458333333333 0.8289351851851852 0.090625 0.8284722222222223 0.09583333333333334 0.8284722222222223 0.09713541666666667 0.8289351851851852 0.0984375 0.8298611111111112 0.09921875 0.8298611111111112 0.10078125 0.83125 0.10130208333333333 0.83125 0.10260416666666666 0.8326388888888889 0.10390625 0.8335648148148148 0.10442708333333334 0.8344907407407407 0.10729166666666666 0.8368055555555556 0.10833333333333334 0.8381944444444445 0.10989583333333333 0.8395833333333333 0.112890625 0.8449074074074074 0.113671875 0.8472222222222222 0.11393229166666667 0.8490740740740741 0.114453125 0.850462962962963 0.114453125 0.8527777777777777 0.11471354166666667 0.8532407407407407 0.11471354166666667 0.8560185185185185 0.11497395833333333 0.8564814814814815 0.11471354166666667 0.8587962962962963 0.11471354166666667 0.862037037037037 0.114453125 0.8643518518518518 0.11341145833333334 0.8689814814814815 0.11341145833333334 0.8699074074074075 0.111328125 0.8759259259259259 0.10872395833333333 0.8819444444444444 0.10286458333333333 0.8923611111111112 0.10052083333333334 0.8951388888888889 0.09895833333333333 0.8974537037037037 0.09713541666666667 0.8988425925925926 0.09505208333333333 0.9011574074074075 0.09348958333333333 0.9020833333333333 0.09270833333333334 0.9030092592592592 0.08880208333333334 0.9043981481481481 0.0875 0.9053240740740741 0.08567708333333333 0.9053240740740741 0.08541666666666667 0.905787037037037
11 0.0673828125 0.506712962962963 0.134765625 0.24907407407407406 0.0 0.40671296296296294 0.00234375 0.40671296296296294 0.004427083333333333 0.40532407407407406 0.006510416666666667 0.4048611111111111 0.008072916666666667 0.4039351851851852 0.010416666666666666 0.40347222222222223 0.01171875 0.4025462962962963 0.0140625 0.40208333333333335 0.016145833333333335 0.40069444444444446 0.018489583333333334 0.3997685185185185 0.020052083333333335 0.3997685185185185 0.0203125 0.3993055555555556 0.021875 0.3993055555555556 0.023177083333333334 0.3988425925925926 0.024479166666666666 0.39791666666666664 0.02578125 0.39791666666666664 0.026041666666666668 0.3974537037037037 0.029947916666666668 0.3960648148148148 0.03125 0.3960648148148148 0.032552083333333336 0.3951388888888889 0.033854166666666664 0.3951388888888889 0.035416666666666666 0.394212962962963 0.03671875 0.394212962962963 0.03697916666666667 0.39375 0.03828125 0.39375 0.03854166666666667 0.39328703703703705 0.03984375 0.39328703703703705 0.04010416666666667 0.39282407407407405 0.04192708333333333 0.3923611111111111 0.04296875 0.39143518518518516 0.04375 0.39143518518518516 0.04505208333333333 0.3905092592592593 0.04765625 0.38958333333333334 0.05 0.3891203703703704 0.05130208333333333 0.38819444444444445 0.053125 0.38773148148148145 0.053385416666666664 0.3872685185185185 0.05520833333333333 0.38680555555555557 0.057291666666666664 0.3854166666666667 0.05859375 0.3854166666666667 0.059895833333333336 0.3849537037037037 0.061197916666666664 0.3840277777777778 0.0625 0.3835648148148148 0.06380208333333333 0.3835648148148148 0.0640625 0.38310185185185186 0.06536458333333334 0.38310185185185186 0.065625 0.38263888888888886 0.06692708333333333 0.38263888888888886 0.0671875 0.3821759259259259 0.06953125 0.3821759259259259 0.06979166666666667 0.38263888888888886 0.07135416666666666 0.38263888888888886 0.07369791666666667 0.3840277777777778 0.07513020833333334 0.38657407407407407 0.07565104166666667 0.3902777777777778 0.076171875 0.3921296296296296 0.07682291666666667 0.39328703703703705 0.07760416666666667 0.39375 0.08463541666666667 0.39375 0.08489583333333334 0.394212962962963 0.08619791666666667 0.394212962962963 0.0875 0.39467592592592593 0.09010416666666667 0.39699074074074076 0.09088541666666666 0.3974537037037037 0.094140625 0.40185185185185185 0.09518229166666667 0.4046296296296296 0.095703125 0.40694444444444444 0.095703125 0.4083333333333333 0.096484375 0.41203703703703703 0.096484375 0.41435185185185186 0.09674479166666666 0.4148148148148148 0.09674479166666666 0.4199074074074074 0.09700520833333333 0.4203703703703704 0.09700520833333333 0.42685185185185187 0.097265625 0.4273148148148148 0.097265625 0.4305555555555556 0.09752604166666666 0.43287037037037035 0.09856770833333334 0.43657407407407406 0.09934895833333333 0.43842592592592594 0.10182291666666667 0.4428240740740741 0.10416666666666667 0.44513888888888886 0.10690104166666667 0.45 0.10690104166666667 0.45046296296296295 0.10846354166666666 0.4532407407407407 0.10872395833333333 0.4546296296296296 0.109765625 0.45740740740740743 0.11705729166666666 0.4703703703703704 0.11705729166666666 0.4708333333333333 0.118359375 0.47314814814814815 0.118359375 0.4736111111111111 0.12057291666666667 0.4775462962962963 0.12083333333333333 0.4775462962962963 0.12278645833333333 0.48148148148148145 0.12330729166666667 0.48333333333333334 0.12513020833333333 0.48703703703703705 0.12513020833333333 0.4875 0.12669270833333332 0.49027777777777776 0.12669270833333332 0.49074074074074076 0.12903645833333333 0.4949074074074074 0.12955729166666666 0.49675925925925923 0.13190104166666666 0.5009259259259259 0.13268229166666667 0.5027777777777778 0.13268229166666667 0.5041666666666667 0.133203125 0.5064814814814815 0.13346354166666666 0.5087962962962963 0.13346354166666666 0.5120370370370371 0.13372395833333334 0.5125 0.13372395833333334 0.5157407407407407 0.133984375 0.5162037037037037 0.133984375 0.5222222222222223 0.13424479166666667 0.5226851851851851 0.13424479166666667 0.5268518518518519 0.13450520833333332 0.5273148148148148 0.13450520833333332 0.5314814814814814 0.134765625 0.5319444444444444 0.134765625 0.5407407407407407 0.13450520833333332 0.5425925925925926 0.13346354166666666 0.5462962962962963 0.132421875 0.549074074074074 0.13125 0.5511574074074074 0.13098958333333333 0.5511574074074074 0.12942708333333333 0.5534722222222223 0.12864583333333332 0.5539351851851851 0.12682291666666667 0.555787037037037 0.12526041666666668 0.5567129629629629 0.12447916666666667 0.5567129629629629 0.12083333333333333 0.5590277777777778 0.11927083333333334 0.5604166666666667 0.11692708333333333 0.5604166666666667 0.11666666666666667 0.5608796296296297 0.11536458333333334 0.5608796296296297 0.11380208333333333 0.5627314814814814 0.11119791666666666 0.5645833333333333 0.11041666666666666 0.5655092592592592 0.10677083333333333 0.5673611111111111 0.10598958333333333 0.5682870370370371 0.1046875 0.56875 0.10390625 0.569675925925926 0.10260416666666666 0.5701388888888889 0.1 0.5719907407407407 0.09713541666666667 0.5729166666666666 0.0953125 0.5743055555555555 0.09401041666666667 0.5747685185185185 0.09192708333333334 0.5766203703703704 0.08958333333333333 0.5766203703703704 0.08932291666666667 0.5770833333333333 0.0875 0.5770833333333333 0.08567708333333333 0.5789351851851852 0.084375 0.5793981481481482 0.08307291666666666 0.580787037037037 0.08177083333333333 0.58125 0.08098958333333334 0.5821759259259259 0.078125 0.5835648148148148 0.07604166666666666 0.5858796296296296 0.075 0.5863425925925926 0.07369791666666667 0.5863425925925926 0.0734375 0.5868055555555556 0.07213541666666666 0.5868055555555556 0.07083333333333333 0.5877314814814815 0.06979166666666667 0.5877314814814815 0.06796875 0.5891203703703703 0.06588541666666667 0.5923611111111111 0.06380208333333333 0.594212962962963 0.06041666666666667 0.5956018518518519 0.05651041666666667 0.5983796296296297 0.053125 0.5997685185185185 0.05234375 0.6006944444444444 0.05 0.6016203703703704 0.04895833333333333 0.6025462962962963 0.04765625 0.6030092592592593 0.04505208333333333 0.6048611111111111 0.044270833333333336 0.6048611111111111 0.04296875 0.6057870370370371 0.041666666666666664 0.60625 0.038802083333333334 0.6090277777777777 0.03411458333333333 0.6113425925925926 0.03307291666666667 0.6122685185185185 0.03125 0.6127314814814815 0.028385416666666666 0.6155092592592593 0.027604166666666666 0.6155092592592593 0.026302083333333334 0.6164351851851851 0.025260416666666667 0.6164351851851851 0.023958333333333335 0.6173611111111111 0.022395833333333334 0.617824074074074 0.02109375 0.6192129629629629 0.019791666666666666 0.6201388888888889 0.017447916666666667 0.6210648148148148 0.015625 0.6224537037037037 0.0125 0.6233796296296297 0.012239583333333333 0.6238425925925926 0.0109375 0.6238425925925926 0.009114583333333334 0.6252314814814814 0.008333333333333333 0.6266203703703703 0.006510416666666667 0.6284722222222222 0.005208333333333333 0.6293981481481481 0.004427083333333333 0.6293981481481481 0.0026041666666666665 0.6307870370370371 0.0013020833333333333 0.63125 0.0 0.63125
11 0.5907552083333334 0.6189814814814815 0.60625 0.7532407407407408 0.3859375 0.9956018518518519 0.3809895833333333 0.9956018518518519 0.37916666666666665 0.9942129629629629 0.3776041666666667 0.9923611111111111 0.376171875 0.9898148148148148 0.3756510416666667 0.9875 0.37356770833333336 0.9824074074074074 0.373046875 0.9805555555555555 0.372265625 0.9791666666666666 0.3712239583333333 0.9763888888888889 0.370703125 0.9740740740740741 0.36966145833333336 0.9712962962962963 0.367578125 0.9666666666666667 0.366796875 0.9634259259259259 0.36627604166666666 0.9625 0.36549479166666665 0.9592592592592593 0.3639322916666667 0.9560185185185185 0.3631510416666667 0.9532407407407407 0.36236979166666666 0.9518518518518518 0.36184895833333336 0.95 0.36106770833333335 0.9486111111111111 0.3600260416666667 0.9449074074074074 0.358984375 0.9425925925925925 0.35846354166666666 0.9407407407407408 0.35768229166666665 0.9393518518518519 0.35716145833333335 0.9375 0.3561197916666667 0.9351851851851852 0.355078125 0.9310185185185185 0.35455729166666666 0.9296296296296296 0.352734375 0.9259259259259259 0.3522135416666667 0.9236111111111112 0.3514322916666667 0.9217592592592593 0.3509114583333333 0.9194444444444444 0.350390625 0.9157407407407407 0.34986979166666665 0.9143518518518519 0.349609375 0.9120370370370371 0.34908854166666664 0.9106481481481481 0.34856770833333334 0.9064814814814814 0.348046875 0.9046296296296297 0.3477864583333333 0.9023148148148148 0.344921875 0.887962962962963 0.344921875 0.8865740740740741 0.3436197916666667 0.8805555555555555 0.343359375 0.8768518518518519 0.34283854166666666 0.875 0.34205729166666665 0.8703703703703703 0.34205729166666665 0.8689814814814815 0.34127604166666664 0.8657407407407407 0.3404947916666667 0.8601851851851852 0.339453125 0.8560185185185185 0.339453125 0.8546296296296296 0.33893229166666666 0.8527777777777777 0.338671875 0.850462962962963 0.33815104166666665 0.8486111111111111 0.33815104166666665 0.8472222222222222 0.33736979166666664 0.8444444444444444 0.337109375 0.8421296296296297 0.3365885416666667 0.8402777777777778 0.3365885416666667 0.8388888888888889 0.3360677083333333 0.837037037037037 0.3360677083333333 0.8356481481481481 0.335546875 0.8337962962962963 0.334765625 0.8296296296296296 0.334765625 0.8282407407407407 0.33424479166666665 0.8263888888888888 0.33424479166666665 0.825 0.33372395833333335 0.8231481481481482 0.33372395833333335 0.8217592592592593 0.333203125 0.8203703703703704 0.3326822916666667 0.8175925925925925 0.332421875 0.8148148148148148 0.3319010416666667 0.8134259259259259 0.331640625 0.8111111111111111 0.33111979166666666 0.8097222222222222 0.33059895833333336 0.8046296296296296 0.33033854166666665 0.8041666666666667 0.32981770833333335 0.8004629629629629 0.32903645833333334 0.7976851851851852 0.3287760416666667 0.7944444444444444 0.3282552083333333 0.7925925925925926 0.3282552083333333 0.7912037037037037 0.3274739583333333 0.787962962962963 0.32721354166666666 0.7847222222222222 0.32643229166666665 0.7814814814814814 0.32591145833333335 0.7773148148148148 0.325390625 0.7759259259259259 0.3248697916666667 0.7717592592592593 0.323828125 0.7671296296296296 0.3235677083333333 0.762962962962963 0.32278645833333336 0.7597222222222222 0.32252604166666665 0.7574074074074074 0.321484375 0.7537037037037037 0.321484375 0.7527777777777778 0.3201822916666667 0.7462962962962963 0.31888020833333336 0.7384259259259259 0.318359375 0.736574074074074 0.31809895833333335 0.7342592592592593 0.3170572916666667 0.7305555555555555 0.316015625 0.725462962962963 0.3157552083333333 0.7222222222222222 0.31549479166666666 0.7217592592592592 0.315234375 0.7185185185185186 0.3131510416666667 0.7083333333333334 0.312109375 0.7013888888888888 0.31158854166666666 0.6995370370370371 0.31080729166666665 0.6949074074074074 0.31080729166666665 0.6935185185185185 0.31002604166666664 0.6902777777777778 0.31002604166666664 0.6875 0.309765625 0.687037037037037 0.309765625 0.6828703703703703 0.31080729166666665 0.6796296296296296 0.31158854166666666 0.6763888888888889 0.31328125 0.6729166666666667 0.31484375 0.6710648148148148 0.315625 0.6706018518518518 0.3162760416666667 0.6694444444444444 0.31731770833333334 0.6657407407407407 0.318359375 0.6638888888888889 0.31809895833333335 0.6620370370370371 0.3162760416666667 0.6587962962962963 0.31549479166666666 0.6569444444444444 0.31471354166666665 0.6541666666666667 0.314453125 0.6518518518518519 0.313671875 0.649537037037037 0.31341145833333334 0.6462962962962963 0.3131510416666667 0.6458333333333334 0.3126302083333333 0.6412037037037037 0.312109375 0.6388888888888888 0.31080729166666665 0.6347222222222222 0.310546875 0.6319444444444444 0.30950520833333334 0.6273148148148148 0.30950520833333334 0.6259259259259259 0.3087239583333333 0.6231481481481481 0.3084635416666667 0.6208333333333333 0.30768229166666666 0.6175925925925926 0.307421875 0.6157407407407407 0.305859375 0.6106481481481482 0.3053385416666667 0.6069444444444444 0.305078125 0.6064814814814815 0.305078125 0.6041666666666666 0.3048177083333333 0.6037037037037037 0.3045572916666667 0.5995370370370371 0.30325520833333336 0.5939814814814814 0.302734375 0.5925925925925926 0.302734375 0.5912037037037037 0.30221354166666664 0.5898148148148148 0.301953125 0.5875 0.3006510416666667 0.5819444444444445 0.29908854166666665 0.5787037037037037 0.29856770833333335 0.575462962962963 0.29856770833333335 0.5736111111111111 0.298046875 0.5717592592592593 0.29778645833333334 0.5685185185185185 0.2970052083333333 0.5648148148148148 0.2970052083333333 0.5615740740740741 0.2967447916666667 0.5611111111111111 0.2967447916666667 0.5518518518518518 0.2962239583333333 0.549074074074074 0.2962239583333333 0.5467592592592593 0.29596354166666666 0.5444444444444444 0.29544270833333336 0.5425925925925926 0.29518229166666665 0.5402777777777777 0.29466145833333335 0.5388888888888889 0.294140625 0.5356481481481481 0.29388020833333334 0.5324074074074074 0.2928385416666667 0.5291666666666667 0.292578125 0.5277777777777778 0.29153645833333336 0.524537037037037 0.291015625 0.5208333333333334 0.290234375 0.5166666666666667 0.289453125 0.5143518518518518 0.289453125 0.513425925925926 0.2884114583333333 0.5092592592592593 0.2884114583333333 0.5074074074074074 0.287890625 0.5046296296296297 0.287890625 0.5023148148148148 0.28763020833333336 0.5018518518518519 0.28763020833333336 0.49398148148148147 0.287890625 0.4935185185185185 0.28815104166666666 0.49027777777777776 0.289453125 0.48657407407407405 0.2908854166666667 0.4840277777777778 0.29244791666666664 0.48310185185185184 0.29322916666666665 0.48217592592592595 0.2950520833333333 0.480787037037037 0.296484375 0.47824074074074074 0.2970052083333333 0.47638888888888886 0.2975260416666667 0.4708333333333333 0.29856770833333335 0.4675925925925926 0.29908854166666665 0.4625 0.3 0.4618055555555556 0.30182291666666666 0.4613425925925926 0.303125 0.46041666666666664 0.30442708333333335 0.46041666666666664 0.3059895833333333 0.45949074074074076 0.30755208333333334 0.45949074074074076 0.3078125 0.45902777777777776 0.309375 0.45902777777777776 0.30963541666666666 0.4585648148148148 0.31171875 0.4576388888888889 0.31302083333333336 0.45578703703703705 0.3145833333333333 0.45439814814814816 0.31875 0.45208333333333334 0.32109375 0.4511574074074074 0.3223958333333333 0.45023148148148145 0.32421875 0.4497685185185185 0.328125 0.4474537037037037 0.32890625 0.4465277777777778 0.33229166666666665 0.44560185185185186 0.33255208333333336 0.44513888888888886 0.334375 0.4446759259259259 0.3377604166666667 0.4423611111111111 0.34140625 0.4409722222222222 0.34375 0.4386574074074074 0.3450520833333333 0.43819444444444444 0.346875 0.43680555555555556 0.34765625 0.43680555555555556 0.34869791666666666 0.4358796296296296 0.35078125 0.4354166666666667 0.35182291666666665 0.43449074074074073 0.353125 0.4340277777777778 0.3546875 0.4326388888888889 0.35546875 0.4326388888888889 0.35651041666666666 0.43171296296296297 0.3580729166666667 0.43171296296296297 0.35833333333333334 0.43125 0.3645833333333333 0.43125 0.3658854166666667 0.430787037037037 0.36744791666666665 0.42939814814814814 0.36796875 0.42939814814814814 0.36953125 0.42800925925925926 0.37005208333333334 0.4270833333333333 0.3723958333333333 0.4252314814814815 0.37421875 0.42476851851851855 0.3770833333333333 0.42291666666666666 0.37838541666666664 0.42106481481481484 0.3802083333333333 0.4201388888888889 0.3815104166666667 0.41875 0.38229166666666664 0.41875 0.3848958333333333 0.4173611111111111 0.3859375 0.4164351851851852 0.38671875 0.4164351851851852 0.3885416666666667 0.4150462962962963 0.38984375 0.41458333333333336 0.39114583333333336 0.41458333333333336 0.3966145833333333 0.41087962962962965 0.39869791666666665 0.41041666666666665 0.3997395833333333 0.40949074074074077 0.40182291666666664 0.40902777777777777 0.403125 0.4081018518518518 0.40520833333333334 0.4081018518518518 0.40625 0.40902777777777777 0.40716145833333334 0.41064814814814815 0.407421875 0.41203703703703703 0.4083333333333333 0.4131944444444444 0.4088541666666667 0.4131944444444444 0.4095052083333333 0.41203703703703703 0.4100260416666667 0.4097222222222222 0.4102864583333333 0.4064814814814815 0.4108072916666667 0.4050925925925926 0.411328125 0.4023148148148148 0.41158854166666664 0.39861111111111114 0.41236979166666665 0.39537037037037037 0.41263020833333336 0.39351851851851855 0.414453125 0.38981481481481484 0.415234375 0.387037037037037 0.415234375 0.3861111111111111 0.41640625 0.3840277777777778 0.41848958333333336 0.38310185185185186 0.4192708333333333 0.3821759259259259 0.42083333333333334 0.3821759259259259 0.4231770833333333 0.3835648148148148 0.42578125 0.3835648148148148 0.42604166666666665 0.38310185185185186 0.4283854166666667 0.38310185185185186 0.42864583333333334 0.3835648148148148 0.43020833333333336 0.3835648148148148 0.4317708333333333 0.38449074074074074 0.4329427083333333 0.38657407407407407 0.4329427083333333 0.3875 0.4337239583333333 0.38981481481481484 0.43450520833333334 0.3912037037037037 0.43528645833333335 0.3939814814814815 0.435546875 0.3962962962962963 0.43606770833333336 0.3976851851851852 0.436328125 0.399537037037037 0.43841145833333334 0.4046296296296296 0.4388020833333333 0.40625 0.43984375 0.40625 0.44088541666666664 0.4039351851851852 0.4427083333333333 0.40208333333333335 0.44453125 0.40162037037037035 0.44479166666666664 0.4011574074074074 0.4471354166666667 0.4011574074074074 0.4473958333333333 0.40069444444444446 0.44869791666666664 0.40069444444444446 0.45 0.3997685185185185 0.4518229166666667 0.3997685185185185 0.45286458333333335 0.40069444444444446 0.45390625 0.40069444444444446 0.4552083333333333 0.40162037037037035 0.45625 0.40347222222222223 0.45755208333333336 0.4048611111111111 0.45924479166666665 0.4078703703703704 0.46002604166666666 0.41064814814814815 0.460546875 0.4115740740740741 0.4610677083333333 0.41388888888888886 0.4610677083333333 0.41574074074074074 0.4615885416666667 0.4185185185185185 0.46236979166666664 0.42083333333333334 0.464453125 0.425 0.4654947916666667 0.42824074074074076 0.46627604166666664 0.42962962962962964 0.46653645833333335 0.43148148148148147 0.46731770833333336 0.43287037037037035 0.4680989583333333 0.4361111111111111 0.46901041666666665 0.43819444444444444 0.47044270833333335 0.4398148148148148 0.47122395833333336 0.44166666666666665 0.47174479166666666 0.4449074074074074 0.4725260416666667 0.44675925925925924 0.47434895833333335 0.45 0.47513020833333336 0.45185185185185184 0.476171875 0.45555555555555555 0.4764322916666667 0.45787037037037037 0.47747395833333334 0.4615740740740741 0.47955729166666666 0.4666666666666667 0.4803385416666667 0.4699074074074074 0.4805989583333333 0.4722222222222222 0.4805989583333333 0.47685185185185186 0.479296875 0.4810185185185185 0.478515625 0.4824074074074074 0.4772135416666667 0.48703703703703705 0.4766927083333333 0.48842592592592593 0.4766927083333333 0.49675925925925923 0.476171875 0.4986111111111111 0.47565104166666666 0.5027777777777778 0.475390625 0.5032407407407408 0.475390625 0.5055555555555555 0.47513020833333336 0.5060185185185185 0.47513020833333336 0.5097222222222222 0.47486979166666665 0.5101851851851852 0.47486979166666665 0.512962962962963 0.474609375 0.513425925925926 0.474609375 0.5180555555555556 0.47434895833333335 0.5185185185185185 0.47434895833333335 0.5236111111111111 0.47408854166666664 0.524074074074074 0.47408854166666664 0.5388888888888889 0.47434895833333335 0.5393518518518519 0.47434895833333335 0.5439814814814815 0.474609375 0.5444444444444444 0.474609375 0.5467592592592593 0.47434895833333335 0.5472222222222223 0.47434895833333335 0.5541666666666667 0.4752604166666667 0.555787037037037 0.4765625 0.555787037037037 0.47682291666666665 0.55625 0.4786458333333333 0.555787037037037 0.47994791666666664 0.5543981481481481 0.4817708333333333 0.5539351851851851 0.48333333333333334 0.5530092592592593 0.48515625 0.5511574074074074 0.4869791666666667 0.5502314814814815 0.48828125 0.5488425925925926 0.4901041666666667 0.5474537037037037 0.49244791666666665 0.5469907407407407 0.49375 0.5460648148148148 0.49609375 0.5451388888888888 0.4973958333333333 0.544212962962963 0.49895833333333334 0.5418981481481482 0.5013020833333334 0.5395833333333333 0.5041666666666667 0.5381944444444444 0.5059895833333333 0.5377314814814815 0.5078125 0.5358796296296297 0.50859375 0.5358796296296297 0.51015625 0.5349537037037037 0.5114583333333333 0.5335648148148148 0.5138020833333333 0.5321759259259259 0.515625 0.5321759259259259 0.5169270833333334 0.531712962962963 0.51796875 0.530787037037037 0.51953125 0.5280092592592592 0.5205729166666667 0.5266203703703703 0.5221354166666666 0.5252314814814815 0.5229166666666667 0.5252314814814815 0.5240885416666666 0.5231481481481481 0.52109375 0.5206018518518518 0.5197916666666667 0.51875 0.5170572916666667 0.5138888888888888 0.5170572916666667 0.513425925925926 0.515234375 0.5087962962962963 0.5139322916666667 0.5064814814814815 0.512890625 0.5041666666666667 0.5123697916666666 0.5023148148148148 0.5118489583333333 0.49907407407407406 0.5095052083333333 0.4949074074074074 0.5084635416666666 0.4912037037037037 0.5079427083333333 0.487962962962963 0.5069010416666667 0.4847222222222222 0.5055989583333333 0.4824074074074074 0.5048177083333333 0.47962962962962963 0.5037760416666667 0.47685185185185186 0.5026041666666666 0.4752314814814815 0.5006510416666666 0.47129629629629627 0.5006510416666666 0.4708333333333333 0.4993489583333333 0.4685185185185185 0.49856770833333336 0.4652777777777778 0.497265625 0.462037037037037 0.4967447916666667 0.45925925925925926 0.4954427083333333 0.45555555555555555 0.494921875 0.4546296296296296 0.494140625 0.4513888888888889 0.49388020833333335 0.449537037037037 0.49388020833333335 0.4449074074074074 0.494140625 0.4444444444444444 0.494140625 0.44166666666666665 0.4953125 0.4395833333333333 0.4981770833333333 0.4372685185185185 0.5002604166666667 0.43680555555555556 0.5026041666666666 0.43449074074074073 0.5033854166666667 0.43449074074074073 0.5052083333333334 0.43310185185185185 0.5080729166666667 0.4321759259259259 0.5091145833333334 0.43125 0.5119791666666667 0.43125 0.51328125 0.43171296296296297 0.5141927083333333 0.42962962962962964 0.5157552083333333 0.42407407407407405 0.5165364583333333 0.4203703703703704 0.5165364583333333 0.41898148148148145 0.5170572916666667 0.41574074074074074 0.517578125 0.41435185185185186 0.5178385416666667 0.41203703703703703 0.5178385416666667 0.4074074074074074 0.518359375 0.4050925925925926 0.5186197916666667 0.4027777777777778 0.5186197916666667 0.40046296296296297 0.5188802083333334 0.4 0.5188802083333334 0.3976851851851852 0.5196614583333333 0.3939814814814815 0.5196614583333333 0.38842592592592595 0.5194010416666667 0.38796296296296295 0.5194010416666667 0.3824074074074074 0.5196614583333333 0.3819444444444444 0.5196614583333333 0.3768518518518518 0.519140625 0.37453703703703706 0.519140625 0.3699074074074074 0.5194010416666667 0.3685185185185185 0.520703125 0.3638888888888889 0.521484375 0.36157407407407405 0.521484375 0.36064814814814816 0.523046875 0.35509259259259257 0.5233072916666667 0.35185185185185186 0.5240885416666666 0.3486111111111111 0.5240885416666666 0.3472222222222222 0.524609375 0.3449074074074074 0.5260416666666666 0.3423611111111111 0.5278645833333333 0.3414351851851852 0.5307291666666667 0.33958333333333335 0.5325520833333334 0.3372685185185185 0.5333333333333333 0.3368055555555556 0.5346354166666667 0.3368055555555556 0.5348958333333333 0.3363425925925926 0.5364583333333334 0.3363425925925926 0.5377604166666666 0.33587962962962964 0.5401041666666667 0.33449074074074076 0.54140625 0.33402777777777776 0.54296875 0.33402777777777776 0.5432291666666667 0.3335648148148148 0.54453125 0.3335648148148148 0.5447916666666667 0.33310185185185187 0.546875 0.33217592592592593 0.5481770833333334 0.33078703703703705 0.5486979166666667 0.33078703703703705 0.5510416666666667 0.32893518518518516 0.553125 0.3280092592592593 0.5541666666666667 0.32708333333333334 0.5575520833333333 0.32569444444444445 0.5588541666666667 0.3247685185185185 0.5598958333333334 0.3247685185185185 0.5627604166666667 0.3229166666666667 0.5640625 0.3215277777777778 0.565625 0.32060185185185186 0.5666666666666667 0.32060185185185186 0.56796875 0.3196759259259259 0.57109375 0.3196759259259259 0.5716145833333334 0.32013888888888886 0.5733072916666667 0.3175925925925926 0.5740885416666667 0.3148148148148148 0.574609375 0.3138888888888889 0.575390625 0.3106481481481482 0.5759114583333333 0.30925925925925923 0.576953125 0.30277777777777776 0.5778645833333333 0.30115740740740743 0.58046875 0.2983796296296296 0.5817708333333333 0.29791666666666666 0.5830729166666667 0.29791666666666666 0.5833333333333334 0.2974537037037037 0.5846354166666666 0.2974537037037037 0.5848958333333333 0.29791666666666666 0.5869791666666667 0.29791666666666666 0.5880208333333333 0.2983796296296296 0.58984375 0.3002314814814815 0.590625 0.30069444444444443 0.59375 0.30486111111111114 0.5947916666666667 0.305787037037037 0.5966145833333333 0.305787037037037 0.5994791666666667 0.3039351851851852 0.6002604166666666 0.3025462962962963 0.6028645833333334 0.3002314814814815 0.60390625 0.29976851851851855 0.60546875 0.29976851851851855 0.60703125 0.2988425925925926 0.60859375 0.2983796296296296 0.61015625 0.2969907407407407 0.61171875 0.2951388888888889 0.61484375 0.29375 0.6158854166666666 0.29282407407407407 0.6166666666666667 0.29282407407407407 0.6182291666666667 0.2914351851851852 0.6192708333333333 0.29097222222222224 0.62109375 0.29097222222222224 0.6213541666666667 0.29050925925925924 0.6270833333333333 0.29050925925925924 0.6322916666666667 0.2951388888888889 0.6341145833333334 0.29606481481481484 0.6354166666666666 0.29606481481481484 0.6356770833333333 0.2965277777777778 0.63828125 0.2965277777777778 0.6395833333333333 0.29791666666666666 0.6428385416666667 0.3037037037037037 0.6428385416666667 0.30416666666666664 0.6455729166666667 0.3090277777777778 0.6458333333333334 0.3090277777777778 0.6475260416666667 0.31203703703703706 0.6475260416666667 0.3125 0.648828125 0.3148148148148148 0.648828125 0.31527777777777777 0.65 0.3173611111111111 0.6502604166666667 0.3173611111111111 0.6515625 0.3196759259259259 0.6518229166666667 0.3196759259259259 0.6529947916666666 0.32175925925925924 0.6529947916666666 0.32222222222222224 0.6548177083333333 0.32546296296296295 0.6548177083333333 0.32592592592592595 0.6561197916666667 0.3282407407407407 0.6569010416666666 0.33055555555555555 0.6571614583333333 0.3333333333333333 0.6576822916666667 0.3351851851851852 0.65859375 0.3368055555555556 0.66015625 0.33449074074074076 0.6604166666666667 0.33449074074074076 0.662109375 0.3314814814814815 0.662890625 0.32916666666666666 0.6639322916666667 0.32731481481481484 0.6647135416666666 0.325 0.6658854166666667 0.3229166666666667 0.6674479166666667 0.32199074074074074 0.6684895833333333 0.32199074074074074 0.671875 0.3196759259259259 0.6723958333333333 0.31875 0.6739583333333333 0.3173611111111111 0.6755208333333333 0.3164351851851852 0.6763020833333333 0.3164351851851852 0.6791666666666667 0.3141203703703704 0.6796875 0.3141203703703704 0.6815104166666667 0.3127314814814815 0.6838541666666667 0.3122685185185185 0.6861979166666666 0.3108796296296296 0.6869791666666667 0.30949074074074073 0.6885416666666667 0.3076388888888889 0.6903645833333333 0.30625 0.69140625 0.30625 0.6927083333333334 0.3053240740740741 0.6934895833333333 0.3053240740740741 0.69453125 0.30439814814814814 0.6953125 0.30439814814814814 0.6971354166666667 0.30300925925925926 0.6984375 0.30300925925925926 0.6986979166666667 0.3025462962962963 0.7 0.3025462962962963 0.7018229166666666 0.30115740740740743 0.703125 0.29930555555555555 0.7049479166666667 0.2983796296296296 0.7059895833333333 0.2974537037037037 0.7067708333333333 0.2974537037037037 0.7078125 0.2965277777777778 0.71171875 0.29467592592592595 0.7125 0.29375 0.7143229166666667 0.293287037037037 0.7153645833333333 0.2923611111111111 0.7161458333333334 0.2923611111111111 0.7177083333333333 0.2914351851851852 0.7200520833333334 0.28912037037037036 0.7213541666666666 0.2881944444444444 0.72265625 0.2877314814814815 0.7234375 0.28680555555555554 0.7247395833333333 0.2863425925925926 0.7260416666666667 0.28541666666666665 0.72734375 0.28402777777777777 0.72890625 0.2831018518518518 0.73203125 0.28217592592592594 0.7348958333333333 0.2793981481481482 0.7354166666666667 0.27847222222222223 0.73671875 0.2775462962962963 0.7393229166666667 0.2775462962962963 0.7395833333333334 0.27708333333333335 0.7408854166666666 0.27708333333333335 0.7411458333333333 0.27662037037037035 0.7432291666666667 0.2761574074074074 0.7440104166666667 0.27523148148148147 0.7453125 0.2747685185185185 0.7471354166666667 0.27291666666666664 0.7484375 0.2724537037037037 0.74921875 0.27152777777777776 0.7515625 0.2701388888888889 0.7526041666666666 0.269212962962963 0.7565104166666666 0.26782407407407405 0.7572916666666667 0.26689814814814816 0.7604166666666666 0.2650462962962963 0.7614583333333333 0.2641203703703704 0.7622395833333333 0.2641203703703704 0.7651041666666667 0.2622685185185185 0.76796875 0.25949074074074074 0.7692708333333333 0.2585648148148148 0.7708333333333334 0.25810185185185186 0.7721354166666666 0.2571759259259259 0.7734375 0.25578703703703703 0.77578125 0.2548611111111111 0.7770833333333333 0.2539351851851852 0.778125 0.2539351851851852 0.7799479166666666 0.25254629629629627 0.78203125 0.24930555555555556 0.7833333333333333 0.24791666666666667 0.7875 0.24791666666666667 0.7893229166666667 0.2465277777777778 0.790625 0.24606481481481482 0.7924479166666667 0.24467592592592594 0.7932291666666667 0.24467592592592594 0.7953125 0.24328703703703702 0.7963541666666667 0.24328703703703702 0.7979166666666667 0.2423611111111111 0.80078125 0.2423611111111111 0.8010416666666667 0.24282407407407408 0.80234375 0.24282407407407408 0.8036458333333333 0.24328703703703702 0.8049479166666667 0.24421296296296297 0.8067708333333333 0.24467592592592594 0.8083333333333333 0.2465277777777778 0.8096354166666667 0.2474537037037037 0.8104166666666667 0.2488425925925926 0.8140625 0.2520833333333333 0.81640625 0.2520833333333333 0.8166666666666667 0.25254629629629627 0.8205729166666667 0.25254629629629627 0.821875 0.2520833333333333 0.8234375 0.2534722222222222 0.8239583333333333 0.2534722222222222 0.825 0.2548611111111111 0.82578125 0.2553240740740741 0.8274739583333334 0.25833333333333336 0.8282552083333333 0.26064814814814813 0.8287760416666666 0.26342592592592595 0.8302083333333333 0.2659722222222222 0.83046875 0.2659722222222222 0.8322916666666667 0.26875 0.8341145833333333 0.27060185185185187 0.8356770833333333 0.27337962962962964 0.8380208333333333 0.2761574074074074 0.8401041666666667 0.27800925925925923 0.840625 0.2789351851851852 0.8427083333333333 0.28125 0.8442708333333333 0.28402777777777777 0.84609375 0.28587962962962965 0.8473958333333333 0.2881944444444444 0.8484375 0.28958333333333336 0.8502604166666666 0.2914351851851852 0.8510416666666667 0.29282407407407407 0.8520833333333333 0.29375 0.85390625 0.2965277777777778 0.8552083333333333 0.29791666666666666 0.8559895833333333 0.29930555555555555 0.85703125 0.3002314814814815 0.859375 0.30439814814814814 0.86015625 0.3053240740740741 0.8619791666666666 0.30671296296296297 0.86328125 0.3085648148148148 0.8643229166666667 0.30949074074074073 0.8651041666666667 0.3108796296296296 0.8661458333333333 0.31180555555555556 0.8674479166666667 0.3136574074074074 0.86875 0.3159722222222222 0.8729166666666667 0.32060185185185186 0.8747395833333333 0.3229166666666667 0.8770833333333333 0.32708333333333334 0.8786458333333333 0.3284722222222222 0.8791666666666667 0.32939814814814816 0.8809895833333333 0.33078703703703705 0.8817708333333333 0.33078703703703705 0.8830729166666667 0.331712962962963 0.8841145833333334 0.331712962962963 0.8864583333333333 0.3335648148148148 0.8881510416666667 0.33564814814814814 0.888671875 0.3375 0.888671875 0.34305555555555556 0.8904947916666667 0.3509259259259259 0.893359375 0.35833333333333334 0.8936197916666667 0.3625 0.8938802083333334 0.3638888888888889 0.893359375 0.36574074074074076 0.8920572916666667 0.3680555555555556 0.891015625 0.37175925925925923 0.8895833333333333 0.37430555555555556 0.8893229166666666 0.37430555555555556 0.88515625 0.381712962962963 0.8848958333333333 0.381712962962963 0.88125 0.38819444444444445 0.8809895833333333 0.38819444444444445 0.8723958333333334 0.40347222222222223 0.8713541666666667 0.4043981481481482 0.8673177083333333 0.4115740740740741 0.8673177083333333 0.41203703703703703 0.8653645833333333 0.41550925925925924 0.8635416666666667 0.4173611111111111 0.8611979166666667 0.4215277777777778 0.8600260416666666 0.42314814814814816 0.8600260416666666 0.4236111111111111 0.8587239583333334 0.42592592592592593 0.8587239583333334 0.4263888888888889 0.8565104166666667 0.4303240740740741 0.8549479166666667 0.4321759259259259 0.8509114583333334 0.4393518518518518 0.8509114583333334 0.4398148148148148 0.84921875 0.4428240740740741 0.8479166666666667 0.444212962962963 0.843359375 0.45231481481481484 0.843359375 0.4527777777777778 0.840625 0.4576388888888889 0.8403645833333333 0.4576388888888889 0.8390625 0.4599537037037037 0.8388020833333333 0.4599537037037037 0.835546875 0.46574074074074073 0.835546875 0.46620370370370373 0.83359375 0.46967592592592594 0.8315104166666667 0.47199074074074077 0.8272135416666667 0.47962962962962963 0.826171875 0.4824074074074074 0.8251302083333333 0.4861111111111111 0.8235677083333334 0.4888888888888889 0.8235677083333334 0.4912037037037037 0.8243489583333333 0.4935185185185185 0.8243489583333333 0.49444444444444446 0.8263020833333333 0.4979166666666667 0.8265625 0.4979166666666667 0.827734375 0.5 0.8287760416666666 0.5023148148148148 0.829296875 0.5046296296296297 0.8295572916666667 0.5069444444444444 0.8295572916666667 0.5111111111111111 0.8282552083333333 0.5143518518518518 0.8272135416666667 0.5162037037037037 0.826171875 0.5189814814814815 0.8247395833333333 0.5215277777777778 0.8244791666666667 0.5215277777777778 0.8223958333333333 0.5252314814814815 0.8213541666666667 0.5261574074074075 0.8196614583333334 0.5287037037037037 0.8196614583333334 0.5291666666666667 0.8171875 0.5335648148148148 0.8158854166666667 0.5349537037037037 0.8143229166666667 0.5377314814814815 0.8127604166666667 0.5395833333333333 0.8114583333333333 0.5418981481481482 0.8111979166666666 0.5418981481481482 0.80703125 0.5493055555555556 0.8067708333333333 0.5493055555555556 0.80546875 0.5516203703703704 0.8052083333333333 0.5516203703703704 0.80390625 0.5539351851851851 0.8036458333333333 0.5539351851851851 0.80234375 0.55625 0.8020833333333334 0.55625 0.7989583333333333 0.5618055555555556 0.7986979166666667 0.5618055555555556 0.7967447916666667 0.5652777777777778 0.7967447916666667 0.5657407407407408 0.7950520833333333 0.56875 0.79375 0.5701388888888889 0.79140625 0.5743055555555555 0.7911458333333333 0.5743055555555555 0.7895833333333333 0.5770833333333333 0.7893229166666667 0.5770833333333333 0.7869791666666667 0.58125 0.7841145833333333 0.5844907407407407 0.7833333333333333 0.5849537037037037 0.7821614583333333 0.587037037037037 0.7811197916666667 0.5898148148148148 0.7776041666666667 0.5960648148148148 0.7763020833333333 0.5979166666666667 0.7752604166666667 0.5988425925925925 0.77265625 0.6034722222222222 0.7705729166666667 0.6053240740740741 0.769140625 0.6074074074074074 0.769140625 0.6078703703703704 0.7657552083333333 0.6138888888888889 0.765234375 0.6157407407407407 0.7614583333333333 0.6224537037037037 0.76015625 0.6243055555555556 0.7588541666666667 0.6256944444444444 0.7559895833333333 0.6307870370370371 0.7557291666666667 0.6307870370370371 0.7536458333333333 0.6344907407407407 0.75234375 0.6363425925925926 0.7502604166666667 0.6381944444444444 0.7485677083333333 0.6412037037037037 0.7485677083333333 0.6416666666666667 0.7459635416666667 0.6462962962962963 0.7459635416666667 0.6467592592592593 0.74453125 0.6493055555555556 0.7424479166666667 0.6511574074074075 0.7404947916666667 0.6546296296296297 0.7404947916666667 0.6550925925925926 0.7393229166666667 0.6571759259259259 0.73828125 0.6581018518518519 0.7375 0.6594907407407408 0.73515625 0.6622685185185185 0.734375 0.6627314814814815 0.7325520833333333 0.6650462962962963 0.73125 0.6659722222222222 0.7299479166666667 0.6664351851851852 0.7286458333333333 0.6678240740740741 0.728125 0.6678240740740741 0.7270833333333333 0.669212962962963 0.72578125 0.6701388888888888 0.7239583333333334 0.6724537037037037 0.72265625 0.6733796296296296 0.7221354166666667 0.6743055555555556 0.7205729166666667 0.6752314814814815 0.7177083333333333 0.6780092592592593 0.7135416666666666 0.6817129629629629 0.7130208333333333 0.6826388888888889 0.7114583333333333 0.6835648148148148 0.7065104166666667 0.6881944444444444 0.7059895833333333 0.6881944444444444 0.7049479166666667 0.6895833333333333 0.7041666666666667 0.6900462962962963 0.7018229166666666 0.6928240740740741 0.7005208333333334 0.694675925925926 0.7 0.694675925925926 0.6973958333333333 0.6974537037037037 0.696875 0.6983796296296296 0.6958333333333333 0.6988425925925926 0.6919270833333333 0.7025462962962963 0.69140625 0.7034722222222223 0.6901041666666666 0.7043981481481482 0.6895833333333333 0.705324074074074 0.6877604166666667 0.70625 0.6861979166666666 0.7076388888888889 0.684375 0.7104166666666667 0.6817708333333333 0.7131944444444445 0.68125 0.7131944444444445 0.6799479166666667 0.7145833333333333 0.6794270833333333 0.7145833333333333 0.67734375 0.7164351851851852 0.6760416666666667 0.7164351851851852 0.67578125 0.7168981481481481 0.6744791666666666 0.7168981481481481 0.6729166666666667 0.7178240740740741 0.67109375 0.7201388888888889 0.669140625 0.7236111111111111 0.669140625 0.7240740740740741 0.66796875 0.7261574074074074 0.665625 0.7284722222222222 0.66484375 0.7284722222222222 0.6625 0.7303240740740741 0.6614583333333334 0.732175925925926 0.6606770833333333 0.7326388888888888 0.6580729166666667 0.7354166666666667 0.6567708333333333 0.7358796296296296 0.6552083333333333 0.7372685185185185 0.6541666666666667 0.7391203703703704 0.6505208333333333 0.7423611111111111 0.6497395833333334 0.743287037037037 0.6489583333333333 0.743287037037037 0.6473958333333333 0.7451388888888889 0.6466145833333333 0.7456018518518519 0.6432291666666666 0.7483796296296297 0.6403645833333333 0.7511574074074074 0.6390625 0.7534722222222222 0.6359375 0.75625 0.6333333333333333 0.7590277777777777 0.6315104166666666 0.7604166666666666 0.6278645833333333 0.7636574074074074 0.6263020833333334 0.7659722222222223 0.6260416666666667 0.7659722222222223 0.62421875 0.76875 0.62265625 0.7706018518518518 0.621875 0.7710648148148148 0.61953125 0.7733796296296296 0.6182291666666667 0.7743055555555556 0.6166666666666667 0.7743055555555556 0.61640625 0.7747685185185185 0.6151041666666667 0.7747685185185185 0.6140625 0.7738425925925926 0.6108072916666667 0.7680555555555556 0.6092447916666667 0.762962962962963 0.6076822916666667 0.7601851851851852 0.605078125 0.7527777777777778 0.605078125 0.7518518518518519 0.604296875 0.7490740740740741 0.602734375 0.7453703703703703 0.6022135416666666 0.7430555555555556 0.6014322916666667 0.7407407407407407 0.6009114583333334 0.7375 0.5998697916666667 0.7342592592592593 0.5990885416666667 0.7328703703703704 0.5985677083333333 0.7305555555555555 0.5985677083333333 0.7291666666666666 0.5977864583333333 0.725 0.5971354166666667 0.7233796296296297 0.5958333333333333 0.7229166666666667 0.594921875 0.7240740740740741 0.5944010416666666 0.7268518518518519 0.5944010416666666 0.7282407407407407 0.5938802083333333 0.7310185185185185 0.5930989583333334 0.7337962962962963 0.591796875 0.736574074074074 0.590234375 0.7425925925925926 0.5876302083333333 0.7486111111111111 0.5865885416666666 0.7513888888888889 0.5860677083333333 0.7537037037037037 0.5845052083333333 0.7578703703703704 0.5829427083333333 0.7611111111111111 0.5826822916666666 0.763425925925926 0.5821614583333333 0.7648148148148148 0.5811197916666667 0.7694444444444445 0.579296875 0.7731481481481481 0.5787760416666666 0.775 0.576953125 0.7791666666666667 0.5756510416666667 0.7851851851851852 0.5751302083333333 0.7870370370370371 0.572265625 0.7921296296296296 0.5712239583333333 0.7962962962962963 0.5694010416666667 0.8013888888888889 0.567578125 0.8050925925925926 0.566796875 0.8092592592592592 0.565234375 0.8138888888888889 0.5649739583333333 0.8157407407407408 0.5626302083333333 0.8240740740740741 0.5618489583333334 0.8263888888888888 0.5598958333333334 0.8298611111111112 0.5575520833333333 0.8321759259259259 0.5552083333333333 0.8340277777777778 0.5541666666666667 0.8358796296296296 0.5526041666666667 0.8377314814814815 0.5515625 0.8381944444444445 0.54921875 0.8405092592592592 0.5473958333333333 0.8414351851851852 0.54609375 0.8428240740740741 0.5450520833333333 0.8446759259259259 0.5434895833333333 0.8460648148148148 0.5393229166666667 0.8493055555555555 0.5380208333333333 0.8511574074074074 0.5369791666666667 0.8520833333333333 0.5356770833333333 0.8525462962962963 0.5348958333333333 0.8534722222222222 0.53359375 0.8539351851851852 0.53203125 0.8553240740740741 0.5302083333333333 0.8585648148148148 0.5265625 0.8618055555555556 0.5252604166666667 0.8641203703703704 0.5239583333333333 0.8655092592592593 0.5229166666666667 0.8659722222222223 0.5200520833333333 0.86875 0.51953125 0.86875 0.5182291666666666 0.8701388888888889 0.5169270833333334 0.8710648148148148 0.515625 0.8724537037037037 0.5140625 0.8747685185185186 0.5111979166666667 0.8770833333333333 0.5106770833333333 0.8780092592592592 0.509375 0.8789351851851852 0.5080729166666667 0.8803240740740741 0.5067708333333333 0.88125 0.50625 0.882175925925926 0.5033854166666667 0.8844907407407407 0.5020833333333333 0.8858796296296296 0.50078125 0.8868055555555555 0.49921875 0.8886574074074074 0.49583333333333335 0.893287037037037 0.49375 0.8946759259259259 0.49296875 0.8956018518518518 0.4908854166666667 0.8969907407407407 0.4890625 0.8993055555555556 0.4859375 0.9016203703703703 0.4830729166666667 0.9043981481481481 0.48125 0.9071759259259259 0.47994791666666664 0.9085648148148148 0.478125 0.9099537037037037 0.4765625 0.9104166666666667 0.4747395833333333 0.9122685185185185 0.4734375 0.9127314814814815 0.47109375 0.9145833333333333 0.46848958333333335 0.919212962962963 0.4674479166666667 0.9206018518518518 0.4666666666666667 0.9210648148148148 0.46510416666666665 0.9229166666666667 0.46380208333333334 0.9238425925925926 0.46328125 0.9247685185185185 0.46119791666666665 0.9261574074074074 0.45859375 0.9289351851851851 0.45807291666666666 0.9289351851851851 0.45598958333333334 0.930787037037037 0.45546875 0.9317129629629629 0.45260416666666664 0.9340277777777778 0.45078125 0.9363425925925926 0.4479166666666667 0.9386574074074074 0.4466145833333333 0.9400462962962963 0.4453125 0.9409722222222222 0.44479166666666664 0.9418981481481481 0.4432291666666667 0.9432870370370371 0.44166666666666665 0.944212962962963 0.4375 0.9488425925925926 0.4361979166666667 0.9497685185185185 0.4348958333333333 0.9516203703703704 0.43307291666666664 0.9530092592592593 0.43125 0.9548611111111112 0.43072916666666666 0.955787037037037 0.42942708333333335 0.9567129629629629 0.42890625 0.9576388888888889 0.42734375 0.9590277777777778 0.42682291666666666 0.9590277777777778 0.4244791666666667 0.9613425925925926 0.4239583333333333 0.9622685185185185 0.42161458333333335 0.9641203703703703 0.4192708333333333 0.968287037037037 0.41796875 0.96875 0.4171875 0.9696759259259259 0.41458333333333336 0.9706018518518519 0.4127604166666667 0.9724537037037037 0.41041666666666665 0.9761574074074074 0.4088541666666667 0.9770833333333333 0.4080729166666667 0.9780092592592593 0.40677083333333336 0.9784722222222222 0.40520833333333334 0.9798611111111111 0.4044270833333333 0.98125 0.40286458333333336 0.9826388888888888 0.40234375 0.9835648148148148 0.40078125 0.9849537037037037 0.4002604166666667 0.9849537037037037 0.39791666666666664 0.9872685185185185 0.3971354166666667 0.9877314814814815 0.39427083333333335 0.9914351851851851 0.3927083333333333 0.992824074074074 0.39088541666666665 0.99375 0.38776041666666666 0.9946759259259259 0.3875 0.9951388888888889 0.38619791666666664 0.9951388888888889 0.3859375 0.9956018518518519
3 0.07740885416666667 0.7930555555555556 0.15481770833333333 0.3208333333333334 0.0 0.94375 0.0018229166666666667 0.94375 0.00390625 0.9456018518518519 0.0067708333333333336 0.9469907407407407 0.008072916666666667 0.9479166666666666 0.009375 0.9493055555555555 0.013802083333333333 0.9516203703703704 0.015104166666666667 0.9520833333333333 0.0171875 0.9534722222222223 0.02109375 0.9534722222222223 0.021354166666666667 0.9530092592592593 0.022916666666666665 0.9530092592592593 0.023177083333333334 0.9525462962962963 0.024479166666666666 0.9525462962962963 0.02578125 0.9520833333333333 0.026822916666666665 0.9511574074074074 0.027604166666666666 0.9511574074074074 0.030989583333333334 0.9483796296296296 0.03229166666666667 0.9479166666666666 0.03307291666666667 0.9469907407407407 0.034375 0.9465277777777777 0.03697916666666667 0.944675925925926 0.038802083333333334 0.9428240740740741 0.040625 0.9395833333333333 0.04244791666666667 0.9377314814814814 0.04309895833333333 0.9365740740740741 0.043359375 0.9351851851851852 0.04453125 0.9326388888888889 0.045572916666666664 0.9317129629629629 0.047265625 0.9287037037037037 0.048046875 0.9259259259259259 0.048046875 0.925 0.04934895833333333 0.9208333333333333 0.051432291666666664 0.9162037037037037 0.05221354166666667 0.912962962962963 0.052994791666666666 0.9106481481481481 0.05377604166666667 0.9092592592592592 0.05455729166666667 0.9069444444444444 0.05481770833333333 0.9050925925925926 0.05481770833333333 0.8930555555555556 0.05455729166666667 0.8925925925925926 0.054036458333333336 0.888425925925926 0.053515625 0.8870370370370371 0.052473958333333334 0.8824074074074074 0.051953125 0.8814814814814815 0.051171875 0.8787037037037037 0.04973958333333333 0.8761574074074074 0.0484375 0.8743055555555556 0.045572916666666664 0.8719907407407408 0.04348958333333333 0.8710648148148148 0.042708333333333334 0.8701388888888889 0.04140625 0.8696759259259259 0.03828125 0.8668981481481481 0.03671875 0.8659722222222223 0.0359375 0.8650462962962963 0.03463541666666667 0.8645833333333334 0.03229166666666667 0.8631944444444445 0.03046875 0.8613425925925926 0.028776041666666665 0.8583333333333333 0.028776041666666665 0.8574074074074074 0.029427083333333333 0.8557870370370371 0.03125 0.8534722222222222 0.03359375 0.8516203703703704 0.034895833333333334 0.8502314814814815 0.03567708333333333 0.8488425925925925 0.036458333333333336 0.8483796296296297 0.039322916666666666 0.844212962962963 0.03958333333333333 0.844212962962963 0.04088541666666667 0.8418981481481481 0.0421875 0.8405092592592592 0.04596354166666667 0.8337962962962963 0.04596354166666667 0.8333333333333334 0.047265625 0.8305555555555556 0.048046875 0.8273148148148148 0.048567708333333334 0.825925925925926 0.050390625 0.8194444444444444 0.050390625 0.8185185185185185 0.051171875 0.8157407407407408 0.051171875 0.8125 0.051432291666666664 0.812037037037037 0.051432291666666664 0.8092592592592592 0.052083333333333336 0.8076388888888889 0.05286458333333333 0.8071759259259259 0.053385416666666664 0.8076388888888889 0.0546875 0.8076388888888889 0.054947916666666666 0.8081018518518519 0.05625 0.8081018518518519 0.05859375 0.8094907407407408 0.06041666666666667 0.8113425925925926 0.06484375 0.8150462962962963 0.06614583333333333 0.8155092592592592 0.06822916666666666 0.8155092592592592 0.06848958333333334 0.8159722222222222 0.07161458333333333 0.8159722222222222 0.071875 0.8155092592592592 0.0734375 0.8155092592592592 0.075 0.8145833333333333 0.07604166666666666 0.8145833333333333 0.07760416666666667 0.8136574074074074 0.07890625 0.8136574074074074 0.07994791666666666 0.8131944444444444 0.08151041666666667 0.8118055555555556 0.08203125 0.8118055555555556 0.08385416666666666 0.8099537037037037 0.08567708333333333 0.8085648148148148 0.08619791666666667 0.8085648148148148 0.08776041666666666 0.8071759259259259 0.0890625 0.805324074074074 0.0921875 0.8025462962962963 0.09348958333333333 0.8006944444444445 0.09479166666666666 0.7983796296296296 0.09505208333333333 0.7983796296296296 0.097265625 0.7944444444444444 0.09830729166666667 0.7916666666666666 0.09934895833333333 0.7898148148148149 0.10065104166666666 0.7861111111111111 0.10169270833333334 0.7837962962962963 0.102734375 0.7800925925925926 0.102734375 0.7791666666666667 0.10455729166666666 0.7726851851851851 0.10455729166666666 0.7703703703703704 0.10481770833333333 0.7699074074074074 0.10481770833333333 0.7675925925925926 0.105078125 0.7652777777777777 0.10559895833333334 0.762962962962963 0.10677083333333333 0.7608796296296296 0.10755208333333334 0.7608796296296296 0.10911458333333333 0.7631944444444444 0.11067708333333333 0.7645833333333333 0.11119791666666666 0.7655092592592593 0.11302083333333333 0.7668981481481482 0.11354166666666667 0.767824074074074 0.11666666666666667 0.7701388888888889 0.11953125 0.7715277777777778 0.12109375 0.7715277777777778 0.12135416666666667 0.7719907407407407 0.12317708333333334 0.7719907407407407 0.1234375 0.7724537037037037 0.125 0.7724537037037037 0.12526041666666668 0.7729166666666667 0.12786458333333334 0.7729166666666667 0.13229166666666667 0.7710648148148148 0.13385416666666666 0.7701388888888889 0.13671875 0.767824074074074 0.13723958333333333 0.7668981481481482 0.14296875 0.7618055555555555 0.14661458333333333 0.7553240740740741 0.146875 0.7553240740740741 0.15065104166666668 0.7486111111111111 0.15143229166666666 0.7467592592592592 0.15325520833333334 0.7402777777777778 0.15325520833333334 0.7393518518518518 0.154296875 0.7361111111111112 0.15481770833333333 0.7337962962962963 0.15481770833333333 0.7240740740740741 0.154296875 0.7222222222222222 0.154296875 0.7208333333333333 0.153515625 0.7171296296296297 0.15247395833333333 0.7148148148148148 0.151953125 0.7129629629629629 0.15026041666666667 0.7099537037037037 0.14921875 0.7090277777777778 0.14791666666666667 0.7071759259259259 0.14713541666666666 0.7067129629629629 0.14557291666666666 0.7048611111111112 0.14401041666666667 0.7020833333333333 0.14375 0.7020833333333333 0.14244791666666667 0.6997685185185185 0.140625 0.6979166666666666 0.13828125 0.694675925925926 0.13619791666666667 0.6928240740740741 0.13528645833333333 0.6912037037037037 0.135546875 0.6898148148148148 0.13645833333333332 0.6891203703703703 0.13802083333333334 0.6872685185185186 0.14140625 0.68125 0.14166666666666666 0.68125 0.14361979166666666 0.6777777777777778 0.144921875 0.674537037037037 0.14544270833333334 0.6722222222222223 0.14622395833333332 0.6703703703703704 0.14674479166666668 0.6671296296296296 0.14752604166666666 0.6643518518518519 0.14752604166666666 0.6569444444444444 0.14674479166666668 0.6537037037037037 0.14361979166666666 0.6462962962962963 0.14231770833333332 0.6439814814814815 0.14231770833333332 0.6435185185185185 0.14088541666666668 0.6409722222222223 0.13880208333333333 0.6386574074074074 0.13567708333333334 0.6358796296296296 0.13489583333333333 0.6349537037037037 0.13333333333333333 0.6344907407407407 0.13203125 0.6335648148148149 0.13072916666666667 0.6331018518518519 0.12916666666666668 0.6331018518518519 0.12890625 0.6326388888888889 0.12552083333333333 0.6326388888888889 0.12526041666666668 0.6331018518518519 0.12369791666666667 0.6335648148148149 0.12291666666666666 0.6344907407407407 0.11927083333333334 0.6354166666666666 0.11822916666666666 0.6363425925925926 0.11640625 0.6368055555555555 0.11484375 0.6377314814814815 0.1140625 0.6386574074074074 0.11067708333333333 0.6409722222222223 0.10924479166666666 0.6435185185185185 0.10924479166666666 0.6439814814814815 0.10794270833333333 0.6462962962962963 0.10794270833333333 0.6467592592592593 0.10611979166666667 0.65 0.10611979166666667 0.6504629629629629 0.10481770833333333 0.6527777777777778 0.10481770833333333 0.6532407407407408 0.103515625 0.6555555555555556 0.10247395833333334 0.6587962962962963 0.10247395833333334 0.6597222222222222 0.10169270833333334 0.6620370370370371 0.10169270833333334 0.6652777777777777 0.10143229166666666 0.6657407407407407 0.10143229166666666 0.6699074074074074 0.10221354166666667 0.675 0.10325520833333333 0.6782407407407407 0.108203125 0.687037037037037 0.109765625 0.6907407407407408 0.109765625 0.6912037037037037 0.11171875 0.694675925925926 0.11510416666666666 0.6965277777777777 0.116015625 0.6981481481481482 0.115625 0.6993055555555555 0.11380208333333333 0.7011574074074074 0.1125 0.7034722222222223 0.11223958333333334 0.7034722222222223 0.10690104166666667 0.7129629629629629 0.10638020833333334 0.7148148148148148 0.10481770833333333 0.7180555555555556 0.10481770833333333 0.7185185185185186 0.10325520833333333 0.7212962962962963 0.10247395833333334 0.7231481481481481 0.10143229166666666 0.7263888888888889 0.10013020833333333 0.7342592592592593 0.10013020833333333 0.736574074074074 0.09986979166666667 0.737037037037037 0.09986979166666667 0.7393518518518518 0.099609375 0.7398148148148148 0.099609375 0.7439814814814815 0.09986979166666667 0.7453703703703703 0.09895833333333333 0.7469907407407408 0.09739583333333333 0.7460648148148148 0.09583333333333334 0.7460648148148148 0.09453125 0.7446759259259259 0.09375 0.743287037037037 0.09270833333333334 0.7423611111111111 0.09140625 0.7405092592592593 0.08854166666666667 0.7377314814814815 0.08645833333333333 0.7368055555555556 0.08463541666666667 0.7354166666666667 0.08125 0.7340277777777777 0.07760416666666667 0.7340277777777777 0.07734375 0.7344907407407407 0.0734375 0.7344907407407407 0.07317708333333334 0.7349537037037037 0.07083333333333333 0.7349537037037037 0.07057291666666667 0.7354166666666667 0.06927083333333334 0.7354166666666667 0.06901041666666667 0.7358796296296296 0.06770833333333333 0.7358796296296296 0.06744791666666666 0.7363425925925926 0.06510416666666667 0.7372685185185185 0.0640625 0.7391203703703704 0.06197916666666667 0.7418981481481481 0.06067708333333333 0.742824074074074 0.05859375 0.7456018518518519 0.057291666666666664 0.7469907407407408 0.055989583333333336 0.7479166666666667 0.05520833333333333 0.7493055555555556 0.05416666666666667 0.7502314814814814 0.05286458333333333 0.7520833333333333 0.05234375 0.7520833333333333 0.05078125 0.7534722222222222 0.04934895833333333 0.7560185185185185 0.048828125 0.7587962962962963 0.04830729166666667 0.7601851851851852 0.04778645833333333 0.762962962962963 0.046223958333333336 0.7680555555555556 0.045703125 0.7722222222222223 0.045182291666666666 0.775 0.045182291666666666 0.7777777777777778 0.044921875 0.7782407407407408 0.044921875 0.7893518518518519 0.04440104166666667 0.7916666666666666 0.04375 0.7914351851851852 0.04114583333333333 0.7914351851851852 0.04010416666666667 0.7905092592592593 0.03828125 0.7877314814814815 0.03619791666666667 0.7863425925925925 0.035416666666666666 0.7854166666666667 0.03411458333333333 0.7849537037037037 0.03307291666666667 0.7840277777777778 0.0265625 0.7840277777777778 0.026302083333333334 0.7844907407407408 0.023697916666666666 0.7844907407407408 0.0234375 0.7849537037037037 0.021875 0.7849537037037037 0.019791666666666666 0.7863425925925925 0.018229166666666668 0.7868055555555555 0.016666666666666666 0.7881944444444444 0.014583333333333334 0.7905092592592593 0.0140625 0.7905092592592593 0.012760416666666666 0.7918981481481482 0.011458333333333333 0.79375 0.010677083333333334 0.794212962962963 0.009114583333333334 0.7960648148148148 0.007291666666666667 0.7988425925925926 0.00703125 0.7988425925925926 0.005729166666666666 0.8011574074074074 0.00546875 0.8011574074074074 0.00390625 0.8039351851851851 0.0036458333333333334 0.8039351851851851 0.00234375 0.80625 0.0015625 0.8067129629629629 0.0 0.8067129629629629
