 10ML_sorting_tube_rack 0.0 275.5 5.0 275.5 9.0 274.5 11.0 272.5 16.0 270.5 28.0 267.5 29.0 266.5 42.0 263.5 46.0 261.5 55.0 259.5 69.0 253.5 86.0 249.5 90.0 247.5 93.0 247.5 99.0 245.5 107.0 241.5 120.0 238.5 127.0 235.5 130.0 235.5 140.0 231.5 143.0 231.5 150.0 228.5 152.5 226.0 154.5 221.0 153.5 215.0 150.5 212.0 147.5 207.0 144.5 204.0 141.5 199.0 136.5 194.0 131.5 187.0 130.5 184.0 125.5 178.0 121.5 171.0 114.5 163.0 112.5 159.0 106.5 152.0 104.5 148.0 101.5 145.0 100.5 142.0 97.5 138.0 92.5 133.0 89.5 128.0 86.5 125.0 85.5 122.0 80.5 115.0 79.5 112.0 76.5 109.0 69.5 97.0 65.5 92.0 59.5 86.0 59.5 85.0 52.5 74.0 49.5 68.0 46.5 65.0 39.5 52.0 37.5 49.0 32.5 44.0 28.5 37.0 26.5 35.0 24.5 30.0 20.5 24.0 15.5 19.0 10.5 10.0 9.5 7.0 9.5 0.0
 10ML_sorting_tube_rack 146.5 0.0 146.5 6.0 151.0 10.5 155.5 14.0 158.5 20.0 165.5 29.0 171.5 39.0 178.5 47.0 181.5 53.0 185.5 58.0 191.5 69.0 194.5 72.0 197.5 77.0 203.5 84.0 205.5 88.0 213.5 99.0 214.5 102.0 219.5 107.0 219.5 108.0 224.5 114.0 225.5 117.0 229.5 122.0 231.5 126.0 235.5 130.0 238.5 135.0 242.5 139.0 246.5 146.0 252.5 153.0 258.5 163.0 262.5 167.0 265.5 172.0 277.5 190.0 281.5 194.0 283.5 198.0 286.5 201.0 289.5 207.0 295.5 213.0 299.5 220.0 303.5 225.0 306.5 230.0 310.5 235.0 315.5 240.0 319.5 245.0 320.5 251.0 318.5 256.0 314.0 260.5 292.0 265.5 288.0 267.5 279.0 270.5 272.0 271.5 268.0 273.5 265.0 273.5 261.0 275.5 248.0 278.5 247.0 279.5 238.0 281.5 231.0 284.5 227.0 284.5 223.0 286.5 212.0 288.5 208.0 290.5 199.0 292.5 196.0 294.5 193.0 294.5 180.0 299.5 177.0 299.5 173.0 301.5 165.0 303.5 159.0 306.5 156.0 306.5 149.0 309.5 140.0 311.5 129.0 315.5 126.0 317.5 121.0 318.5 117.0 320.5 108.0 322.5 105.0 324.5 97.0 326.5 93.0 328.5 85.0 330.5 81.0 332.5 78.0 332.5 65.0 337.5 63.0 337.5 53.0 341.5 42.0 344.5 39.0 346.5 36.0 346.5 32.0 348.5 29.0 348.5 26.0 350.5 17.0 353.5 12.0 354.5 6.0 357.5 0.0 357.5
 5ML_sorting_tube_rack 663.5 0.0 663.5 5.0 664.5 8.0 669.5 13.0 677.5 26.0 679.5 30.0 683.5 34.0 685.5 38.0 689.5 43.0 692.5 48.0 694.5 53.0 700.5 59.0 709.5 74.0 712.5 81.0 718.5 89.0 725.5 103.0 731.5 111.0 733.5 115.0 737.5 120.0 742.5 125.0 744.5 129.0 740.5 139.0 737.0 141.5 731.0 143.5 720.0 145.5 713.0 148.5 710.0 148.5 705.0 150.5 697.0 152.5 693.0 152.5 687.0 154.5 679.0 154.5 675.0 152.5 669.5 147.0 666.5 140.0 660.5 132.0 656.5 123.0 654.5 121.0 648.5 110.0 640.5 100.0 632.5 86.0 628.5 81.0 627.5 78.0 623.5 72.0 614.5 60.0 613.5 57.0 609.5 52.0 607.5 48.0 604.5 45.0 596.5 31.0 586.5 17.0 580.5 7.0 580.5 0.0
 5ML_sorting_tube_rack 1219.5 0.0 1219.5 5.0 1216.0 6.5 1213.0 6.5 1207.0 9.5 1204.0 9.5 1200.0 11.5 1195.0 12.5 1191.0 14.5 1188.0 14.5 1183.0 16.5 1179.0 16.5 1174.0 18.5 1171.0 18.5 1167.0 20.5 1161.0 21.5 1156.0 24.5 1147.0 27.5 1144.0 27.5 1139.0 29.5 1136.0 29.5 1132.0 31.5 1128.0 31.5 1119.0 34.5 1115.0 34.5 1111.0 36.5 1108.0 36.5 1104.0 38.5 1101.0 38.5 1096.0 40.5 1093.0 40.5 1089.0 42.5 1083.0 43.5 1080.0 45.5 1075.0 46.5 1070.0 48.5 1067.0 48.5 1062.0 50.5 1058.0 50.5 1042.0 55.5 1038.0 57.5 1031.0 58.5 1026.0 60.5 1019.0 61.5 1015.0 63.5 1012.0 63.5 1008.0 65.5 999.0 67.5 995.0 69.5 992.0 69.5 988.0 71.5 979.0 73.5 975.0 75.5 972.0 75.5 969.0 77.5 966.0 77.5 959.0 80.5 950.0 82.5 947.0 84.5 937.0 86.5 936.0 87.5 931.0 87.5 926.0 88.5 921.0 90.5 914.0 91.5 909.0 93.5 905.0 93.5 892.0 98.5 883.0 98.5 878.0 99.5 876.5 98.0 876.5 95.0 879.0 92.5 882.0 91.5 886.5 87.0 887.5 84.0 899.0 72.5 900.0 72.5 909.0 66.5 920.0 55.5 923.5 53.0 925.5 50.0 920.5 44.0 912.5 28.0 909.5 23.0 907.5 16.0 903.5 9.0 902.5 6.0 902.5 0.0
 5ML_centrifuge_tube 1468.0 601.5 1461.0 601.5 1452.0 595.5 1446.5 590.0 1443.5 583.0 1443.5 580.0 1441.5 575.0 1439.5 573.0 1434.5 562.0 1434.5 556.0 1435.5 555.0 1435.5 550.0 1441.0 544.5 1448.0 541.5 1453.0 537.5 1472.0 527.5 1474.0 527.5 1482.0 523.5 1491.0 520.5 1494.0 518.5 1499.0 517.5 1505.0 514.5 1513.0 513.5 1518.0 511.5 1523.0 510.5 1532.0 514.5 1534.5 517.0 1543.5 534.0 1543.5 536.0 1548.5 545.0 1549.5 552.0 1548.5 553.0 1548.5 561.0 1547.5 563.0 1542.0 568.5 1531.0 574.5 1524.0 579.5 1512.0 585.5 1510.0 585.5 1499.0 591.5 1494.0 593.5 1483.0 596.5 1480.0 598.5 1474.0 599.5 1468.0 601.5
 5ML_centrifuge_tube 1254.0 691.5 1249.5 688.0 1249.5 687.0 1242.5 678.0 1237.5 669.0 1234.5 666.0 1233.5 663.0 1229.5 658.0 1226.5 651.0 1228.5 640.0 1231.0 637.5 1238.0 633.5 1240.0 631.5 1253.0 624.5 1260.0 621.5 1270.0 615.5 1280.0 610.5 1286.0 608.5 1289.0 608.5 1298.0 603.5 1307.0 603.5 1310.0 604.5 1312.5 607.0 1316.5 616.0 1322.5 625.0 1325.5 632.0 1332.5 640.0 1332.5 650.0 1326.0 656.5 1325.0 656.5 1320.0 661.5 1314.0 664.5 1300.0 673.5 1295.0 675.5 1293.0 677.5 1283.0 682.5 1281.0 682.5 1273.0 686.5 1264.0 689.5 1260.0 689.5 1254.0 691.5
 10ML_centrifuge_tube 1344.0 641.5 1340.0 641.5 1332.0 636.5 1331.0 636.5 1323.5 629.0 1323.5 628.0 1317.5 620.0 1317.5 618.0 1314.5 613.0 1313.5 609.0 1310.5 606.0 1306.5 599.0 1305.5 595.0 1305.5 590.0 1304.5 589.0 1304.5 584.0 1303.5 583.0 1303.5 568.0 1304.5 567.0 1304.5 559.0 1307.5 551.0 1310.0 548.5 1315.0 546.5 1326.0 538.5 1340.0 532.5 1346.0 528.5 1348.0 528.5 1357.0 523.5 1362.0 522.5 1369.0 518.5 1371.0 518.5 1380.0 513.5 1385.0 511.5 1396.0 509.5 1397.0 508.5 1404.0 508.5 1407.0 510.5 1412.5 517.0 1416.5 526.0 1418.5 528.0 1425.5 543.0 1427.5 545.0 1429.5 551.0 1433.5 558.0 1435.5 564.0 1442.5 579.0 1442.5 588.0 1443.5 589.0 1442.5 593.0 1439.0 596.5 1432.0 599.5 1420.0 606.5 1415.0 608.5 1405.0 614.5 1404.0 614.5 1388.0 622.5 1383.0 625.5 1373.0 629.5 1368.0 632.5 1366.0 632.5 1357.0 636.5 1352.0 637.5 1344.0 641.5
 10ML_centrifuge_tube 1568.0 543.5 1553.0 543.5 1551.0 542.5 1542.5 534.0 1539.5 528.0 1539.5 526.0 1535.5 518.0 1531.5 513.0 1528.5 505.0 1527.5 499.0 1523.5 492.0 1522.5 489.0 1522.5 477.0 1523.5 474.0 1528.0 469.5 1535.0 465.5 1539.0 462.5 1545.0 460.5 1547.0 458.5 1552.0 456.5 1554.0 454.5 1560.0 452.5 1565.0 449.5 1577.0 445.5 1582.0 442.5 1589.0 440.5 1592.0 438.5 1603.0 435.5 1613.0 430.5 1616.0 428.5 1620.0 428.5 1625.0 426.5 1634.0 428.5 1637.0 430.5 1641.5 435.0 1642.5 438.0 1646.5 445.0 1646.5 447.0 1650.5 454.0 1655.5 467.0 1657.5 470.0 1660.5 478.0 1664.5 485.0 1664.5 491.0 1662.5 496.0 1657.0 501.5 1654.0 502.5 1638.0 511.5 1630.0 514.5 1617.0 523.5 1609.0 527.5 1607.0 527.5 1595.0 531.5 1592.0 533.5 1575.0 541.5 1572.0 541.5 1568.0 543.5
 10ML_centrifuge_tube 1640.0 1078.5 1633.0 1078.5 1632.0 1077.5 1627.0 1077.5 1613.0 1063.5 1612.0 1063.5 1602.5 1054.0 1599.5 1049.0 1595.5 1044.0 1578.5 1027.0 1574.5 1021.0 1564.5 1011.0 1564.5 1010.0 1553.0 998.5 1548.5 995.0 1541.5 985.0 1537.5 974.0 1528.5 958.0 1521.5 944.0 1517.5 939.0 1515.5 930.0 1513.5 926.0 1513.5 923.0 1518.0 919.5 1522.0 919.5 1528.0 917.5 1533.0 917.5 1534.0 916.5 1540.0 916.5 1541.0 915.5 1548.0 915.5 1549.0 914.5 1562.0 914.5 1563.0 913.5 1573.0 913.5 1574.0 912.5 1582.0 912.5 1583.0 911.5 1591.0 911.5 1592.0 910.5 1601.0 910.5 1606.0 912.5 1609.5 917.0 1610.5 923.0 1613.5 929.0 1619.5 936.0 1622.5 943.0 1623.5 947.0 1623.5 953.0 1624.5 954.0 1627.5 966.0 1627.5 969.0 1630.5 976.0 1631.5 983.0 1636.5 995.0 1637.5 1001.0 1638.5 1002.0 1638.5 1007.0 1640.5 1015.0 1642.5 1020.0 1642.5 1023.0 1644.5 1028.0 1644.5 1033.0 1645.5 1034.0 1645.5 1039.0 1647.5 1044.0 1647.5 1047.0 1650.5 1055.0 1650.5 1070.0 1649.5 1072.0 1645.0 1076.5 1640.0 1078.5
 5ML_sorting_tube_rack 1640.0 466.5 1638.0 466.5 1634.5 464.0 1632.5 457.0 1628.0 453.5 1620.0 453.5 1619.0 452.5 1613.0 452.5 1605.0 449.5 1602.5 447.0 1601.5 444.0 1606.0 442.5 1610.0 439.5 1616.0 438.5 1622.0 435.5 1627.0 434.5 1631.0 436.5 1636.5 442.0 1640.5 449.0 1641.5 453.0 1643.5 455.0 1644.5 460.0 1642.5 464.0 1640.0 466.5
 5ML_sorting_tube_rack 1824.0 1264.5 1790.0 1264.5 1789.0 1263.5 1773.0 1263.5 1772.0 1262.5 1752.0 1262.5 1751.0 1261.5 1727.0 1261.5 1726.0 1260.5 1709.0 1260.5 1708.0 1259.5 1695.0 1259.5 1694.0 1258.5 1660.0 1258.5 1659.0 1257.5 1648.0 1257.5 1647.0 1256.5 1636.0 1256.5 1635.0 1255.5 1622.0 1255.5 1621.0 1254.5 1606.0 1254.5 1605.0 1253.5 1591.0 1253.5 1590.0 1252.5 1571.0 1252.5 1570.0 1251.5 1543.0 1251.5 1542.0 1250.5 1520.0 1250.5 1519.0 1249.5 1494.0 1249.5 1493.0 1248.5 1469.0 1248.5 1468.0 1247.5 1450.0 1247.5 1449.0 1246.5 1424.0 1246.5 1423.0 1245.5 1402.0 1245.5 1401.0 1244.5 1386.0 1244.5 1385.0 1243.5 1368.0 1243.5 1367.0 1242.5 1362.0 1242.5 1351.0 1239.5 1346.0 1236.5 1344.0 1236.5 1337.5 1231.0 1332.5 1224.0 1329.5 1217.0 1322.5 1209.0 1318.5 1203.0 1317.5 1200.0 1313.5 1195.0 1311.5 1190.0 1301.5 1176.0 1300.5 1173.0 1295.5 1168.0 1292.5 1164.0 1287.5 1155.0 1285.5 1153.0 1281.5 1145.0 1277.5 1140.0 1276.5 1137.0 1273.5 1134.0 1272.5 1131.0 1263.5 1119.0 1261.5 1114.0 1252.5 1101.0 1248.5 1097.0 1240.5 1083.0 1237.5 1077.0 1234.5 1074.0 1229.5 1065.0 1225.5 1060.0 1224.5 1057.0 1213.5 1042.0 1211.5 1037.0 1204.5 1029.0 1201.5 1022.0 1196.5 1012.0 1192.5 1008.0 1184.5 997.0 1181.5 991.0 1177.5 987.0 1172.5 980.0 1172.5 978.0 1167.5 970.0 1167.5 969.0 1159.5 958.0 1157.5 954.0 1151.5 947.0 1145.5 937.0 1138.5 929.0 1137.5 926.0 1133.5 919.0 1130.5 916.0 1126.5 909.0 1124.5 907.0 1121.5 900.0 1119.5 898.0 1112.5 888.0 1110.5 884.0 1094.5 860.0 1093.5 857.0 1088.5 851.0 1088.5 850.0 1083.5 845.0 1075.5 833.0 1075.5 831.0 1072.5 827.0 1071.5 824.0 1067.5 819.0 1062.5 807.0 1060.5 804.0 1061.5 799.0 1063.5 796.0 1069.0 790.5 1082.0 783.5 1087.0 779.5 1092.0 777.5 1094.0 775.5 1100.0 772.5 1106.0 768.5 1109.0 767.5 1114.0 763.5 1120.0 761.5 1126.0 758.5 1128.0 756.5 1136.0 752.5 1138.0 752.5 1145.0 748.5 1155.0 740.5 1170.0 733.5 1175.0 729.5 1182.0 726.5 1184.0 724.5 1188.0 723.5 1190.0 721.5 1202.0 716.5 1204.0 714.5 1211.0 711.5 1213.0 709.5 1218.0 707.5 1220.0 705.5 1225.0 703.5 1228.0 703.5 1238.0 699.5 1241.0 699.5 1247.0 697.5 1254.0 692.5 1273.0 683.5 1280.0 678.5 1284.0 677.5 1287.0 675.5 1293.0 674.5 1310.0 668.5 1313.0 666.5 1318.0 661.5 1323.0 658.5 1325.0 658.5 1330.0 655.5 1336.0 654.5 1340.0 652.5 1344.0 652.5 1350.0 650.5 1356.5 641.0 1358.5 636.0 1358.5 628.0 1360.0 626.5 1368.0 626.5 1374.0 624.5 1378.5 620.0 1379.5 617.0 1382.0 615.5 1385.0 615.5 1392.0 611.5 1395.0 610.5 1400.0 610.5 1401.0 609.5 1408.0 609.5 1412.0 608.5 1419.0 605.5 1420.5 602.0 1423.0 599.5 1427.0 597.5 1437.0 597.5 1445.0 600.5 1450.0 600.5 1456.0 598.5 1461.0 598.5 1470.0 595.5 1478.0 594.5 1483.0 591.5 1493.0 587.5 1501.0 586.5 1502.0 585.5 1509.0 584.5 1520.0 579.5 1525.5 575.0 1526.5 572.0 1531.0 567.5 1540.0 563.5 1548.0 557.5 1553.0 555.5 1562.0 553.5 1565.0 551.5 1582.0 551.5 1590.0 549.5 1594.5 545.0 1588.5 534.0 1591.0 530.5 1595.0 529.5 1600.0 526.5 1609.0 522.5 1623.0 522.5 1627.0 523.5 1628.0 522.5 1638.0 519.5 1638.5 518.0 1643.5 515.0 1641.5 511.0 1641.5 502.0 1640.5 498.0 1637.0 493.5 1634.0 492.5 1625.0 492.5 1624.0 491.5 1618.0 491.5 1614.0 489.5 1610.5 489.0 1617.0 482.5 1618.0 482.5 1623.5 477.0 1626.0 473.5 1629.0 472.5 1634.0 476.5 1639.0 481.5 1640.0 481.5 1642.5 487.0 1642.5 490.0 1644.5 494.0 1650.0 496.5 1655.0 496.5 1659.5 500.0 1660.5 504.0 1659.5 506.0 1655.0 510.5 1650.0 510.5 1647.0 511.5 1644.5 514.0 1645.5 517.0 1648.0 519.5 1656.0 521.5 1657.0 522.5 1670.0 522.5 1672.0 521.5 1679.0 514.5 1685.0 513.5 1701.0 506.5 1704.0 506.5 1711.0 503.5 1714.0 503.5 1718.0 501.5 1733.0 496.5 1749.0 493.5 1756.0 490.5 1765.0 488.5 1769.0 486.5 1772.0 486.5 1776.0 484.5 1779.0 484.5 1782.0 482.5 1787.0 481.5 1795.0 478.5 1800.0 478.5 1805.0 477.5 1811.0 474.5 1813.0 474.5 1826.0 468.5 1828.0 468.5 1835.0 465.5 1838.0 465.5 1842.0 463.5 1852.0 460.5 1867.0 457.5 1881.0 451.5 1891.0 451.5 1896.0 452.5 1900.0 454.5 1904.5 461.0 1906.5 467.0 1906.5 490.0 1909.5 499.0 1909.5 502.0 1921.5 526.0 1924.5 540.0 1926.5 544.0 1927.5 549.0 1931.5 556.0 1933.5 561.0 1934.5 566.0 1938.5 574.0 1940.5 583.0 1942.5 588.0 1948.5 600.0 1950.5 602.0 1953.5 608.0 1960.5 615.0 1964.5 620.0 1966.5 626.0 1971.5 633.0 1976.5 645.0 1978.5 648.0 1981.5 658.0 1981.5 662.0 1983.5 668.0 1985.5 671.0 1990.5 681.0 1996.5 697.0 1998.5 701.0 1998.5 704.0 2000.5 708.0 2000.5 711.0 2005.5 722.0 2008.5 727.0 2009.5 732.0 2011.5 735.0 2013.5 744.0 2015.5 750.0 2020.5 760.0 2023.5 765.0 2027.5 779.0 2031.5 789.0 2034.5 794.0 2037.5 805.0 2039.5 808.0 2040.5 812.0 2042.5 814.0 2044.5 819.0 2045.5 826.0 2046.5 827.0 2047.5 833.0 2050.5 838.0 2052.5 844.0 2059.5 861.0 2060.5 866.0 2066.5 879.0 2067.5 884.0 2071.5 893.0 2071.5 896.0 2073.5 903.0 2075.5 906.0 2076.5 911.0 2078.5 914.0 2079.5 919.0 2084.5 928.0 2088.5 939.0 2088.5 943.0 2090.5 948.0 2091.5 953.0 2091.5 966.0 2090.5 969.0 2084.5 977.0 2084.5 978.0 2079.5 983.0 2079.5 984.0 2072.5 991.0 2067.5 999.0 2056.5 1010.0 2053.5 1015.0 2047.5 1021.0 2043.5 1026.0 2039.5 1033.0 2034.5 1038.0 2034.5 1039.0 2019.5 1054.0 2011.5 1065.0 2001.5 1075.0 2001.5 1076.0 1989.5 1088.0 1989.5 1089.0 1982.5 1098.0 1981.5 1101.0 1978.5 1105.0 1974.0 1109.5 1973.0 1109.5 1965.5 1117.0 1961.5 1123.0 1954.5 1130.0 1950.5 1137.0 1936.5 1151.0 1936.5 1152.0 1931.5 1157.0 1927.5 1162.0 1922.5 1170.0 1917.5 1175.0 1917.5 1176.0 1912.0 1181.5 1911.0 1181.5 1906.5 1186.0 1906.5 1187.0 1900.5 1193.0 1890.5 1207.0 1876.5 1221.0 1873.5 1226.0 1865.5 1235.0 1863.5 1239.0 1855.0 1247.5 1851.0 1249.5 1847.0 1253.5 1840.0 1258.5 1834.0 1261.5 1832.0 1261.5 1824.0 1264.5
 5ML_sorting_tube_rack 1581.0 466.5 1577.0 465.5 1572.0 465.5 1567.0 463.5 1565.5 459.0 1569.0 457.5 1573.0 457.5 1579.0 454.5 1589.0 454.5 1591.5 457.0 1591.5 459.0 1586.0 464.5 1581.0 466.5
 5ML_sorting_tube_rack 1566.0 517.5 1560.0 516.5 1559.0 515.5 1552.0 515.5 1539.0 509.5 1534.5 500.0 1532.5 492.0 1530.5 489.0 1530.5 484.0 1533.5 479.0 1533.5 477.0 1539.0 471.5 1546.0 469.5 1553.0 465.5 1560.0 465.5 1563.5 468.0 1565.5 476.0 1570.0 480.5 1578.0 480.5 1579.0 481.5 1584.0 481.5 1585.0 482.5 1593.0 484.5 1597.0 484.5 1604.0 487.5 1609.0 488.5 1596.0 492.5 1585.0 503.5 1579.0 504.5 1575.5 500.0 1571.0 495.5 1569.0 494.5 1564.5 499.0 1564.5 509.0 1569.5 514.0 1569.5 516.0 1566.0 517.5
 5ML_sorting_tube_rack 1389.0 584.5 1386.5 580.0 1387.5 575.0 1392.0 570.5 1400.5 566.0 1401.5 563.0 1401.5 558.0 1400.5 553.0 1398.0 548.5 1390.0 544.5 1383.0 543.5 1373.0 538.5 1368.0 539.5 1363.0 539.5 1362.0 540.5 1355.0 539.5 1351.5 534.0 1357.0 529.5 1374.0 529.5 1384.0 523.5 1389.0 518.5 1393.0 517.5 1399.0 514.5 1404.0 515.5 1407.5 520.0 1407.5 524.0 1410.5 530.0 1415.5 534.0 1416.5 540.0 1419.5 545.0 1423.5 550.0 1425.5 555.0 1431.5 561.0 1432.5 564.0 1430.5 568.0 1426.0 572.5 1415.0 578.5 1405.0 580.5 1393.0 580.5 1389.0 584.5
 5ML_sorting_tube_rack 1501.0 535.5 1493.0 535.5 1490.0 533.5 1497.0 532.5 1503.0 529.5 1507.5 530.0 1507.0 534.5 1502.0 534.5 1501.0 535.5
 5ML_sorting_tube_rack 1314.0 598.5 1313.5 594.0 1309.5 588.0 1307.5 579.0 1307.5 573.0 1309.5 567.0 1309.5 563.0 1314.0 556.5 1316.0 557.5 1322.5 564.0 1325.5 571.0 1328.5 576.0 1327.5 579.0 1323.5 584.0 1320.0 589.5 1315.5 594.0 1314.0 598.5
 5ML_sorting_tube_rack 1344.0 564.5 1344.0 564.5
 5ML_sorting_tube_rack 1356.0 623.5 1350.0 621.5 1332.0 621.5 1331.0 622.5 1323.0 621.5 1320.5 620.0 1319.5 617.0 1319.5 606.0 1323.0 602.5 1331.0 602.5 1332.0 601.5 1347.0 601.5 1348.0 602.5 1358.0 602.5 1359.0 603.5 1364.0 603.5 1365.0 604.5 1370.0 604.5 1374.5 608.0 1374.5 610.0 1372.0 612.5 1364.0 616.5 1358.0 622.5 1356.0 623.5
 5ML_sorting_tube_rack 1291.0 628.5 1282.0 628.5 1276.5 624.0 1283.0 619.5 1302.0 619.5 1303.5 623.0 1301.0 625.5 1296.0 627.5 1291.0 628.5
 5ML_sorting_tube_rack 1839.5 919.0 1849.0 912.5 1852.0 911.5 1884.0 911.5 1885.0 910.5 1892.0 910.5 1893.0 909.5 1903.0 909.5 1904.0 908.5 1921.0 908.5 1922.0 907.5 1932.0 907.5 1933.0 906.5 1938.0 906.5 1939.0 905.5 1954.0 902.5 1959.0 902.5 1960.0 901.5 1968.0 901.5 1969.0 900.5 1976.0 900.5 1977.0 899.5 1982.0 899.5 1988.0 897.5 1995.0 897.5 1996.0 896.5 2001.0 896.5 2005.5 893.0 2005.5 888.0 2002.5 876.0 2001.5 875.0 1999.5 866.0 1997.5 861.0 1993.5 855.0 1991.5 850.0 1991.5 847.0 1989.5 843.0 1986.5 831.0 1983.5 826.0 1981.5 818.0 1977.5 811.0 1975.5 806.0 1973.5 797.0 1971.5 793.0 1971.5 790.0 1969.5 786.0 1965.5 781.0 1962.5 774.0 1960.5 771.0 1960.5 768.0 1958.5 764.0 1958.5 761.0 1956.5 756.0 1949.5 742.0 1949.5 740.0 1946.5 732.0 1944.5 718.0 1941.5 711.0 1935.5 705.0 1933.5 699.0 1931.5 696.0 1929.5 689.0 1925.0 685.5 1919.0 689.5 1913.0 690.5 1902.0 698.5 1897.0 703.5 1896.0 703.5 1891.0 708.5 1887.0 710.5 1880.5 717.0 1877.0 721.5 1869.0 724.5 1864.5 728.0 1863.5 731.0 1860.0 735.5 1857.0 737.5 1851.0 739.5 1842.0 748.5 1835.0 752.5 1823.0 764.5 1815.0 769.5 1801.0 783.5 1792.5 790.0 1790.5 794.0 1786.5 798.0 1783.5 803.0 1786.5 819.0 1791.5 828.0 1792.5 833.0 1795.5 838.0 1795.5 840.0 1798.5 846.0 1800.5 848.0 1802.5 853.0 1804.5 861.0 1807.5 865.0 1808.5 868.0 1812.5 873.0 1815.5 879.0 1815.5 881.0 1818.5 886.0 1819.5 891.0 1823.5 898.0 1832.5 907.0 1834.5 912.0 1839.5 919.0
 5ML_sorting_tube_rack 1745.5 926.0 1746.5 925.0 1746.5 911.0 1747.5 907.0 1751.5 901.0 1751.5 891.0 1749.5 886.0 1749.5 880.0 1745.5 871.0 1738.5 864.0 1735.5 858.0 1734.5 854.0 1734.5 849.0 1730.0 844.5 1726.0 847.5 1719.0 848.5 1713.5 858.0 1707.0 863.5 1705.5 867.0 1698.5 875.0 1697.5 879.0 1699.5 884.0 1700.5 891.0 1704.0 895.5 1707.0 894.5 1713.0 887.5 1715.0 886.5 1719.0 887.5 1721.5 890.0 1721.5 894.0 1712.5 900.0 1711.5 902.0 1711.5 907.0 1712.5 908.0 1714.5 917.0 1717.5 924.0 1719.0 925.5 1743.0 925.5 1745.5 926.0
 5ML_sorting_tube_rack 1515.5 1000.0 1521.0 999.5 1525.0 997.5 1532.5 991.0 1532.5 990.0 1538.0 984.5 1544.0 982.5 1548.5 978.0 1548.5 977.0 1555.0 970.5 1557.5 969.0 1557.5 965.0 1553.0 960.5 1549.0 958.5 1546.0 955.5 1541.0 953.5 1538.5 951.0 1537.5 943.0 1535.5 939.0 1540.0 935.5 1546.0 935.5 1547.0 934.5 1554.0 934.5 1555.0 933.5 1562.0 933.5 1563.0 932.5 1572.0 932.5 1573.0 933.5 1581.0 934.5 1584.0 936.5 1589.0 937.5 1600.0 937.5 1601.0 936.5 1613.0 934.5 1616.5 937.0 1619.5 944.0 1620.5 952.0 1623.5 962.0 1625.5 962.0 1629.5 956.0 1630.5 951.0 1630.5 946.0 1631.5 945.0 1632.5 938.0 1626.5 927.0 1626.5 924.0 1624.5 920.0 1618.5 914.0 1616.5 910.0 1613.0 907.5 1598.0 907.5 1594.0 908.5 1583.0 916.5 1562.0 916.5 1561.0 917.5 1554.0 917.5 1553.0 918.5 1537.0 918.5 1536.0 919.5 1530.0 919.5 1526.0 921.5 1515.0 921.5 1514.0 920.5 1501.0 920.5 1500.0 921.5 1494.0 921.5 1485.0 923.5 1479.5 929.0 1476.5 935.0 1476.5 938.0 1479.5 945.0 1482.5 950.0 1488.5 957.0 1489.5 960.0 1497.5 976.0 1497.5 978.0 1500.5 983.0 1500.5 985.0 1503.5 990.0 1505.5 997.0 1509.0 1000.5 1515.5 1000.0
 5ML_sorting_tube_rack 1750.5 935.0 1749.5 931.0 1747.5 931.0 1747.5 935.0 1750.5 935.0
 5ML_sorting_tube_rack 1354.5 1136.0 1358.0 1134.5 1361.5 1130.0 1366.0 1125.5 1375.0 1119.5 1383.0 1111.5 1391.0 1105.5 1398.0 1101.5 1403.0 1096.5 1404.0 1096.5 1409.0 1091.5 1415.0 1088.5 1426.0 1077.5 1434.0 1073.5 1441.0 1066.5 1445.0 1063.5 1451.0 1060.5 1465.5 1046.0 1466.5 1044.0 1466.5 1039.0 1464.5 1034.0 1463.5 1027.0 1460.5 1022.0 1457.5 1019.0 1448.5 1001.0 1446.5 998.0 1443.5 991.0 1438.5 984.0 1436.5 979.0 1432.5 972.0 1431.5 969.0 1426.5 963.0 1424.5 959.0 1421.5 956.0 1418.5 950.0 1415.5 939.0 1411.0 934.5 1404.0 932.5 1403.0 931.5 1398.0 931.5 1397.0 932.5 1387.0 932.5 1386.0 933.5 1380.0 933.5 1379.0 934.5 1373.0 934.5 1372.0 935.5 1356.0 935.5 1355.0 936.5 1348.0 936.5 1347.0 937.5 1340.0 937.5 1339.0 938.5 1328.0 938.5 1315.0 942.5 1300.0 942.5 1299.0 943.5 1294.0 943.5 1289.0 945.5 1284.0 946.5 1278.0 946.5 1277.0 947.5 1267.0 947.5 1266.0 948.5 1255.0 948.5 1254.0 949.5 1245.0 949.5 1244.0 950.5 1239.0 950.5 1235.0 951.5 1231.5 954.0 1232.5 957.0 1232.5 962.0 1233.5 967.0 1238.5 979.0 1241.0 980.5 1249.5 989.0 1254.5 998.0 1259.5 1004.0 1261.5 1009.0 1265.5 1023.0 1270.0 1027.5 1271.0 1027.5 1278.5 1035.0 1282.5 1045.0 1285.5 1048.0 1286.5 1051.0 1289.5 1054.0 1292.5 1059.0 1296.5 1070.0 1307.5 1081.0 1308.5 1085.0 1312.5 1093.0 1314.5 1095.0 1317.5 1102.0 1321.5 1107.0 1325.5 1116.0 1331.0 1120.5 1336.5 1126.0 1339.5 1133.0 1344.0 1136.5 1354.0 1136.5 1354.5 1136.0
 5ML_sorting_tube_rack 1611.5 1013.0 1612.5 1010.0 1610.0 1008.5 1607.5 1011.0 1610.0 1013.5 1611.5 1013.0
 5ML_sorting_tube_rack 1640.5 1049.0 1641.5 1042.0 1640.0 1038.5 1638.5 1040.0 1638.5 1045.0 1640.5 1049.0
 5ML_sorting_tube_rack 1640.5 1072.0 1644.5 1070.0 1643.5 1066.0 1640.0 1062.5 1638.5 1067.0 1635.5 1070.0 1640.5 1072.0
 tube_rack_storage_cabinet 0.0 366.5 6.0 366.5 8.0 365.5 13.0 360.5 23.0 356.5 32.0 355.5 33.0 354.5 39.0 354.5 40.0 353.5 56.0 350.5 60.0 347.5 62.0 347.5 71.0 344.5 74.0 342.5 88.0 338.5 95.0 334.5 102.0 332.5 106.0 330.5 109.0 330.5 121.0 325.5 129.0 324.5 140.0 320.5 143.0 318.5 156.0 314.5 163.0 313.5 167.0 311.5 181.0 308.5 190.0 303.5 193.0 300.5 203.0 296.5 207.0 296.5 213.0 294.5 219.0 294.5 225.0 292.5 229.0 292.5 234.0 290.5 237.0 290.5 241.0 288.5 244.0 288.5 248.0 286.5 253.0 285.5 257.0 283.5 265.0 282.5 266.0 281.5 271.0 281.5 280.0 278.5 283.0 276.5 295.0 272.5 302.0 268.5 308.0 267.5 313.0 265.5 317.0 265.5 327.0 262.5 332.0 259.5 337.0 257.5 354.0 252.5 355.0 251.5 360.0 251.5 361.0 250.5 366.0 250.5 367.0 249.5 373.0 248.5 382.0 243.5 386.0 242.5 392.0 239.5 395.0 239.5 403.0 236.5 407.0 236.5 413.0 234.5 418.0 234.5 424.0 232.5 436.0 230.5 440.0 228.5 443.0 228.5 447.0 226.5 454.0 225.5 458.0 223.5 461.0 223.5 465.0 221.5 474.0 219.5 481.0 216.5 489.0 214.5 492.0 212.5 498.0 211.5 502.0 209.5 514.0 207.5 515.0 206.5 528.0 204.5 541.0 199.5 548.0 198.5 555.0 195.5 571.0 192.5 577.0 190.5 591.0 187.5 596.0 185.5 608.0 179.5 610.0 179.5 617.0 176.5 621.0 175.5 626.0 175.5 627.0 174.5 632.0 174.5 642.0 172.5 648.0 170.5 652.0 170.5 661.0 167.5 668.0 166.5 672.0 164.5 680.0 162.5 697.0 162.5 706.0 159.5 709.0 159.5 713.0 157.5 716.0 154.5 720.0 152.5 728.0 150.5 731.0 148.5 737.0 147.5 738.0 146.5 745.0 145.5 751.0 143.5 754.0 141.5 766.0 138.5 770.0 136.5 773.0 136.5 777.0 134.5 786.0 132.5 790.0 132.5 795.0 130.5 805.0 128.5 810.0 126.5 815.0 123.5 817.0 123.5 822.0 120.5 828.0 118.5 835.0 117.5 840.0 115.5 845.0 114.5 850.0 114.5 851.0 113.5 856.0 113.5 857.0 112.5 863.0 112.5 864.0 111.5 874.0 111.5 879.0 110.5 881.0 108.5 890.0 104.5 895.0 103.5 901.0 103.5 902.0 102.5 907.0 102.5 917.0 99.5 924.0 96.5 927.0 96.5 931.0 94.5 936.0 93.5 952.0 88.5 963.0 84.5 972.0 82.5 973.0 81.5 991.0 77.5 992.0 76.5 1000.0 75.5 1007.0 72.5 1010.0 72.5 1015.0 70.5 1022.0 69.5 1028.0 67.5 1039.0 61.5 1048.0 59.5 1053.0 57.5 1063.0 55.5 1068.0 55.5 1069.0 54.5 1075.0 54.5 1076.0 53.5 1081.0 53.5 1082.0 52.5 1087.0 52.5 1088.0 51.5 1093.0 51.5 1098.0 50.5 1103.0 48.5 1107.0 48.5 1112.0 46.5 1116.0 46.5 1120.0 44.5 1134.0 40.5 1141.0 35.5 1146.0 33.5 1149.0 33.5 1153.0 31.5 1164.0 29.5 1165.0 28.5 1172.0 27.5 1176.0 25.5 1181.0 25.5 1182.0 24.5 1187.0 24.5 1191.0 23.5 1197.0 19.5 1203.0 17.5 1206.0 17.5 1216.0 13.5 1224.0 12.5 1225.0 11.5 1231.0 11.5 1232.0 10.5 1245.0 10.5 1246.0 9.5 1259.0 9.5 1260.0 8.5 1267.0 8.5 1268.0 7.5 1277.0 7.5 1278.0 6.5 1290.0 6.5 1291.0 7.5 1306.0 7.5 1307.0 6.5 1315.0 6.5 1316.0 7.5 1334.0 7.5 1335.0 6.5 1351.0 6.5 1352.0 7.5 1398.0 7.5 1399.0 6.5 1408.0 6.5 1409.0 7.5 1457.0 7.5 1458.0 6.5 1477.0 6.5 1478.0 7.5 1515.0 7.5 1516.0 6.5 1536.0 6.5 1537.0 7.5 1551.0 7.5 1555.0 8.5 1556.0 7.5 1585.0 7.5 1586.0 6.5 1594.0 6.5 1595.0 5.5 1603.0 6.5 1610.0 9.5 1617.0 9.5 1621.0 8.5 1624.0 6.5 1629.0 6.5 1635.0 9.5 1643.0 10.5 1644.0 9.5 1660.0 9.5 1661.0 8.5 1689.0 8.5 1690.0 7.5 1698.0 7.5 1699.0 6.5 1735.0 6.5 1736.0 5.5 1755.0 5.5 1755.5 0.0
 tube_rack_storage_cabinet 1767.5 0.0 1768.0 5.5 1836.0 5.5 1837.0 6.5 1844.0 6.5 1845.0 7.5 1850.0 7.5 1851.0 8.5 1861.0 8.5 1862.0 9.5 1867.0 9.5 1875.5 5.0 1875.5 0.0
 tube_rack_storage_cabinet 1892.5 0.0 1893.0 5.5 1916.0 5.5 1916.5 0.0
 tube_rack_storage_cabinet 1950.5 0.0 1951.0 5.5 1986.0 5.5 1986.5 0.0
 tube_rack_storage_cabinet 2022.5 0.0 2023.0 5.5 2033.0 5.5 2034.0 6.5 2043.0 8.5 2048.0 10.5 2054.0 10.5 2055.0 11.5 2061.0 11.5 2065.5 15.0 2067.5 18.0 2070.5 25.0 2070.5 29.0 2072.5 33.0 2074.5 44.0 2077.5 53.0 2079.5 56.0 2081.5 62.0 2083.5 71.0 2087.5 81.0 2089.5 94.0 2091.5 99.0 2094.5 103.0 2096.5 108.0 2098.5 116.0 2102.5 126.0 2103.5 130.0 2104.5 139.0 2106.5 144.0 2106.5 149.0 2107.5 150.0 2110.5 163.0 2112.5 166.0 2116.5 181.0 2118.5 185.0 2118.5 188.0 2120.5 192.0 2121.5 197.0 2123.5 200.0 2124.5 206.0 2125.5 207.0 2126.5 214.0 2129.5 221.0 2129.5 224.0 2131.5 228.0 2133.5 239.0 2137.5 251.0 2139.5 254.0 2142.5 264.0 2143.5 271.0 2145.5 276.0 2149.5 294.0 2151.5 297.0 2152.5 302.0 2154.5 307.0 2157.5 312.0 2160.5 322.0 2161.5 329.0 2164.5 337.0 2164.5 341.0 2166.5 347.0 2167.5 356.0 2169.5 361.0 2171.5 370.0 2173.5 376.0 2175.5 379.0 2176.5 387.0 2179.5 398.0 2184.5 410.0 2189.5 425.0 2189.5 428.0 2191.5 432.0 2191.5 435.0 2193.5 439.0 2193.5 442.0 2195.5 447.0 2197.5 456.0 2199.5 459.0 2199.5 462.0 2201.5 466.0 2201.5 469.0 2204.5 476.0 2207.5 486.0 2207.5 491.0 2208.5 496.0 2210.5 500.0 2211.5 505.0 2213.5 508.0 2214.5 513.0 2216.5 517.0 2220.5 530.0 2220.5 533.0 2222.5 538.0 2222.5 541.0 2224.5 545.0 2224.5 548.0 2226.5 553.0 2226.5 557.0 2228.5 564.0 2230.5 567.0 2231.5 572.0 2234.5 580.0 2234.5 584.0 2238.5 594.0 2240.5 596.0 2243.5 602.0 2247.5 612.0 2248.5 617.0 2251.5 625.0 2251.5 630.0 2255.5 643.0 2256.5 650.0 2258.5 656.0 2260.5 659.0 2261.5 664.0 2264.5 669.0 2268.5 680.0 2268.5 685.0 2269.5 686.0 2269.5 692.0 2270.5 693.0 2271.5 700.0 2273.5 703.0 2276.5 714.0 2280.5 721.0 2282.5 727.0 2283.5 734.0 2285.5 738.0 2285.5 741.0 2287.5 745.0 2290.5 755.0 2290.5 758.0 2292.5 764.0 2297.5 776.0 2297.5 778.0 2301.5 786.0 2304.5 798.0 2312.5 818.0 2315.5 832.0 2319.0 835.5 2349.0 835.5 2360.0 840.5 2365.5 845.0 2371.5 856.0 2371.5 858.0 2375.5 866.0 2379.5 871.0 2379.5 873.0 2382.5 879.0 2382.5 882.0 2384.5 886.0 2384.5 889.0 2386.5 894.0 2386.5 898.0 2389.5 907.0 2389.5 923.0 2384.5 932.0 2384.5 934.0 2380.5 941.0 2377.5 945.0 2369.5 958.0 2367.5 963.0 2361.5 972.0 2358.5 975.0 2357.5 978.0 2353.5 984.0 2345.5 992.0 2338.5 1005.0 2331.5 1014.0 2331.5 1015.0 2325.5 1021.0 2325.5 1022.0 2318.5 1029.0 2309.5 1046.0 2299.5 1056.0 2297.5 1061.0 2291.5 1069.0 2284.5 1076.0 2281.5 1081.0 2279.5 1086.0 2272.5 1099.0 2271.5 1102.0 2255.5 1118.0 2253.5 1121.0 2250.5 1128.0 2243.5 1140.0 2239.5 1146.0 2236.5 1149.0 2234.5 1153.0 2231.5 1156.0 2229.5 1160.0 2221.5 1169.0 2217.5 1175.0 2213.5 1183.0 2207.5 1192.0 2196.5 1203.0 2193.5 1207.0 2190.5 1214.0 2185.5 1220.0 2185.5 1221.0 2178.5 1229.0 2176.5 1235.0 2172.5 1242.0 2167.5 1247.0 2163.5 1252.0 2161.5 1256.0 2155.5 1263.0 2154.5 1266.0 2150.5 1272.0 2147.5 1280.0 2145.5 1283.0 2133.5 1295.0 2131.5 1300.0 2127.5 1305.0 2126.5 1308.0 2119.5 1317.0 2116.5 1322.0 2115.5 1326.0 2113.5 1328.0 2109.5 1335.0 2104.5 1341.0 2103.5 1344.0 2099.5 1349.0 2092.5 1356.0 2092.5 1357.0 2085.5 1366.0 2084.5 1369.0 2081.5 1373.0 2076.5 1378.0 2076.5 1379.0 2071.5 1385.0 2067.5 1394.0 2065.5 1397.0 2054.5 1408.0 2052.5 1411.0 2049.5 1418.0 2045.5 1423.0 2039.5 1436.0 2036.5 1440.0 2028.5 1448.0 2028.5 1449.0 2023.5 1457.0 2022.5 1460.0 2017.5 1465.0 2007.5 1479.0 2004.5 1485.0 2000.5 1489.0 1997.5 1495.0 1995.5 1497.0 1992.5 1504.0 1984.5 1516.0 1981.5 1523.0 1975.5 1530.0 1975.5 1531.0 1967.5 1539.0 1965.5 1543.0 1962.5 1546.0 1959.5 1551.0 1955.5 1555.0 1949.5 1566.0 1946.5 1573.0 1944.5 1576.0 1938.5 1582.0 1938.5 1583.0 1933.5 1588.0 1929.5 1593.0 1919.5 1609.0 1917.5 1614.0 1914.5 1618.0 1907.5 1625.0 1904.5 1631.0 1900.5 1636.0 1896.5 1643.0 1893.5 1646.0 1891.5 1650.0 1885.5 1657.0 1883.5 1661.0 1876.5 1670.0 1873.5 1677.0 1865.5 1685.0 1863.5 1690.0 1859.5 1697.0 1859.5 1699.0 1856.5 1704.0 1847.5 1713.0 1843.5 1721.0 1840.5 1725.0 1834.5 1731.0 1822.5 1752.0 1819.5 1755.0 1814.5 1764.0 1809.5 1769.0 1809.5 1770.0 1801.5 1780.0 1799.5 1785.0 1792.5 1796.0 1786.5 1802.0 1783.5 1806.0 1782.5 1809.0 1779.5 1812.0 1775.5 1818.0 1773.5 1824.0 1769.5 1830.0 1758.5 1843.0 1755.5 1850.0 1752.5 1855.0 1748.5 1860.0 1744.5 1867.0 1741.5 1871.0 1732.5 1886.0 1724.5 1894.0 1721.5 1900.0 1714.5 1907.0 1712.5 1910.0 1709.5 1917.0 1707.5 1919.0 1705.5 1924.0 1697.5 1935.0 1693.5 1943.0 1683.5 1953.0 1682.5 1956.0 1673.5 1970.0 1670.5 1973.0 1668.5 1977.0 1663.5 1982.0 1663.5 1983.0 1658.5 1988.0 1653.5 1996.0 1651.5 2004.0 1646.5 2010.0 1646.5 2011.0 1640.5 2017.0 1636.5 2022.0 1632.5 2029.0 1627.5 2034.0 1627.5 2035.0 1622.5 2040.0 1613.5 2058.0 1609.5 2064.0 1604.5 2069.0 1598.5 2079.0 1594.5 2083.0 1591.5 2088.0 1589.5 2094.0 1585.5 2100.0 1580.5 2105.0 1580.5 2106.0 1573.5 2113.0 1568.5 2121.0 1562.5 2128.0 1557.5 2137.0 1554.0 2140.5 1550.0 2142.5 1545.0 2142.5 1544.0 2143.5 1539.0 2143.5 1538.0 2144.5 1526.0 2144.5 1525.0 2145.5 1520.0 2145.5 1519.0 2144.5 1511.0 2144.5 1510.0 2143.5 1504.0 2143.5 1503.0 2144.5 1498.0 2144.5 1497.0 2145.5 1484.0 2145.5 1483.0 2144.5 1473.0 2144.5 1472.0 2145.5 1466.0 2145.5 1465.0 2146.5 1460.0 2146.5 1459.0 2145.5 1454.0 2145.5 1453.0 2144.5 1440.0 2144.5 1434.0 2146.5 1429.0 2146.5 1428.0 2145.5 1422.0 2145.5 1421.0 2144.5 1415.0 2144.5 1406.0 2147.5 1399.0 2147.5 1391.0 2144.5 1384.0 2144.5 1378.0 2146.5 1375.0 2148.5 1369.0 2148.5 1360.0 2143.5 1353.0 2141.5 1346.0 2140.5 1345.0 2139.5 1332.0 2139.5 1328.0 2140.5 1318.0 2146.5 1311.0 2147.5 1310.0 2148.5 1287.0 2148.5 1286.0 2149.5 1278.0 2149.5 1277.0 2148.5 1255.0 2148.5 1254.0 2149.5 1249.0 2148.5 1220.0 2148.5 1219.0 2147.5 1213.0 2147.5 1212.0 2146.5 1204.0 2146.5 1203.0 2147.5 1197.0 2147.5 1196.0 2148.5 868.0 2148.5 867.0 2149.5 855.0 2149.5 854.0 2148.5 746.0 2148.5 745.0 2149.5 739.0 2149.5 738.0 2148.5 685.0 2148.5 681.0 2149.5 680.0 2148.5 566.0 2148.5 565.0 2149.5 559.0 2149.5 558.0 2148.5 511.0 2148.5 510.0 2149.5 493.0 2149.5 492.0 2148.5 450.0 2148.5 449.0 2149.5 435.0 2149.5 434.0 2148.5 412.0 2148.5 411.0 2149.5 270.0 2149.5 269.0 2150.5 256.0 2150.5 255.0 2149.5 240.0 2149.5 239.0 2150.5 193.0 2150.5 192.0 2149.5 181.0 2149.5 180.0 2150.5 164.0 2150.5 158.0 2148.5 153.0 2148.5 146.0 2146.5 142.0 2143.5 132.0 2140.5 127.0 2139.5 124.0 2140.5 117.0 2144.5 114.0 2145.5 108.0 2145.5 107.0 2146.5 83.0 2146.5 82.0 2145.5 77.0 2145.5 76.0 2144.5 71.0 2144.5 69.0 2143.5 63.0 2146.5 57.0 2148.5 52.0 2148.5 51.0 2149.5 30.0 2149.5 29.0 2150.5 18.0 2150.5 17.0 2149.5 10.0 2149.5 9.0 2148.5 0.0 2148.5
 tube_rack_storage_cabinet 1815.5 1270.0 1816.0 1269.5 1827.0 1269.5 1832.0 1268.5 1839.0 1265.5 1843.0 1261.5 1846.0 1260.5 1856.0 1254.5 1857.5 1252.0 1871.5 1238.0 1874.5 1232.0 1884.5 1222.0 1887.5 1216.0 1894.0 1209.5 1898.5 1206.0 1900.5 1202.0 1907.0 1195.5 1910.0 1194.5 1913.5 1190.0 1918.5 1181.0 1928.5 1171.0 1928.5 1170.0 1941.5 1157.0 1944.5 1153.0 1946.5 1148.0 1949.5 1144.0 1958.0 1135.5 1959.0 1135.5 1964.5 1130.0 1964.5 1129.0 1971.5 1122.0 1974.5 1118.0 1977.5 1112.0 1989.5 1100.0 1991.5 1095.0 1998.0 1088.5 2002.5 1085.0 2006.5 1078.0 2018.5 1066.0 2018.5 1065.0 2032.5 1051.0 2035.5 1047.0 2039.5 1039.0 2047.0 1031.5 2050.5 1029.0 2053.5 1023.0 2065.5 1011.0 2068.5 1004.0 2070.5 1001.0 2079.5 992.0 2079.5 991.0 2085.0 985.5 2086.0 985.5 2091.5 980.0 2092.5 975.0 2094.5 971.0 2095.5 966.0 2095.5 945.0 2094.5 944.0 2094.5 938.0 2090.5 926.0 2086.5 919.0 2083.5 908.0 2081.5 903.0 2078.5 898.0 2077.5 893.0 2075.5 890.0 2073.5 882.0 2071.5 878.0 2069.5 869.0 2066.5 863.0 2066.5 856.0 2065.5 855.0 2065.5 847.0 2058.5 835.0 2055.5 827.0 2055.5 824.0 2051.5 816.0 2044.5 809.0 2042.5 806.0 2038.5 797.0 2034.5 781.0 2034.5 778.0 2032.5 775.0 2032.5 772.0 2029.5 765.0 2028.5 760.0 2026.5 755.0 2023.5 750.0 2021.5 745.0 2018.5 740.0 2017.5 735.0 2015.5 730.0 2010.5 720.0 2008.5 715.0 2004.5 699.0 2002.5 694.0 1999.5 689.0 1999.5 687.0 1992.5 674.0 1989.5 665.0 1988.5 660.0 1986.5 655.0 1983.5 651.0 1978.5 640.0 1974.5 626.0 1972.5 623.0 1971.5 618.0 1966.5 610.0 1961.0 604.5 1960.0 604.5 1954.5 599.0 1948.5 588.0 1948.5 586.0 1945.5 580.0 1944.5 574.0 1941.5 569.0 1941.5 567.0 1934.5 554.0 1933.5 549.0 1930.5 542.0 1929.5 537.0 1926.5 532.0 1926.5 530.0 1922.5 523.0 1921.5 518.0 1919.5 513.0 1916.5 508.0 1915.5 502.0 1914.5 501.0 1914.5 494.0 1913.5 493.0 1913.5 482.0 1912.5 481.0 1912.5 468.0 1911.5 467.0 1911.5 462.0 1910.5 458.0 1905.0 453.5 1896.0 448.5 1889.0 448.5 1888.0 447.5 1881.0 447.5 1876.0 449.5 1869.0 450.5 1865.0 452.5 1862.0 452.5 1857.0 454.5 1852.0 454.5 1844.0 457.5 1838.0 458.5 1830.0 462.5 1819.0 465.5 1816.0 467.5 1809.0 468.5 1795.0 473.5 1792.0 473.5 1789.0 475.5 1781.0 477.5 1768.0 482.5 1763.0 483.5 1756.0 483.5 1755.0 484.5 1747.0 484.5 1739.0 487.5 1736.0 487.5 1725.0 492.5 1718.0 494.5 1711.0 495.5 1704.0 498.5 1699.0 499.5 1693.0 499.5 1692.0 500.5 1685.0 500.5 1683.0 499.5 1678.5 495.0 1675.5 489.0 1674.5 484.0 1672.5 480.0 1670.5 470.0 1664.5 462.0 1660.5 454.0 1660.5 452.0 1653.5 440.0 1651.5 438.0 1649.5 433.0 1646.0 428.5 1641.0 426.5 1638.0 426.5 1634.0 424.5 1629.0 424.5 1628.0 423.5 1622.0 423.5 1621.0 424.5 1610.0 424.5 1604.0 426.5 1594.0 428.5 1590.0 428.5 1579.0 434.5 1574.0 435.5 1569.0 437.5 1561.0 445.5 1556.0 448.5 1554.0 448.5 1549.0 451.5 1547.0 451.5 1542.0 454.5 1538.0 455.5 1535.0 457.5 1526.0 466.5 1522.0 468.5 1516.5 474.0 1515.5 479.0 1511.5 486.0 1510.5 489.0 1510.5 495.0 1509.5 500.0 1507.5 504.0 1504.0 507.5 1495.0 512.5 1492.0 512.5 1488.0 514.5 1485.0 514.5 1475.0 518.5 1470.0 518.5 1469.0 519.5 1462.0 520.5 1452.0 525.5 1449.0 527.5 1445.0 528.5 1439.0 525.5 1434.0 524.5 1431.0 522.5 1423.0 514.5 1418.0 510.5 1409.0 505.5 1405.0 504.5 1395.0 504.5 1394.0 505.5 1388.0 505.5 1382.0 508.5 1377.0 509.5 1373.0 511.5 1370.0 511.5 1363.0 514.5 1360.0 514.5 1356.0 516.5 1352.0 516.5 1344.0 518.5 1337.0 523.5 1329.0 527.5 1320.0 536.5 1316.0 539.5 1309.0 543.5 1307.0 543.5 1298.5 549.0 1298.5 563.0 1294.5 576.0 1294.5 588.0 1293.5 593.0 1288.0 599.5 1283.0 602.5 1278.0 603.5 1271.0 603.5 1264.0 606.5 1255.0 613.5 1246.0 617.5 1241.0 620.5 1223.5 638.0 1221.5 643.0 1220.5 650.0 1219.5 651.0 1219.5 662.0 1218.5 666.0 1221.5 672.0 1226.5 680.0 1225.5 684.0 1223.0 685.5 1212.0 689.5 1208.5 692.0 1207.5 697.0 1204.5 703.0 1199.0 708.5 1192.0 711.5 1186.0 717.5 1175.0 723.5 1169.0 724.5 1159.0 728.5 1157.0 728.5 1150.0 734.5 1149.0 734.5 1141.0 742.5 1140.0 742.5 1128.0 748.5 1126.0 750.5 1116.0 754.5 1111.0 757.5 1107.0 758.5 1098.0 765.5 1093.0 768.5 1089.0 769.5 1086.0 771.5 1078.0 779.5 1070.0 784.5 1068.0 784.5 1060.0 788.5 1057.5 794.0 1056.5 798.0 1056.5 809.0 1057.5 810.0 1057.5 815.0 1059.5 819.0 1064.5 824.0 1069.5 835.0 1072.5 838.0 1074.5 842.0 1081.5 850.0 1084.5 855.0 1084.5 857.0 1088.5 865.0 1091.5 868.0 1094.5 873.0 1098.5 878.0 1099.5 881.0 1104.5 887.0 1105.5 890.0 1108.5 893.0 1113.5 900.0 1116.5 907.0 1121.5 913.0 1125.5 919.0 1127.5 924.0 1130.5 929.0 1136.5 936.0 1140.5 942.0 1143.5 948.0 1143.5 950.0 1146.5 955.0 1155.5 964.0 1159.5 970.0 1160.5 973.0 1164.5 978.0 1170.5 988.0 1172.5 993.0 1178.5 1002.0 1182.5 1006.0 1189.5 1017.0 1193.5 1025.0 1201.5 1033.0 1205.5 1042.0 1207.5 1045.0 1208.5 1049.0 1211.5 1052.0 1215.5 1059.0 1216.5 1062.0 1220.5 1068.0 1230.5 1078.0 1230.5 1079.0 1237.5 1091.0 1243.5 1099.0 1245.5 1104.0 1253.5 1116.0 1257.5 1120.0 1261.5 1126.0 1264.5 1134.0 1268.5 1140.0 1274.5 1146.0 1276.5 1151.0 1277.5 1157.0 1281.5 1165.0 1281.5 1169.0 1285.5 1180.0 1289.0 1183.5 1297.0 1186.5 1303.5 1193.0 1307.5 1198.0 1311.5 1206.0 1320.5 1215.0 1326.5 1228.0 1338.0 1239.5 1342.0 1242.5 1345.0 1243.5 1359.0 1250.5 1366.0 1250.5 1367.0 1251.5 1379.0 1251.5 1380.0 1252.5 1406.0 1252.5 1407.0 1253.5 1428.0 1253.5 1429.0 1254.5 1473.0 1254.5 1474.0 1255.5 1503.0 1255.5 1504.0 1256.5 1528.0 1256.5 1529.0 1257.5 1548.0 1257.5 1549.0 1258.5 1574.0 1258.5 1575.0 1259.5 1594.0 1259.5 1595.0 1260.5 1611.0 1260.5 1612.0 1261.5 1628.0 1261.5 1629.0 1262.5 1642.0 1262.5 1643.0 1263.5 1659.0 1263.5 1660.0 1264.5 1680.0 1264.5 1681.0 1265.5 1697.0 1265.5 1698.0 1266.5 1713.0 1266.5 1714.0 1267.5 1735.0 1267.5 1736.0 1268.5 1758.0 1268.5 1759.0 1269.5 1792.0 1269.5 1793.0 1270.5 1815.0 1270.5 1815.5 1270.0
 tube_rack_storage_cabinet 1850.0 901.5 1849.0 900.5 1838.0 900.5 1832.5 896.0 1829.5 890.0 1828.5 881.0 1826.5 876.0 1823.5 873.0 1822.5 870.0 1819.5 867.0 1816.5 860.0 1815.5 851.0 1812.5 845.0 1808.5 841.0 1805.5 834.0 1799.5 823.0 1798.5 817.0 1797.5 816.0 1797.5 804.0 1798.5 800.0 1801.5 795.0 1806.0 791.5 1817.0 780.5 1828.0 774.5 1836.0 766.5 1840.0 764.5 1848.0 754.5 1851.0 753.5 1859.5 745.0 1861.5 741.0 1868.0 735.5 1873.0 733.5 1882.0 726.5 1889.0 722.5 1898.0 715.5 1903.0 714.5 1909.0 714.5 1914.0 713.5 1918.0 715.5 1924.0 716.5 1930.5 723.0 1932.5 727.0 1933.5 732.0 1936.5 738.0 1940.5 742.0 1942.5 747.0 1944.5 749.0 1950.5 763.0 1957.5 776.0 1959.5 778.0 1965.5 791.0 1966.5 796.0 1968.5 799.0 1968.5 802.0 1970.5 808.0 1972.5 811.0 1974.5 817.0 1974.5 839.0 1971.5 845.0 1971.5 849.0 1974.5 856.0 1976.5 859.0 1976.5 867.0 1974.5 873.0 1971.0 875.5 1965.0 875.5 1964.0 874.5 1955.0 874.5 1951.5 879.0 1955.5 886.0 1955.0 890.5 1946.0 891.5 1945.0 892.5 1931.0 892.5 1930.0 893.5 1921.0 894.5 1916.0 896.5 1911.0 897.5 1890.0 897.5 1889.0 898.5 1861.0 898.5 1860.0 899.5 1851.0 900.5 1850.0 901.5
 tube_rack_storage_cabinet 1370.0 1096.5 1365.0 1091.5 1358.0 1088.5 1353.0 1088.5 1347.0 1086.5 1336.0 1086.5 1335.0 1087.5 1329.0 1087.5 1325.5 1084.0 1323.5 1078.0 1320.5 1073.0 1319.5 1067.0 1317.5 1061.0 1314.5 1055.0 1314.5 1048.0 1313.5 1043.0 1310.0 1037.5 1305.0 1037.5 1300.0 1038.5 1298.5 1037.0 1294.5 1030.0 1293.5 1024.0 1290.5 1018.0 1286.5 1014.0 1285.5 1009.0 1290.5 1000.0 1292.5 992.0 1292.5 989.0 1295.5 984.0 1295.5 980.0 1292.5 973.0 1292.5 969.0 1295.0 966.5 1299.0 964.5 1305.0 964.5 1306.0 963.5 1313.0 963.5 1314.0 962.5 1326.0 962.5 1327.0 961.5 1335.0 961.5 1336.0 960.5 1343.0 960.5 1349.0 958.5 1354.0 958.5 1355.0 957.5 1360.0 957.5 1361.0 958.5 1367.0 958.5 1368.0 959.5 1382.0 959.5 1383.0 960.5 1390.0 960.5 1391.0 959.5 1402.0 959.5 1410.0 967.5 1413.0 969.5 1417.0 970.5 1426.5 980.0 1428.5 984.0 1428.5 987.0 1431.5 993.0 1433.5 995.0 1436.5 1002.0 1437.5 1007.0 1440.5 1013.0 1440.5 1017.0 1444.5 1029.0 1444.5 1040.0 1440.0 1044.5 1439.0 1044.5 1431.0 1050.5 1422.0 1053.5 1414.5 1061.0 1409.0 1070.5 1405.0 1074.5 1399.0 1077.5 1394.0 1078.5 1386.0 1083.5 1377.0 1087.5 1374.5 1090.0 1372.5 1094.0 1370.0 1096.5
 tube_rack_storage_cabinet 0.0 362.5 7.0 362.5 19.0 356.5 24.0 355.5 29.0 355.5 30.0 354.5 35.0 354.5 40.0 353.5 44.0 351.5 51.0 350.5 55.0 347.5 61.0 345.5 67.0 342.5 70.0 342.5 74.0 340.5 80.0 339.5 87.0 335.5 91.0 332.5 96.0 330.5 99.0 330.5 104.0 328.5 111.0 327.5 115.0 325.5 122.0 324.5 128.0 322.5 141.0 316.5 143.0 316.5 150.0 313.5 162.0 311.5 170.0 309.5 176.0 306.5 178.0 306.5 184.0 303.5 186.0 301.5 195.0 297.5 198.0 297.5 203.0 295.5 208.0 295.5 209.0 294.5 215.0 294.5 231.0 290.5 239.0 286.5 250.0 284.5 255.0 282.5 263.0 281.5 270.0 278.5 275.0 274.5 289.0 271.5 293.0 269.5 298.0 268.5 302.0 266.5 310.0 265.5 311.0 264.5 317.0 264.5 318.0 263.5 324.0 262.5 330.0 257.5 344.0 252.5 349.0 251.5 354.0 251.5 355.0 250.5 369.0 247.5 376.0 243.5 388.0 240.5 393.0 238.5 407.0 236.5 417.0 234.5 422.0 232.5 429.0 231.5 436.0 228.5 439.0 228.5 447.0 226.5 464.0 221.5 471.0 220.5 482.0 214.5 484.0 214.5 491.0 211.5 495.0 211.5 500.0 209.5 504.0 209.5 522.0 205.5 526.0 203.5 533.0 201.5 538.0 198.5 545.0 196.5 548.0 196.5 557.0 193.5 561.0 193.5 567.0 191.5 576.0 190.5 585.0 187.5 592.0 183.5 603.0 181.5 604.0 180.5 620.0 177.5 621.0 176.5 633.0 174.5 637.0 172.5 640.0 172.5 646.0 169.5 652.0 167.5 659.0 166.5 663.0 164.5 666.0 164.5 670.0 162.5 675.0 161.5 680.0 161.5 681.0 160.5 687.0 160.5 692.0 159.5 701.0 156.5 704.0 156.5 711.0 154.5 716.0 151.5 722.0 149.5 729.0 148.5 730.0 147.5 739.0 146.5 743.0 145.5 750.0 142.5 752.0 140.5 761.0 136.5 770.0 135.5 779.0 132.5 783.0 132.5 789.0 130.5 796.0 129.5 800.0 127.5 805.0 126.5 810.0 123.5 815.0 122.5 819.0 120.5 822.0 120.5 830.0 117.5 835.0 116.5 841.0 116.5 842.0 115.5 847.0 115.5 863.0 111.5 867.0 111.5 874.0 109.5 879.0 106.5 891.0 102.5 896.0 102.5 897.0 101.5 909.0 99.5 913.0 97.5 916.0 97.5 922.0 94.5 925.0 94.5 929.0 92.5 938.0 91.5 947.0 89.5 951.0 87.5 956.0 86.5 959.0 84.5 966.0 81.5 974.0 79.5 978.0 77.5 989.0 75.5 994.0 73.5 998.0 73.5 1006.0 71.5 1011.0 69.5 1015.0 69.5 1021.0 66.5 1026.0 65.5 1034.0 61.5 1040.0 59.5 1049.0 58.5 1050.0 57.5 1055.0 57.5 1061.0 55.5 1070.0 54.5 1075.0 52.5 1084.0 51.5 1089.0 49.5 1104.0 46.5 1117.0 41.5 1126.0 39.5 1134.0 36.5 1141.0 32.5 1147.0 30.5 1155.0 29.5 1161.0 27.5 1165.0 27.5 1174.0 24.5 1179.0 23.5 1185.0 23.5 1190.0 22.5 1197.0 17.5 1212.0 13.5 1218.0 11.5 1224.0 11.5 1225.0 10.5 1230.0 10.5 1231.0 9.5 1239.0 9.5 1240.0 8.5 1254.0 8.5 1259.0 6.5 1264.0 5.5 1270.0 5.5 1270.5 0.0
 tube_rack_storage_cabinet 1367.5 0.0 1368.0 5.5 1388.0 5.5 1388.5 0.0
 tube_rack_storage_cabinet 1424.5 0.0 1425.0 5.5 1442.0 5.5 1442.5 0.0
 tube_rack_storage_cabinet 1487.5 0.0 1488.0 5.5 1500.0 5.5 1500.5 0.0
 tube_rack_storage_cabinet 1545.5 0.0 1545.5 5.0 1551.0 6.5 1564.0 6.5 1565.0 5.5 1573.0 5.5 1573.5 0.0
 tube_rack_storage_cabinet 1644.5 0.0 1644.5 5.0 1647.0 7.5 1655.0 9.5 1687.0 9.5 1688.0 8.5 1721.0 8.5 1722.0 7.5 1753.0 7.5 1754.0 6.5 1771.0 6.5 1772.0 7.5 1797.0 7.5 1798.0 8.5 1816.0 8.5 1817.0 7.5 1829.0 7.5 1830.0 6.5 1838.0 6.5 1845.0 9.5 1850.0 9.5 1851.0 10.5 1857.0 10.5 1865.0 13.5 1869.0 13.5 1875.0 9.5 1880.0 7.5 1886.0 7.5 1889.0 9.5 1894.0 10.5 1906.0 10.5 1907.0 9.5 1918.0 9.5 1924.0 7.5 1930.0 7.5 1935.0 9.5 1941.0 9.5 1942.0 10.5 1948.0 10.5 1949.0 9.5 1968.0 9.5 1969.0 8.5 1974.0 8.5 1975.0 9.5 1994.0 9.5 1995.0 8.5 2004.0 8.5 2005.0 7.5 2019.0 7.5 2025.0 9.5 2029.0 9.5 2034.0 11.5 2038.0 11.5 2045.0 14.5 2050.0 14.5 2051.0 13.5 2057.0 13.5 2058.0 12.5 2062.0 13.5 2065.5 17.0 2067.5 21.0 2067.5 27.0 2068.5 28.0 2068.5 39.0 2069.5 44.0 2072.5 51.0 2076.5 65.0 2081.5 74.0 2084.5 83.0 2084.5 90.0 2083.5 91.0 2083.5 100.0 2085.5 106.0 2091.5 112.0 2094.5 118.0 2098.5 131.0 2098.5 135.0 2100.5 140.0 2102.5 150.0 2111.5 168.0 2112.5 171.0 2112.5 176.0 2113.5 177.0 2113.5 182.0 2114.5 187.0 2116.5 192.0 2116.5 195.0 2120.5 201.0 2122.5 213.0 2124.5 217.0 2124.5 220.0 2126.5 223.0 2126.5 226.0 2129.5 234.0 2129.5 239.0 2130.5 244.0 2132.5 249.0 2133.5 255.0 2137.5 263.0 2137.5 266.0 2139.5 271.0 2140.5 276.0 2140.5 281.0 2141.5 286.0 2143.5 291.0 2143.5 295.0 2146.5 303.0 2150.5 307.0 2150.5 309.0 2153.5 314.0 2155.5 325.0 2156.5 326.0 2160.5 342.0 2162.5 347.0 2164.5 349.0 2166.5 354.0 2166.5 367.0 2172.5 380.0 2172.5 386.0 2173.5 387.0 2173.5 397.0 2175.5 401.0 2180.5 406.0 2184.5 414.0 2185.5 423.0 2187.5 428.0 2187.5 432.0 2190.5 441.0 2190.5 453.0 2189.5 454.0 2191.5 462.0 2195.5 466.0 2196.5 469.0 2199.5 473.0 2199.5 476.0 2201.5 480.0 2202.5 487.0 2203.5 488.0 2203.5 503.0 2206.5 512.0 2210.5 516.0 2214.5 526.0 2215.5 531.0 2215.5 536.0 2216.5 537.0 2216.5 543.0 2217.5 544.0 2217.5 555.0 2218.5 556.0 2218.5 570.0 2219.5 571.0 2219.5 584.0 2218.5 585.0 2218.5 593.0 2219.5 595.0 2226.0 600.5 2235.0 604.5 2240.5 609.0 2241.5 612.0 2244.5 616.0 2245.5 619.0 2245.5 624.0 2246.5 625.0 2246.5 636.0 2247.5 637.0 2249.5 649.0 2251.5 653.0 2251.5 656.0 2255.5 665.0 2257.5 667.0 2261.5 674.0 2263.5 679.0 2263.5 703.0 2265.5 711.0 2274.5 720.0 2277.5 729.0 2277.5 735.0 2278.5 736.0 2278.5 741.0 2279.5 742.0 2279.5 748.0 2280.5 749.0 2280.5 754.0 2281.5 758.0 2283.5 761.0 2286.5 768.0 2289.5 773.0 2289.5 790.0 2287.5 795.0 2282.5 801.0 2285.0 805.5 2295.0 809.5 2299.0 809.5 2304.5 815.0 2305.5 818.0 2305.5 828.0 2306.5 829.0 2306.5 839.0 2309.5 847.0 2309.5 859.0 2308.5 862.0 2304.0 866.5 2303.0 866.5 2297.5 872.0 2294.5 880.0 2290.5 887.0 2285.5 892.0 2283.5 896.0 2279.5 901.0 2264.5 916.0 2261.5 921.0 2255.0 926.5 2248.0 929.5 2237.5 938.0 2233.5 946.0 2232.5 954.0 2228.0 960.5 2224.5 963.0 2218.5 974.0 2215.0 976.5 2201.0 990.5 2197.0 992.5 2192.0 993.5 2188.5 996.0 2187.5 999.0 2178.5 1008.0 2176.5 1016.0 2174.5 1021.0 2174.5 1025.0 2172.5 1029.0 2166.0 1035.5 2163.0 1036.5 2156.5 1043.0 2152.0 1046.5 2149.0 1047.5 2144.5 1052.0 2140.5 1061.0 2135.0 1065.5 2132.0 1064.5 2129.5 1062.0 2128.5 1055.0 2131.5 1044.0 2131.5 1035.0 2132.5 1034.0 2132.5 1026.0 2133.5 1025.0 2133.5 1018.0 2134.5 1017.0 2134.5 1007.0 2137.5 1000.0 2137.5 996.0 2124.0 982.5 2121.0 982.5 2117.0 985.5 2108.5 994.0 2105.5 1008.0 2102.5 1014.0 2102.5 1022.0 2101.5 1023.0 2101.5 1030.0 2098.5 1037.0 2091.5 1044.0 2091.5 1054.0 2090.5 1055.0 2097.5 1064.0 2098.5 1067.0 2102.5 1074.0 2105.0 1076.5 2112.0 1076.5 2115.0 1074.5 2120.0 1069.5 2124.5 1070.0 2124.5 1075.0 2121.5 1081.0 2120.5 1087.0 2114.5 1093.0 2112.5 1099.0 2109.5 1104.0 2107.0 1105.5 2099.0 1105.5 2096.0 1106.5 2094.5 1109.0 2094.5 1117.0 2093.5 1119.0 2087.0 1122.5 2084.5 1126.0 2083.5 1133.0 2080.5 1138.0 2077.0 1140.5 2071.0 1140.5 2069.5 1138.0 2069.5 1132.0 2070.5 1131.0 2073.5 1122.0 2078.5 1116.0 2079.5 1112.0 2084.0 1107.5 2091.0 1105.5 2093.5 1104.0 2093.5 1101.0 2090.0 1095.5 2083.0 1093.5 2078.5 1090.0 2077.5 1083.0 2075.5 1078.0 2075.5 1067.0 2078.5 1058.0 2076.0 1054.5 2068.0 1049.5 2062.0 1047.5 2055.0 1047.5 2052.0 1046.5 2049.5 1044.0 2051.0 1043.5 2059.5 1036.0 2061.5 1033.0 2062.5 1029.0 2064.0 1028.5 2071.5 1021.0 2073.5 1015.0 2074.5 1009.0 2079.0 1005.5 2083.5 1001.0 2084.5 998.0 2090.0 992.5 2094.0 991.5 2100.0 991.5 2102.0 990.5 2104.5 987.0 2104.5 981.0 2105.5 977.0 2107.5 974.0 2109.0 968.5 2114.0 967.5 2119.0 967.5 2122.0 964.5 2125.0 963.5 2128.0 960.5 2135.0 956.5 2141.0 955.5 2146.0 953.5 2150.0 949.5 2153.0 949.5 2164.0 960.5 2172.0 963.5 2177.0 963.5 2181.0 964.5 2184.0 963.5 2189.5 958.0 2192.5 953.0 2192.5 936.0 2189.5 930.0 2184.0 925.5 2179.0 925.5 2175.0 928.5 2172.0 929.5 2169.0 932.5 2164.0 933.5 2157.0 929.5 2154.0 926.5 2150.0 925.5 2139.0 930.5 2137.0 929.5 2131.5 921.0 2129.5 912.0 2127.5 909.0 2128.5 906.0 2133.5 897.0 2133.5 886.0 2132.5 885.0 2132.5 878.0 2131.5 877.0 2131.5 866.0 2130.5 864.0 2134.0 859.5 2139.0 858.5 2144.0 856.5 2151.0 852.5 2154.0 852.5 2165.0 858.5 2177.0 858.5 2182.0 857.5 2187.0 855.5 2194.0 854.5 2201.0 851.5 2203.5 849.0 2201.0 844.5 2197.0 843.5 2189.0 843.5 2188.0 844.5 2174.0 844.5 2173.0 843.5 2167.0 843.5 2166.0 844.5 2158.0 844.5 2157.0 845.5 2150.0 845.5 2144.0 841.5 2135.0 833.5 2130.0 837.5 2121.0 840.5 2111.0 840.5 2107.0 842.5 2101.5 849.0 2102.5 852.0 2102.5 864.0 2099.5 873.0 2099.5 878.0 2102.5 883.0 2104.5 894.0 2106.5 898.0 2112.0 903.5 2116.5 907.0 2116.5 918.0 2115.5 922.0 2112.5 928.0 2109.0 933.5 2104.5 928.0 2103.5 923.0 2100.0 918.5 2094.0 916.5 2089.5 912.0 2087.5 908.0 2086.5 903.0 2086.5 895.0 2085.5 894.0 2085.5 883.0 2084.5 879.0 2082.0 876.5 2080.0 876.5 2077.5 874.0 2074.5 869.0 2072.5 864.0 2072.5 855.0 2074.5 849.0 2073.5 845.0 2071.5 842.0 2063.5 834.0 2060.5 829.0 2059.5 825.0 2055.5 818.0 2044.5 807.0 2041.5 802.0 2040.5 797.0 2038.5 792.0 2038.5 788.0 2036.5 781.0 2029.5 768.0 2026.5 758.0 2024.5 753.0 2018.5 742.0 2017.5 736.0 2016.5 735.0 2013.5 725.0 2010.5 718.0 2007.5 703.0 2005.5 698.0 2004.5 693.0 1995.5 675.0 1993.5 672.0 1992.5 667.0 1987.5 656.0 1985.5 654.0 1982.5 648.0 1979.5 637.0 1969.5 614.0 1966.5 610.0 1956.5 600.0 1951.5 591.0 1944.5 570.0 1944.5 568.0 1935.5 552.0 1933.5 547.0 1932.5 542.0 1929.5 537.0 1929.5 535.0 1926.5 530.0 1924.5 525.0 1923.5 520.0 1921.5 515.0 1915.5 505.0 1914.5 501.0 1914.5 495.0 1913.5 494.0 1913.5 475.0 1914.5 470.0 1913.5 469.0 1913.5 462.0 1911.5 457.0 1907.0 453.5 1902.0 451.5 1900.0 449.5 1895.0 447.5 1879.0 447.5 1870.0 450.5 1867.0 450.5 1859.0 453.5 1855.0 453.5 1845.0 455.5 1836.0 458.5 1830.0 459.5 1827.0 461.5 1822.0 462.5 1814.0 466.5 1803.0 469.5 1799.0 471.5 1794.0 472.5 1786.0 476.5 1780.0 478.5 1777.0 478.5 1773.0 480.5 1766.0 481.5 1760.0 483.5 1755.0 483.5 1754.0 484.5 1741.0 487.5 1736.0 490.5 1731.0 492.5 1726.0 493.5 1721.0 495.5 1716.0 496.5 1711.0 496.5 1706.0 497.5 1697.0 500.5 1693.0 500.5 1689.0 502.5 1685.0 502.5 1681.0 500.5 1676.5 494.0 1675.5 489.0 1671.5 481.0 1670.5 475.0 1668.5 470.0 1665.5 465.0 1663.5 458.0 1659.5 450.0 1653.5 443.0 1647.5 432.0 1646.5 429.0 1640.0 425.5 1636.0 424.5 1631.0 424.5 1630.0 423.5 1620.0 423.5 1619.0 424.5 1610.0 424.5 1606.0 426.5 1603.0 426.5 1599.0 428.5 1596.0 428.5 1583.0 435.5 1567.0 441.5 1564.0 444.5 1559.0 447.5 1554.0 449.5 1549.0 450.5 1546.0 452.5 1541.0 453.5 1534.0 457.5 1532.5 460.0 1526.0 466.5 1525.0 466.5 1517.5 474.0 1517.5 477.0 1514.5 487.0 1513.5 488.0 1513.5 497.0 1512.5 501.0 1508.0 505.5 1499.0 510.5 1494.0 512.5 1481.0 515.5 1478.0 517.5 1471.0 518.5 1470.0 519.5 1462.0 521.5 1453.0 527.5 1448.0 532.5 1445.0 532.5 1440.0 529.5 1434.5 524.0 1431.5 519.0 1425.0 512.5 1422.0 511.5 1408.0 504.5 1404.0 503.5 1399.0 503.5 1398.0 504.5 1392.0 504.5 1391.0 505.5 1386.0 505.5 1382.0 507.5 1369.0 510.5 1368.0 511.5 1361.0 512.5 1356.0 514.5 1351.0 514.5 1347.0 515.5 1340.0 518.5 1337.0 521.5 1332.0 524.5 1327.0 528.5 1320.0 535.5 1312.0 539.5 1310.0 541.5 1302.0 544.5 1297.5 549.0 1296.5 553.0 1296.5 561.0 1295.5 566.0 1293.5 570.0 1291.5 581.0 1292.5 582.0 1292.5 592.0 1291.5 594.0 1286.0 599.5 1281.0 601.5 1272.0 601.5 1264.0 604.5 1259.0 608.5 1252.0 615.5 1239.0 621.5 1234.0 625.5 1226.0 633.5 1225.0 633.5 1220.5 639.0 1220.5 654.0 1215.0 660.5 1209.0 663.5 1207.5 666.0 1207.5 672.0 1209.0 675.5 1220.0 675.5 1224.5 680.0 1223.5 683.0 1220.0 685.5 1211.0 685.5 1209.0 686.5 1206.5 691.0 1203.5 701.0 1195.0 709.5 1194.0 709.5 1187.0 716.5 1183.0 719.5 1173.0 723.5 1169.0 723.5 1164.0 725.5 1161.0 725.5 1158.0 727.5 1154.0 728.5 1150.0 731.5 1142.0 739.5 1138.0 742.5 1120.0 751.5 1112.0 753.5 1107.0 756.5 1100.0 759.5 1089.0 768.5 1088.0 768.5 1082.0 774.5 1077.0 778.5 1066.0 784.5 1064.0 784.5 1058.5 789.0 1054.5 799.0 1054.5 808.0 1055.5 812.0 1058.5 819.0 1063.5 824.0 1065.5 830.0 1070.5 839.0 1073.5 842.0 1077.5 850.0 1079.5 852.0 1081.5 858.0 1085.5 866.0 1094.5 875.0 1096.5 878.0 1098.5 884.0 1105.5 894.0 1110.5 900.0 1116.5 913.0 1121.5 919.0 1122.5 922.0 1126.5 928.0 1133.5 935.0 1135.5 938.0 1136.5 942.0 1138.5 945.0 1141.5 955.0 1147.0 960.5 1153.0 963.5 1157.5 969.0 1158.5 973.0 1164.5 983.0 1165.5 986.0 1171.5 994.0 1175.5 1003.0 1178.5 1006.0 1180.5 1010.0 1188.5 1020.0 1189.5 1023.0 1198.5 1035.0 1203.5 1047.0 1213.5 1057.0 1215.5 1064.0 1217.5 1068.0 1224.0 1074.5 1230.5 1085.0 1232.5 1091.0 1232.5 1094.0 1235.5 1101.0 1237.5 1104.0 1242.0 1107.5 1253.5 1119.0 1256.5 1125.0 1256.5 1127.0 1259.5 1134.0 1266.0 1140.5 1272.0 1143.5 1275.5 1149.0 1274.5 1153.0 1274.5 1158.0 1272.5 1163.0 1272.5 1169.0 1271.5 1170.0 1271.5 1175.0 1269.5 1180.0 1268.5 1187.0 1267.5 1188.0 1267.5 1196.0 1266.5 1197.0 1266.5 1203.0 1265.5 1206.0 1268.0 1207.5 1272.0 1204.5 1277.0 1203.5 1295.0 1203.5 1298.0 1204.5 1302.5 1209.0 1302.5 1210.0 1307.0 1214.5 1309.0 1214.5 1314.5 1221.0 1314.5 1225.0 1316.5 1233.0 1319.5 1238.0 1319.5 1246.0 1318.5 1247.0 1318.5 1253.0 1320.5 1259.0 1326.0 1263.5 1334.0 1263.5 1335.0 1262.5 1344.0 1262.5 1349.0 1264.5 1368.0 1264.5 1372.0 1263.5 1373.0 1264.5 1379.0 1264.5 1385.0 1267.5 1390.0 1267.5 1391.0 1266.5 1396.0 1266.5 1397.0 1265.5 1408.0 1265.5 1409.0 1266.5 1421.0 1266.5 1426.0 1264.5 1436.0 1264.5 1444.5 1269.0 1443.5 1271.0 1437.0 1277.5 1431.0 1280.5 1425.0 1281.5 1421.5 1284.0 1430.0 1288.5 1440.5 1299.0 1440.5 1301.0 1443.5 1307.0 1453.0 1316.5 1458.0 1318.5 1462.0 1318.5 1467.5 1314.0 1468.5 1312.0 1468.5 1301.0 1467.5 1299.0 1469.5 1295.0 1474.0 1291.5 1480.0 1289.5 1481.0 1290.5 1488.0 1290.5 1492.0 1291.5 1505.0 1298.5 1510.0 1303.5 1517.0 1307.5 1520.0 1310.5 1524.5 1306.0 1526.5 1297.0 1530.0 1293.5 1537.0 1289.5 1545.0 1288.5 1546.0 1287.5 1554.0 1287.5 1558.0 1290.5 1562.5 1295.0 1562.5 1296.0 1567.0 1300.5 1579.0 1306.5 1581.0 1306.5 1584.5 1303.0 1587.5 1295.0 1588.5 1289.0 1593.0 1284.5 1600.0 1282.5 1605.0 1279.5 1609.0 1278.5 1633.0 1278.5 1634.0 1277.5 1660.0 1277.5 1669.0 1274.5 1676.0 1274.5 1677.0 1275.5 1683.0 1275.5 1684.0 1276.5 1712.0 1276.5 1713.0 1277.5 1719.0 1277.5 1720.0 1276.5 1727.0 1276.5 1728.0 1275.5 1737.0 1275.5 1738.0 1276.5 1764.0 1276.5 1774.0 1279.5 1777.0 1281.5 1786.0 1281.5 1787.0 1280.5 1794.0 1280.5 1800.0 1282.5 1807.0 1283.5 1808.5 1285.0 1808.5 1288.0 1811.5 1295.0 1811.5 1314.0 1808.5 1319.0 1803.0 1323.5 1795.0 1327.5 1782.0 1331.5 1780.0 1333.5 1775.0 1335.5 1770.0 1334.5 1766.0 1332.5 1758.0 1332.5 1754.0 1334.5 1747.0 1335.5 1743.0 1333.5 1734.0 1331.5 1729.0 1332.5 1724.0 1332.5 1719.0 1334.5 1715.0 1333.5 1711.5 1329.0 1706.0 1326.5 1704.0 1324.5 1696.0 1324.5 1695.0 1325.5 1689.0 1325.5 1684.0 1328.5 1680.5 1335.0 1673.5 1341.0 1672.5 1344.0 1674.5 1347.0 1675.5 1351.0 1675.5 1363.0 1674.5 1364.0 1674.5 1374.0 1680.5 1385.0 1680.5 1390.0 1677.5 1395.0 1672.5 1400.0 1671.5 1405.0 1674.5 1413.0 1674.5 1421.0 1671.5 1429.0 1671.5 1434.0 1674.5 1439.0 1675.5 1443.0 1675.5 1449.0 1670.0 1454.5 1667.0 1455.5 1661.5 1460.0 1661.5 1465.0 1668.0 1471.5 1671.5 1474.0 1673.5 1479.0 1672.5 1484.0 1672.5 1490.0 1674.5 1495.0 1679.0 1499.5 1685.0 1500.5 1686.0 1501.5 1693.0 1502.5 1699.0 1504.5 1701.5 1508.0 1698.0 1510.5 1690.5 1518.0 1688.0 1521.5 1685.0 1523.5 1684.0 1522.5 1677.0 1522.5 1674.0 1519.5 1668.0 1518.5 1667.0 1519.5 1658.0 1519.5 1654.5 1516.0 1651.5 1506.0 1654.5 1501.0 1654.5 1499.0 1658.5 1494.0 1657.5 1489.0 1653.5 1480.0 1653.5 1463.0 1647.5 1451.0 1647.5 1447.0 1651.5 1442.0 1655.5 1434.0 1655.5 1430.0 1650.5 1417.0 1650.5 1414.0 1648.5 1408.0 1644.5 1402.0 1640.0 1398.5 1629.0 1398.5 1628.0 1399.5 1612.0 1399.5 1608.5 1404.0 1609.5 1409.0 1611.5 1414.0 1610.5 1419.0 1606.0 1422.5 1600.0 1425.5 1595.0 1423.5 1592.5 1419.0 1591.5 1414.0 1588.5 1408.0 1584.0 1403.5 1581.0 1402.5 1573.0 1404.5 1568.0 1404.5 1563.0 1405.5 1559.0 1407.5 1555.5 1413.0 1554.5 1420.0 1550.0 1425.5 1545.0 1427.5 1539.0 1428.5 1534.5 1425.0 1531.5 1417.0 1529.5 1414.0 1527.5 1408.0 1522.0 1403.5 1515.0 1403.5 1514.0 1404.5 1508.0 1404.5 1503.0 1406.5 1500.5 1409.0 1498.5 1414.0 1498.5 1419.0 1491.5 1433.0 1493.5 1438.0 1497.0 1440.5 1501.0 1441.5 1507.0 1441.5 1513.0 1443.5 1524.0 1443.5 1539.0 1433.5 1540.0 1434.5 1553.0 1434.5 1559.0 1437.5 1561.0 1437.5 1567.0 1440.5 1571.0 1441.5 1584.0 1441.5 1593.0 1437.5 1595.0 1435.5 1599.0 1434.5 1602.0 1435.5 1611.0 1435.5 1616.0 1437.5 1622.5 1444.0 1623.5 1450.0 1621.5 1457.0 1619.5 1460.0 1619.5 1494.0 1618.5 1498.0 1614.5 1506.0 1607.0 1512.5 1606.0 1512.5 1599.5 1519.0 1598.5 1523.0 1601.5 1528.0 1604.5 1531.0 1608.5 1537.0 1608.5 1543.0 1607.5 1546.0 1605.0 1548.5 1601.0 1549.5 1599.0 1551.5 1595.5 1546.0 1592.5 1538.0 1592.5 1529.0 1594.5 1523.0 1593.5 1520.0 1590.5 1517.0 1587.5 1511.0 1583.5 1498.0 1580.0 1493.5 1574.0 1496.5 1569.0 1496.5 1565.0 1498.5 1561.5 1504.0 1560.5 1510.0 1557.5 1519.0 1557.5 1529.0 1558.5 1530.0 1558.5 1546.0 1559.5 1547.0 1559.5 1553.0 1558.5 1554.0 1558.5 1559.0 1557.5 1563.0 1554.5 1570.0 1548.0 1576.5 1543.5 1580.0 1543.5 1584.0 1546.0 1585.5 1552.5 1592.0 1554.5 1596.0 1554.5 1614.0 1555.5 1618.0 1558.5 1624.0 1558.5 1627.0 1556.0 1629.5 1549.0 1631.5 1539.0 1635.5 1533.0 1634.5 1527.5 1629.0 1527.5 1625.0 1532.5 1619.0 1534.5 1614.0 1533.5 1609.0 1531.5 1604.0 1528.5 1599.0 1527.5 1595.0 1528.5 1592.0 1528.5 1581.0 1524.5 1575.0 1522.5 1570.0 1522.5 1564.0 1524.5 1560.0 1525.5 1555.0 1525.5 1547.0 1524.5 1546.0 1524.5 1537.0 1523.5 1534.0 1520.0 1530.5 1515.0 1531.5 1511.5 1535.0 1509.5 1541.0 1506.0 1543.5 1493.0 1543.5 1487.0 1547.5 1482.0 1549.5 1480.5 1551.0 1480.5 1554.0 1487.0 1557.5 1495.0 1560.5 1498.5 1565.0 1497.5 1568.0 1494.0 1571.5 1492.0 1571.5 1484.0 1575.5 1479.0 1579.5 1475.0 1579.5 1471.0 1576.5 1466.0 1571.5 1462.5 1569.0 1462.5 1567.0 1467.0 1563.5 1476.0 1554.5 1477.5 1554.0 1476.5 1550.0 1472.5 1547.0 1467.5 1539.0 1467.5 1532.0 1469.5 1527.0 1473.0 1524.5 1475.0 1520.5 1478.0 1523.5 1482.0 1525.5 1485.0 1528.5 1491.0 1532.5 1499.0 1532.5 1502.0 1531.5 1507.5 1526.0 1507.5 1515.0 1504.0 1510.5 1500.0 1509.5 1493.0 1509.5 1486.0 1512.5 1478.0 1519.5 1474.0 1519.5 1469.0 1516.5 1464.0 1511.5 1460.5 1509.0 1464.0 1507.5 1467.0 1504.5 1472.0 1502.5 1476.0 1498.5 1479.0 1497.5 1486.0 1501.5 1493.0 1504.5 1500.0 1504.5 1504.0 1506.5 1509.0 1506.5 1514.0 1504.5 1520.0 1504.5 1525.5 1500.0 1529.5 1494.0 1529.5 1488.0 1527.5 1484.0 1525.5 1475.0 1522.0 1470.5 1520.0 1469.5 1516.0 1471.5 1507.0 1480.5 1501.0 1479.5 1497.5 1475.0 1499.0 1474.5 1501.5 1470.0 1502.5 1466.0 1502.5 1460.0 1500.5 1456.0 1494.0 1449.5 1490.0 1449.5 1486.0 1451.5 1478.0 1459.5 1476.0 1459.5 1473.5 1457.0 1472.5 1454.0 1469.5 1450.0 1469.5 1445.0 1472.5 1440.0 1473.5 1436.0 1473.5 1430.0 1471.5 1427.0 1470.5 1422.0 1468.5 1419.0 1466.5 1407.0 1464.5 1403.0 1460.0 1398.5 1453.0 1398.5 1449.0 1397.5 1444.5 1402.0 1444.5 1412.0 1443.5 1413.0 1443.5 1430.0 1442.5 1431.0 1442.5 1445.0 1440.5 1449.0 1429.5 1460.0 1429.5 1463.0 1433.0 1465.5 1438.5 1471.0 1440.5 1475.0 1440.5 1487.0 1439.5 1488.0 1439.5 1493.0 1441.5 1499.0 1444.5 1505.0 1444.5 1509.0 1440.0 1514.5 1434.0 1516.5 1428.5 1520.0 1428.5 1524.0 1431.0 1526.5 1438.0 1529.5 1442.5 1533.0 1445.5 1541.0 1445.5 1552.0 1446.5 1553.0 1446.5 1566.0 1444.5 1570.0 1442.5 1578.0 1442.5 1587.0 1444.5 1591.0 1444.5 1594.0 1446.5 1598.0 1446.5 1616.0 1444.5 1622.0 1439.5 1629.0 1439.5 1630.0 1432.0 1637.5 1428.5 1640.0 1430.0 1644.5 1434.0 1645.5 1441.5 1652.0 1444.5 1657.0 1444.5 1659.0 1447.5 1664.0 1447.5 1666.0 1450.5 1674.0 1454.0 1677.5 1457.0 1678.5 1464.0 1678.5 1469.5 1673.0 1469.5 1669.0 1465.5 1661.0 1464.5 1655.0 1470.0 1646.5 1475.0 1643.5 1478.0 1643.5 1484.0 1646.5 1486.0 1646.5 1494.0 1650.5 1497.5 1654.0 1500.5 1661.0 1501.5 1667.0 1503.5 1670.0 1504.5 1675.0 1503.5 1676.0 1503.5 1686.0 1502.5 1688.0 1495.0 1695.5 1491.0 1697.5 1486.0 1698.5 1480.0 1698.5 1477.0 1699.5 1473.5 1703.0 1473.5 1705.0 1476.0 1707.5 1480.0 1708.5 1486.5 1715.0 1487.5 1719.0 1485.0 1721.5 1479.0 1722.5 1476.0 1721.5 1472.5 1718.0 1471.5 1713.0 1469.0 1709.5 1467.0 1708.5 1460.0 1707.5 1453.5 1701.0 1452.5 1698.0 1449.0 1693.5 1445.0 1693.5 1439.0 1699.5 1438.0 1699.5 1434.5 1704.0 1434.5 1722.0 1433.5 1723.0 1433.5 1728.0 1432.5 1731.0 1435.5 1737.0 1435.5 1739.0 1438.5 1745.0 1438.5 1749.0 1435.5 1754.0 1432.0 1757.5 1428.0 1759.5 1423.0 1759.5 1423.5 1762.0 1426.0 1764.5 1429.0 1764.5 1433.0 1766.5 1443.5 1777.0 1447.0 1781.5 1449.0 1782.5 1455.0 1778.5 1458.0 1777.5 1460.5 1775.0 1461.5 1769.0 1465.5 1762.0 1465.5 1746.0 1469.0 1741.5 1478.0 1736.5 1483.0 1735.5 1490.5 1730.0 1492.5 1724.0 1497.0 1720.5 1503.0 1719.5 1508.0 1717.5 1514.0 1711.5 1519.0 1708.5 1523.5 1704.0 1524.5 1702.0 1524.5 1697.0 1522.5 1691.0 1522.5 1687.0 1531.5 1673.0 1531.5 1667.0 1530.5 1666.0 1528.5 1657.0 1530.5 1652.0 1535.0 1647.5 1541.0 1647.5 1542.0 1648.5 1549.0 1649.5 1550.0 1650.5 1561.0 1645.5 1570.0 1644.5 1573.0 1642.5 1575.5 1639.0 1576.5 1634.0 1580.5 1630.0 1581.5 1627.0 1584.5 1624.0 1586.5 1620.0 1591.0 1615.5 1592.0 1615.5 1598.0 1610.5 1600.5 1610.0 1598.5 1608.0 1597.5 1604.0 1594.5 1599.0 1595.5 1595.0 1598.0 1592.5 1603.0 1593.5 1609.0 1593.5 1610.0 1594.5 1613.5 1591.0 1615.5 1586.0 1615.5 1575.0 1614.5 1572.0 1610.0 1568.5 1601.0 1571.5 1595.0 1571.5 1591.5 1569.0 1591.5 1566.0 1594.5 1562.0 1595.5 1559.0 1599.0 1554.5 1607.0 1555.5 1613.0 1558.5 1618.0 1559.5 1627.0 1559.5 1628.0 1558.5 1637.0 1558.5 1638.0 1557.5 1643.0 1557.5 1646.0 1555.5 1648.5 1551.0 1648.5 1546.0 1649.5 1545.0 1649.5 1540.0 1650.5 1535.0 1653.5 1527.0 1660.0 1520.5 1665.0 1522.5 1668.0 1522.5 1673.0 1524.5 1676.0 1524.5 1677.5 1527.0 1677.5 1537.0 1676.5 1540.0 1669.5 1547.0 1668.5 1549.0 1668.5 1555.0 1669.5 1557.0 1674.0 1561.5 1677.0 1562.5 1681.5 1568.0 1681.5 1575.0 1680.5 1576.0 1680.5 1597.0 1682.5 1602.0 1682.5 1605.0 1685.0 1610.5 1690.0 1610.5 1696.0 1604.5 1697.0 1604.5 1702.5 1599.0 1704.5 1592.0 1704.5 1588.0 1706.5 1584.0 1706.5 1577.0 1705.5 1576.0 1705.5 1571.0 1704.5 1569.0 1705.5 1566.0 1709.5 1561.0 1716.0 1554.5 1718.5 1550.0 1717.5 1549.0 1717.5 1542.0 1716.5 1541.0 1716.5 1535.0 1719.0 1529.5 1719.5 1531.0 1725.0 1534.5 1728.0 1535.5 1735.0 1535.5 1737.0 1534.5 1741.5 1530.0 1743.5 1525.0 1742.5 1518.0 1737.0 1512.5 1733.0 1510.5 1727.0 1509.5 1726.5 1508.0 1731.0 1504.5 1740.0 1503.5 1744.0 1501.5 1750.0 1501.5 1761.0 1504.5 1763.0 1503.5 1769.5 1497.0 1773.5 1491.0 1773.5 1483.0 1772.5 1482.0 1772.5 1459.0 1769.5 1451.0 1769.5 1447.0 1776.0 1440.5 1778.0 1439.5 1787.0 1439.5 1788.0 1438.5 1793.0 1438.5 1794.0 1439.5 1801.0 1439.5 1802.0 1440.5 1808.0 1440.5 1814.0 1442.5 1821.0 1442.5 1823.0 1441.5 1829.5 1434.0 1831.5 1429.0 1831.5 1426.0 1835.5 1417.0 1835.5 1413.0 1837.5 1406.0 1839.0 1404.5 1844.0 1405.5 1850.0 1405.5 1852.5 1403.0 1853.5 1400.0 1850.0 1395.5 1846.0 1395.5 1841.0 1397.5 1839.0 1399.5 1834.5 1395.0 1832.5 1390.0 1833.5 1386.0 1840.0 1380.5 1845.0 1380.5 1846.0 1379.5 1859.0 1379.5 1860.0 1380.5 1866.0 1380.5 1878.0 1376.5 1886.0 1375.5 1888.5 1371.0 1888.5 1363.0 1889.5 1362.0 1889.5 1355.0 1890.5 1352.0 1896.5 1341.0 1895.5 1332.0 1894.5 1331.0 1894.5 1326.0 1897.5 1321.0 1898.5 1316.0 1906.0 1308.5 1909.0 1306.5 1921.0 1306.5 1922.0 1307.5 1928.0 1307.5 1930.0 1308.5 1934.5 1313.0 1937.5 1320.0 1937.5 1328.0 1933.5 1334.0 1926.0 1341.5 1922.0 1342.5 1917.0 1345.5 1910.5 1352.0 1909.5 1355.0 1904.5 1361.0 1899.5 1374.0 1896.0 1376.5 1892.0 1376.5 1888.5 1380.0 1888.5 1387.0 1886.5 1392.0 1882.0 1395.5 1876.5 1401.0 1875.5 1404.0 1868.0 1411.5 1863.0 1413.5 1860.5 1416.0 1855.5 1426.0 1855.5 1428.0 1852.5 1435.0 1850.5 1437.0 1848.5 1442.0 1848.5 1445.0 1846.5 1449.0 1838.0 1457.5 1834.0 1459.5 1821.5 1472.0 1814.5 1483.0 1813.5 1487.0 1811.5 1490.0 1810.5 1495.0 1808.5 1498.0 1803.5 1503.0 1802.5 1507.0 1799.5 1513.0 1795.0 1517.5 1789.5 1521.0 1787.5 1525.0 1781.0 1531.5 1775.0 1534.5 1771.5 1538.0 1770.5 1541.0 1763.5 1550.0 1761.5 1554.0 1759.5 1567.0 1756.5 1572.0 1747.0 1581.5 1746.0 1581.5 1729.5 1598.0 1720.5 1612.0 1719.5 1615.0 1715.0 1617.5 1710.5 1622.0 1707.5 1633.0 1702.0 1638.5 1701.0 1638.5 1694.0 1646.5 1688.0 1650.5 1685.0 1651.5 1681.5 1655.0 1680.5 1659.0 1677.5 1666.0 1677.5 1668.0 1674.5 1674.0 1671.5 1678.0 1666.5 1683.0 1661.5 1691.0 1651.5 1701.0 1650.5 1704.0 1645.5 1711.0 1637.5 1719.0 1637.5 1720.0 1632.5 1726.0 1629.5 1733.0 1625.5 1737.0 1621.5 1744.0 1620.5 1749.0 1618.5 1753.0 1608.5 1763.0 1606.5 1767.0 1601.0 1772.5 1597.0 1774.5 1590.5 1783.0 1588.5 1787.0 1583.5 1793.0 1580.5 1800.0 1578.5 1803.0 1576.5 1809.0 1573.5 1813.0 1569.0 1817.5 1568.0 1817.5 1563.5 1822.0 1559.5 1827.0 1554.5 1835.0 1543.5 1849.0 1540.5 1855.0 1537.0 1857.5 1532.5 1862.0 1529.5 1869.0 1529.5 1872.0 1527.5 1876.0 1523.0 1879.5 1515.0 1887.5 1507.0 1892.5 1502.5 1897.0 1498.5 1907.0 1497.5 1912.0 1494.5 1918.0 1490.5 1922.0 1484.5 1931.0 1476.5 1939.0 1473.5 1943.0 1472.5 1946.0 1464.5 1957.0 1456.5 1965.0 1452.5 1971.0 1451.5 1974.0 1443.5 1982.0 1441.5 1986.0 1441.5 1989.0 1438.5 1996.0 1429.5 2005.0 1426.5 2010.0 1416.5 2020.0 1410.5 2029.0 1406.5 2037.0 1402.5 2041.0 1396.5 2051.0 1382.5 2065.0 1382.5 2066.0 1376.5 2074.0 1373.5 2080.0 1366.5 2088.0 1365.5 2091.0 1359.0 2097.5 1355.0 2099.5 1351.5 2103.0 1349.5 2109.0 1346.5 2115.0 1339.0 2121.5 1338.0 2121.5 1333.0 2126.5 1321.0 2132.5 1316.0 2137.5 1313.0 2139.5 1291.0 2139.5 1290.0 2138.5 1285.0 2138.5 1284.0 2137.5 1277.0 2137.5 1276.0 2136.5 1268.0 2136.5 1267.0 2135.5 1249.0 2135.5 1248.0 2136.5 1243.0 2136.5 1242.0 2137.5 1237.0 2137.5 1233.0 2135.5 1232.5 2134.0 1228.0 2129.5 1225.0 2127.5 1220.0 2128.5 1214.0 2134.5 1208.0 2137.5 1197.0 2140.5 1192.0 2140.5 1191.0 2141.5 1169.0 2141.5 1168.0 2140.5 1157.0 2140.5 1156.0 2139.5 1146.0 2139.5 1140.0 2141.5 1135.0 2141.5 1134.0 2142.5 1123.0 2142.5 1122.0 2141.5 1107.0 2141.5 1106.0 2140.5 1081.0 2140.5 1080.0 2141.5 1075.0 2141.5 1074.0 2142.5 1065.0 2142.5 1064.0 2141.5 1049.0 2141.5 1048.0 2140.5 1021.0 2140.5 1020.0 2141.5 1015.0 2141.5 1014.0 2142.5 1004.0 2142.5 1003.0 2141.5 989.0 2141.5 988.0 2140.5 962.0 2140.5 956.0 2142.5 934.0 2142.5 933.0 2141.5 924.0 2141.5 923.0 2140.5 903.0 2140.5 902.0 2141.5 897.0 2141.5 896.0 2142.5 867.0 2142.5 866.0 2141.5 845.0 2141.5 839.0 2143.5 833.0 2143.5 832.0 2144.5 819.0 2144.5 818.0 2143.5 810.0 2143.5 809.0 2142.5 801.0 2142.5 800.0 2141.5 784.0 2141.5 779.0 2143.5 774.0 2144.5 755.0 2144.5 754.0 2143.5 740.0 2143.5 739.0 2142.5 723.0 2142.5 722.0 2143.5 717.0 2143.5 716.0 2144.5 693.0 2144.5 692.0 2143.5 681.0 2143.5 680.0 2142.5 663.0 2142.5 662.0 2143.5 657.0 2143.5 656.0 2144.5 635.0 2144.5 634.0 2143.5 622.0 2143.5 621.0 2142.5 603.0 2142.5 602.0 2143.5 596.0 2143.5 595.0 2144.5 576.0 2144.5 575.0 2143.5 556.0 2143.5 555.0 2142.5 543.0 2142.5 542.0 2143.5 536.0 2143.5 535.0 2144.5 514.0 2144.5 513.0 2143.5 478.0 2143.5 477.0 2144.5 463.0 2144.5 462.0 2143.5 431.0 2143.5 430.0 2142.5 425.0 2142.5 424.0 2143.5 355.0 2143.5 354.0 2144.5 344.0 2144.5 343.0 2143.5 298.0 2143.5 297.0 2144.5 258.0 2144.5 257.0 2143.5 243.0 2143.5 242.0 2144.5 237.0 2144.5 236.0 2145.5 200.0 2145.5 199.0 2144.5 193.0 2144.5 192.0 2143.5 186.0 2143.5 185.0 2142.5 173.0 2142.5 172.0 2141.5 157.0 2141.5 151.0 2139.5 144.0 2135.5 140.0 2134.5 129.0 2134.5 125.0 2135.5 116.0 2140.5 109.0 2141.5 108.0 2142.5 68.0 2142.5 62.0 2145.5 55.0 2147.5 48.0 2147.5 47.0 2148.5 28.0 2148.5 27.0 2149.5 23.0 2148.5 16.0 2148.5 15.0 2147.5 10.0 2147.5 9.0 2146.5 0.0 2146.5
 tube_rack_storage_cabinet 1842.0 896.5 1839.0 896.5 1834.5 891.0 1834.5 874.0 1832.5 869.0 1828.0 864.5 1825.0 863.5 1822.5 861.0 1821.5 857.0 1816.5 845.0 1808.5 837.0 1804.5 830.0 1803.5 825.0 1801.5 821.0 1800.5 816.0 1800.5 801.0 1801.5 799.0 1806.0 794.5 1807.0 794.5 1813.5 788.0 1817.0 783.5 1822.0 780.5 1828.0 778.5 1830.5 776.0 1834.5 767.0 1839.0 762.5 1840.0 762.5 1845.0 757.5 1853.0 752.5 1855.0 752.5 1861.5 747.0 1863.5 743.0 1868.0 739.5 1876.0 735.5 1885.0 726.5 1894.0 721.5 1899.0 719.5 1904.0 719.5 1909.0 717.5 1914.0 716.5 1925.0 716.5 1929.5 726.0 1929.5 746.0 1928.5 747.0 1928.5 753.0 1927.5 754.0 1928.5 758.0 1933.0 753.5 1935.0 752.5 1940.0 752.5 1944.5 757.0 1946.5 762.0 1947.5 767.0 1949.5 770.0 1950.5 775.0 1953.5 780.0 1956.5 783.0 1960.5 790.0 1962.5 796.0 1962.5 799.0 1965.5 806.0 1968.5 810.0 1973.5 815.0 1974.5 817.0 1973.5 823.0 1970.0 828.5 1960.0 830.5 1953.0 833.5 1949.0 838.5 1944.0 841.5 1929.0 841.5 1928.0 842.5 1921.0 843.5 1913.0 847.5 1906.0 847.5 1905.0 846.5 1889.0 846.5 1888.0 847.5 1873.0 847.5 1868.0 846.5 1864.0 847.5 1860.5 850.0 1858.5 862.0 1855.5 868.0 1850.0 873.5 1847.5 875.0 1847.5 880.0 1851.5 885.0 1853.5 891.0 1851.0 894.5 1842.0 896.5
 tube_rack_storage_cabinet 2270.5 838.0 2274.0 837.5 2277.5 834.0 2277.5 830.0 2274.0 827.5 2270.0 827.5 2266.0 829.5 2262.5 833.0 2265.0 836.5 2270.5 838.0
 tube_rack_storage_cabinet 2241.5 897.0 2243.5 895.0 2245.5 890.0 2245.5 883.0 2246.5 882.0 2246.5 876.0 2245.5 873.0 2243.0 870.5 2240.0 869.5 2235.0 873.5 2232.0 874.5 2228.5 879.0 2231.5 888.0 2234.5 893.0 2239.0 897.5 2241.5 897.0
 tube_rack_storage_cabinet 1371.0 1080.5 1369.0 1079.5 1363.0 1079.5 1355.0 1076.5 1353.0 1076.5 1347.0 1073.5 1344.0 1070.5 1338.0 1070.5 1329.0 1074.5 1324.5 1069.0 1324.5 1065.0 1322.5 1060.0 1321.5 1055.0 1321.5 1048.0 1320.5 1043.0 1318.5 1038.0 1317.5 1031.0 1315.5 1027.0 1314.5 1022.0 1310.0 1017.5 1306.0 1016.5 1304.5 1014.0 1305.5 1006.0 1318.0 993.5 1323.0 991.5 1328.0 990.5 1337.0 990.5 1342.0 989.5 1350.0 985.5 1354.5 981.0 1353.5 973.0 1351.5 970.0 1352.0 968.5 1359.0 967.5 1360.0 966.5 1369.0 965.5 1370.0 964.5 1377.0 966.5 1380.5 969.0 1379.5 970.0 1374.5 980.0 1375.5 983.0 1381.5 990.0 1384.5 996.0 1389.0 1000.5 1395.0 1000.5 1396.0 999.5 1401.0 999.5 1405.5 995.0 1406.5 989.0 1407.5 988.0 1407.5 983.0 1411.0 978.5 1415.0 977.5 1419.5 981.0 1421.5 988.0 1424.0 991.5 1430.0 993.5 1433.5 997.0 1435.5 1003.0 1435.5 1008.0 1436.5 1009.0 1436.5 1025.0 1435.5 1026.0 1435.5 1037.0 1434.5 1042.0 1431.5 1046.0 1430.0 1049.5 1426.0 1049.5 1421.0 1051.5 1417.0 1055.5 1415.0 1059.5 1409.0 1059.5 1403.0 1061.5 1399.5 1065.0 1397.0 1070.5 1393.0 1070.5 1388.0 1072.5 1386.0 1074.5 1378.0 1078.5 1371.0 1080.5
 tube_rack_storage_cabinet 1400.0 969.5 1400.0 969.5
 tube_rack_storage_cabinet 2180.5 985.0 2182.5 982.0 2182.5 979.0 2180.0 975.5 2176.5 980.0 2176.5 983.0 2179.0 985.5 2180.5 985.0
 tube_rack_storage_cabinet 2169.5 1000.0 2171.5 998.0 2171.5 993.0 2170.0 990.5 2164.0 989.5 2158.5 994.0 2158.5 996.0 2162.0 999.5 2165.0 1000.5 2169.5 1000.0
 tube_rack_storage_cabinet 1299.0 1033.5 1297.5 1030.0 1297.5 1021.0 1298.5 1018.0 1301.0 1017.5 1303.5 1019.0 1304.5 1025.0 1301.5 1031.0 1299.0 1033.5
 tube_rack_storage_cabinet 2019.0 1114.5 2015.0 1114.5 2011.5 1107.0 2009.5 1104.0 2013.5 1096.0 2014.5 1088.0 2019.0 1084.5 2025.0 1084.5 2026.0 1083.5 2036.0 1083.5 2038.5 1085.0 2039.5 1089.0 2035.5 1095.0 2032.0 1097.5 2025.5 1104.0 2024.5 1107.0 2019.0 1114.5
 tube_rack_storage_cabinet 2004.0 1224.5 1998.0 1224.5 1996.5 1223.0 1997.5 1220.0 2002.5 1216.0 2003.5 1209.0 2006.5 1203.0 2015.0 1194.5 2018.0 1193.5 2022.5 1190.0 2024.5 1185.0 2028.0 1181.5 2035.0 1178.5 2036.5 1177.0 2038.5 1168.0 2039.5 1167.0 2039.5 1157.0 2040.5 1152.0 2044.0 1147.5 2046.0 1147.5 2053.0 1143.5 2059.0 1141.5 2067.0 1141.5 2069.5 1144.0 2068.5 1148.0 2064.0 1153.5 2061.0 1154.5 2056.5 1158.0 2052.5 1167.0 2050.5 1170.0 2049.5 1175.0 2046.0 1179.5 2038.0 1179.5 2035.5 1181.0 2035.5 1192.0 2034.5 1196.0 2032.5 1199.0 2031.5 1205.0 2029.5 1208.0 2024.5 1213.0 2024.5 1214.0 2019.5 1219.0 2019.0 1220.5 2015.0 1222.5 2008.0 1222.5 2004.0 1224.5
 tube_rack_storage_cabinet 1945.0 1188.5 1939.5 1187.0 1938.5 1184.0 1938.5 1179.0 1942.0 1174.5 1948.0 1173.5 1951.5 1170.0 1952.5 1162.0 1954.5 1157.0 1965.0 1146.5 1970.0 1143.5 1980.0 1143.5 1983.5 1146.0 1980.5 1159.0 1974.5 1169.0 1970.0 1173.5 1967.0 1174.5 1963.0 1177.5 1959.5 1182.0 1955.0 1185.5 1950.0 1187.5 1945.0 1188.5
 tube_rack_storage_cabinet 1929.0 1198.5 1926.5 1194.0 1929.0 1189.5 1934.0 1189.5 1935.5 1191.0 1935.5 1194.0 1929.0 1198.5
 tube_rack_storage_cabinet 1899.0 1269.5 1895.5 1264.0 1894.5 1258.0 1892.0 1255.5 1884.0 1254.5 1883.5 1252.0 1888.0 1249.5 1890.0 1249.5 1892.5 1246.0 1892.5 1237.0 1893.5 1236.0 1893.5 1227.0 1894.5 1222.0 1899.0 1217.5 1903.0 1216.5 1906.5 1213.0 1908.5 1208.0 1914.0 1204.5 1918.0 1205.5 1921.5 1209.0 1921.5 1220.0 1920.5 1224.0 1917.5 1228.0 1916.5 1231.0 1912.5 1235.0 1911.5 1238.0 1911.5 1248.0 1912.5 1249.0 1911.5 1254.0 1909.0 1256.5 1906.0 1257.5 1903.5 1260.0 1902.5 1265.0 1899.0 1269.5
 tube_rack_storage_cabinet 1955.0 1293.5 1949.5 1291.0 1947.5 1287.0 1947.5 1272.0 1948.5 1268.0 1955.5 1259.0 1959.5 1250.0 1959.5 1246.0 1961.5 1242.0 1964.0 1240.5 1972.0 1239.5 1980.0 1235.5 1985.0 1230.5 1989.0 1228.5 1991.5 1232.0 1991.5 1237.0 1992.5 1238.0 1992.5 1250.0 1991.5 1251.0 1991.5 1256.0 1989.5 1261.0 1983.5 1269.0 1983.5 1270.0 1978.0 1275.5 1972.0 1278.5 1967.5 1283.0 1967.5 1284.0 1961.0 1290.5 1955.0 1293.5
 tube_rack_storage_cabinet 1220.5 1261.0 1222.5 1256.0 1226.5 1240.0 1226.5 1235.0 1224.0 1232.5 1214.0 1234.5 1210.0 1236.5 1207.5 1239.0 1206.5 1243.0 1204.5 1246.0 1203.5 1250.0 1203.5 1256.0 1206.0 1259.5 1208.0 1260.5 1215.0 1260.5 1216.0 1261.5 1220.5 1261.0
 tube_rack_storage_cabinet 1180.5 1273.0 1185.5 1269.0 1179.0 1266.5 1174.5 1269.0 1178.0 1273.5 1180.5 1273.0
 tube_rack_storage_cabinet 1493.0 1276.5 1488.0 1276.5 1486.0 1275.5 1480.5 1270.0 1481.0 1268.5 1488.0 1266.5 1494.0 1266.5 1498.0 1268.5 1497.5 1272.0 1493.0 1276.5
 tube_rack_storage_cabinet 1464.0 1273.5 1458.0 1272.5 1453.0 1268.5 1457.0 1267.5 1467.0 1267.5 1471.5 1269.0 1469.0 1271.5 1464.0 1273.5
 tube_rack_storage_cabinet 1403.5 1319.0 1410.0 1315.5 1412.5 1312.0 1412.5 1308.0 1409.5 1300.0 1409.5 1295.0 1412.5 1290.0 1414.5 1285.0 1414.5 1281.0 1408.0 1277.5 1402.0 1277.5 1401.0 1276.5 1393.0 1276.5 1392.0 1275.5 1387.0 1275.5 1379.0 1279.5 1373.5 1284.0 1378.5 1289.0 1381.5 1295.0 1381.5 1312.0 1385.0 1315.5 1392.0 1318.5 1396.0 1319.5 1403.5 1319.0
 tube_rack_storage_cabinet 1344.5 1562.0 1348.0 1560.5 1352.5 1555.0 1352.5 1549.0 1346.5 1538.0 1346.5 1531.0 1345.5 1530.0 1345.5 1523.0 1341.5 1514.0 1336.5 1509.0 1339.0 1507.5 1346.5 1500.0 1349.5 1493.0 1348.5 1485.0 1346.5 1479.0 1346.5 1469.0 1345.5 1468.0 1345.5 1446.0 1348.5 1442.0 1349.5 1439.0 1353.5 1434.0 1353.5 1429.0 1349.5 1422.0 1347.5 1416.0 1343.0 1411.5 1338.0 1411.5 1325.0 1418.5 1320.0 1418.5 1319.0 1419.5 1314.0 1419.5 1308.0 1422.5 1305.0 1425.5 1299.0 1429.5 1292.5 1424.0 1289.5 1419.0 1287.5 1413.0 1286.5 1405.0 1284.5 1399.0 1280.0 1395.5 1268.0 1398.5 1262.0 1394.5 1257.0 1392.5 1250.0 1392.5 1248.0 1393.5 1243.5 1398.0 1242.5 1404.0 1245.5 1410.0 1250.0 1414.5 1251.5 1415.0 1251.5 1419.0 1249.0 1421.5 1244.0 1424.5 1238.0 1426.5 1234.5 1423.0 1231.5 1416.0 1231.5 1407.0 1230.5 1406.0 1230.5 1401.0 1226.5 1392.0 1223.5 1389.0 1229.0 1384.5 1232.0 1383.5 1235.0 1380.5 1240.0 1378.5 1243.0 1380.5 1246.0 1380.5 1251.0 1382.5 1262.0 1382.5 1263.0 1383.5 1271.0 1383.5 1272.0 1384.5 1286.0 1384.5 1293.0 1380.5 1296.0 1377.5 1299.0 1376.5 1307.0 1379.5 1312.0 1380.5 1317.0 1380.5 1318.0 1379.5 1327.0 1379.5 1338.0 1382.5 1344.0 1382.5 1350.0 1380.5 1355.0 1377.5 1379.0 1377.5 1380.0 1376.5 1390.0 1376.5 1395.0 1378.5 1400.0 1379.5 1405.0 1378.5 1409.0 1376.5 1413.5 1373.0 1414.5 1371.0 1407.5 1360.0 1404.5 1354.0 1400.0 1349.5 1394.0 1349.5 1390.0 1348.5 1383.0 1345.5 1379.0 1342.5 1375.0 1341.5 1370.5 1344.0 1370.5 1348.0 1372.5 1355.0 1367.0 1359.5 1362.0 1360.5 1359.0 1362.5 1355.0 1360.5 1351.5 1356.0 1348.5 1350.0 1343.0 1344.5 1337.0 1342.5 1328.0 1342.5 1322.0 1337.5 1315.0 1333.5 1307.0 1333.5 1303.0 1335.5 1299.5 1339.0 1299.5 1342.0 1296.0 1343.5 1294.5 1342.0 1294.5 1339.0 1291.5 1332.0 1289.5 1330.0 1290.5 1326.0 1297.0 1321.5 1313.0 1321.5 1314.0 1320.5 1320.0 1320.5 1321.0 1319.5 1329.0 1319.5 1341.0 1322.5 1349.0 1318.5 1351.5 1316.0 1353.5 1310.0 1348.5 1301.0 1347.5 1298.0 1347.5 1284.0 1344.0 1280.5 1337.0 1280.5 1332.0 1283.5 1327.0 1287.5 1325.0 1287.5 1319.0 1281.5 1315.0 1279.5 1309.0 1279.5 1305.5 1284.0 1305.5 1289.0 1303.5 1293.0 1301.0 1294.5 1296.0 1293.5 1291.0 1288.5 1284.0 1284.5 1276.0 1282.5 1269.0 1282.5 1264.5 1286.0 1258.5 1299.0 1258.5 1315.0 1259.5 1320.0 1262.0 1323.5 1266.5 1325.0 1267.0 1329.5 1257.0 1329.5 1256.0 1328.5 1251.0 1328.5 1250.0 1329.5 1244.0 1329.5 1239.0 1332.5 1234.5 1328.0 1228.5 1317.0 1226.5 1310.0 1226.5 1305.0 1225.5 1304.0 1225.5 1298.0 1223.5 1291.0 1220.0 1284.5 1213.0 1286.5 1209.0 1286.5 1205.5 1293.0 1205.5 1319.0 1204.5 1320.0 1204.5 1327.0 1201.5 1335.0 1198.5 1345.0 1198.5 1350.0 1197.5 1351.0 1197.5 1357.0 1196.5 1358.0 1196.5 1376.0 1199.5 1382.0 1203.0 1384.5 1205.5 1389.0 1201.0 1391.5 1195.0 1392.5 1188.0 1394.5 1181.5 1400.0 1182.5 1404.0 1193.5 1415.0 1194.5 1419.0 1192.5 1424.0 1189.0 1428.5 1186.0 1429.5 1183.5 1434.0 1189.0 1435.5 1194.0 1438.5 1198.0 1442.5 1203.0 1444.5 1205.0 1446.5 1220.0 1446.5 1230.0 1442.5 1238.0 1436.5 1244.0 1436.5 1245.0 1437.5 1250.0 1437.5 1254.0 1438.5 1261.0 1441.5 1265.5 1446.0 1266.5 1449.0 1262.0 1453.5 1258.0 1455.5 1255.0 1455.5 1248.0 1458.5 1246.5 1460.0 1246.5 1464.0 1251.0 1468.5 1253.0 1469.5 1259.0 1469.5 1260.0 1470.5 1266.0 1470.5 1273.0 1473.5 1274.5 1475.0 1274.5 1478.0 1270.5 1482.0 1268.5 1486.0 1265.0 1489.5 1264.0 1488.5 1259.0 1488.5 1258.0 1487.5 1253.0 1487.5 1245.5 1490.0 1248.0 1492.5 1253.0 1494.5 1263.0 1494.5 1265.0 1495.5 1268.5 1503.0 1270.0 1504.5 1274.0 1504.5 1280.0 1506.5 1284.0 1504.5 1289.5 1499.0 1291.5 1495.0 1291.5 1490.0 1286.5 1483.0 1283.5 1477.0 1283.5 1474.0 1286.5 1466.0 1288.5 1464.0 1289.5 1460.0 1287.5 1454.0 1284.5 1449.0 1293.5 1440.0 1299.0 1435.5 1301.0 1437.5 1310.0 1440.5 1315.0 1440.5 1320.0 1441.5 1327.0 1444.5 1330.5 1448.0 1330.5 1450.0 1327.0 1453.5 1312.0 1453.5 1307.0 1455.5 1302.5 1460.0 1303.5 1463.0 1309.0 1468.5 1314.0 1470.5 1319.0 1469.5 1326.0 1469.5 1329.5 1473.0 1329.5 1479.0 1325.0 1483.5 1322.0 1484.5 1315.0 1488.5 1313.0 1488.5 1310.5 1491.0 1310.5 1494.0 1314.0 1496.5 1321.5 1504.0 1321.5 1508.0 1316.0 1511.5 1309.0 1513.5 1306.0 1515.5 1301.5 1520.0 1302.5 1524.0 1307.0 1527.5 1314.0 1531.5 1318.0 1532.5 1321.5 1536.0 1321.5 1540.0 1317.0 1545.5 1310.0 1549.5 1307.5 1552.0 1307.5 1554.0 1313.0 1555.5 1320.0 1558.5 1325.0 1559.5 1328.0 1561.5 1332.0 1562.5 1344.0 1562.5 1344.5 1562.0
 tube_rack_storage_cabinet 1839.0 1337.5 1834.0 1337.5 1831.5 1335.0 1828.5 1329.0 1829.5 1321.0 1831.5 1317.0 1831.5 1308.0 1825.5 1297.0 1825.5 1284.0 1833.0 1279.5 1842.0 1279.5 1846.0 1281.5 1848.5 1284.0 1851.5 1292.0 1851.5 1294.0 1854.5 1299.0 1855.5 1303.0 1855.5 1308.0 1856.5 1309.0 1856.5 1315.0 1854.5 1323.0 1846.0 1331.5 1845.0 1331.5 1839.0 1337.5
 tube_rack_storage_cabinet 1330.5 1744.0 1335.0 1741.5 1346.0 1738.5 1351.0 1736.5 1357.5 1733.0 1357.5 1730.0 1355.0 1729.5 1349.5 1725.0 1347.5 1722.0 1344.5 1713.0 1338.5 1707.0 1333.5 1696.0 1329.0 1691.5 1326.0 1690.5 1320.0 1692.5 1314.0 1695.5 1299.0 1695.5 1294.0 1696.5 1290.0 1698.5 1284.0 1706.5 1279.5 1702.0 1278.5 1697.0 1275.5 1692.0 1272.5 1689.0 1272.5 1686.0 1276.0 1683.5 1286.0 1681.5 1292.5 1676.0 1293.5 1672.0 1291.5 1668.0 1284.5 1659.0 1284.5 1654.0 1286.5 1651.0 1292.0 1645.5 1296.0 1643.5 1304.0 1646.5 1310.0 1650.5 1314.0 1651.5 1322.0 1651.5 1323.0 1652.5 1335.0 1652.5 1340.0 1653.5 1346.0 1648.5 1353.0 1644.5 1360.0 1644.5 1367.0 1648.5 1373.0 1650.5 1379.0 1650.5 1380.0 1651.5 1385.0 1651.5 1386.0 1652.5 1392.0 1652.5 1393.0 1651.5 1399.0 1650.5 1402.5 1645.0 1402.5 1640.0 1400.5 1637.0 1396.0 1633.5 1389.0 1630.5 1370.0 1630.5 1362.0 1634.5 1359.0 1637.5 1355.0 1637.5 1350.0 1634.5 1344.5 1629.0 1345.5 1626.0 1352.5 1619.0 1356.5 1614.0 1355.5 1611.0 1352.5 1607.0 1347.5 1602.0 1344.5 1598.0 1343.5 1595.0 1343.5 1590.0 1344.5 1589.0 1344.5 1584.0 1340.0 1579.5 1333.0 1578.5 1326.0 1575.5 1319.0 1575.5 1318.0 1574.5 1313.0 1574.5 1310.0 1575.5 1303.5 1580.0 1304.5 1584.0 1309.0 1587.5 1313.0 1589.5 1318.0 1589.5 1323.0 1590.5 1327.0 1592.5 1329.5 1595.0 1329.5 1600.0 1327.5 1604.0 1326.5 1613.0 1321.5 1621.0 1321.5 1625.0 1317.0 1629.5 1310.0 1631.5 1302.0 1635.5 1299.0 1638.5 1295.0 1638.5 1285.5 1629.0 1286.5 1625.0 1291.5 1620.0 1294.5 1615.0 1294.5 1611.0 1290.5 1606.0 1285.5 1598.0 1285.5 1590.0 1288.5 1584.0 1288.5 1580.0 1284.0 1575.5 1277.0 1571.5 1271.0 1569.5 1267.0 1569.5 1262.0 1573.5 1255.0 1576.5 1249.5 1580.0 1249.5 1584.0 1261.0 1589.5 1266.5 1595.0 1266.5 1600.0 1264.5 1605.0 1261.5 1610.0 1260.5 1614.0 1260.5 1625.0 1253.0 1629.5 1248.0 1630.5 1242.0 1633.5 1239.0 1636.5 1235.0 1635.5 1229.5 1629.0 1228.5 1625.0 1229.5 1624.0 1231.5 1615.0 1231.5 1611.0 1226.5 1604.0 1222.5 1596.0 1224.5 1588.0 1224.5 1579.0 1215.0 1569.5 1213.5 1569.0 1213.5 1565.0 1218.0 1563.5 1221.0 1563.5 1225.5 1560.0 1228.5 1554.0 1228.5 1549.0 1226.5 1546.0 1224.5 1540.0 1224.5 1537.0 1220.5 1528.0 1217.5 1525.0 1215.5 1519.0 1210.0 1513.5 1205.0 1511.5 1187.0 1511.5 1183.0 1512.5 1180.0 1514.5 1175.0 1514.5 1171.5 1509.0 1172.5 1506.0 1179.0 1500.5 1195.0 1500.5 1204.0 1503.5 1211.0 1503.5 1212.0 1504.5 1221.0 1504.5 1224.0 1503.5 1229.0 1499.5 1234.5 1494.0 1235.5 1490.0 1232.5 1486.0 1230.5 1481.0 1228.5 1479.0 1227.5 1472.0 1225.5 1466.0 1220.0 1461.5 1213.0 1461.5 1209.0 1460.5 1207.5 1457.0 1204.0 1453.5 1201.0 1452.5 1189.0 1452.5 1183.0 1455.5 1180.5 1459.0 1181.5 1465.0 1191.0 1474.5 1193.5 1476.0 1193.5 1479.0 1184.0 1485.5 1179.0 1487.5 1175.0 1485.5 1169.5 1479.0 1169.5 1471.0 1172.5 1465.0 1173.5 1461.0 1170.5 1452.0 1167.5 1449.0 1173.5 1443.0 1177.5 1435.0 1176.5 1430.0 1172.5 1424.0 1170.5 1419.0 1170.5 1411.0 1171.5 1410.0 1173.5 1399.0 1172.5 1398.0 1171.5 1389.0 1170.5 1388.0 1170.5 1370.0 1169.5 1369.0 1168.5 1362.0 1167.5 1361.0 1167.5 1349.0 1168.5 1348.0 1168.5 1326.0 1167.5 1325.0 1167.5 1319.0 1166.5 1318.0 1166.5 1308.0 1167.5 1307.0 1167.5 1288.0 1168.5 1284.0 1165.0 1280.5 1159.5 1283.0 1156.0 1287.5 1152.0 1289.5 1149.0 1289.5 1145.0 1291.5 1141.5 1295.0 1139.5 1299.0 1141.5 1308.0 1147.0 1313.5 1149.5 1317.0 1149.5 1322.0 1150.5 1327.0 1147.5 1332.0 1136.5 1343.0 1136.5 1348.0 1137.5 1349.0 1137.5 1354.0 1138.5 1355.0 1138.5 1362.0 1139.5 1363.0 1139.5 1372.0 1140.5 1373.0 1140.5 1378.0 1142.5 1383.0 1142.5 1390.0 1140.5 1396.0 1138.5 1399.0 1137.5 1403.0 1137.5 1420.0 1136.5 1421.0 1136.5 1427.0 1135.5 1431.0 1137.5 1436.0 1142.5 1442.0 1146.5 1449.0 1138.5 1460.0 1138.5 1465.0 1140.5 1467.0 1141.5 1473.0 1142.5 1474.0 1142.5 1482.0 1141.5 1483.0 1141.5 1493.0 1140.5 1494.0 1140.5 1502.0 1138.5 1507.0 1132.0 1512.5 1127.0 1514.5 1121.5 1520.0 1121.5 1524.0 1132.5 1535.0 1132.5 1539.0 1129.0 1543.5 1120.0 1549.5 1117.0 1549.5 1113.5 1546.0 1110.5 1541.0 1108.5 1536.0 1109.5 1531.0 1109.5 1526.0 1110.5 1525.0 1109.5 1520.0 1098.0 1508.5 1094.0 1507.5 1091.0 1505.5 1087.0 1505.5 1083.0 1507.5 1077.0 1512.5 1072.0 1514.5 1065.5 1520.0 1066.5 1525.0 1074.5 1533.0 1076.5 1537.0 1076.5 1541.0 1073.5 1550.0 1075.5 1554.0 1080.0 1557.5 1089.0 1562.5 1094.0 1562.5 1095.0 1563.5 1105.0 1563.5 1112.0 1560.5 1116.0 1556.5 1120.0 1555.5 1127.0 1559.5 1130.0 1560.5 1135.0 1559.5 1142.0 1559.5 1143.0 1558.5 1148.0 1558.5 1149.0 1559.5 1156.0 1559.5 1157.0 1560.5 1162.0 1560.5 1171.0 1556.5 1177.0 1551.5 1180.0 1551.5 1187.0 1554.5 1192.0 1554.5 1193.0 1555.5 1198.0 1555.5 1202.0 1557.5 1207.5 1565.0 1206.5 1569.0 1204.5 1571.0 1202.5 1577.0 1200.5 1580.0 1200.5 1584.0 1204.5 1590.0 1210.5 1596.0 1210.5 1599.0 1209.0 1599.5 1204.5 1608.0 1203.5 1612.0 1203.5 1618.0 1202.5 1623.0 1199.5 1629.0 1194.5 1634.0 1192.0 1637.5 1188.5 1640.0 1189.5 1644.0 1191.0 1644.5 1200.5 1654.0 1201.5 1658.0 1201.5 1665.0 1200.5 1666.0 1200.5 1675.0 1203.5 1680.0 1205.5 1686.0 1202.5 1692.0 1197.5 1697.0 1194.5 1701.0 1194.5 1706.0 1198.5 1716.0 1198.5 1719.0 1195.5 1725.0 1194.5 1730.0 1199.0 1734.5 1204.0 1737.5 1208.0 1738.5 1214.0 1737.5 1220.0 1735.5 1228.0 1735.5 1229.0 1734.5 1239.0 1734.5 1247.0 1731.5 1251.0 1731.5 1258.0 1736.5 1261.0 1737.5 1266.0 1741.5 1271.0 1741.5 1276.0 1739.5 1285.0 1738.5 1286.0 1737.5 1298.0 1735.5 1299.0 1734.5 1309.0 1734.5 1310.0 1733.5 1315.0 1735.5 1319.0 1738.5 1325.0 1744.5 1330.5 1744.0
 tube_rack_storage_cabinet 1103.5 1380.0 1106.5 1375.0 1106.5 1371.0 1100.5 1363.0 1099.5 1359.0 1104.0 1354.5 1107.5 1352.0 1109.5 1348.0 1110.5 1340.0 1115.0 1334.5 1122.0 1332.5 1124.5 1330.0 1124.5 1325.0 1121.0 1322.5 1114.0 1322.5 1101.0 1328.5 1099.5 1331.0 1090.5 1340.0 1087.5 1346.0 1083.5 1352.0 1079.5 1356.0 1078.5 1359.0 1085.0 1365.5 1095.0 1367.5 1097.5 1370.0 1098.5 1377.0 1101.0 1380.5 1103.5 1380.0
 tube_rack_storage_cabinet 1642.5 1384.0 1646.0 1382.5 1653.5 1375.0 1654.5 1370.0 1652.5 1366.0 1652.5 1363.0 1650.5 1359.0 1649.5 1352.0 1646.5 1346.0 1643.0 1341.5 1638.0 1340.5 1633.0 1341.5 1628.0 1343.5 1621.0 1343.5 1620.0 1342.5 1614.0 1342.5 1612.5 1344.0 1614.5 1348.0 1614.5 1360.0 1611.5 1366.0 1607.5 1370.0 1610.0 1374.5 1620.0 1380.5 1627.0 1383.5 1632.0 1384.5 1642.0 1384.5 1642.5 1384.0
 tube_rack_storage_cabinet 1583.5 1382.0 1587.0 1380.5 1593.5 1374.0 1593.5 1368.0 1592.5 1367.0 1590.5 1356.0 1586.5 1347.0 1584.0 1344.5 1581.0 1343.5 1572.0 1344.5 1566.0 1346.5 1562.5 1350.0 1560.5 1355.0 1560.5 1360.0 1558.5 1365.0 1557.5 1372.0 1562.0 1377.5 1568.0 1381.5 1572.0 1382.5 1583.0 1382.5 1583.5 1382.0
 tube_rack_storage_cabinet 1299.0 1362.5 1295.5 1360.0 1294.5 1358.0 1294.5 1346.0 1296.0 1344.5 1299.0 1344.5 1301.5 1352.0 1304.5 1355.0 1303.5 1359.0 1299.0 1362.5
 tube_rack_storage_cabinet 1523.5 1380.0 1526.0 1378.5 1530.5 1373.0 1530.5 1369.0 1528.5 1365.0 1528.5 1362.0 1526.5 1358.0 1524.5 1351.0 1520.0 1347.5 1511.0 1347.5 1509.0 1346.5 1504.5 1352.0 1503.5 1357.0 1503.5 1370.0 1504.5 1372.0 1509.0 1376.5 1512.0 1378.5 1518.0 1380.5 1523.5 1380.0
 tube_rack_storage_cabinet 1461.5 1381.0 1464.0 1380.5 1469.5 1374.0 1469.5 1368.0 1467.5 1365.0 1464.5 1356.0 1464.5 1354.0 1461.0 1350.5 1458.0 1349.5 1453.0 1349.5 1452.0 1348.5 1447.0 1348.5 1443.5 1351.0 1440.5 1357.0 1440.5 1362.0 1437.5 1370.0 1443.0 1374.5 1446.0 1375.5 1449.0 1378.5 1458.0 1381.5 1461.5 1381.0
 tube_rack_storage_cabinet 1239.0 1362.5 1235.5 1357.0 1236.5 1353.0 1239.0 1350.5 1243.5 1356.0 1243.5 1358.0 1239.0 1362.5
 tube_rack_storage_cabinet 1779.0 1409.5 1775.0 1409.5 1772.5 1405.0 1771.5 1401.0 1771.5 1396.0 1770.5 1395.0 1770.5 1390.0 1769.5 1389.0 1771.5 1385.0 1775.0 1381.5 1779.0 1379.5 1784.0 1379.5 1790.0 1377.5 1796.0 1379.5 1802.0 1383.5 1804.5 1386.0 1805.5 1390.0 1801.0 1392.5 1795.0 1392.5 1794.0 1393.5 1788.0 1394.5 1782.5 1400.0 1780.5 1404.0 1780.5 1407.0 1779.0 1409.5
 tube_rack_storage_cabinet 1043.5 1439.0 1047.0 1437.5 1051.5 1434.0 1051.5 1430.0 1046.5 1422.0 1045.5 1415.0 1046.5 1414.0 1046.5 1408.0 1047.5 1407.0 1047.5 1402.0 1048.5 1399.0 1053.5 1390.0 1053.5 1385.0 1050.0 1382.5 1043.0 1382.5 1037.0 1383.5 1029.0 1387.5 1025.5 1393.0 1021.5 1402.0 1021.5 1407.0 1025.0 1411.5 1030.0 1412.5 1035.0 1414.5 1037.5 1417.0 1037.5 1422.0 1034.5 1428.0 1034.5 1434.0 1039.0 1438.5 1043.5 1439.0
 tube_rack_storage_cabinet 1314.5 1410.0 1315.5 1407.0 1315.5 1402.0 1314.5 1400.0 1310.0 1398.5 1308.5 1400.0 1307.5 1404.0 1311.0 1409.5 1314.5 1410.0
 tube_rack_storage_cabinet 1100.5 1443.0 1104.0 1442.5 1104.5 1441.0 1109.5 1436.0 1111.5 1430.0 1106.5 1423.0 1105.5 1420.0 1101.5 1413.0 1098.0 1408.5 1094.0 1407.5 1091.0 1405.5 1087.0 1405.5 1076.5 1416.0 1076.5 1425.0 1077.5 1426.0 1077.5 1431.0 1082.0 1436.5 1092.0 1440.5 1095.0 1440.5 1100.5 1443.0
 tube_rack_storage_cabinet 1001.5 1420.0 1006.0 1419.5 1004.0 1417.5 998.0 1417.5 996.5 1419.0 998.0 1420.5 1001.5 1420.0
 tube_rack_storage_cabinet 1402.5 1501.0 1404.0 1500.5 1408.5 1496.0 1409.5 1494.0 1409.5 1489.0 1405.5 1479.0 1405.5 1471.0 1407.5 1465.0 1407.5 1459.0 1404.5 1452.0 1403.5 1444.0 1402.5 1443.0 1402.5 1434.0 1400.0 1428.5 1395.0 1432.5 1390.0 1434.5 1385.5 1439.0 1384.5 1442.0 1384.5 1447.0 1383.5 1450.0 1376.0 1457.5 1370.5 1460.0 1372.0 1464.5 1378.0 1466.5 1382.5 1471.0 1384.5 1474.0 1384.5 1486.0 1383.5 1487.0 1383.5 1494.0 1384.5 1496.0 1389.0 1500.5 1393.0 1501.5 1402.0 1501.5 1402.5 1501.0
 tube_rack_storage_cabinet 1749.0 1459.5 1745.0 1459.5 1739.0 1455.5 1731.5 1448.0 1731.5 1445.0 1734.5 1441.0 1739.0 1437.5 1745.0 1435.5 1749.0 1436.5 1757.5 1445.0 1757.5 1450.0 1756.5 1452.0 1749.0 1459.5
 tube_rack_storage_cabinet 973.5 1455.0 976.0 1454.5 978.5 1452.0 978.5 1447.0 977.0 1444.5 974.0 1443.5 967.0 1443.5 964.5 1445.0 963.5 1452.0 968.0 1455.5 973.5 1455.0
 tube_rack_storage_cabinet 1790.5 1467.0 1793.0 1466.5 1796.5 1463.0 1797.5 1460.0 1794.0 1456.5 1790.0 1456.5 1785.5 1460.0 1785.5 1464.0 1790.5 1467.0
 tube_rack_storage_cabinet 1479.0 1487.5 1474.5 1484.0 1471.5 1479.0 1471.5 1472.0 1475.0 1464.5 1479.0 1464.5 1489.5 1475.0 1489.5 1479.0 1479.0 1487.5
 tube_rack_storage_cabinet 1100.5 1482.0 1103.5 1479.0 1104.5 1475.0 1100.0 1471.5 1093.5 1476.0 1093.5 1479.0 1100.5 1482.0
 tube_rack_storage_cabinet 1580.5 1484.0 1580.0 1477.5 1579.5 1484.0 1580.5 1484.0
 tube_rack_storage_cabinet 1269.5 1566.0 1275.0 1565.5 1276.0 1564.5 1284.0 1564.5 1289.0 1561.5 1293.5 1557.0 1294.5 1555.0 1294.5 1550.0 1286.5 1538.0 1286.5 1532.0 1290.5 1524.0 1290.5 1519.0 1282.0 1510.5 1277.0 1509.5 1275.0 1506.5 1269.0 1506.5 1267.0 1509.5 1256.5 1520.0 1256.5 1524.0 1259.5 1527.0 1264.5 1535.0 1264.5 1541.0 1263.5 1542.0 1261.5 1550.0 1261.5 1554.0 1265.5 1563.0 1269.5 1566.0
 tube_rack_storage_cabinet 1045.5 1560.0 1051.0 1557.5 1053.0 1555.5 1057.5 1554.0 1057.5 1550.0 1054.0 1548.5 1047.5 1542.0 1044.5 1537.0 1044.5 1532.0 1043.5 1531.0 1043.5 1526.0 1041.5 1522.0 1029.0 1514.5 1024.5 1518.0 1022.5 1523.0 1023.5 1526.0 1023.5 1535.0 1024.5 1536.0 1024.5 1554.0 1029.0 1558.5 1032.0 1558.5 1036.0 1560.5 1045.0 1560.5 1045.5 1560.0
 tube_rack_storage_cabinet 1760.5 1522.0 1761.5 1519.0 1760.0 1515.5 1755.5 1520.0 1760.5 1522.0
 tube_rack_storage_cabinet 1405.5 1557.0 1411.0 1554.5 1413.5 1552.0 1413.5 1550.0 1405.5 1540.0 1402.5 1533.0 1402.5 1530.0 1400.5 1526.0 1393.0 1519.5 1388.0 1516.5 1373.0 1516.5 1367.5 1520.0 1368.5 1524.0 1371.0 1526.5 1376.0 1528.5 1379.0 1528.5 1383.5 1532.0 1384.5 1534.0 1384.5 1540.0 1380.0 1545.5 1369.5 1551.0 1369.5 1554.0 1372.0 1555.5 1377.0 1554.5 1389.0 1554.5 1397.0 1557.5 1405.5 1557.0
 tube_rack_storage_cabinet 1180.0 1549.5 1178.0 1549.5 1174.5 1546.0 1170.5 1539.0 1170.5 1532.0 1171.5 1529.0 1175.0 1524.5 1179.0 1525.5 1182.0 1528.5 1190.0 1534.5 1194.0 1536.5 1197.0 1535.5 1204.0 1535.5 1205.0 1534.5 1207.5 1537.0 1207.5 1539.0 1205.0 1540.5 1193.0 1540.5 1188.0 1543.5 1185.0 1546.5 1180.0 1549.5
 tube_rack_storage_cabinet 849.5 1547.0 854.0 1544.5 859.0 1543.5 861.5 1541.0 861.5 1538.0 860.0 1536.5 854.0 1536.5 849.0 1537.5 847.5 1539.0 847.5 1543.0 849.5 1547.0
 tube_rack_storage_cabinet 1133.5 1590.0 1136.0 1588.5 1141.5 1583.0 1141.5 1581.0 1134.0 1573.5 1128.0 1572.5 1120.5 1578.0 1119.5 1581.0 1123.0 1585.5 1130.0 1590.5 1133.5 1590.0
 tube_rack_storage_cabinet 1100.5 1591.0 1103.0 1590.5 1108.0 1585.5 1112.5 1582.0 1112.5 1580.0 1104.0 1574.5 1093.0 1574.5 1092.0 1575.5 1087.0 1575.5 1077.0 1579.5 1076.5 1581.0 1079.0 1584.5 1084.0 1586.5 1093.0 1588.5 1097.0 1590.5 1100.5 1591.0
 tube_rack_storage_cabinet 1370.5 1589.0 1373.0 1588.5 1375.5 1585.0 1375.5 1579.0 1374.5 1577.0 1370.0 1574.5 1368.0 1575.5 1363.5 1580.0 1363.5 1584.0 1370.0 1589.5 1370.5 1589.0
 tube_rack_storage_cabinet 1478.0 1639.5 1475.0 1639.5 1472.0 1637.5 1464.5 1630.0 1464.5 1627.0 1468.5 1622.0 1473.5 1614.0 1472.5 1609.0 1466.5 1599.0 1466.5 1594.0 1472.0 1585.5 1476.0 1582.5 1495.0 1591.5 1498.5 1596.0 1498.5 1605.0 1496.5 1610.0 1496.5 1618.0 1497.5 1619.0 1497.5 1626.0 1496.5 1629.0 1492.0 1632.5 1483.0 1636.5 1478.0 1639.5
 tube_rack_storage_cabinet 1630.5 1625.0 1635.0 1623.5 1640.0 1623.5 1643.0 1622.5 1647.5 1618.0 1649.5 1612.0 1648.5 1607.0 1648.5 1598.0 1647.5 1594.0 1644.0 1588.5 1640.0 1590.5 1638.5 1595.0 1636.5 1598.0 1635.5 1602.0 1629.0 1608.5 1625.0 1610.5 1622.0 1610.5 1618.5 1614.0 1626.0 1625.5 1630.5 1625.0
 tube_rack_storage_cabinet 1151.5 1679.0 1163.0 1677.5 1167.5 1674.0 1167.5 1669.0 1163.5 1662.0 1157.5 1655.0 1159.5 1653.0 1162.5 1645.0 1162.5 1641.0 1156.5 1632.0 1151.5 1627.0 1151.5 1626.0 1147.0 1622.5 1141.0 1622.5 1138.5 1621.0 1137.5 1613.0 1134.0 1608.5 1130.0 1607.5 1127.0 1609.5 1122.5 1614.0 1123.5 1619.0 1130.0 1622.5 1136.0 1622.5 1137.0 1625.5 1134.0 1626.5 1105.0 1626.5 1104.0 1624.5 1111.0 1624.5 1113.5 1622.0 1114.5 1619.0 1114.5 1614.0 1109.0 1607.5 1108.0 1607.5 1103.0 1602.5 1099.0 1602.5 1093.5 1608.0 1089.5 1617.0 1084.5 1622.0 1083.5 1625.0 1077.0 1632.5 1076.0 1632.5 1067.5 1640.0 1068.5 1644.0 1075.0 1647.5 1079.0 1650.5 1083.5 1655.0 1085.5 1659.0 1085.5 1670.0 1090.0 1674.5 1093.0 1675.5 1107.0 1675.5 1110.0 1674.5 1112.5 1670.0 1100.5 1658.0 1100.5 1656.0 1105.0 1651.5 1112.0 1647.5 1115.0 1646.5 1120.0 1647.5 1125.0 1649.5 1130.0 1652.5 1139.0 1654.5 1142.5 1659.0 1140.5 1662.0 1132.5 1670.0 1137.0 1674.5 1139.0 1674.5 1145.0 1678.5 1148.0 1679.5 1151.5 1679.0
 tube_rack_storage_cabinet 1372.5 1618.0 1374.5 1616.0 1374.5 1610.0 1371.0 1607.5 1365.0 1609.5 1362.5 1612.0 1362.5 1614.0 1369.0 1618.5 1372.5 1618.0
 tube_rack_storage_cabinet 1040.5 1614.0 1040.5 1614.0
 tube_rack_storage_cabinet 1043.5 1675.0 1047.5 1671.0 1045.5 1666.0 1044.5 1661.0 1042.5 1659.0 1042.5 1654.0 1046.5 1644.0 1045.5 1639.0 1040.0 1633.5 1036.0 1631.5 1031.0 1627.5 1028.0 1626.5 1022.5 1632.0 1022.5 1633.0 1015.5 1640.0 1015.5 1643.0 1021.5 1649.0 1024.5 1655.0 1024.5 1671.0 1029.0 1675.5 1043.0 1675.5 1043.5 1675.0
 tube_rack_storage_cabinet 1618.5 1649.0 1621.5 1645.0 1621.5 1639.0 1620.5 1636.0 1617.0 1632.5 1611.0 1633.5 1603.5 1641.0 1602.5 1645.0 1605.0 1647.5 1609.0 1649.5 1618.0 1649.5 1618.5 1649.0
 tube_rack_storage_cabinet 1250.0 1728.5 1239.0 1728.5 1231.0 1725.5 1226.5 1721.0 1222.5 1712.0 1218.5 1706.0 1217.5 1700.0 1210.5 1689.0 1210.5 1685.0 1216.0 1682.5 1224.0 1681.5 1230.0 1678.5 1233.5 1675.0 1233.5 1669.0 1229.5 1664.0 1226.5 1659.0 1226.5 1655.0 1230.5 1649.0 1235.0 1645.5 1240.0 1645.5 1253.0 1652.5 1256.0 1652.5 1261.0 1654.5 1264.5 1658.0 1261.5 1667.0 1258.5 1670.0 1259.5 1674.0 1261.5 1676.0 1264.5 1683.0 1263.5 1689.0 1260.0 1691.5 1255.0 1696.5 1251.0 1698.5 1245.0 1698.5 1244.0 1699.5 1238.0 1699.5 1237.5 1703.0 1239.0 1704.5 1242.0 1704.5 1249.0 1707.5 1254.5 1713.0 1255.5 1715.0 1255.5 1721.0 1253.5 1725.0 1250.0 1728.5
 tube_rack_storage_cabinet 1640.5 1663.0 1644.5 1659.0 1644.5 1653.0 1641.0 1649.5 1637.0 1650.5 1632.0 1650.5 1631.0 1651.5 1626.0 1651.5 1623.5 1654.0 1624.5 1659.0 1629.0 1662.5 1640.5 1663.0
 tube_rack_storage_cabinet 1403.5 1675.0 1405.5 1674.0 1406.5 1670.0 1404.5 1665.0 1400.0 1660.5 1396.5 1664.0 1394.5 1668.0 1394.5 1671.0 1397.0 1674.5 1399.0 1675.5 1403.5 1675.0
 tube_rack_storage_cabinet 1344.5 1677.0 1347.5 1674.0 1347.5 1669.0 1344.5 1664.0 1341.0 1661.5 1336.5 1664.0 1333.5 1670.0 1334.5 1674.0 1338.0 1677.5 1344.5 1677.0
 tube_rack_storage_cabinet 1583.5 1678.0 1586.5 1674.0 1586.5 1668.0 1583.0 1664.5 1580.0 1665.5 1577.5 1669.0 1576.5 1674.0 1580.0 1678.5 1583.5 1678.0
 tube_rack_storage_cabinet 1150.5 1735.0 1157.0 1734.5 1162.0 1732.5 1167.0 1732.5 1168.0 1733.5 1179.0 1733.5 1184.5 1730.0 1181.0 1728.5 1175.0 1728.5 1174.0 1727.5 1168.0 1727.5 1160.0 1723.5 1154.5 1718.0 1153.5 1716.0 1153.5 1711.0 1152.5 1710.0 1152.5 1701.0 1149.0 1695.5 1145.0 1695.5 1140.5 1700.0 1139.5 1706.0 1142.5 1713.0 1142.5 1719.0 1137.5 1729.0 1136.5 1730.0 1140.0 1733.5 1146.0 1735.5 1150.5 1735.0
 tube_rack_storage_cabinet 1390.5 1842.0 1394.5 1840.0 1394.5 1833.0 1393.5 1832.0 1393.5 1825.0 1392.5 1824.0 1392.5 1817.0 1389.5 1809.0 1389.5 1804.0 1393.0 1800.5 1399.0 1799.5 1405.0 1796.5 1408.5 1794.0 1409.5 1790.0 1404.5 1785.0 1400.5 1778.0 1396.5 1774.0 1392.5 1765.0 1392.5 1760.0 1391.5 1755.0 1389.5 1750.0 1390.5 1746.0 1394.0 1742.5 1399.0 1740.5 1404.0 1737.5 1406.0 1737.5 1416.0 1734.5 1417.5 1733.0 1417.5 1730.0 1413.0 1728.5 1407.5 1723.0 1404.5 1716.0 1402.0 1713.5 1398.0 1711.5 1394.5 1708.0 1390.5 1700.0 1388.0 1697.5 1383.0 1696.5 1382.0 1697.5 1374.0 1697.5 1373.0 1698.5 1365.0 1698.5 1364.0 1699.5 1358.0 1699.5 1357.5 1704.0 1361.0 1704.5 1371.0 1708.5 1375.5 1713.0 1376.5 1715.0 1376.5 1721.0 1373.5 1728.0 1371.5 1730.0 1372.5 1733.0 1379.5 1740.0 1383.5 1745.0 1384.5 1749.0 1377.0 1756.5 1371.0 1759.5 1369.0 1759.5 1368.5 1762.0 1371.0 1764.5 1375.0 1765.5 1379.5 1770.0 1382.5 1778.0 1382.5 1786.0 1383.5 1787.0 1383.5 1792.0 1384.5 1793.0 1384.5 1798.0 1387.5 1804.0 1387.5 1806.0 1382.5 1813.0 1382.5 1814.0 1376.5 1820.0 1376.5 1823.0 1379.5 1826.0 1383.5 1833.0 1384.5 1838.0 1389.0 1842.5 1390.5 1842.0
 tube_rack_storage_cabinet 1526.5 1736.0 1531.0 1734.5 1536.0 1734.5 1542.0 1732.5 1551.0 1732.5 1552.0 1731.5 1571.0 1731.5 1575.0 1730.5 1579.5 1727.0 1581.5 1721.0 1580.5 1716.0 1578.0 1714.5 1573.0 1713.5 1569.0 1711.5 1559.0 1701.5 1553.0 1699.5 1551.0 1700.5 1547.5 1705.0 1547.5 1709.0 1545.5 1714.0 1545.5 1717.0 1543.5 1723.0 1539.0 1726.5 1528.0 1726.5 1527.0 1725.5 1519.0 1726.5 1516.5 1729.0 1517.5 1733.0 1522.0 1736.5 1526.5 1736.0
 tube_rack_storage_cabinet 1305.0 1727.5 1297.0 1727.5 1295.0 1726.5 1288.5 1720.0 1287.5 1718.0 1287.5 1709.0 1292.0 1706.5 1301.0 1707.5 1306.0 1709.5 1312.5 1715.0 1313.5 1718.0 1311.5 1724.0 1309.0 1726.5 1305.0 1727.5
 tube_rack_storage_cabinet 1089.5 1732.0 1091.5 1730.0 1089.0 1727.5 1086.0 1727.5 1083.5 1730.0 1088.0 1732.5 1089.5 1732.0
 tube_rack_storage_cabinet 1340.5 1793.0 1344.5 1790.0 1335.5 1778.0 1333.5 1770.0 1332.5 1769.0 1332.5 1762.0 1331.5 1757.0 1329.0 1751.5 1325.0 1751.5 1320.0 1757.5 1316.5 1760.0 1316.5 1764.0 1321.5 1769.0 1324.5 1776.0 1324.5 1784.0 1325.5 1785.0 1325.5 1790.0 1329.0 1793.5 1340.0 1793.5 1340.5 1793.0
 tube_rack_storage_cabinet 1494.5 1796.0 1497.5 1792.0 1497.5 1784.0 1494.0 1778.5 1489.5 1782.0 1488.5 1785.0 1484.5 1790.0 1484.5 1794.0 1489.0 1796.5 1494.5 1796.0
 tube_rack_storage_cabinet 1401.5 1850.0 1400.5 1846.0 1398.5 1846.0 1398.0 1850.5 1401.5 1850.0
 tube_rack_storage_cabinet 1340.5 1912.0 1342.5 1910.0 1340.0 1906.5 1337.5 1909.0 1337.5 1911.0 1340.5 1912.0
 tube_rack_storage_cabinet 1373.5 1944.0 1374.0 1939.5 1370.0 1939.5 1368.5 1943.0 1370.0 1944.5 1373.5 1944.0
 tube_rack_storage_cabinet 1281.5 1976.0 1285.5 1973.0 1286.5 1970.0 1281.0 1965.5 1275.0 1966.5 1272.5 1969.0 1273.5 1974.0 1278.0 1976.5 1281.5 1976.0
 tube_rack_storage_cabinet 1205.5 2062.0 1209.0 2061.5 1210.5 2060.0 1209.0 2057.5 1205.0 2057.5 1201.5 2060.0 1205.5 2062.0
 centrifuge_close 2661.5 0.0 2661.5 26.0 2660.5 27.0 2660.5 45.0 2661.5 46.0 2661.5 53.0 2664.5 59.0 2664.5 62.0 2666.5 66.0 2666.5 71.0 2667.5 72.0 2667.5 84.0 2662.5 92.0 2662.5 94.0 2659.5 99.0 2656.5 102.0 2654.5 106.0 2651.5 109.0 2648.5 116.0 2646.5 119.0 2641.0 124.5 2634.0 126.5 2627.0 129.5 2617.5 139.0 2617.5 140.0 2612.0 145.5 2611.0 145.5 2605.0 150.5 2594.0 156.5 2582.0 168.5 2574.0 171.5 2570.5 175.0 2568.5 179.0 2560.0 187.5 2556.5 190.0 2551.5 199.0 2546.5 205.0 2546.5 206.0 2539.5 213.0 2539.5 214.0 2533.5 220.0 2531.5 223.0 2530.5 227.0 2527.5 234.0 2522.5 243.0 2520.5 250.0 2514.5 261.0 2514.5 263.0 2510.0 267.5 2503.0 264.5 2499.5 261.0 2498.5 256.0 2498.5 233.0 2497.5 232.0 2497.5 227.0 2495.5 221.0 2495.5 214.0 2494.5 213.0 2494.5 199.0 2493.5 198.0 2493.5 187.0 2492.5 186.0 2492.5 162.0 2491.5 161.0 2491.5 131.0 2490.5 130.0 2490.5 118.0 2489.5 117.0 2489.5 91.0 2488.5 90.0 2488.5 59.0 2487.5 58.0 2487.5 34.0 2486.5 33.0 2486.5 27.0 2485.5 26.0 2485.5 19.0 2486.5 18.0 2487.5 11.0 2489.5 7.0 2489.5 0.0
 centrifuge_close 3471.5 0.0 3471.5 5.0 3470.5 9.0 3468.5 12.0 3467.5 20.0 3464.5 27.0 3456.5 38.0 3452.5 46.0 3450.5 48.0 3446.5 56.0 3443.5 65.0 3431.5 80.0 3431.5 81.0 3423.5 89.0 3423.5 90.0 3417.0 96.5 3416.0 96.5 3407.0 105.5 3406.0 105.5 3396.0 115.5 3395.0 115.5 3381.0 125.5 3370.0 130.5 3357.0 138.5 3350.0 141.5 3348.0 143.5 3337.0 148.5 3334.0 150.5 3322.0 155.5 3310.0 159.5 3307.0 161.5 3301.0 163.5 3294.0 167.5 3292.0 167.5 3286.0 170.5 3284.0 172.5 3273.0 176.5 3270.0 178.5 3265.0 179.5 3260.0 181.5 3249.0 187.5 3244.0 189.5 3233.0 192.5 3226.0 195.5 3224.0 195.5 3219.0 198.5 3217.0 198.5 3212.0 201.5 3210.0 201.5 3203.0 205.5 3195.0 206.5 3194.0 207.5 3187.0 207.5 3179.0 210.5 3174.0 211.5 3161.0 217.5 3146.0 221.5 3142.0 223.5 3137.0 224.5 3134.0 226.5 3129.0 227.5 3122.0 230.5 3115.0 231.5 3108.0 234.5 3105.0 234.5 3101.0 236.5 3086.0 239.5 3081.0 241.5 3072.0 243.5 3069.0 245.5 3066.0 245.5 3062.0 247.5 3059.0 247.5 3055.0 249.5 3052.0 249.5 3048.0 251.5 3043.0 252.5 3039.0 254.5 3034.0 255.5 3027.0 255.5 3026.0 256.5 3009.0 256.5 3005.5 253.0 3003.5 248.0 3003.5 243.0 3002.5 242.0 3002.5 235.0 3001.5 234.0 3001.5 227.0 3000.5 226.0 3000.5 217.0 2999.5 216.0 2999.5 210.0 2998.5 209.0 2998.5 204.0 2997.5 203.0 2997.5 196.0 2996.5 195.0 2996.5 184.0 2995.5 183.0 2995.5 170.0 2994.5 169.0 2994.5 162.0 2992.5 157.0 2991.5 152.0 2991.5 145.0 2990.5 144.0 2990.5 139.0 2988.5 133.0 2988.5 111.0 2985.5 106.0 2984.5 100.0 2983.5 99.0 2983.5 90.0 2984.5 86.0 2989.0 81.5 2992.5 79.0 2995.5 71.0 2997.5 69.0 2997.5 66.0 2994.5 60.0 2994.5 55.0 2992.5 50.0 2990.0 47.5 2988.5 50.0 2987.5 55.0 2982.0 59.5 2977.0 59.5 2972.0 56.5 2967.0 51.5 2961.0 47.5 2948.0 47.5 2944.5 44.0 2942.5 38.0 2940.5 35.0 2938.5 29.0 2938.5 26.0 2936.5 21.0 2936.5 13.0 2935.5 12.0 2935.5 6.0 2934.5 5.0 2934.5 0.0
 centrifuge_close 2608.0 368.5 2585.0 368.5 2584.0 367.5 2573.0 367.5 2569.0 366.5 2566.0 364.5 2558.0 362.5 2549.0 358.5 2544.5 354.0 2542.5 349.0 2541.5 344.0 2541.5 337.0 2540.5 336.0 2540.5 321.0 2541.5 320.0 2541.5 310.0 2542.5 309.0 2542.5 303.0 2543.5 299.0 2546.5 293.0 2548.5 291.0 2548.5 274.0 2551.5 267.0 2552.5 260.0 2554.5 256.0 2554.5 253.0 2558.5 244.0 2561.5 241.0 2564.5 235.0 2567.5 231.0 2572.5 226.0 2581.5 210.0 2592.0 196.5 2593.0 196.5 2602.0 189.5 2603.0 189.5 2611.0 181.5 2613.5 180.0 2619.0 174.5 2633.0 169.5 2639.0 165.5 2643.0 161.5 2648.0 158.5 2657.0 158.5 2661.0 157.5 2666.0 159.5 2674.5 168.0 2686.5 183.0 2686.5 184.0 2693.5 191.0 2697.5 201.0 2698.5 206.0 2701.5 214.0 2701.5 219.0 2702.5 220.0 2702.5 232.0 2703.5 233.0 2703.5 238.0 2705.5 244.0 2705.5 252.0 2704.5 257.0 2702.5 260.0 2702.5 265.0 2705.5 269.0 2706.5 276.0 2708.5 280.0 2710.5 289.0 2710.5 294.0 2711.5 295.0 2711.5 300.0 2712.5 301.0 2712.5 306.0 2714.5 312.0 2714.5 318.0 2715.5 319.0 2715.5 324.0 2716.5 325.0 2717.5 332.0 2718.5 333.0 2718.5 340.0 2717.5 342.0 2712.0 347.5 2707.0 349.5 2702.0 350.5 2698.0 352.5 2695.0 352.5 2688.0 355.5 2685.0 355.5 2680.0 357.5 2676.0 357.5 2670.0 359.5 2665.0 359.5 2659.0 361.5 2654.0 361.5 2653.0 362.5 2647.0 362.5 2646.0 363.5 2640.0 363.5 2639.0 364.5 2633.0 364.5 2632.0 365.5 2626.0 365.5 2625.0 366.5 2619.0 366.5 2618.0 367.5 2609.0 367.5 2608.0 368.5
 centrifuge_close 2860.0 305.5 2850.0 305.5 2844.0 303.5 2839.5 295.0 2838.5 291.0 2838.5 283.0 2837.5 282.0 2837.5 274.0 2836.5 273.0 2836.5 266.0 2835.5 265.0 2835.5 260.0 2834.5 259.0 2834.5 254.0 2833.5 253.0 2833.5 241.0 2836.5 234.0 2836.5 229.0 2832.0 223.5 2829.0 222.5 2826.5 219.0 2826.5 214.0 2827.5 213.0 2828.5 207.0 2831.5 204.0 2835.5 196.0 2843.0 188.5 2847.0 185.5 2855.0 181.5 2864.0 181.5 2870.0 183.5 2872.5 187.0 2872.5 203.0 2871.5 204.0 2871.5 209.0 2870.5 212.0 2868.0 214.5 2865.0 214.5 2867.0 216.5 2870.0 216.5 2874.5 221.0 2878.5 229.0 2879.5 237.0 2881.5 243.0 2881.5 266.0 2882.5 267.0 2882.5 273.0 2883.5 274.0 2883.5 291.0 2882.5 294.0 2879.0 297.5 2874.0 300.5 2863.0 303.5 2860.0 305.5
 centrifuge_close 2769.0 242.5 2764.5 239.0 2763.5 235.0 2763.5 224.0 2764.5 223.0 2764.5 218.0 2769.0 215.5 2772.5 219.0 2773.5 224.0 2773.5 229.0 2774.5 232.0 2771.5 240.0 2769.0 242.5
 centrifuge_close 2780.0 307.5 2778.5 302.0 2776.5 299.0 2768.5 293.0 2767.5 288.0 2767.5 282.0 2766.5 281.0 2766.5 268.0 2767.5 267.0 2767.5 261.0 2768.5 258.0 2776.5 270.0 2780.5 274.0 2781.5 278.0 2781.5 285.0 2782.5 286.0 2782.5 298.0 2780.0 307.5
